movement_id,product_id,movement_date,movement_type,quantity,unit_cost
1,P1000,2026-06-06,RECEIPT,54,136.85
2,P1008,2026-03-13,ISSUE,79,241.17
3,P1081,2026-03-11,RECEIPT,83,323.19
4,P1078,2026-02-01,RECEIPT,57,489.23
5,P1056,2026-06-05,RECEIPT,96,334.84
6,P1013,2026-05-22,ISSUE,54,360.62
7,P1014,2025-12-16,ISSUE,76,452.45
8,P1061,2026-03-26,RECEIPT,33,469.05
9,P1125,2026-07-01,ISSUE,103,240.76
10,P1103,2025-11-22,ISSUE,97,290.94
11,P1072,2026-01-05,ISSUE,13,69.66
12,P1074,2026-02-19,RECEIPT,72,111.17
13,P1031,2025-09-06,ISSUE,143,283.46
14,P1102,2026-06-25,RECEIPT,120,172.98
15,P1189,2026-04-07,RECEIPT,92,385.52
16,P1198,2025-12-21,RECEIPT,79,231.14
17,P1149,2026-08-31,RECEIPT,116,282.64
18,P1144,2025-11-08,ISSUE,135,150.01
19,P1113,2026-04-18,RECEIPT,62,45.1
20,P1155,2026-03-31,RECEIPT,122,337.37
21,P1053,2026-08-16,ISSUE,130,348.12
22,P1024,2026-03-26,ISSUE,23,62.99
23,P1121,2026-03-01,ISSUE,40,320.62
24,P1082,2026-06-28,RECEIPT,52,35.88
25,P1134,2026-02-07,ISSUE,138,249.28
26,P1173,2026-08-12,ISSUE,51,94.27
27,P1143,2026-08-13,ISSUE,135,261.16
28,P1021,2026-08-21,RECEIPT,115,364.39
29,P1105,2026-01-23,ISSUE,66,473.95
30,P1139,2025-10-28,RECEIPT,104,278.97
31,P1051,2025-10-24,ISSUE,81,160.92
32,P1016,2025-09-30,RECEIPT,131,60.67
33,P1028,2026-02-22,ISSUE,147,420.17
34,P1134,2026-07-30,ISSUE,84,249.28
35,P1143,2026-08-24,RECEIPT,92,261.16
36,P1151,2026-01-10,RECEIPT,63,87.35
37,P1185,2025-10-01,ISSUE,92,111.5
38,P1004,2026-08-15,RECEIPT,81,481.29
39,P1135,2025-09-30,ISSUE,22,342.78
40,P1036,2025-11-02,ISSUE,41,69.34
41,P1055,2026-08-07,RECEIPT,43,415.33
42,P1130,2026-02-21,RECEIPT,94,172.57
43,P1007,2025-09-22,ISSUE,42,182.23
44,P1134,2026-02-10,RECEIPT,141,249.28
45,P1094,2026-06-04,ISSUE,132,113.95
46,P1002,2026-08-30,RECEIPT,80,227.87
47,P1169,2025-12-11,RECEIPT,132,167.84
48,P1039,2025-12-23,RECEIPT,75,183.94
49,P1075,2026-01-07,RECEIPT,124,292.75
50,P1147,2025-09-24,RECEIPT,12,175.87
51,P1053,2025-11-22,ISSUE,49,348.12
52,P1183,2026-01-15,ISSUE,31,76.5
53,P1150,2026-07-31,RECEIPT,121,424.36
54,P1037,2025-12-25,RECEIPT,88,142.11
55,P1006,2026-06-19,RECEIPT,13,241.77
56,P1036,2026-08-23,RECEIPT,29,69.34
57,P1048,2026-03-04,ISSUE,36,345.05
58,P1058,2026-03-12,ISSUE,60,443.58
59,P1194,2026-03-18,RECEIPT,85,348.44
60,P1029,2026-03-25,ISSUE,20,298.76
61,P1004,2026-05-20,ISSUE,98,481.29
62,P1177,2025-10-30,ISSUE,8,106.85
63,P1140,2026-01-22,RECEIPT,36,315.91
64,P1000,2025-12-09,ISSUE,93,136.85
65,P1061,2026-06-21,ISSUE,87,469.05
66,P1009,2026-08-30,RECEIPT,67,183.9
67,P1171,2026-01-07,RECEIPT,118,106.96
68,P1095,2026-04-08,RECEIPT,34,203.91
69,P1025,2026-01-13,RECEIPT,68,292.72
70,P1098,2025-12-02,ISSUE,90,282.91
71,P1062,2025-10-14,ISSUE,82,498.0
72,P1154,2025-09-03,ISSUE,140,437.38
73,P1036,2025-09-02,ISSUE,127,69.34
74,P1079,2025-09-15,ISSUE,129,165.08
75,P1109,2026-06-17,RECEIPT,71,353.84
76,P1183,2026-04-13,ISSUE,85,76.5
77,P1191,2026-06-18,ISSUE,29,89.49
78,P1191,2026-08-06,RECEIPT,13,89.49
79,P1116,2025-12-30,ISSUE,21,52.28
80,P1018,2025-12-20,RECEIPT,75,389.28
81,P1023,2026-01-04,RECEIPT,129,271.43
82,P1025,2026-03-22,ISSUE,146,292.72
83,P1129,2026-08-04,ISSUE,141,127.8
84,P1140,2026-04-18,ISSUE,32,315.91
85,P1135,2026-06-27,ISSUE,89,342.78
86,P1028,2025-09-28,RECEIPT,134,420.17
87,P1012,2026-05-20,RECEIPT,22,154.38
88,P1073,2025-10-14,ISSUE,109,439.74
89,P1196,2025-09-18,ISSUE,51,317.86
90,P1156,2025-09-03,ISSUE,134,89.69
91,P1015,2025-09-18,ISSUE,108,346.46
92,P1172,2026-07-23,ISSUE,40,35.94
93,P1179,2026-06-16,RECEIPT,144,175.99
94,P1102,2026-02-19,RECEIPT,90,172.98
95,P1165,2025-09-09,ISSUE,121,180.53
96,P1178,2025-11-18,ISSUE,36,276.28
97,P1022,2026-04-03,ISSUE,67,132.6
98,P1158,2026-01-16,RECEIPT,10,37.36
99,P1171,2026-05-22,ISSUE,42,106.96
100,P1097,2026-05-07,ISSUE,48,438.28
101,P1174,2026-08-27,RECEIPT,64,26.27
102,P1057,2026-01-02,ISSUE,40,373.34
103,P1143,2025-10-29,RECEIPT,97,261.16
104,P1047,2026-08-16,ISSUE,120,285.65
105,P1186,2026-02-27,ISSUE,69,435.74
106,P1095,2026-01-19,RECEIPT,80,203.91
107,P1039,2026-04-26,ISSUE,116,183.94
108,P1071,2026-02-05,RECEIPT,108,395.38
109,P1005,2025-10-28,ISSUE,48,308.82
110,P1152,2025-10-13,ISSUE,54,320.46
111,P1035,2026-02-23,RECEIPT,61,181.19
112,P1173,2026-01-03,ISSUE,45,94.27
113,P1080,2026-06-27,ISSUE,135,362.77
114,P1160,2026-03-23,RECEIPT,69,218.14
115,P1080,2025-12-30,RECEIPT,21,362.77
116,P1195,2026-07-05,ISSUE,61,381.1
117,P1029,2026-08-13,RECEIPT,84,298.76
118,P1122,2026-02-24,RECEIPT,113,397.28
119,P1064,2026-02-27,ISSUE,13,375.68
120,P1021,2026-08-26,ISSUE,75,364.39
121,P1026,2026-04-18,ISSUE,149,30.31
122,P1194,2026-03-15,RECEIPT,135,348.44
123,P1009,2025-09-09,ISSUE,33,183.9
124,P1162,2026-06-30,ISSUE,66,26.46
125,P1029,2026-05-22,RECEIPT,32,298.76
126,P1080,2026-02-24,ISSUE,118,362.77
127,P1181,2026-02-06,ISSUE,94,81.24
128,P1122,2026-01-10,ISSUE,133,397.28
129,P1009,2025-10-20,RECEIPT,148,183.9
130,P1089,2025-09-13,ISSUE,10,116.42
131,P1120,2026-04-16,RECEIPT,104,402.41
132,P1029,2026-06-10,ISSUE,13,298.76
133,P1048,2025-11-28,ISSUE,59,345.05
134,P1137,2025-09-03,ISSUE,80,466.13
135,P1150,2025-09-22,RECEIPT,43,424.36
136,P1034,2026-02-15,ISSUE,34,162.46
137,P1075,2025-09-23,ISSUE,95,292.75
138,P1061,2025-11-02,RECEIPT,6,469.05
139,P1073,2026-08-30,RECEIPT,57,439.74
140,P1102,2026-08-16,RECEIPT,11,172.98
141,P1029,2026-05-29,ISSUE,5,298.76
142,P1015,2026-07-02,ISSUE,82,346.46
143,P1087,2026-04-19,RECEIPT,98,140.16
144,P1019,2026-04-24,RECEIPT,109,135.07
145,P1023,2026-07-26,RECEIPT,67,271.43
146,P1067,2026-02-15,ISSUE,139,344.06
147,P1028,2026-07-07,ISSUE,134,420.17
148,P1018,2026-01-08,ISSUE,113,389.28
149,P1063,2026-04-21,ISSUE,10,124.62
150,P1185,2026-05-19,ISSUE,6,111.5
151,P1151,2025-10-08,RECEIPT,95,87.35
152,P1094,2026-03-08,ISSUE,97,113.95
153,P1164,2026-02-07,ISSUE,149,429.12
154,P1134,2026-03-21,RECEIPT,81,249.28
155,P1181,2026-05-17,ISSUE,15,81.24
156,P1087,2026-02-09,ISSUE,51,140.16
157,P1084,2025-10-03,ISSUE,28,166.13
158,P1173,2026-05-25,RECEIPT,52,94.27
159,P1185,2026-01-31,RECEIPT,118,111.5
160,P1097,2025-09-10,RECEIPT,98,438.28
161,P1012,2026-02-22,ISSUE,59,154.38
162,P1188,2025-12-06,RECEIPT,114,205.8
163,P1071,2026-02-27,ISSUE,145,395.38
164,P1070,2025-12-15,RECEIPT,50,266.27
165,P1088,2025-09-22,ISSUE,65,317.63
166,P1188,2026-01-09,RECEIPT,123,205.8
167,P1193,2026-06-30,RECEIPT,112,282.24
168,P1012,2026-01-18,ISSUE,130,154.38
169,P1160,2025-09-04,ISSUE,142,218.14
170,P1012,2026-02-19,RECEIPT,14,154.38
171,P1122,2026-02-19,RECEIPT,124,397.28
172,P1057,2026-07-24,ISSUE,22,373.34
173,P1076,2026-01-18,ISSUE,22,312.65
174,P1162,2026-05-14,ISSUE,19,26.46
175,P1108,2026-08-17,ISSUE,143,191.84
176,P1081,2026-03-22,ISSUE,109,323.19
177,P1114,2026-08-13,RECEIPT,103,75.45
178,P1158,2026-01-17,RECEIPT,26,37.36
179,P1019,2025-12-08,ISSUE,91,135.07
180,P1129,2025-12-27,RECEIPT,107,127.8
181,P1171,2026-02-04,ISSUE,55,106.96
182,P1104,2026-05-16,ISSUE,74,408.18
183,P1143,2025-10-07,ISSUE,85,261.16
184,P1106,2026-03-14,ISSUE,33,408.61
185,P1005,2025-11-07,RECEIPT,5,308.82
186,P1017,2026-02-03,RECEIPT,119,451.51
187,P1041,2026-03-13,ISSUE,17,254.37
188,P1174,2025-12-20,RECEIPT,22,26.27
189,P1002,2025-10-13,RECEIPT,100,227.87
190,P1062,2026-01-07,RECEIPT,95,498.0
191,P1066,2026-04-15,ISSUE,127,33.19
192,P1000,2025-10-09,ISSUE,111,136.85
193,P1014,2026-02-09,ISSUE,63,452.45
194,P1199,2026-01-21,RECEIPT,55,289.09
195,P1053,2025-09-14,ISSUE,146,348.12
196,P1012,2025-10-09,ISSUE,133,154.38
197,P1107,2026-03-28,ISSUE,97,417.58
198,P1110,2026-01-26,ISSUE,43,206.28
199,P1011,2025-12-31,ISSUE,109,142.8
200,P1082,2025-12-31,ISSUE,26,35.88
201,P1193,2026-02-15,ISSUE,40,282.24
202,P1146,2026-01-19,ISSUE,89,421.56
203,P1105,2026-06-16,RECEIPT,129,473.95
204,P1198,2026-06-02,ISSUE,99,231.14
205,P1034,2026-06-08,RECEIPT,134,162.46
206,P1096,2026-05-01,ISSUE,138,285.94
207,P1002,2026-07-13,RECEIPT,50,227.87
208,P1040,2025-11-02,RECEIPT,36,257.88
209,P1116,2026-03-15,ISSUE,33,52.28
210,P1139,2025-09-15,ISSUE,147,278.97
211,P1014,2026-03-23,ISSUE,116,452.45
212,P1090,2026-07-30,ISSUE,54,243.92
213,P1182,2025-10-28,ISSUE,47,316.7
214,P1121,2026-01-18,ISSUE,118,320.62
215,P1112,2025-11-02,RECEIPT,99,444.58
216,P1130,2025-12-29,ISSUE,73,172.57
217,P1022,2026-02-06,ISSUE,72,132.6
218,P1051,2025-09-03,ISSUE,132,160.92
219,P1017,2025-12-12,ISSUE,111,451.51
220,P1018,2026-05-15,RECEIPT,75,389.28
221,P1075,2026-02-23,ISSUE,39,292.75
222,P1072,2026-06-30,RECEIPT,29,69.66
223,P1023,2025-09-05,ISSUE,39,271.43
224,P1135,2026-06-01,ISSUE,30,342.78
225,P1121,2026-03-09,RECEIPT,30,320.62
226,P1094,2026-08-08,RECEIPT,89,113.95
227,P1162,2025-10-17,RECEIPT,95,26.46
228,P1188,2026-08-21,ISSUE,53,205.8
229,P1007,2026-05-20,ISSUE,149,182.23
230,P1055,2026-02-23,ISSUE,56,415.33
231,P1069,2026-07-03,ISSUE,42,436.57
232,P1087,2026-02-19,ISSUE,122,140.16
233,P1036,2026-08-08,RECEIPT,94,69.34
234,P1010,2026-02-14,RECEIPT,8,431.29
235,P1021,2025-11-30,RECEIPT,26,364.39
236,P1159,2026-05-14,RECEIPT,51,389.87
237,P1009,2025-09-01,RECEIPT,105,183.9
238,P1160,2026-06-02,RECEIPT,120,218.14
239,P1056,2026-04-01,RECEIPT,40,334.84
240,P1133,2026-03-26,RECEIPT,132,447.19
241,P1118,2026-07-12,ISSUE,14,345.11
242,P1116,2026-07-03,ISSUE,75,52.28
243,P1029,2026-01-19,ISSUE,113,298.76
244,P1034,2025-10-24,RECEIPT,61,162.46
245,P1122,2026-02-07,RECEIPT,88,397.28
246,P1036,2026-02-22,RECEIPT,134,69.34
247,P1197,2026-08-04,ISSUE,148,395.9
248,P1081,2026-01-27,RECEIPT,47,323.19
249,P1042,2026-01-14,ISSUE,51,372.99
250,P1146,2025-09-20,ISSUE,18,421.56
251,P1124,2026-06-20,RECEIPT,7,455.07
252,P1015,2026-02-02,ISSUE,76,346.46
253,P1015,2026-01-22,ISSUE,122,346.46
254,P1001,2025-10-16,RECEIPT,61,58.77
255,P1022,2026-04-10,ISSUE,19,132.6
256,P1140,2025-09-14,RECEIPT,144,315.91
257,P1117,2026-03-21,ISSUE,14,48.33
258,P1190,2026-03-27,RECEIPT,15,379.59
259,P1027,2026-04-13,RECEIPT,82,276.32
260,P1116,2025-09-07,RECEIPT,21,52.28
261,P1037,2026-01-26,ISSUE,118,142.11
262,P1181,2026-08-07,ISSUE,6,81.24
263,P1131,2026-02-03,ISSUE,11,353.58
264,P1176,2026-08-24,ISSUE,51,337.23
265,P1157,2026-02-27,ISSUE,103,162.53
266,P1041,2026-08-14,ISSUE,40,254.37
267,P1133,2026-05-21,RECEIPT,70,447.19
268,P1131,2025-12-03,RECEIPT,119,353.58
269,P1116,2025-11-04,ISSUE,147,52.28
270,P1146,2025-09-08,ISSUE,137,421.56
271,P1042,2026-06-07,ISSUE,20,372.99
272,P1098,2026-01-09,RECEIPT,96,282.91
273,P1010,2026-05-31,ISSUE,43,431.29
274,P1004,2025-10-31,RECEIPT,77,481.29
275,P1110,2026-03-02,RECEIPT,87,206.28
276,P1169,2026-02-14,RECEIPT,7,167.84
277,P1116,2026-03-02,ISSUE,32,52.28
278,P1178,2026-04-06,RECEIPT,98,276.28
279,P1092,2026-07-26,RECEIPT,81,478.49
280,P1148,2026-03-11,ISSUE,121,219.67
281,P1079,2026-02-02,ISSUE,103,165.08
282,P1071,2025-11-26,RECEIPT,67,395.38
283,P1007,2026-02-12,RECEIPT,111,182.23
284,P1002,2026-06-24,ISSUE,99,227.87
285,P1013,2026-01-06,ISSUE,54,360.62
286,P1154,2026-04-16,ISSUE,142,437.38
287,P1022,2026-03-20,RECEIPT,81,132.6
288,P1047,2026-03-03,ISSUE,26,285.65
289,P1058,2026-01-06,RECEIPT,84,443.58
290,P1044,2025-09-03,ISSUE,69,345.07
291,P1193,2026-04-11,ISSUE,38,282.24
292,P1067,2026-01-08,RECEIPT,15,344.06
293,P1041,2025-09-30,ISSUE,81,254.37
294,P1149,2025-11-27,RECEIPT,35,282.64
295,P1154,2025-09-21,ISSUE,82,437.38
296,P1120,2026-06-24,ISSUE,64,402.41
297,P1180,2026-07-24,ISSUE,89,77.6
298,P1047,2025-09-27,ISSUE,16,285.65
299,P1077,2026-04-24,ISSUE,7,51.66
300,P1133,2026-08-17,ISSUE,95,447.19
301,P1138,2025-09-22,RECEIPT,41,197.5
302,P1175,2025-09-23,RECEIPT,43,227.87
303,P1189,2026-01-02,ISSUE,131,385.52
304,P1090,2026-08-30,ISSUE,18,243.92
305,P1185,2026-06-17,ISSUE,48,111.5
306,P1020,2026-03-19,RECEIPT,65,50.05
307,P1038,2025-09-20,ISSUE,9,205.78
308,P1066,2025-12-18,ISSUE,76,33.19
309,P1173,2026-01-29,ISSUE,46,94.27
310,P1130,2026-01-02,RECEIPT,11,172.57
311,P1184,2026-01-27,RECEIPT,139,285.56
312,P1001,2025-12-05,RECEIPT,117,58.77
313,P1026,2025-11-11,ISSUE,24,30.31
314,P1162,2026-05-19,RECEIPT,126,26.46
315,P1056,2026-08-06,ISSUE,85,334.84
316,P1122,2025-11-25,RECEIPT,119,397.28
317,P1008,2026-07-26,ISSUE,72,241.17
318,P1094,2026-01-20,RECEIPT,146,113.95
319,P1035,2025-09-07,ISSUE,122,181.19
320,P1028,2025-09-03,RECEIPT,44,420.17
321,P1078,2025-12-08,ISSUE,63,489.23
322,P1189,2025-11-09,ISSUE,111,385.52
323,P1141,2026-06-24,RECEIPT,25,142.05
324,P1198,2025-11-16,RECEIPT,137,231.14
325,P1017,2026-06-08,RECEIPT,68,451.51
326,P1023,2026-04-25,RECEIPT,125,271.43
327,P1091,2026-02-18,RECEIPT,113,403.86
328,P1045,2026-06-26,RECEIPT,36,447.5
329,P1199,2025-12-24,RECEIPT,86,289.09
330,P1068,2025-10-14,RECEIPT,69,142.48
331,P1179,2026-04-10,ISSUE,116,175.99
332,P1087,2025-10-23,ISSUE,58,140.16
333,P1055,2025-10-22,RECEIPT,133,415.33
334,P1176,2025-11-28,ISSUE,122,337.23
335,P1169,2026-08-28,ISSUE,46,167.84
336,P1067,2026-04-07,ISSUE,93,344.06
337,P1154,2025-09-23,RECEIPT,94,437.38
338,P1057,2026-06-05,RECEIPT,116,373.34
339,P1033,2026-02-12,ISSUE,94,195.81
340,P1147,2025-10-01,RECEIPT,131,175.87
341,P1053,2026-07-10,RECEIPT,98,348.12
342,P1047,2025-10-12,RECEIPT,51,285.65
343,P1119,2026-05-07,ISSUE,10,429.68
344,P1162,2026-04-04,ISSUE,136,26.46
345,P1150,2026-05-22,RECEIPT,55,424.36
346,P1119,2026-02-07,ISSUE,118,429.68
347,P1121,2025-12-15,ISSUE,138,320.62
348,P1105,2026-03-27,RECEIPT,72,473.95
349,P1176,2026-04-03,RECEIPT,49,337.23
350,P1147,2025-10-10,RECEIPT,107,175.87
351,P1102,2026-07-12,ISSUE,60,172.98
352,P1098,2026-08-04,RECEIPT,35,282.91
353,P1118,2026-05-12,ISSUE,81,345.11
354,P1169,2026-05-02,RECEIPT,91,167.84
355,P1152,2026-08-30,RECEIPT,78,320.46
356,P1104,2025-12-27,RECEIPT,130,408.18
357,P1154,2026-02-18,ISSUE,19,437.38
358,P1107,2025-12-18,ISSUE,61,417.58
359,P1158,2025-12-26,RECEIPT,112,37.36
360,P1149,2026-05-07,ISSUE,107,282.64
361,P1107,2026-08-01,RECEIPT,102,417.58
362,P1125,2025-12-11,RECEIPT,149,240.76
363,P1134,2026-07-13,ISSUE,79,249.28
364,P1150,2025-12-04,RECEIPT,5,424.36
365,P1044,2026-01-05,RECEIPT,118,345.07
366,P1043,2025-11-12,RECEIPT,146,209.96
367,P1002,2026-04-09,RECEIPT,96,227.87
368,P1030,2025-11-12,RECEIPT,95,444.63
369,P1039,2025-10-07,RECEIPT,139,183.94
370,P1177,2026-01-25,ISSUE,115,106.85
371,P1166,2025-10-07,ISSUE,18,267.96
372,P1023,2026-04-07,ISSUE,51,271.43
373,P1089,2026-06-26,RECEIPT,141,116.42
374,P1174,2026-04-03,ISSUE,89,26.27
375,P1038,2026-08-18,ISSUE,124,205.78
376,P1093,2025-09-27,RECEIPT,35,356.24
377,P1149,2025-10-07,RECEIPT,136,282.64
378,P1097,2026-01-25,RECEIPT,97,438.28
379,P1022,2026-05-30,ISSUE,46,132.6
380,P1090,2025-12-11,RECEIPT,134,243.92
381,P1009,2026-05-03,ISSUE,107,183.9
382,P1036,2026-08-20,RECEIPT,84,69.34
383,P1116,2026-06-28,ISSUE,113,52.28
384,P1167,2026-03-09,RECEIPT,7,296.43
385,P1051,2026-08-15,RECEIPT,73,160.92
386,P1136,2026-08-07,RECEIPT,6,150.39
387,P1053,2025-10-21,RECEIPT,127,348.12
388,P1165,2026-08-12,RECEIPT,17,180.53
389,P1065,2026-07-08,ISSUE,70,54.69
390,P1188,2026-06-16,RECEIPT,33,205.8
391,P1058,2026-01-25,ISSUE,53,443.58
392,P1013,2025-10-04,ISSUE,98,360.62
393,P1012,2026-03-13,ISSUE,12,154.38
394,P1112,2026-05-12,RECEIPT,60,444.58
395,P1160,2026-01-01,ISSUE,123,218.14
396,P1165,2026-02-18,ISSUE,37,180.53
397,P1044,2025-10-28,ISSUE,46,345.07
398,P1012,2026-08-11,ISSUE,37,154.38
399,P1024,2026-05-27,RECEIPT,82,62.99
400,P1178,2025-09-07,ISSUE,58,276.28
401,P1019,2026-04-27,RECEIPT,42,135.07
402,P1173,2026-02-09,ISSUE,37,94.27
403,P1075,2026-04-15,ISSUE,126,292.75
404,P1027,2026-03-06,RECEIPT,51,276.32
405,P1193,2026-02-10,RECEIPT,41,282.24
406,P1160,2026-04-02,RECEIPT,122,218.14
407,P1110,2026-08-12,RECEIPT,45,206.28
408,P1035,2025-10-18,RECEIPT,117,181.19
409,P1058,2025-12-02,ISSUE,144,443.58
410,P1196,2026-05-26,ISSUE,138,317.86
411,P1176,2026-04-12,ISSUE,125,337.23
412,P1031,2026-06-20,RECEIPT,142,283.46
413,P1102,2026-04-23,RECEIPT,107,172.98
414,P1051,2025-11-16,RECEIPT,120,160.92
415,P1097,2025-11-14,ISSUE,47,438.28
416,P1156,2025-12-06,RECEIPT,21,89.69
417,P1197,2026-02-05,ISSUE,146,395.9
418,P1196,2026-06-10,ISSUE,84,317.86
419,P1143,2026-04-03,ISSUE,127,261.16
420,P1110,2026-01-28,RECEIPT,5,206.28
421,P1106,2026-01-12,ISSUE,29,408.61
422,P1009,2026-05-14,ISSUE,32,183.9
423,P1133,2026-02-26,RECEIPT,136,447.19
424,P1139,2026-02-04,ISSUE,46,278.97
425,P1000,2025-12-13,ISSUE,14,136.85
426,P1009,2026-01-27,ISSUE,79,183.9
427,P1055,2026-06-15,RECEIPT,46,415.33
428,P1127,2025-09-02,RECEIPT,80,357.19
429,P1116,2025-10-20,ISSUE,123,52.28
430,P1070,2026-03-19,ISSUE,112,266.27
431,P1198,2025-12-27,RECEIPT,100,231.14
432,P1083,2026-05-04,ISSUE,140,433.93
433,P1122,2025-11-04,RECEIPT,79,397.28
434,P1138,2026-04-16,RECEIPT,46,197.5
435,P1000,2026-05-15,ISSUE,27,136.85
436,P1043,2025-12-11,ISSUE,26,209.96
437,P1192,2025-11-23,ISSUE,27,114.43
438,P1134,2026-05-06,RECEIPT,121,249.28
439,P1018,2026-08-09,ISSUE,85,389.28
440,P1117,2025-11-17,RECEIPT,46,48.33
441,P1100,2026-02-20,RECEIPT,80,144.66
442,P1027,2025-09-15,ISSUE,123,276.32
443,P1152,2026-01-15,RECEIPT,63,320.46
444,P1162,2026-08-02,ISSUE,15,26.46
445,P1071,2026-01-26,RECEIPT,87,395.38
446,P1008,2026-05-15,ISSUE,17,241.17
447,P1194,2026-03-11,RECEIPT,99,348.44
448,P1161,2026-02-22,ISSUE,7,43.36
449,P1153,2026-05-06,RECEIPT,45,188.52
450,P1100,2026-03-05,ISSUE,84,144.66
451,P1089,2025-12-02,RECEIPT,8,116.42
452,P1127,2026-03-29,ISSUE,102,357.19
453,P1114,2026-03-19,RECEIPT,124,75.45
454,P1102,2025-09-30,RECEIPT,7,172.98
455,P1189,2025-12-02,ISSUE,75,385.52
456,P1075,2026-02-01,RECEIPT,80,292.75
457,P1162,2025-12-02,ISSUE,29,26.46
458,P1120,2025-10-02,RECEIPT,128,402.41
459,P1007,2025-10-02,RECEIPT,92,182.23
460,P1012,2026-03-25,ISSUE,117,154.38
461,P1185,2026-01-27,ISSUE,106,111.5
462,P1097,2026-08-18,RECEIPT,62,438.28
463,P1074,2026-07-26,ISSUE,102,111.17
464,P1104,2026-04-28,ISSUE,122,408.18
465,P1068,2026-03-01,ISSUE,28,142.48
466,P1005,2026-05-06,RECEIPT,51,308.82
467,P1037,2026-07-14,ISSUE,137,142.11
468,P1122,2026-04-02,RECEIPT,114,397.28
469,P1121,2026-08-29,ISSUE,113,320.62
470,P1036,2026-06-06,RECEIPT,110,69.34
471,P1120,2025-11-25,ISSUE,130,402.41
472,P1028,2025-11-11,RECEIPT,25,420.17
473,P1183,2026-03-10,ISSUE,137,76.5
474,P1037,2026-01-13,RECEIPT,29,142.11
475,P1132,2026-07-17,RECEIPT,75,295.43
476,P1006,2025-09-21,ISSUE,120,241.77
477,P1106,2025-09-01,RECEIPT,40,408.61
478,P1187,2026-06-25,ISSUE,20,43.99
479,P1026,2025-11-14,ISSUE,26,30.31
480,P1172,2026-07-26,RECEIPT,134,35.94
481,P1025,2026-04-09,ISSUE,19,292.72
482,P1034,2026-01-05,RECEIPT,118,162.46
483,P1096,2026-03-29,ISSUE,51,285.94
484,P1032,2026-01-18,RECEIPT,9,349.97
485,P1035,2026-07-24,RECEIPT,27,181.19
486,P1061,2026-06-08,RECEIPT,142,469.05
487,P1114,2026-01-23,ISSUE,24,75.45
488,P1057,2026-04-09,ISSUE,138,373.34
489,P1040,2025-12-16,RECEIPT,103,257.88
490,P1092,2025-12-14,ISSUE,145,478.49
491,P1038,2026-05-11,RECEIPT,8,205.78
492,P1078,2025-11-13,RECEIPT,77,489.23
493,P1099,2026-03-14,ISSUE,134,255.82
494,P1150,2026-03-23,ISSUE,106,424.36
495,P1182,2026-08-18,ISSUE,82,316.7
496,P1075,2025-09-05,ISSUE,114,292.75
497,P1119,2026-08-12,RECEIPT,63,429.68
498,P1113,2025-11-02,ISSUE,37,45.1
499,P1071,2025-11-26,RECEIPT,55,395.38
500,P1141,2026-08-01,RECEIPT,84,142.05
501,P1163,2026-08-12,RECEIPT,136,478.66
502,P1185,2026-06-07,RECEIPT,62,111.5
503,P1095,2025-10-15,RECEIPT,39,203.91
504,P1189,2026-06-26,ISSUE,89,385.52
505,P1032,2026-08-28,ISSUE,124,349.97
506,P1144,2026-06-07,RECEIPT,85,150.01
507,P1030,2025-10-31,ISSUE,72,444.63
508,P1098,2025-12-15,ISSUE,8,282.91
509,P1037,2026-01-14,ISSUE,114,142.11
510,P1194,2026-02-21,RECEIPT,69,348.44
511,P1129,2025-12-24,RECEIPT,16,127.8
512,P1190,2026-01-27,ISSUE,24,379.59
513,P1002,2026-08-16,ISSUE,119,227.87
514,P1091,2025-12-29,ISSUE,14,403.86
515,P1085,2026-04-19,RECEIPT,124,139.55
516,P1184,2025-09-24,RECEIPT,32,285.56
517,P1132,2026-03-07,RECEIPT,106,295.43
518,P1005,2025-12-01,ISSUE,97,308.82
519,P1167,2026-07-25,ISSUE,19,296.43
520,P1004,2026-05-06,ISSUE,111,481.29
521,P1118,2026-07-15,RECEIPT,68,345.11
522,P1061,2026-07-01,RECEIPT,62,469.05
523,P1100,2026-05-04,ISSUE,141,144.66
524,P1056,2026-06-07,ISSUE,134,334.84
525,P1008,2026-04-22,ISSUE,11,241.17
526,P1080,2026-08-09,ISSUE,16,362.77
527,P1150,2026-07-02,ISSUE,33,424.36
528,P1197,2026-04-16,RECEIPT,109,395.9
529,P1173,2026-03-20,ISSUE,55,94.27
530,P1188,2025-10-28,RECEIPT,65,205.8
531,P1170,2026-07-17,ISSUE,40,207.47
532,P1022,2026-05-02,ISSUE,32,132.6
533,P1153,2026-05-14,RECEIPT,118,188.52
534,P1154,2025-12-08,ISSUE,137,437.38
535,P1016,2026-01-21,RECEIPT,91,60.67
536,P1145,2026-06-23,ISSUE,24,82.47
537,P1149,2025-11-28,RECEIPT,81,282.64
538,P1195,2026-03-23,ISSUE,137,381.1
539,P1012,2026-07-08,ISSUE,32,154.38
540,P1002,2025-09-11,ISSUE,44,227.87
541,P1154,2026-05-13,RECEIPT,100,437.38
542,P1048,2025-10-16,ISSUE,52,345.05
543,P1114,2025-09-03,RECEIPT,59,75.45
544,P1159,2026-08-29,ISSUE,42,389.87
545,P1091,2026-07-15,RECEIPT,97,403.86
546,P1074,2026-01-12,ISSUE,97,111.17
547,P1050,2026-03-13,RECEIPT,29,98.34
548,P1111,2026-04-21,ISSUE,100,31.63
549,P1046,2026-06-26,RECEIPT,84,238.77
550,P1044,2026-07-07,ISSUE,36,345.07
551,P1132,2026-06-07,RECEIPT,148,295.43
552,P1124,2026-08-15,ISSUE,102,455.07
553,P1000,2025-11-16,ISSUE,22,136.85
554,P1102,2025-11-10,RECEIPT,12,172.98
555,P1052,2026-05-12,RECEIPT,28,33.53
556,P1102,2026-08-14,ISSUE,92,172.98
557,P1086,2025-10-17,ISSUE,100,48.1
558,P1143,2026-02-01,RECEIPT,119,261.16
559,P1062,2026-05-14,ISSUE,104,498.0
560,P1073,2026-03-13,RECEIPT,29,439.74
561,P1142,2026-02-01,RECEIPT,115,172.04
562,P1175,2026-02-19,RECEIPT,111,227.87
563,P1063,2026-05-16,ISSUE,119,124.62
564,P1179,2026-03-02,RECEIPT,113,175.99
565,P1003,2025-09-16,ISSUE,89,137.45
566,P1100,2026-07-16,RECEIPT,127,144.66
567,P1071,2025-09-03,ISSUE,33,395.38
568,P1070,2026-03-27,RECEIPT,79,266.27
569,P1048,2026-03-15,ISSUE,65,345.05
570,P1047,2025-09-12,ISSUE,40,285.65
571,P1010,2025-11-14,RECEIPT,106,431.29
572,P1148,2026-01-08,ISSUE,50,219.67
573,P1069,2026-06-05,ISSUE,123,436.57
574,P1053,2025-11-30,RECEIPT,120,348.12
575,P1002,2026-02-17,RECEIPT,94,227.87
576,P1047,2025-12-10,RECEIPT,68,285.65
577,P1086,2026-07-01,ISSUE,71,48.1
578,P1013,2026-01-03,ISSUE,42,360.62
579,P1078,2026-05-23,ISSUE,48,489.23
580,P1022,2026-03-14,ISSUE,130,132.6
581,P1118,2025-12-27,RECEIPT,109,345.11
582,P1033,2025-09-09,ISSUE,149,195.81
583,P1199,2026-07-23,ISSUE,74,289.09
584,P1086,2026-02-19,ISSUE,32,48.1
585,P1054,2025-12-29,RECEIPT,90,154.2
586,P1153,2026-03-12,RECEIPT,65,188.52
587,P1006,2026-06-29,ISSUE,117,241.77
588,P1074,2026-04-24,ISSUE,41,111.17
589,P1106,2026-08-03,ISSUE,51,408.61
590,P1027,2026-03-25,ISSUE,130,276.32
591,P1084,2026-03-09,ISSUE,140,166.13
592,P1122,2025-09-08,ISSUE,88,397.28
593,P1129,2026-03-11,RECEIPT,106,127.8
594,P1148,2026-07-26,ISSUE,139,219.67
595,P1162,2025-11-03,RECEIPT,51,26.46
596,P1070,2026-04-12,RECEIPT,146,266.27
597,P1098,2025-10-08,RECEIPT,53,282.91
598,P1079,2026-01-20,RECEIPT,101,165.08
599,P1085,2026-08-29,RECEIPT,106,139.55
600,P1150,2025-09-24,ISSUE,83,424.36
601,P1095,2025-11-25,ISSUE,34,203.91
602,P1053,2025-12-25,ISSUE,94,348.12
603,P1162,2025-10-07,ISSUE,102,26.46
604,P1099,2025-10-29,ISSUE,33,255.82
605,P1025,2026-05-08,ISSUE,11,292.72
606,P1087,2026-05-05,ISSUE,144,140.16
607,P1190,2026-02-14,ISSUE,102,379.59
608,P1026,2026-02-16,ISSUE,129,30.31
609,P1070,2026-03-31,ISSUE,115,266.27
610,P1136,2025-12-02,ISSUE,7,150.39
611,P1136,2026-06-28,ISSUE,32,150.39
612,P1133,2026-03-13,ISSUE,13,447.19
613,P1126,2025-10-01,ISSUE,129,33.54
614,P1086,2026-04-07,RECEIPT,10,48.1
615,P1108,2026-03-26,ISSUE,49,191.84
616,P1034,2025-11-17,ISSUE,133,162.46
617,P1033,2025-09-03,RECEIPT,25,195.81
618,P1077,2026-05-24,ISSUE,9,51.66
619,P1076,2025-11-30,ISSUE,42,312.65
620,P1110,2025-11-27,ISSUE,80,206.28
621,P1095,2026-01-13,ISSUE,137,203.91
622,P1005,2026-08-09,ISSUE,101,308.82
623,P1134,2026-08-22,ISSUE,54,249.28
624,P1067,2025-10-05,RECEIPT,48,344.06
625,P1158,2026-02-25,RECEIPT,41,37.36
626,P1155,2025-11-03,ISSUE,102,337.37
627,P1179,2026-04-22,ISSUE,54,175.99
628,P1075,2025-12-21,ISSUE,83,292.75
629,P1168,2025-11-13,ISSUE,99,267.34
630,P1152,2026-04-18,RECEIPT,27,320.46
631,P1088,2026-03-01,RECEIPT,14,317.63
632,P1071,2025-11-13,ISSUE,83,395.38
633,P1059,2026-01-11,RECEIPT,20,224.34
634,P1025,2025-09-02,RECEIPT,133,292.72
635,P1031,2026-06-21,ISSUE,16,283.46
636,P1081,2025-10-16,ISSUE,60,323.19
637,P1158,2025-10-27,RECEIPT,105,37.36
638,P1020,2026-06-23,RECEIPT,51,50.05
639,P1043,2025-11-20,RECEIPT,34,209.96
640,P1136,2026-06-19,ISSUE,137,150.39
641,P1169,2026-01-09,RECEIPT,26,167.84
642,P1095,2025-09-30,RECEIPT,146,203.91
643,P1154,2025-12-16,ISSUE,10,437.38
644,P1162,2025-11-01,RECEIPT,13,26.46
645,P1079,2026-01-12,ISSUE,62,165.08
646,P1022,2025-11-21,RECEIPT,148,132.6
647,P1191,2026-04-05,RECEIPT,25,89.49
648,P1151,2026-01-29,ISSUE,103,87.35
649,P1140,2026-04-05,ISSUE,135,315.91
650,P1142,2026-02-02,RECEIPT,139,172.04
651,P1161,2026-08-04,RECEIPT,47,43.36
652,P1093,2026-05-26,RECEIPT,123,356.24
653,P1082,2025-11-20,RECEIPT,24,35.88
654,P1177,2026-07-11,ISSUE,87,106.85
655,P1048,2026-02-05,ISSUE,79,345.05
656,P1100,2026-01-22,RECEIPT,127,144.66
657,P1094,2026-06-09,RECEIPT,133,113.95
658,P1041,2026-05-23,ISSUE,55,254.37
659,P1122,2026-01-21,ISSUE,25,397.28
660,P1146,2026-07-08,ISSUE,47,421.56
661,P1139,2026-06-11,RECEIPT,81,278.97
662,P1091,2026-06-06,ISSUE,101,403.86
663,P1166,2026-03-14,ISSUE,45,267.96
664,P1166,2026-06-22,ISSUE,143,267.96
665,P1105,2026-02-07,ISSUE,89,473.95
666,P1009,2025-11-12,RECEIPT,107,183.9
667,P1119,2026-02-17,ISSUE,104,429.68
668,P1002,2026-07-06,RECEIPT,122,227.87
669,P1164,2026-08-14,RECEIPT,128,429.12
670,P1034,2026-08-21,RECEIPT,108,162.46
671,P1122,2025-09-27,ISSUE,9,397.28
672,P1068,2025-12-20,RECEIPT,23,142.48
673,P1177,2026-06-21,ISSUE,20,106.85
674,P1194,2026-08-21,RECEIPT,26,348.44
675,P1121,2026-06-05,ISSUE,138,320.62
676,P1162,2026-07-16,RECEIPT,72,26.46
677,P1012,2026-06-05,ISSUE,33,154.38
678,P1001,2026-04-30,RECEIPT,92,58.77
679,P1079,2026-07-17,RECEIPT,79,165.08
680,P1145,2026-08-07,ISSUE,6,82.47
681,P1158,2025-09-20,ISSUE,124,37.36
682,P1109,2026-05-31,ISSUE,7,353.84
683,P1018,2026-08-13,ISSUE,23,389.28
684,P1091,2025-09-14,ISSUE,34,403.86
685,P1149,2026-07-06,ISSUE,146,282.64
686,P1108,2026-07-26,ISSUE,29,191.84
687,P1075,2026-07-16,RECEIPT,81,292.75
688,P1042,2025-10-15,RECEIPT,63,372.99
689,P1125,2026-06-23,RECEIPT,14,240.76
690,P1165,2026-02-14,RECEIPT,16,180.53
691,P1122,2025-10-19,ISSUE,34,397.28
692,P1080,2026-01-08,ISSUE,8,362.77
693,P1017,2026-06-09,RECEIPT,132,451.51
694,P1097,2026-06-22,RECEIPT,23,438.28
695,P1002,2026-03-03,ISSUE,88,227.87
696,P1154,2026-03-02,RECEIPT,31,437.38
697,P1025,2026-02-09,RECEIPT,141,292.72
698,P1172,2026-03-24,ISSUE,124,35.94
699,P1141,2025-12-20,RECEIPT,74,142.05
700,P1058,2026-06-06,RECEIPT,110,443.58
701,P1061,2026-05-25,RECEIPT,23,469.05
702,P1054,2025-10-30,ISSUE,9,154.2
703,P1140,2025-12-06,ISSUE,105,315.91
704,P1081,2026-01-27,RECEIPT,42,323.19
705,P1163,2025-11-10,RECEIPT,72,478.66
706,P1167,2025-12-19,ISSUE,11,296.43
707,P1080,2026-05-01,ISSUE,127,362.77
708,P1135,2026-08-24,ISSUE,55,342.78
709,P1122,2025-09-05,RECEIPT,149,397.28
710,P1141,2026-01-19,ISSUE,142,142.05
711,P1022,2026-03-20,ISSUE,139,132.6
712,P1149,2026-01-12,ISSUE,48,282.64
713,P1094,2026-02-18,ISSUE,8,113.95
714,P1147,2026-08-12,ISSUE,87,175.87
715,P1012,2025-11-06,RECEIPT,119,154.38
716,P1037,2026-04-25,RECEIPT,86,142.11
717,P1040,2026-04-21,ISSUE,44,257.88
718,P1102,2025-12-06,RECEIPT,92,172.98
719,P1149,2026-07-08,ISSUE,146,282.64
720,P1091,2026-02-21,RECEIPT,22,403.86
721,P1045,2026-04-18,RECEIPT,123,447.5
722,P1132,2026-05-31,RECEIPT,77,295.43
723,P1011,2025-10-30,RECEIPT,115,142.8
724,P1000,2026-03-16,ISSUE,67,136.85
725,P1018,2026-01-25,ISSUE,133,389.28
726,P1173,2025-11-11,RECEIPT,21,94.27
727,P1190,2026-08-22,ISSUE,122,379.59
728,P1017,2026-06-21,ISSUE,14,451.51
729,P1087,2026-03-20,ISSUE,40,140.16
730,P1058,2026-03-12,RECEIPT,88,443.58
731,P1106,2026-05-26,ISSUE,66,408.61
732,P1189,2026-02-10,RECEIPT,21,385.52
733,P1034,2026-03-17,RECEIPT,140,162.46
734,P1055,2026-06-19,ISSUE,36,415.33
735,P1115,2026-06-26,ISSUE,17,28.83
736,P1159,2025-10-13,ISSUE,7,389.87
737,P1040,2025-09-18,ISSUE,6,257.88
738,P1094,2025-10-30,ISSUE,108,113.95
739,P1138,2025-11-01,ISSUE,149,197.5
740,P1007,2025-11-04,ISSUE,56,182.23
741,P1009,2025-12-07,ISSUE,119,183.9
742,P1110,2025-11-07,ISSUE,78,206.28
743,P1097,2026-08-13,ISSUE,85,438.28
744,P1183,2026-02-05,ISSUE,107,76.5
745,P1181,2025-09-03,RECEIPT,110,81.24
746,P1162,2026-03-29,RECEIPT,44,26.46
747,P1082,2026-02-28,RECEIPT,140,35.88
748,P1047,2025-11-19,RECEIPT,81,285.65
749,P1083,2025-11-21,ISSUE,49,433.93
750,P1020,2025-09-02,ISSUE,92,50.05
751,P1083,2025-11-22,RECEIPT,142,433.93
752,P1028,2026-03-17,ISSUE,144,420.17
753,P1121,2026-01-04,ISSUE,142,320.62
754,P1102,2026-01-18,RECEIPT,55,172.98
755,P1144,2026-07-16,ISSUE,129,150.01
756,P1196,2026-07-15,ISSUE,18,317.86
757,P1166,2025-09-10,RECEIPT,60,267.96
758,P1105,2026-02-22,RECEIPT,29,473.95
759,P1133,2026-03-18,RECEIPT,23,447.19
760,P1092,2026-01-01,RECEIPT,49,478.49
761,P1038,2026-08-12,RECEIPT,54,205.78
762,P1175,2025-11-15,ISSUE,21,227.87
763,P1095,2026-07-28,ISSUE,55,203.91
764,P1089,2025-10-24,ISSUE,93,116.42
765,P1144,2026-07-21,ISSUE,110,150.01
766,P1148,2025-11-22,ISSUE,119,219.67
767,P1009,2026-02-16,ISSUE,63,183.9
768,P1113,2026-08-25,ISSUE,111,45.1
769,P1183,2025-11-22,ISSUE,59,76.5
770,P1127,2025-12-25,ISSUE,133,357.19
771,P1158,2025-09-20,RECEIPT,117,37.36
772,P1144,2026-03-09,RECEIPT,132,150.01
773,P1043,2025-11-19,ISSUE,106,209.96
774,P1126,2025-10-07,ISSUE,94,33.54
775,P1079,2026-05-18,RECEIPT,109,165.08
776,P1027,2025-09-03,RECEIPT,83,276.32
777,P1017,2025-10-27,RECEIPT,101,451.51
778,P1143,2026-06-12,ISSUE,131,261.16
779,P1162,2026-07-26,RECEIPT,75,26.46
780,P1119,2025-12-16,ISSUE,24,429.68
781,P1090,2025-10-08,RECEIPT,106,243.92
782,P1112,2025-10-17,RECEIPT,90,444.58
783,P1166,2026-03-25,RECEIPT,117,267.96
784,P1185,2026-04-30,ISSUE,22,111.5
785,P1182,2025-10-11,ISSUE,96,316.7
786,P1153,2025-10-10,ISSUE,71,188.52
787,P1107,2025-12-29,ISSUE,125,417.58
788,P1144,2025-10-03,ISSUE,45,150.01
789,P1129,2026-01-20,ISSUE,123,127.8
790,P1053,2026-02-16,ISSUE,47,348.12
791,P1196,2026-08-26,ISSUE,62,317.86
792,P1050,2025-12-08,ISSUE,31,98.34
793,P1175,2026-04-16,ISSUE,74,227.87
794,P1017,2025-09-06,ISSUE,71,451.51
795,P1171,2026-07-31,RECEIPT,24,106.96
796,P1131,2025-11-24,ISSUE,121,353.58
797,P1063,2026-06-19,ISSUE,50,124.62
798,P1004,2026-01-16,ISSUE,143,481.29
799,P1132,2025-12-11,ISSUE,9,295.43
800,P1152,2026-04-28,RECEIPT,110,320.46
801,P1044,2026-08-09,ISSUE,19,345.07
802,P1180,2026-08-15,RECEIPT,61,77.6
803,P1164,2025-12-04,ISSUE,103,429.12
804,P1151,2025-12-04,RECEIPT,100,87.35
805,P1128,2026-08-09,ISSUE,121,418.75
806,P1181,2026-08-23,RECEIPT,64,81.24
807,P1104,2026-01-09,ISSUE,87,408.18
808,P1057,2026-06-15,RECEIPT,24,373.34
809,P1005,2026-01-29,ISSUE,21,308.82
810,P1055,2026-04-16,RECEIPT,37,415.33
811,P1120,2026-01-19,ISSUE,26,402.41
812,P1077,2026-03-27,RECEIPT,72,51.66
813,P1028,2026-06-01,ISSUE,97,420.17
814,P1085,2025-09-27,ISSUE,101,139.55
815,P1114,2026-01-31,RECEIPT,37,75.45
816,P1062,2026-07-12,ISSUE,117,498.0
817,P1068,2026-08-07,ISSUE,89,142.48
818,P1145,2026-06-21,RECEIPT,66,82.47
819,P1197,2026-06-09,ISSUE,8,395.9
820,P1067,2026-01-03,RECEIPT,49,344.06
821,P1099,2026-02-28,ISSUE,18,255.82
822,P1186,2026-08-02,ISSUE,83,435.74
823,P1105,2025-11-22,ISSUE,147,473.95
824,P1021,2025-11-30,ISSUE,87,364.39
825,P1062,2026-03-21,RECEIPT,99,498.0
826,P1132,2025-11-17,RECEIPT,135,295.43
827,P1066,2025-11-01,ISSUE,74,33.19
828,P1010,2025-10-15,ISSUE,8,431.29
829,P1134,2026-04-17,ISSUE,119,249.28
830,P1185,2025-09-13,ISSUE,104,111.5
831,P1000,2025-10-22,RECEIPT,65,136.85
832,P1012,2025-11-28,RECEIPT,65,154.38
833,P1144,2025-09-19,ISSUE,99,150.01
834,P1167,2025-12-08,ISSUE,67,296.43
835,P1036,2025-11-01,ISSUE,76,69.34
836,P1086,2026-03-20,ISSUE,149,48.1
837,P1122,2025-09-01,RECEIPT,100,397.28
838,P1117,2025-09-08,ISSUE,75,48.33
839,P1083,2026-06-16,RECEIPT,23,433.93
840,P1152,2025-09-29,ISSUE,70,320.46
841,P1036,2025-09-26,ISSUE,140,69.34
842,P1163,2026-03-30,RECEIPT,86,478.66
843,P1024,2026-08-12,RECEIPT,146,62.99
844,P1143,2026-03-12,ISSUE,125,261.16
845,P1160,2026-01-16,ISSUE,98,218.14
846,P1013,2025-10-17,RECEIPT,125,360.62
847,P1032,2026-04-30,ISSUE,26,349.97
848,P1035,2025-09-06,RECEIPT,133,181.19
849,P1157,2026-02-23,RECEIPT,5,162.53
850,P1012,2026-07-29,ISSUE,32,154.38
851,P1170,2026-06-22,RECEIPT,107,207.47
852,P1106,2026-04-18,ISSUE,90,408.61
853,P1060,2026-04-08,ISSUE,92,110.53
854,P1122,2026-05-28,RECEIPT,46,397.28
855,P1042,2025-09-04,ISSUE,128,372.99
856,P1191,2026-08-15,ISSUE,91,89.49
857,P1046,2026-06-11,RECEIPT,91,238.77
858,P1104,2025-11-02,ISSUE,26,408.18
859,P1034,2025-12-27,ISSUE,29,162.46
860,P1187,2026-08-06,ISSUE,46,43.99
861,P1166,2026-07-03,RECEIPT,122,267.96
862,P1024,2025-12-03,ISSUE,52,62.99
863,P1180,2026-03-22,ISSUE,121,77.6
864,P1101,2026-03-24,ISSUE,101,259.81
865,P1123,2026-07-21,ISSUE,142,239.15
866,P1183,2025-09-16,ISSUE,131,76.5
867,P1188,2026-03-15,ISSUE,67,205.8
868,P1147,2026-08-21,ISSUE,144,175.87
869,P1079,2025-12-20,ISSUE,116,165.08
870,P1018,2025-09-15,ISSUE,12,389.28
871,P1089,2026-05-10,ISSUE,79,116.42
872,P1079,2025-09-18,RECEIPT,131,165.08
873,P1021,2025-12-04,ISSUE,71,364.39
874,P1194,2026-02-19,RECEIPT,79,348.44
875,P1105,2025-12-27,RECEIPT,44,473.95
876,P1195,2026-03-22,ISSUE,97,381.1
877,P1004,2026-04-12,ISSUE,32,481.29
878,P1165,2026-04-15,ISSUE,101,180.53
879,P1058,2026-01-11,ISSUE,23,443.58
880,P1191,2026-07-30,ISSUE,112,89.49
881,P1188,2025-09-30,RECEIPT,61,205.8
882,P1150,2026-08-01,RECEIPT,33,424.36
883,P1077,2026-05-18,ISSUE,96,51.66
884,P1138,2026-05-13,ISSUE,130,197.5
885,P1090,2025-10-28,RECEIPT,99,243.92
886,P1093,2025-12-08,RECEIPT,48,356.24
887,P1171,2025-10-20,ISSUE,20,106.96
888,P1114,2026-07-14,ISSUE,109,75.45
889,P1031,2026-01-31,ISSUE,65,283.46
890,P1034,2026-03-03,RECEIPT,63,162.46
891,P1046,2025-11-18,ISSUE,25,238.77
892,P1037,2026-03-05,RECEIPT,77,142.11
893,P1035,2026-07-25,RECEIPT,53,181.19
894,P1147,2026-06-11,RECEIPT,99,175.87
895,P1069,2025-10-04,RECEIPT,139,436.57
896,P1122,2026-06-06,ISSUE,35,397.28
897,P1053,2026-05-23,ISSUE,17,348.12
898,P1046,2026-07-19,RECEIPT,109,238.77
899,P1179,2026-01-16,RECEIPT,62,175.99
900,P1023,2025-10-14,ISSUE,60,271.43
901,P1148,2026-02-08,RECEIPT,8,219.67
902,P1061,2026-05-22,RECEIPT,143,469.05
903,P1130,2025-09-07,RECEIPT,97,172.57
904,P1087,2026-04-20,RECEIPT,124,140.16
905,P1112,2026-04-30,ISSUE,145,444.58
906,P1169,2026-08-19,RECEIPT,124,167.84
907,P1136,2026-01-01,RECEIPT,127,150.39
908,P1163,2025-10-13,RECEIPT,107,478.66
909,P1143,2026-01-29,ISSUE,99,261.16
910,P1066,2026-05-28,ISSUE,51,33.19
911,P1153,2026-07-08,ISSUE,74,188.52
912,P1159,2025-10-14,ISSUE,68,389.87
913,P1170,2025-09-13,RECEIPT,105,207.47
914,P1059,2025-10-21,ISSUE,27,224.34
915,P1038,2026-06-24,RECEIPT,70,205.78
916,P1177,2025-11-27,ISSUE,12,106.85
917,P1128,2026-07-11,ISSUE,61,418.75
918,P1047,2026-07-19,RECEIPT,32,285.65
919,P1142,2025-10-28,ISSUE,95,172.04
920,P1076,2026-04-11,ISSUE,23,312.65
921,P1164,2026-07-06,ISSUE,38,429.12
922,P1036,2026-05-21,RECEIPT,129,69.34
923,P1091,2026-02-27,ISSUE,48,403.86
924,P1051,2026-01-23,ISSUE,117,160.92
925,P1029,2026-07-06,ISSUE,75,298.76
926,P1195,2026-02-01,ISSUE,81,381.1
927,P1067,2025-09-11,RECEIPT,125,344.06
928,P1040,2026-07-06,ISSUE,114,257.88
929,P1143,2026-03-26,ISSUE,93,261.16
930,P1153,2026-01-27,ISSUE,123,188.52
931,P1020,2025-10-17,ISSUE,61,50.05
932,P1073,2026-03-18,ISSUE,66,439.74
933,P1137,2026-07-12,RECEIPT,27,466.13
934,P1176,2026-03-24,ISSUE,56,337.23
935,P1026,2026-01-20,ISSUE,128,30.31
936,P1120,2026-03-23,ISSUE,40,402.41
937,P1111,2026-07-23,ISSUE,85,31.63
938,P1055,2026-02-04,ISSUE,53,415.33
939,P1191,2025-10-08,RECEIPT,138,89.49
940,P1054,2026-07-02,ISSUE,65,154.2
941,P1036,2026-01-24,ISSUE,70,69.34
942,P1031,2025-09-22,RECEIPT,95,283.46
943,P1128,2026-04-11,ISSUE,107,418.75
944,P1058,2026-05-02,RECEIPT,33,443.58
945,P1104,2026-02-05,ISSUE,139,408.18
946,P1166,2025-09-08,RECEIPT,119,267.96
947,P1197,2026-02-19,RECEIPT,20,395.9
948,P1180,2026-05-17,ISSUE,82,77.6
949,P1000,2025-11-30,RECEIPT,97,136.85
950,P1056,2025-12-30,ISSUE,33,334.84
951,P1186,2026-06-14,ISSUE,94,435.74
952,P1103,2026-01-26,RECEIPT,27,290.94
953,P1152,2026-07-23,RECEIPT,44,320.46
954,P1120,2026-07-27,RECEIPT,37,402.41
955,P1143,2026-05-10,RECEIPT,56,261.16
956,P1013,2025-12-17,RECEIPT,117,360.62
957,P1026,2026-08-16,ISSUE,17,30.31
958,P1064,2026-03-23,ISSUE,40,375.68
959,P1154,2026-05-09,RECEIPT,104,437.38
960,P1198,2026-03-25,RECEIPT,143,231.14
961,P1077,2025-11-20,ISSUE,76,51.66
962,P1056,2026-08-16,ISSUE,49,334.84
963,P1016,2026-05-28,RECEIPT,41,60.67
964,P1101,2025-12-27,RECEIPT,122,259.81
965,P1151,2025-12-24,RECEIPT,25,87.35
966,P1020,2026-03-26,ISSUE,52,50.05
967,P1088,2026-08-02,ISSUE,108,317.63
968,P1056,2026-04-04,RECEIPT,133,334.84
969,P1051,2025-10-21,ISSUE,95,160.92
970,P1098,2026-03-29,ISSUE,76,282.91
971,P1142,2025-10-09,RECEIPT,149,172.04
972,P1137,2026-03-29,ISSUE,128,466.13
973,P1033,2026-03-16,ISSUE,133,195.81
974,P1150,2026-01-15,ISSUE,70,424.36
975,P1050,2026-08-29,RECEIPT,146,98.34
976,P1179,2026-01-11,ISSUE,50,175.99
977,P1096,2026-06-21,RECEIPT,104,285.94
978,P1148,2026-08-27,RECEIPT,117,219.67
979,P1188,2026-02-19,ISSUE,113,205.8
980,P1006,2026-05-21,ISSUE,62,241.77
981,P1040,2026-07-13,RECEIPT,86,257.88
982,P1181,2026-01-12,ISSUE,63,81.24
983,P1132,2025-11-15,RECEIPT,32,295.43
984,P1136,2026-04-20,ISSUE,89,150.39
985,P1162,2026-06-29,ISSUE,115,26.46
986,P1014,2026-01-18,RECEIPT,96,452.45
987,P1162,2026-03-11,ISSUE,147,26.46
988,P1139,2025-12-30,ISSUE,111,278.97
989,P1016,2025-10-19,RECEIPT,28,60.67
990,P1156,2025-12-18,ISSUE,148,89.69
991,P1102,2026-03-18,RECEIPT,71,172.98
992,P1120,2025-11-20,ISSUE,115,402.41
993,P1000,2025-11-09,ISSUE,79,136.85
994,P1066,2025-09-09,ISSUE,126,33.19
995,P1112,2025-09-07,RECEIPT,17,444.58
996,P1179,2026-05-17,ISSUE,30,175.99
997,P1056,2026-01-16,RECEIPT,136,334.84
998,P1103,2025-09-29,RECEIPT,48,290.94
999,P1073,2026-04-23,ISSUE,22,439.74
1000,P1187,2025-12-22,RECEIPT,76,43.99
1001,P1155,2025-09-26,RECEIPT,13,337.37
1002,P1169,2025-09-03,RECEIPT,74,167.84
1003,P1112,2025-12-03,RECEIPT,146,444.58
1004,P1167,2026-01-27,ISSUE,142,296.43
1005,P1082,2026-01-27,ISSUE,148,35.88
1006,P1036,2026-02-21,RECEIPT,80,69.34
1007,P1034,2025-11-25,ISSUE,93,162.46
1008,P1188,2026-07-31,RECEIPT,45,205.8
1009,P1018,2026-07-04,RECEIPT,87,389.28
1010,P1071,2025-10-04,ISSUE,46,395.38
1011,P1033,2026-03-27,ISSUE,28,195.81
1012,P1196,2026-01-28,RECEIPT,92,317.86
1013,P1050,2025-11-03,RECEIPT,54,98.34
1014,P1133,2026-06-27,RECEIPT,51,447.19
1015,P1095,2025-12-06,ISSUE,106,203.91
1016,P1138,2025-09-27,RECEIPT,32,197.5
1017,P1150,2025-11-11,RECEIPT,36,424.36
1018,P1188,2026-04-06,ISSUE,49,205.8
1019,P1164,2026-03-28,RECEIPT,91,429.12
1020,P1105,2026-06-10,ISSUE,144,473.95
1021,P1044,2026-01-24,ISSUE,60,345.07
1022,P1191,2025-09-19,ISSUE,125,89.49
1023,P1154,2026-06-16,ISSUE,68,437.38
1024,P1196,2026-08-02,ISSUE,8,317.86
1025,P1197,2026-06-28,ISSUE,96,395.9
1026,P1093,2026-03-05,ISSUE,9,356.24
1027,P1088,2025-12-08,ISSUE,42,317.63
1028,P1023,2026-07-23,RECEIPT,37,271.43
1029,P1107,2025-09-09,RECEIPT,73,417.58
1030,P1043,2026-02-28,RECEIPT,117,209.96
1031,P1111,2026-02-03,ISSUE,117,31.63
1032,P1001,2026-05-28,ISSUE,25,58.77
1033,P1042,2026-02-09,ISSUE,89,372.99
1034,P1005,2026-04-30,ISSUE,122,308.82
1035,P1087,2025-11-03,RECEIPT,55,140.16
1036,P1070,2026-05-03,ISSUE,17,266.27
1037,P1196,2025-12-23,ISSUE,110,317.86
1038,P1056,2026-03-07,RECEIPT,80,334.84
1039,P1008,2026-02-17,RECEIPT,15,241.17
1040,P1074,2026-06-06,ISSUE,130,111.17
1041,P1083,2025-09-04,ISSUE,128,433.93
1042,P1195,2026-07-04,ISSUE,22,381.1
1043,P1176,2026-06-04,RECEIPT,20,337.23
1044,P1048,2026-08-15,RECEIPT,114,345.05
1045,P1011,2025-11-17,ISSUE,38,142.8
1046,P1177,2026-07-18,ISSUE,112,106.85
1047,P1145,2026-07-03,RECEIPT,92,82.47
1048,P1014,2026-08-11,ISSUE,30,452.45
1049,P1123,2026-08-16,RECEIPT,112,239.15
1050,P1065,2026-08-26,RECEIPT,136,54.69
1051,P1065,2025-11-13,RECEIPT,105,54.69
1052,P1127,2025-09-05,ISSUE,75,357.19
1053,P1065,2026-04-25,RECEIPT,25,54.69
1054,P1193,2026-08-16,RECEIPT,67,282.24
1055,P1171,2026-05-17,ISSUE,62,106.96
1056,P1014,2026-04-13,ISSUE,66,452.45
1057,P1172,2026-03-12,ISSUE,36,35.94
1058,P1116,2025-09-19,ISSUE,94,52.28
1059,P1153,2026-07-26,RECEIPT,23,188.52
1060,P1051,2025-10-02,RECEIPT,93,160.92
1061,P1183,2026-03-16,ISSUE,42,76.5
1062,P1053,2025-12-02,RECEIPT,20,348.12
1063,P1125,2025-10-06,RECEIPT,119,240.76
1064,P1164,2025-12-13,ISSUE,99,429.12
1065,P1036,2026-08-24,ISSUE,33,69.34
1066,P1144,2026-03-24,ISSUE,76,150.01
1067,P1196,2026-07-26,ISSUE,71,317.86
1068,P1054,2025-12-01,RECEIPT,118,154.2
1069,P1170,2026-08-14,RECEIPT,138,207.47
1070,P1014,2025-11-03,RECEIPT,40,452.45
1071,P1189,2026-08-11,RECEIPT,148,385.52
1072,P1170,2026-02-17,RECEIPT,40,207.47
1073,P1172,2026-02-15,ISSUE,40,35.94
1074,P1076,2026-04-18,ISSUE,27,312.65
1075,P1181,2026-08-23,RECEIPT,81,81.24
1076,P1085,2026-07-01,ISSUE,27,139.55
1077,P1002,2026-01-31,ISSUE,138,227.87
1078,P1191,2026-01-18,RECEIPT,77,89.49
1079,P1148,2026-08-12,RECEIPT,74,219.67
1080,P1090,2026-03-01,ISSUE,6,243.92
1081,P1173,2026-06-07,ISSUE,31,94.27
1082,P1044,2026-06-01,ISSUE,92,345.07
1083,P1043,2026-03-27,RECEIPT,44,209.96
1084,P1054,2026-07-28,ISSUE,92,154.2
1085,P1050,2026-08-26,RECEIPT,107,98.34
1086,P1158,2026-04-02,RECEIPT,115,37.36
1087,P1012,2026-03-31,ISSUE,53,154.38
1088,P1082,2026-01-27,ISSUE,149,35.88
1089,P1083,2026-04-20,RECEIPT,91,433.93
1090,P1106,2026-07-07,RECEIPT,143,408.61
1091,P1078,2026-03-05,ISSUE,104,489.23
1092,P1019,2025-12-13,ISSUE,56,135.07
1093,P1194,2025-09-29,RECEIPT,125,348.44
1094,P1179,2025-11-21,ISSUE,118,175.99
1095,P1150,2025-09-26,RECEIPT,129,424.36
1096,P1130,2026-05-28,ISSUE,130,172.57
1097,P1124,2026-02-09,RECEIPT,38,455.07
1098,P1142,2026-02-02,RECEIPT,80,172.04
1099,P1017,2026-01-27,ISSUE,91,451.51
1100,P1034,2026-03-12,ISSUE,124,162.46
1101,P1017,2026-08-17,ISSUE,92,451.51
1102,P1037,2025-12-02,ISSUE,107,142.11
1103,P1044,2025-09-04,ISSUE,75,345.07
1104,P1065,2026-07-04,ISSUE,140,54.69
1105,P1016,2026-07-18,RECEIPT,80,60.67
1106,P1160,2025-10-13,RECEIPT,36,218.14
1107,P1007,2025-12-09,RECEIPT,78,182.23
1108,P1189,2026-05-30,RECEIPT,123,385.52
1109,P1084,2026-03-18,RECEIPT,144,166.13
1110,P1054,2026-01-25,ISSUE,108,154.2
1111,P1095,2026-02-19,RECEIPT,69,203.91
1112,P1066,2026-03-20,ISSUE,113,33.19
1113,P1027,2026-02-12,ISSUE,139,276.32
1114,P1182,2026-08-15,ISSUE,49,316.7
1115,P1130,2026-02-20,ISSUE,99,172.57
1116,P1175,2026-04-15,ISSUE,137,227.87
1117,P1164,2026-08-11,ISSUE,89,429.12
1118,P1186,2025-12-02,RECEIPT,24,435.74
1119,P1031,2025-11-03,ISSUE,7,283.46
1120,P1127,2026-06-06,RECEIPT,24,357.19
1121,P1017,2026-07-29,ISSUE,42,451.51
1122,P1092,2025-11-23,RECEIPT,68,478.49
1123,P1064,2026-06-01,ISSUE,38,375.68
1124,P1063,2025-12-08,ISSUE,64,124.62
1125,P1032,2026-06-29,ISSUE,113,349.97
1126,P1127,2026-07-31,RECEIPT,49,357.19
1127,P1037,2026-04-02,ISSUE,21,142.11
1128,P1087,2026-07-07,ISSUE,131,140.16
1129,P1150,2026-01-13,RECEIPT,81,424.36
1130,P1149,2025-09-16,ISSUE,12,282.64
1131,P1119,2026-07-26,RECEIPT,23,429.68
1132,P1040,2025-12-29,ISSUE,53,257.88
1133,P1002,2025-10-21,ISSUE,9,227.87
1134,P1159,2026-01-15,ISSUE,114,389.87
1135,P1103,2025-12-06,ISSUE,147,290.94
1136,P1148,2026-02-26,RECEIPT,140,219.67
1137,P1157,2025-09-27,RECEIPT,109,162.53
1138,P1136,2026-08-10,ISSUE,139,150.39
1139,P1190,2026-04-25,ISSUE,79,379.59
1140,P1000,2025-11-15,ISSUE,107,136.85
1141,P1126,2026-02-01,ISSUE,148,33.54
1142,P1115,2026-08-28,RECEIPT,34,28.83
1143,P1168,2026-03-23,RECEIPT,7,267.34
1144,P1168,2025-10-22,RECEIPT,109,267.34
1145,P1146,2026-08-01,ISSUE,65,421.56
1146,P1090,2026-08-06,RECEIPT,86,243.92
1147,P1186,2025-10-15,ISSUE,140,435.74
1148,P1135,2026-07-21,ISSUE,28,342.78
1149,P1148,2025-10-15,ISSUE,110,219.67
1150,P1170,2026-07-16,ISSUE,146,207.47
1151,P1078,2025-09-01,RECEIPT,59,489.23
1152,P1043,2026-05-19,RECEIPT,88,209.96
1153,P1092,2026-02-13,RECEIPT,81,478.49
1154,P1091,2026-08-04,ISSUE,66,403.86
1155,P1130,2026-07-27,RECEIPT,20,172.57
1156,P1149,2025-09-23,ISSUE,81,282.64
1157,P1096,2026-03-28,ISSUE,126,285.94
1158,P1027,2026-07-07,RECEIPT,19,276.32
1159,P1040,2026-08-22,ISSUE,18,257.88
1160,P1128,2026-07-27,ISSUE,29,418.75
1161,P1171,2025-10-18,ISSUE,73,106.96
1162,P1042,2026-04-03,ISSUE,95,372.99
1163,P1114,2026-08-01,ISSUE,39,75.45
1164,P1189,2026-07-02,RECEIPT,83,385.52
1165,P1040,2026-03-19,ISSUE,90,257.88
1166,P1065,2025-09-25,ISSUE,118,54.69
1167,P1076,2025-12-02,RECEIPT,115,312.65
1168,P1198,2026-05-11,RECEIPT,100,231.14
1169,P1133,2026-05-27,RECEIPT,98,447.19
1170,P1149,2025-11-30,ISSUE,137,282.64
1171,P1104,2026-08-09,ISSUE,6,408.18
1172,P1118,2025-12-17,RECEIPT,64,345.11
1173,P1142,2026-03-13,RECEIPT,5,172.04
1174,P1189,2025-09-04,RECEIPT,107,385.52
1175,P1161,2026-01-24,RECEIPT,14,43.36
1176,P1029,2025-12-16,RECEIPT,138,298.76
1177,P1034,2026-04-06,ISSUE,25,162.46
1178,P1090,2026-07-10,RECEIPT,43,243.92
1179,P1004,2026-07-24,ISSUE,14,481.29
1180,P1195,2026-05-24,ISSUE,94,381.1
1181,P1081,2025-11-12,ISSUE,11,323.19
1182,P1163,2026-01-16,RECEIPT,91,478.66
1183,P1158,2025-12-31,ISSUE,76,37.36
1184,P1150,2025-12-31,ISSUE,24,424.36
1185,P1180,2025-09-18,ISSUE,30,77.6
1186,P1001,2026-01-04,ISSUE,83,58.77
1187,P1004,2026-08-23,RECEIPT,136,481.29
1188,P1142,2026-05-01,RECEIPT,18,172.04
1189,P1140,2026-07-05,RECEIPT,16,315.91
1190,P1129,2026-04-09,RECEIPT,18,127.8
1191,P1029,2026-02-25,RECEIPT,73,298.76
1192,P1113,2026-06-09,ISSUE,99,45.1
1193,P1144,2026-06-23,RECEIPT,11,150.01
1194,P1024,2026-08-30,RECEIPT,139,62.99
1195,P1118,2026-02-25,RECEIPT,104,345.11
1196,P1094,2026-08-30,ISSUE,113,113.95
1197,P1001,2026-01-30,RECEIPT,7,58.77
1198,P1086,2026-04-14,ISSUE,132,48.1
1199,P1020,2026-04-07,ISSUE,39,50.05
1200,P1118,2026-01-16,ISSUE,50,345.11
1201,P1116,2026-07-25,ISSUE,74,52.28
1202,P1191,2026-05-19,ISSUE,110,89.49
1203,P1154,2025-09-24,RECEIPT,84,437.38
1204,P1148,2026-03-21,RECEIPT,49,219.67
1205,P1063,2026-07-02,RECEIPT,46,124.62
1206,P1073,2026-06-10,RECEIPT,88,439.74
1207,P1090,2026-02-28,ISSUE,84,243.92
1208,P1052,2026-04-08,ISSUE,149,33.53
1209,P1072,2025-12-13,ISSUE,144,69.66
1210,P1101,2026-02-19,ISSUE,68,259.81
1211,P1180,2026-05-25,ISSUE,17,77.6
1212,P1155,2025-12-10,ISSUE,71,337.37
1213,P1042,2025-10-16,ISSUE,141,372.99
1214,P1066,2026-06-12,RECEIPT,141,33.19
1215,P1113,2026-08-11,RECEIPT,97,45.1
1216,P1075,2026-01-18,RECEIPT,25,292.75
1217,P1097,2026-02-02,RECEIPT,76,438.28
1218,P1131,2026-06-21,ISSUE,70,353.58
1219,P1042,2025-12-11,RECEIPT,54,372.99
1220,P1105,2025-09-24,ISSUE,25,473.95
1221,P1142,2026-06-18,ISSUE,70,172.04
1222,P1034,2025-12-09,ISSUE,8,162.46
1223,P1022,2026-07-01,ISSUE,35,132.6
1224,P1082,2025-09-26,ISSUE,102,35.88
1225,P1164,2026-08-06,RECEIPT,133,429.12
1226,P1068,2026-07-17,RECEIPT,17,142.48
1227,P1136,2026-07-03,RECEIPT,143,150.39
1228,P1126,2026-07-29,ISSUE,72,33.54
1229,P1081,2026-02-06,ISSUE,50,323.19
1230,P1191,2026-01-19,ISSUE,37,89.49
1231,P1100,2025-11-29,ISSUE,149,144.66
1232,P1014,2026-03-16,ISSUE,87,452.45
1233,P1192,2026-07-07,RECEIPT,5,114.43
1234,P1170,2026-07-15,RECEIPT,145,207.47
1235,P1045,2025-11-27,RECEIPT,53,447.5
1236,P1138,2026-08-13,RECEIPT,74,197.5
1237,P1188,2026-06-21,ISSUE,44,205.8
1238,P1107,2026-08-15,RECEIPT,41,417.58
1239,P1175,2026-08-09,ISSUE,33,227.87
1240,P1106,2026-04-11,RECEIPT,31,408.61
1241,P1060,2026-01-03,ISSUE,51,110.53
1242,P1145,2026-05-23,ISSUE,129,82.47
1243,P1050,2026-05-25,ISSUE,86,98.34
1244,P1013,2026-07-07,RECEIPT,124,360.62
1245,P1109,2026-06-09,ISSUE,136,353.84
1246,P1040,2025-12-20,RECEIPT,84,257.88
1247,P1025,2025-10-02,ISSUE,125,292.72
1248,P1123,2026-08-03,ISSUE,38,239.15
1249,P1142,2026-08-04,ISSUE,39,172.04
1250,P1064,2026-08-13,RECEIPT,143,375.68
1251,P1141,2026-05-28,RECEIPT,80,142.05
1252,P1014,2025-09-19,RECEIPT,57,452.45
1253,P1035,2026-01-21,ISSUE,30,181.19
1254,P1114,2026-06-29,ISSUE,29,75.45
1255,P1030,2025-12-10,RECEIPT,125,444.63
1256,P1171,2026-04-15,RECEIPT,146,106.96
1257,P1103,2026-03-26,ISSUE,78,290.94
1258,P1026,2025-12-15,RECEIPT,11,30.31
1259,P1131,2025-12-08,RECEIPT,92,353.58
1260,P1187,2026-06-27,ISSUE,45,43.99
1261,P1017,2026-01-16,ISSUE,143,451.51
1262,P1106,2026-04-13,RECEIPT,146,408.61
1263,P1097,2026-08-29,RECEIPT,49,438.28
1264,P1120,2025-10-15,RECEIPT,126,402.41
1265,P1128,2026-06-22,RECEIPT,90,418.75
1266,P1034,2026-08-13,ISSUE,71,162.46
1267,P1072,2026-07-02,ISSUE,52,69.66
1268,P1193,2026-08-29,RECEIPT,149,282.24
1269,P1106,2025-12-17,ISSUE,11,408.61
1270,P1016,2026-05-09,ISSUE,50,60.67
1271,P1023,2025-10-08,ISSUE,130,271.43
1272,P1088,2026-03-19,RECEIPT,44,317.63
1273,P1032,2026-07-09,RECEIPT,13,349.97
1274,P1064,2025-09-10,RECEIPT,43,375.68
1275,P1195,2026-03-03,RECEIPT,51,381.1
1276,P1167,2025-09-24,ISSUE,66,296.43
1277,P1178,2026-03-16,RECEIPT,113,276.28
1278,P1043,2026-06-04,ISSUE,143,209.96
1279,P1177,2025-11-12,RECEIPT,147,106.85
1280,P1199,2026-05-03,RECEIPT,9,289.09
1281,P1156,2026-02-19,RECEIPT,7,89.69
1282,P1133,2025-09-12,RECEIPT,123,447.19
1283,P1030,2025-09-04,RECEIPT,85,444.63
1284,P1195,2026-01-02,RECEIPT,73,381.1
1285,P1166,2025-12-17,ISSUE,92,267.96
1286,P1013,2025-10-28,RECEIPT,121,360.62
1287,P1164,2026-07-05,ISSUE,31,429.12
1288,P1049,2026-04-18,ISSUE,15,257.17
1289,P1137,2025-09-26,RECEIPT,143,466.13
1290,P1023,2026-06-08,ISSUE,118,271.43
1291,P1159,2026-03-24,ISSUE,63,389.87
1292,P1062,2025-10-04,ISSUE,79,498.0
1293,P1097,2025-10-31,RECEIPT,9,438.28
1294,P1085,2025-11-08,ISSUE,50,139.55
1295,P1087,2025-09-21,RECEIPT,59,140.16
1296,P1072,2026-04-25,RECEIPT,149,69.66
1297,P1091,2025-11-18,ISSUE,146,403.86
1298,P1147,2026-02-01,RECEIPT,133,175.87
1299,P1173,2026-01-15,RECEIPT,83,94.27
1300,P1140,2026-02-04,RECEIPT,86,315.91
1301,P1152,2025-12-22,ISSUE,23,320.46
1302,P1159,2025-12-11,ISSUE,54,389.87
1303,P1168,2026-03-14,ISSUE,144,267.34
1304,P1008,2025-10-20,RECEIPT,29,241.17
1305,P1020,2026-05-16,ISSUE,145,50.05
1306,P1047,2025-12-11,ISSUE,124,285.65
1307,P1109,2025-11-18,RECEIPT,123,353.84
1308,P1084,2025-12-03,RECEIPT,83,166.13
1309,P1046,2025-09-27,RECEIPT,125,238.77
1310,P1191,2026-07-25,ISSUE,6,89.49
1311,P1054,2026-02-18,ISSUE,73,154.2
1312,P1163,2026-04-10,RECEIPT,9,478.66
1313,P1187,2026-06-05,ISSUE,55,43.99
1314,P1129,2026-07-16,RECEIPT,6,127.8
1315,P1136,2025-09-11,RECEIPT,70,150.39
1316,P1184,2026-02-23,RECEIPT,57,285.56
1317,P1168,2026-02-23,RECEIPT,139,267.34
1318,P1028,2026-07-12,ISSUE,5,420.17
1319,P1068,2026-08-16,ISSUE,10,142.48
1320,P1101,2025-11-18,RECEIPT,100,259.81
1321,P1176,2026-02-21,ISSUE,76,337.23
1322,P1173,2026-04-13,RECEIPT,20,94.27
1323,P1096,2025-10-10,RECEIPT,87,285.94
1324,P1156,2026-05-17,RECEIPT,62,89.69
1325,P1149,2025-09-27,RECEIPT,35,282.64
1326,P1192,2026-06-13,RECEIPT,108,114.43
1327,P1122,2026-02-18,ISSUE,142,397.28
1328,P1037,2026-06-03,ISSUE,91,142.11
1329,P1138,2026-05-31,RECEIPT,142,197.5
1330,P1141,2025-12-24,RECEIPT,45,142.05
1331,P1143,2026-08-11,RECEIPT,30,261.16
1332,P1187,2026-07-28,RECEIPT,96,43.99
1333,P1173,2025-09-03,RECEIPT,136,94.27
1334,P1133,2026-04-18,RECEIPT,34,447.19
1335,P1099,2026-08-24,ISSUE,64,255.82
1336,P1019,2026-05-10,RECEIPT,81,135.07
1337,P1033,2026-01-28,ISSUE,79,195.81
1338,P1121,2025-10-07,ISSUE,81,320.62
1339,P1068,2026-01-03,ISSUE,34,142.48
1340,P1030,2026-04-30,RECEIPT,9,444.63
1341,P1020,2026-04-06,ISSUE,72,50.05
1342,P1069,2026-06-23,RECEIPT,39,436.57
1343,P1084,2026-05-24,ISSUE,63,166.13
1344,P1107,2025-09-17,ISSUE,34,417.58
1345,P1003,2026-07-01,RECEIPT,109,137.45
1346,P1003,2026-02-03,RECEIPT,74,137.45
1347,P1030,2025-11-09,RECEIPT,28,444.63
1348,P1166,2026-04-25,ISSUE,31,267.96
1349,P1028,2026-02-12,RECEIPT,81,420.17
1350,P1024,2026-07-28,ISSUE,99,62.99
1351,P1134,2026-04-27,ISSUE,38,249.28
1352,P1159,2026-08-30,ISSUE,49,389.87
1353,P1095,2026-05-30,ISSUE,63,203.91
1354,P1142,2026-07-03,ISSUE,53,172.04
1355,P1028,2025-09-11,ISSUE,42,420.17
1356,P1187,2025-10-26,ISSUE,69,43.99
1357,P1021,2026-01-25,RECEIPT,146,364.39
1358,P1175,2026-01-31,RECEIPT,79,227.87
1359,P1199,2025-11-27,ISSUE,45,289.09
1360,P1051,2026-07-23,ISSUE,116,160.92
1361,P1188,2026-08-16,RECEIPT,87,205.8
1362,P1115,2026-05-20,ISSUE,100,28.83
1363,P1194,2026-04-15,RECEIPT,36,348.44
1364,P1091,2026-03-07,ISSUE,63,403.86
1365,P1059,2026-02-28,RECEIPT,112,224.34
1366,P1019,2026-02-04,RECEIPT,35,135.07
1367,P1028,2026-01-15,ISSUE,147,420.17
1368,P1127,2026-04-12,ISSUE,67,357.19
1369,P1084,2026-04-17,RECEIPT,130,166.13
1370,P1079,2026-04-11,RECEIPT,98,165.08
1371,P1061,2026-05-13,ISSUE,85,469.05
1372,P1064,2026-03-13,RECEIPT,11,375.68
1373,P1070,2025-09-20,ISSUE,16,266.27
1374,P1186,2025-11-13,RECEIPT,63,435.74
1375,P1116,2026-01-10,RECEIPT,45,52.28
1376,P1124,2026-01-12,ISSUE,101,455.07
1377,P1177,2026-08-27,RECEIPT,73,106.85
1378,P1123,2025-09-03,ISSUE,108,239.15
1379,P1059,2025-10-02,RECEIPT,116,224.34
1380,P1173,2025-11-12,ISSUE,73,94.27
1381,P1174,2026-01-12,RECEIPT,26,26.27
1382,P1192,2026-05-26,RECEIPT,142,114.43
1383,P1095,2025-09-02,RECEIPT,90,203.91
1384,P1045,2026-05-28,ISSUE,38,447.5
1385,P1168,2026-01-30,ISSUE,64,267.34
1386,P1117,2025-12-01,RECEIPT,56,48.33
1387,P1067,2025-11-16,RECEIPT,113,344.06
1388,P1054,2025-12-01,RECEIPT,54,154.2
1389,P1145,2025-12-11,ISSUE,98,82.47
1390,P1027,2026-05-10,ISSUE,28,276.32
1391,P1171,2026-01-31,RECEIPT,63,106.96
1392,P1157,2025-12-05,RECEIPT,5,162.53
1393,P1063,2025-11-05,RECEIPT,112,124.62
1394,P1192,2026-05-25,ISSUE,113,114.43
1395,P1031,2025-10-13,ISSUE,29,283.46
1396,P1072,2026-03-03,RECEIPT,112,69.66
1397,P1131,2025-12-24,ISSUE,35,353.58
1398,P1149,2026-02-03,RECEIPT,138,282.64
1399,P1131,2026-04-27,ISSUE,46,353.58
1400,P1131,2025-11-12,RECEIPT,101,353.58
1401,P1032,2026-01-24,ISSUE,66,349.97
1402,P1048,2025-12-18,ISSUE,117,345.05
1403,P1009,2026-02-21,ISSUE,73,183.9
1404,P1062,2025-12-12,RECEIPT,116,498.0
1405,P1065,2026-08-02,ISSUE,46,54.69
1406,P1176,2026-08-26,ISSUE,108,337.23
1407,P1100,2025-10-31,ISSUE,24,144.66
1408,P1060,2026-08-08,ISSUE,91,110.53
1409,P1000,2026-08-02,ISSUE,42,136.85
1410,P1128,2026-01-16,RECEIPT,68,418.75
1411,P1165,2025-11-08,RECEIPT,57,180.53
1412,P1145,2026-05-18,ISSUE,61,82.47
1413,P1104,2026-07-24,ISSUE,25,408.18
1414,P1051,2026-02-27,RECEIPT,135,160.92
1415,P1023,2026-08-18,RECEIPT,90,271.43
1416,P1167,2026-05-29,RECEIPT,62,296.43
1417,P1068,2026-07-26,ISSUE,76,142.48
1418,P1071,2026-01-30,RECEIPT,111,395.38
1419,P1046,2026-06-02,ISSUE,77,238.77
1420,P1188,2026-01-25,RECEIPT,48,205.8
1421,P1144,2025-12-21,RECEIPT,70,150.01
1422,P1162,2026-06-28,ISSUE,124,26.46
1423,P1192,2025-09-11,ISSUE,57,114.43
1424,P1129,2026-08-22,RECEIPT,128,127.8
1425,P1115,2026-03-07,ISSUE,82,28.83
1426,P1095,2025-09-09,ISSUE,147,203.91
1427,P1112,2025-09-07,RECEIPT,61,444.58
1428,P1002,2026-01-07,ISSUE,45,227.87
1429,P1008,2025-11-20,RECEIPT,148,241.17
1430,P1120,2026-07-01,ISSUE,92,402.41
1431,P1133,2025-09-03,ISSUE,98,447.19
1432,P1011,2026-02-14,ISSUE,57,142.8
1433,P1185,2025-10-19,ISSUE,81,111.5
1434,P1015,2026-05-05,ISSUE,92,346.46
1435,P1003,2026-06-25,ISSUE,5,137.45
1436,P1168,2026-08-07,ISSUE,77,267.34
1437,P1008,2025-12-07,ISSUE,10,241.17
1438,P1181,2026-02-16,RECEIPT,116,81.24
1439,P1034,2026-02-16,RECEIPT,147,162.46
1440,P1009,2025-11-04,ISSUE,66,183.9
1441,P1058,2025-10-21,ISSUE,93,443.58
1442,P1089,2026-06-28,ISSUE,113,116.42
1443,P1150,2026-06-28,ISSUE,38,424.36
1444,P1048,2025-11-10,RECEIPT,90,345.05
1445,P1134,2026-03-17,ISSUE,123,249.28
1446,P1124,2026-04-14,ISSUE,67,455.07
1447,P1026,2026-03-26,ISSUE,51,30.31
1448,P1009,2025-11-24,ISSUE,129,183.9
1449,P1190,2026-07-13,ISSUE,148,379.59
1450,P1168,2026-05-31,ISSUE,125,267.34
1451,P1092,2026-03-05,ISSUE,87,478.49
1452,P1097,2026-08-22,ISSUE,12,438.28
1453,P1017,2026-02-05,ISSUE,58,451.51
1454,P1040,2026-02-26,ISSUE,25,257.88
1455,P1093,2026-08-25,RECEIPT,89,356.24
1456,P1024,2026-03-25,RECEIPT,147,62.99
1457,P1130,2026-04-03,RECEIPT,111,172.57
1458,P1121,2025-10-10,RECEIPT,122,320.62
1459,P1064,2026-02-07,RECEIPT,125,375.68
1460,P1045,2026-06-12,ISSUE,102,447.5
1461,P1037,2026-04-22,ISSUE,130,142.11
1462,P1021,2026-05-12,ISSUE,7,364.39
1463,P1169,2026-02-11,ISSUE,117,167.84
1464,P1067,2026-07-18,ISSUE,114,344.06
1465,P1140,2026-06-05,RECEIPT,78,315.91
1466,P1198,2026-03-17,ISSUE,47,231.14
1467,P1193,2026-03-09,ISSUE,139,282.24
1468,P1061,2026-02-16,RECEIPT,142,469.05
1469,P1108,2026-04-02,ISSUE,26,191.84
1470,P1046,2026-04-30,ISSUE,5,238.77
1471,P1083,2026-06-06,ISSUE,16,433.93
1472,P1001,2025-09-14,ISSUE,122,58.77
1473,P1028,2025-09-20,RECEIPT,142,420.17
1474,P1003,2026-07-25,ISSUE,22,137.45
1475,P1108,2026-07-02,ISSUE,130,191.84
1476,P1003,2026-06-10,RECEIPT,80,137.45
1477,P1191,2025-12-31,ISSUE,114,89.49
1478,P1135,2026-04-28,ISSUE,136,342.78
1479,P1144,2025-09-16,RECEIPT,144,150.01
1480,P1158,2026-01-20,RECEIPT,56,37.36
1481,P1173,2025-12-01,ISSUE,76,94.27
1482,P1100,2026-04-22,ISSUE,98,144.66
1483,P1180,2026-04-22,RECEIPT,112,77.6
1484,P1102,2025-11-26,ISSUE,44,172.98
1485,P1115,2026-05-08,ISSUE,34,28.83
1486,P1064,2025-10-30,RECEIPT,128,375.68
1487,P1140,2025-11-21,ISSUE,61,315.91
1488,P1150,2026-07-19,RECEIPT,76,424.36
1489,P1026,2026-08-01,RECEIPT,120,30.31
1490,P1197,2026-03-07,RECEIPT,137,395.9
1491,P1174,2026-02-20,RECEIPT,67,26.27
1492,P1000,2026-02-25,RECEIPT,57,136.85
1493,P1063,2025-09-04,RECEIPT,35,124.62
1494,P1016,2026-08-23,RECEIPT,19,60.67
1495,P1171,2025-09-17,ISSUE,144,106.96
1496,P1012,2025-10-09,ISSUE,123,154.38
1497,P1125,2025-12-10,ISSUE,90,240.76
1498,P1153,2026-05-31,ISSUE,110,188.52
1499,P1029,2026-08-31,RECEIPT,130,298.76
1500,P1039,2025-09-30,ISSUE,53,183.94
1501,P1194,2026-04-12,RECEIPT,130,348.44
1502,P1170,2026-01-18,RECEIPT,145,207.47
1503,P1000,2026-08-27,RECEIPT,48,136.85
1504,P1050,2026-01-18,RECEIPT,37,98.34
1505,P1098,2026-02-03,ISSUE,62,282.91
1506,P1003,2026-03-09,ISSUE,111,137.45
1507,P1137,2026-08-28,RECEIPT,25,466.13
1508,P1074,2026-04-26,ISSUE,118,111.17
1509,P1183,2026-01-30,RECEIPT,43,76.5
1510,P1033,2026-01-24,ISSUE,30,195.81
1511,P1108,2025-11-24,ISSUE,143,191.84
1512,P1170,2026-08-01,ISSUE,120,207.47
1513,P1183,2026-03-01,ISSUE,145,76.5
1514,P1000,2026-08-16,RECEIPT,90,136.85
1515,P1100,2025-10-25,RECEIPT,123,144.66
1516,P1167,2026-08-10,ISSUE,13,296.43
1517,P1012,2025-12-07,RECEIPT,115,154.38
1518,P1161,2025-09-06,RECEIPT,100,43.36
1519,P1157,2026-04-10,ISSUE,85,162.53
1520,P1124,2026-01-28,ISSUE,44,455.07
1521,P1158,2025-11-25,RECEIPT,108,37.36
1522,P1122,2025-10-28,RECEIPT,96,397.28
1523,P1172,2026-03-18,RECEIPT,85,35.94
1524,P1191,2026-04-19,RECEIPT,53,89.49
1525,P1017,2026-07-24,ISSUE,17,451.51
1526,P1026,2026-06-06,RECEIPT,133,30.31
1527,P1055,2026-06-22,ISSUE,8,415.33
1528,P1057,2026-02-02,ISSUE,141,373.34
1529,P1121,2026-03-06,RECEIPT,50,320.62
1530,P1122,2026-02-18,RECEIPT,29,397.28
1531,P1188,2025-11-15,RECEIPT,26,205.8
1532,P1156,2026-06-21,ISSUE,75,89.69
1533,P1140,2025-09-29,RECEIPT,9,315.91
1534,P1050,2026-08-25,RECEIPT,116,98.34
1535,P1083,2026-07-14,ISSUE,40,433.93
1536,P1176,2025-12-13,RECEIPT,27,337.23
1537,P1107,2026-05-26,ISSUE,22,417.58
1538,P1096,2025-11-26,ISSUE,90,285.94
1539,P1128,2026-05-11,RECEIPT,12,418.75
1540,P1065,2025-09-21,ISSUE,138,54.69
1541,P1151,2026-04-27,ISSUE,42,87.35
1542,P1176,2026-01-30,ISSUE,95,337.23
1543,P1137,2026-04-12,RECEIPT,57,466.13
1544,P1103,2025-09-27,RECEIPT,39,290.94
1545,P1065,2026-02-23,ISSUE,51,54.69
1546,P1199,2026-06-18,RECEIPT,138,289.09
1547,P1182,2026-04-26,ISSUE,54,316.7
1548,P1032,2026-01-22,ISSUE,130,349.97
1549,P1140,2026-06-19,ISSUE,124,315.91
1550,P1056,2025-10-10,RECEIPT,69,334.84
1551,P1096,2026-01-03,RECEIPT,123,285.94
1552,P1163,2026-07-16,ISSUE,104,478.66
1553,P1063,2026-05-06,ISSUE,115,124.62
1554,P1172,2026-07-19,ISSUE,99,35.94
1555,P1146,2026-03-10,RECEIPT,95,421.56
1556,P1169,2026-05-14,RECEIPT,121,167.84
1557,P1011,2025-11-09,ISSUE,42,142.8
1558,P1016,2025-12-10,RECEIPT,110,60.67
1559,P1194,2025-09-21,ISSUE,24,348.44
1560,P1161,2026-01-18,ISSUE,83,43.36
1561,P1004,2026-07-15,RECEIPT,29,481.29
1562,P1011,2026-08-13,RECEIPT,90,142.8
1563,P1150,2025-12-23,RECEIPT,148,424.36
1564,P1035,2025-12-07,ISSUE,74,181.19
1565,P1170,2025-09-13,ISSUE,37,207.47
1566,P1184,2025-09-27,RECEIPT,82,285.56
1567,P1145,2025-11-21,ISSUE,111,82.47
1568,P1125,2026-08-02,RECEIPT,72,240.76
1569,P1071,2026-08-29,RECEIPT,41,395.38
1570,P1126,2025-10-28,RECEIPT,35,33.54
1571,P1113,2025-12-03,RECEIPT,99,45.1
1572,P1156,2026-04-25,RECEIPT,16,89.69
1573,P1128,2025-11-23,ISSUE,75,418.75
1574,P1098,2026-01-14,RECEIPT,53,282.91
1575,P1010,2026-03-09,RECEIPT,38,431.29
1576,P1000,2026-07-15,ISSUE,109,136.85
1577,P1177,2025-10-16,ISSUE,118,106.85
1578,P1023,2026-03-24,ISSUE,129,271.43
1579,P1186,2026-04-01,ISSUE,85,435.74
1580,P1086,2026-02-27,ISSUE,132,48.1
1581,P1032,2025-12-30,ISSUE,43,349.97
1582,P1060,2026-03-14,RECEIPT,119,110.53
1583,P1094,2026-06-05,RECEIPT,76,113.95
1584,P1149,2026-04-23,RECEIPT,134,282.64
1585,P1027,2025-12-27,ISSUE,59,276.32
1586,P1143,2026-04-28,RECEIPT,9,261.16
1587,P1109,2025-09-24,ISSUE,120,353.84
1588,P1082,2025-10-08,ISSUE,74,35.88
1589,P1150,2025-11-17,ISSUE,23,424.36
1590,P1061,2026-05-25,RECEIPT,18,469.05
1591,P1189,2026-06-22,RECEIPT,30,385.52
1592,P1112,2026-08-21,ISSUE,123,444.58
1593,P1138,2026-02-18,RECEIPT,74,197.5
1594,P1034,2025-10-05,ISSUE,75,162.46
1595,P1188,2025-11-14,ISSUE,54,205.8
1596,P1081,2025-12-12,RECEIPT,69,323.19
1597,P1054,2026-08-29,ISSUE,13,154.2
1598,P1164,2026-08-11,ISSUE,93,429.12
1599,P1004,2026-06-19,RECEIPT,60,481.29
1600,P1140,2025-10-15,RECEIPT,31,315.91
1601,P1172,2026-04-07,ISSUE,27,35.94
1602,P1110,2026-04-19,ISSUE,114,206.28
1603,P1150,2026-04-02,RECEIPT,26,424.36
1604,P1193,2026-04-16,ISSUE,109,282.24
1605,P1099,2026-07-05,RECEIPT,62,255.82
1606,P1022,2026-05-30,RECEIPT,114,132.6
1607,P1125,2026-05-22,RECEIPT,24,240.76
1608,P1042,2025-09-06,RECEIPT,25,372.99
1609,P1120,2026-03-20,RECEIPT,148,402.41
1610,P1144,2025-09-08,RECEIPT,21,150.01
1611,P1137,2026-05-06,ISSUE,8,466.13
1612,P1116,2026-06-30,RECEIPT,26,52.28
1613,P1154,2026-08-10,RECEIPT,134,437.38
1614,P1028,2025-12-04,RECEIPT,72,420.17
1615,P1176,2025-12-20,RECEIPT,141,337.23
1616,P1072,2025-12-02,RECEIPT,135,69.66
1617,P1199,2026-03-27,RECEIPT,95,289.09
1618,P1119,2026-04-18,ISSUE,18,429.68
1619,P1180,2026-02-12,RECEIPT,111,77.6
1620,P1163,2025-10-23,ISSUE,48,478.66
1621,P1040,2026-04-16,ISSUE,103,257.88
1622,P1146,2025-09-12,RECEIPT,72,421.56
1623,P1139,2025-10-20,ISSUE,68,278.97
1624,P1004,2026-06-09,ISSUE,6,481.29
1625,P1055,2025-09-23,ISSUE,107,415.33
1626,P1038,2026-08-08,ISSUE,59,205.78
1627,P1046,2025-09-17,ISSUE,101,238.77
1628,P1002,2025-09-06,RECEIPT,93,227.87
1629,P1198,2026-02-09,ISSUE,82,231.14
1630,P1049,2026-03-17,ISSUE,108,257.17
1631,P1034,2025-11-29,RECEIPT,38,162.46
1632,P1066,2025-10-21,ISSUE,27,33.19
1633,P1121,2026-07-17,RECEIPT,92,320.62
1634,P1002,2025-12-11,ISSUE,38,227.87
1635,P1084,2026-01-11,ISSUE,42,166.13
1636,P1157,2026-05-01,ISSUE,16,162.53
1637,P1093,2025-10-07,RECEIPT,9,356.24
1638,P1047,2026-07-27,ISSUE,7,285.65
1639,P1042,2026-04-12,ISSUE,31,372.99
1640,P1128,2026-06-27,RECEIPT,34,418.75
1641,P1077,2026-08-17,RECEIPT,46,51.66
1642,P1032,2025-12-08,RECEIPT,71,349.97
1643,P1111,2026-01-24,ISSUE,112,31.63
1644,P1080,2026-08-25,RECEIPT,7,362.77
1645,P1126,2026-03-17,RECEIPT,139,33.54
1646,P1187,2025-12-27,ISSUE,18,43.99
1647,P1038,2025-09-17,RECEIPT,36,205.78
1648,P1001,2025-12-02,ISSUE,59,58.77
1649,P1001,2026-07-28,ISSUE,32,58.77
1650,P1160,2025-11-19,RECEIPT,18,218.14
1651,P1087,2026-08-25,ISSUE,12,140.16
1652,P1042,2026-01-25,ISSUE,28,372.99
1653,P1068,2026-08-10,ISSUE,66,142.48
1654,P1141,2026-03-29,ISSUE,96,142.05
1655,P1024,2025-10-25,RECEIPT,103,62.99
1656,P1018,2025-10-05,RECEIPT,14,389.28
1657,P1147,2025-10-09,ISSUE,130,175.87
1658,P1126,2025-11-07,ISSUE,74,33.54
1659,P1194,2026-04-04,ISSUE,88,348.44
1660,P1087,2026-05-22,ISSUE,42,140.16
1661,P1162,2025-09-11,ISSUE,109,26.46
1662,P1077,2026-02-24,ISSUE,60,51.66
1663,P1104,2026-07-21,ISSUE,109,408.18
1664,P1065,2026-02-04,ISSUE,125,54.69
1665,P1075,2026-01-10,ISSUE,149,292.75
1666,P1154,2025-11-17,ISSUE,109,437.38
1667,P1071,2026-05-07,ISSUE,13,395.38
1668,P1114,2025-09-02,ISSUE,30,75.45
1669,P1065,2026-04-11,ISSUE,62,54.69
1670,P1075,2026-05-22,ISSUE,71,292.75
1671,P1147,2025-10-12,RECEIPT,18,175.87
1672,P1022,2026-04-02,ISSUE,71,132.6
1673,P1150,2025-10-30,RECEIPT,5,424.36
1674,P1197,2025-10-18,ISSUE,52,395.9
1675,P1105,2025-11-12,RECEIPT,129,473.95
1676,P1143,2026-07-20,ISSUE,99,261.16
1677,P1068,2025-09-27,ISSUE,38,142.48
1678,P1107,2026-01-27,RECEIPT,51,417.58
1679,P1119,2026-01-08,ISSUE,118,429.68
1680,P1123,2026-03-04,ISSUE,111,239.15
1681,P1118,2025-10-04,RECEIPT,24,345.11
1682,P1047,2026-01-08,ISSUE,7,285.65
1683,P1124,2026-05-16,RECEIPT,102,455.07
1684,P1118,2026-02-18,ISSUE,10,345.11
1685,P1087,2025-09-11,ISSUE,33,140.16
1686,P1184,2026-08-29,RECEIPT,116,285.56
1687,P1046,2025-11-14,RECEIPT,145,238.77
1688,P1011,2026-03-04,RECEIPT,42,142.8
1689,P1082,2026-04-16,RECEIPT,99,35.88
1690,P1173,2026-06-07,ISSUE,126,94.27
1691,P1128,2026-08-31,ISSUE,9,418.75
1692,P1053,2026-04-28,RECEIPT,75,348.12
1693,P1158,2025-10-18,ISSUE,115,37.36
1694,P1140,2026-06-19,ISSUE,123,315.91
1695,P1074,2025-11-18,RECEIPT,95,111.17
1696,P1167,2025-10-18,ISSUE,149,296.43
1697,P1122,2026-01-10,ISSUE,37,397.28
1698,P1049,2026-05-05,RECEIPT,29,257.17
1699,P1194,2026-07-13,ISSUE,12,348.44
1700,P1111,2026-01-20,RECEIPT,122,31.63
1701,P1099,2026-02-18,RECEIPT,48,255.82
1702,P1195,2025-12-19,ISSUE,75,381.1
1703,P1074,2025-09-11,RECEIPT,92,111.17
1704,P1098,2026-02-11,ISSUE,41,282.91
1705,P1062,2026-06-24,ISSUE,51,498.0
1706,P1016,2026-03-04,RECEIPT,62,60.67
1707,P1004,2026-01-19,ISSUE,117,481.29
1708,P1070,2026-08-10,ISSUE,68,266.27
1709,P1171,2025-10-20,ISSUE,114,106.96
1710,P1166,2026-05-25,RECEIPT,55,267.96
1711,P1067,2025-12-08,RECEIPT,82,344.06
1712,P1158,2025-10-27,ISSUE,74,37.36
1713,P1114,2026-02-12,ISSUE,81,75.45
1714,P1190,2025-12-17,ISSUE,99,379.59
1715,P1106,2025-11-18,ISSUE,43,408.61
1716,P1004,2026-03-29,ISSUE,149,481.29
1717,P1121,2026-03-01,ISSUE,51,320.62
1718,P1159,2026-06-06,ISSUE,103,389.87
1719,P1031,2025-11-15,ISSUE,27,283.46
1720,P1044,2025-10-03,RECEIPT,58,345.07
1721,P1153,2026-08-11,RECEIPT,10,188.52
1722,P1091,2025-12-26,ISSUE,51,403.86
1723,P1142,2026-05-13,ISSUE,39,172.04
1724,P1116,2026-02-17,RECEIPT,109,52.28
1725,P1077,2026-06-27,RECEIPT,97,51.66
1726,P1146,2026-03-28,RECEIPT,30,421.56
1727,P1139,2026-02-15,RECEIPT,18,278.97
1728,P1088,2025-10-18,RECEIPT,27,317.63
1729,P1031,2025-10-20,RECEIPT,112,283.46
1730,P1120,2026-07-22,RECEIPT,20,402.41
1731,P1102,2025-11-17,ISSUE,110,172.98
1732,P1018,2026-05-11,RECEIPT,63,389.28
1733,P1159,2026-03-10,ISSUE,63,389.87
1734,P1005,2025-12-12,ISSUE,38,308.82
1735,P1056,2026-08-03,ISSUE,18,334.84
1736,P1196,2026-06-27,RECEIPT,99,317.86
1737,P1031,2026-01-18,RECEIPT,28,283.46
1738,P1082,2026-05-06,ISSUE,88,35.88
1739,P1062,2026-05-10,ISSUE,54,498.0
1740,P1075,2026-01-04,ISSUE,64,292.75
1741,P1118,2025-12-27,ISSUE,98,345.11
1742,P1026,2026-07-21,RECEIPT,32,30.31
1743,P1099,2026-07-05,ISSUE,52,255.82
1744,P1097,2026-03-04,ISSUE,146,438.28
1745,P1021,2025-11-30,RECEIPT,99,364.39
1746,P1117,2026-02-07,RECEIPT,96,48.33
1747,P1104,2026-04-17,ISSUE,73,408.18
1748,P1197,2026-01-06,ISSUE,59,395.9
1749,P1097,2026-01-12,ISSUE,133,438.28
1750,P1109,2026-04-02,ISSUE,105,353.84
1751,P1176,2025-09-29,ISSUE,27,337.23
1752,P1170,2026-01-04,ISSUE,127,207.47
1753,P1063,2026-08-31,RECEIPT,40,124.62
1754,P1054,2026-07-29,ISSUE,86,154.2
1755,P1129,2025-09-14,ISSUE,90,127.8
1756,P1008,2025-12-29,ISSUE,141,241.17
1757,P1011,2026-05-26,ISSUE,132,142.8
1758,P1174,2026-01-14,ISSUE,118,26.27
1759,P1058,2026-01-07,ISSUE,61,443.58
1760,P1174,2026-05-27,ISSUE,44,26.27
1761,P1064,2025-11-17,ISSUE,112,375.68
1762,P1169,2026-07-25,RECEIPT,77,167.84
1763,P1044,2026-06-16,ISSUE,132,345.07
1764,P1143,2025-11-05,ISSUE,86,261.16
1765,P1099,2026-08-03,ISSUE,32,255.82
1766,P1117,2026-06-17,RECEIPT,121,48.33
1767,P1039,2026-08-01,ISSUE,52,183.94
1768,P1107,2026-07-18,RECEIPT,73,417.58
1769,P1102,2026-05-10,ISSUE,116,172.98
1770,P1101,2025-10-08,ISSUE,93,259.81
1771,P1167,2026-08-28,ISSUE,76,296.43
1772,P1186,2026-05-31,RECEIPT,115,435.74
1773,P1063,2025-09-29,ISSUE,105,124.62
1774,P1114,2026-04-15,RECEIPT,6,75.45
1775,P1051,2026-04-28,ISSUE,132,160.92
1776,P1101,2026-01-26,RECEIPT,5,259.81
1777,P1036,2026-01-12,RECEIPT,65,69.34
1778,P1064,2025-11-07,RECEIPT,11,375.68
1779,P1123,2025-10-14,RECEIPT,10,239.15
1780,P1104,2026-05-30,RECEIPT,90,408.18
1781,P1175,2026-04-16,ISSUE,92,227.87
1782,P1074,2026-07-31,ISSUE,130,111.17
1783,P1069,2026-07-28,ISSUE,104,436.57
1784,P1076,2026-04-13,ISSUE,59,312.65
1785,P1176,2026-06-13,ISSUE,89,337.23
1786,P1131,2025-09-03,ISSUE,38,353.58
1787,P1091,2025-12-06,ISSUE,106,403.86
1788,P1183,2026-07-16,ISSUE,43,76.5
1789,P1082,2026-04-23,ISSUE,6,35.88
1790,P1162,2026-02-25,ISSUE,54,26.46
1791,P1061,2026-07-31,ISSUE,81,469.05
1792,P1083,2026-03-10,RECEIPT,99,433.93
1793,P1151,2026-08-14,RECEIPT,38,87.35
1794,P1074,2025-11-11,ISSUE,79,111.17
1795,P1041,2025-12-15,ISSUE,60,254.37
1796,P1104,2026-06-25,ISSUE,147,408.18
1797,P1120,2025-11-23,RECEIPT,20,402.41
1798,P1044,2025-11-27,RECEIPT,51,345.07
1799,P1080,2026-05-15,RECEIPT,30,362.77
1800,P1062,2026-07-28,RECEIPT,35,498.0
1801,P1090,2025-12-14,RECEIPT,65,243.92
1802,P1088,2026-08-24,RECEIPT,37,317.63
1803,P1195,2026-03-29,ISSUE,97,381.1
1804,P1007,2026-05-18,RECEIPT,118,182.23
1805,P1153,2025-12-05,RECEIPT,43,188.52
1806,P1147,2026-05-18,ISSUE,83,175.87
1807,P1052,2026-05-30,ISSUE,105,33.53
1808,P1036,2026-08-05,RECEIPT,19,69.34
1809,P1110,2026-01-10,ISSUE,47,206.28
1810,P1152,2026-06-03,ISSUE,39,320.46
1811,P1136,2025-10-24,ISSUE,131,150.39
1812,P1092,2026-03-30,RECEIPT,129,478.49
1813,P1075,2026-07-22,ISSUE,14,292.75
1814,P1064,2025-11-19,ISSUE,7,375.68
1815,P1036,2026-04-19,RECEIPT,49,69.34
1816,P1060,2026-06-21,ISSUE,105,110.53
1817,P1125,2026-04-09,ISSUE,97,240.76
1818,P1032,2026-03-05,RECEIPT,34,349.97
1819,P1022,2025-10-04,ISSUE,126,132.6
1820,P1128,2026-02-14,ISSUE,68,418.75
1821,P1099,2026-01-21,ISSUE,80,255.82
1822,P1053,2025-09-14,RECEIPT,126,348.12
1823,P1145,2026-05-06,RECEIPT,38,82.47
1824,P1111,2026-01-10,ISSUE,103,31.63
1825,P1127,2026-04-17,RECEIPT,111,357.19
1826,P1173,2026-08-27,ISSUE,62,94.27
1827,P1088,2026-06-20,RECEIPT,139,317.63
1828,P1142,2026-06-25,RECEIPT,137,172.04
1829,P1028,2025-09-12,RECEIPT,67,420.17
1830,P1101,2026-04-07,ISSUE,56,259.81
1831,P1103,2026-01-11,ISSUE,98,290.94
1832,P1114,2025-12-24,ISSUE,85,75.45
1833,P1159,2025-11-24,ISSUE,7,389.87
1834,P1074,2026-07-31,ISSUE,60,111.17
1835,P1069,2025-12-30,ISSUE,34,436.57
1836,P1155,2025-10-20,RECEIPT,148,337.37
1837,P1175,2026-03-23,RECEIPT,46,227.87
1838,P1078,2025-10-30,ISSUE,134,489.23
1839,P1038,2026-06-06,ISSUE,111,205.78
1840,P1060,2026-06-12,RECEIPT,126,110.53
1841,P1168,2025-09-26,RECEIPT,79,267.34
1842,P1001,2026-01-14,ISSUE,20,58.77
1843,P1104,2026-01-24,ISSUE,119,408.18
1844,P1190,2025-11-27,RECEIPT,43,379.59
1845,P1190,2026-04-07,ISSUE,117,379.59
1846,P1045,2026-04-14,ISSUE,48,447.5
1847,P1060,2026-08-24,RECEIPT,84,110.53
1848,P1005,2025-12-04,ISSUE,24,308.82
1849,P1031,2026-04-18,RECEIPT,59,283.46
1850,P1023,2026-04-29,RECEIPT,138,271.43
1851,P1054,2025-10-05,ISSUE,99,154.2
1852,P1049,2025-11-20,RECEIPT,22,257.17
1853,P1053,2025-09-09,RECEIPT,14,348.12
1854,P1129,2025-10-20,ISSUE,96,127.8
1855,P1166,2025-11-29,ISSUE,96,267.96
1856,P1192,2025-11-08,ISSUE,125,114.43
1857,P1099,2026-08-11,ISSUE,84,255.82
1858,P1082,2026-05-21,RECEIPT,41,35.88
1859,P1184,2026-04-03,ISSUE,38,285.56
1860,P1175,2026-01-23,RECEIPT,119,227.87
1861,P1048,2025-11-11,ISSUE,40,345.05
1862,P1189,2026-04-08,RECEIPT,78,385.52
1863,P1036,2026-04-20,ISSUE,63,69.34
1864,P1115,2026-05-03,ISSUE,82,28.83
1865,P1106,2026-06-29,ISSUE,126,408.61
1866,P1015,2025-10-19,ISSUE,22,346.46
1867,P1002,2025-11-08,RECEIPT,76,227.87
1868,P1182,2026-06-01,RECEIPT,85,316.7
1869,P1174,2026-05-01,ISSUE,6,26.27
1870,P1051,2025-09-04,ISSUE,53,160.92
1871,P1054,2026-03-04,ISSUE,130,154.2
1872,P1083,2025-10-03,ISSUE,40,433.93
1873,P1129,2026-02-01,RECEIPT,80,127.8
1874,P1085,2025-12-17,ISSUE,97,139.55
1875,P1085,2026-04-09,ISSUE,79,139.55
1876,P1143,2026-05-30,ISSUE,91,261.16
1877,P1144,2025-12-16,ISSUE,114,150.01
1878,P1148,2026-03-21,ISSUE,67,219.67
1879,P1123,2025-09-24,ISSUE,88,239.15
1880,P1077,2026-07-28,RECEIPT,27,51.66
1881,P1130,2026-04-12,RECEIPT,68,172.57
1882,P1089,2026-07-31,RECEIPT,117,116.42
1883,P1106,2026-04-29,ISSUE,5,408.61
1884,P1094,2025-09-18,ISSUE,131,113.95
1885,P1016,2026-02-21,ISSUE,44,60.67
1886,P1067,2026-07-18,ISSUE,32,344.06
1887,P1067,2026-07-10,ISSUE,109,344.06
1888,P1083,2025-10-23,ISSUE,65,433.93
1889,P1197,2026-06-10,ISSUE,117,395.9
1890,P1077,2025-10-26,RECEIPT,82,51.66
1891,P1103,2026-08-20,RECEIPT,53,290.94
1892,P1175,2026-06-08,RECEIPT,97,227.87
1893,P1011,2025-09-23,ISSUE,69,142.8
1894,P1053,2026-04-21,RECEIPT,108,348.12
1895,P1029,2026-02-25,ISSUE,126,298.76
1896,P1133,2026-06-12,RECEIPT,29,447.19
1897,P1076,2026-01-21,ISSUE,64,312.65
1898,P1183,2025-10-04,ISSUE,36,76.5
1899,P1112,2025-09-06,ISSUE,74,444.58
1900,P1113,2026-04-10,ISSUE,24,45.1
1901,P1167,2026-07-16,ISSUE,31,296.43
1902,P1120,2026-03-21,RECEIPT,98,402.41
1903,P1074,2026-07-27,ISSUE,88,111.17
1904,P1009,2025-12-23,RECEIPT,131,183.9
1905,P1026,2025-12-19,RECEIPT,74,30.31
1906,P1132,2026-02-08,RECEIPT,16,295.43
1907,P1024,2025-09-01,ISSUE,20,62.99
1908,P1168,2025-11-30,ISSUE,6,267.34
1909,P1153,2025-11-03,ISSUE,31,188.52
1910,P1167,2026-06-30,ISSUE,24,296.43
1911,P1052,2026-04-13,ISSUE,11,33.53
1912,P1145,2026-03-08,RECEIPT,27,82.47
1913,P1050,2026-06-11,RECEIPT,32,98.34
1914,P1009,2026-03-23,ISSUE,84,183.9
1915,P1186,2025-11-21,ISSUE,52,435.74
1916,P1196,2026-06-27,ISSUE,142,317.86
1917,P1043,2025-11-05,RECEIPT,123,209.96
1918,P1169,2026-06-04,RECEIPT,131,167.84
1919,P1156,2026-04-12,RECEIPT,30,89.69
1920,P1086,2026-04-05,RECEIPT,25,48.1
1921,P1176,2025-10-16,RECEIPT,59,337.23
1922,P1079,2026-03-15,ISSUE,40,165.08
1923,P1152,2026-08-11,RECEIPT,142,320.46
1924,P1151,2026-05-06,RECEIPT,93,87.35
1925,P1016,2025-11-09,RECEIPT,117,60.67
1926,P1173,2026-01-27,ISSUE,130,94.27
1927,P1116,2025-11-10,ISSUE,97,52.28
1928,P1020,2026-06-04,RECEIPT,107,50.05
1929,P1157,2026-06-23,RECEIPT,109,162.53
1930,P1062,2026-02-04,ISSUE,59,498.0
1931,P1085,2026-05-21,ISSUE,77,139.55
1932,P1027,2026-04-19,ISSUE,80,276.32
1933,P1199,2026-04-19,RECEIPT,15,289.09
1934,P1058,2025-11-30,ISSUE,145,443.58
1935,P1049,2026-03-30,ISSUE,53,257.17
1936,P1069,2026-03-13,RECEIPT,21,436.57
1937,P1141,2025-10-05,ISSUE,72,142.05
1938,P1159,2025-09-12,ISSUE,102,389.87
1939,P1045,2026-02-03,ISSUE,137,447.5
1940,P1026,2026-01-18,ISSUE,26,30.31
1941,P1070,2025-12-28,ISSUE,82,266.27
1942,P1018,2026-06-06,RECEIPT,10,389.28
1943,P1098,2025-09-02,RECEIPT,78,282.91
1944,P1136,2025-11-05,RECEIPT,47,150.39
1945,P1003,2026-04-20,RECEIPT,68,137.45
1946,P1120,2026-06-06,RECEIPT,107,402.41
1947,P1067,2026-01-21,ISSUE,97,344.06
1948,P1069,2025-12-18,RECEIPT,37,436.57
1949,P1163,2025-12-08,RECEIPT,87,478.66
1950,P1150,2026-04-17,ISSUE,14,424.36
1951,P1099,2026-03-10,ISSUE,20,255.82
1952,P1081,2026-04-11,RECEIPT,135,323.19
1953,P1053,2026-01-07,RECEIPT,95,348.12
1954,P1183,2025-12-29,ISSUE,126,76.5
1955,P1049,2025-09-09,ISSUE,14,257.17
1956,P1084,2026-02-20,RECEIPT,83,166.13
1957,P1180,2025-09-02,ISSUE,111,77.6
1958,P1155,2025-12-18,ISSUE,51,337.37
1959,P1197,2025-11-10,RECEIPT,49,395.9
1960,P1112,2026-07-19,RECEIPT,99,444.58
1961,P1173,2026-08-06,ISSUE,115,94.27
1962,P1069,2026-08-24,ISSUE,139,436.57
1963,P1083,2026-02-14,ISSUE,138,433.93
1964,P1154,2026-04-05,RECEIPT,142,437.38
1965,P1167,2026-07-04,ISSUE,107,296.43
1966,P1159,2025-10-15,RECEIPT,101,389.87
1967,P1096,2025-12-08,ISSUE,133,285.94
1968,P1112,2026-01-25,ISSUE,75,444.58
1969,P1181,2026-08-20,RECEIPT,25,81.24
1970,P1079,2026-03-04,ISSUE,99,165.08
1971,P1085,2026-05-21,RECEIPT,29,139.55
1972,P1130,2026-06-08,RECEIPT,133,172.57
1973,P1069,2025-12-13,RECEIPT,13,436.57
1974,P1051,2026-07-02,RECEIPT,13,160.92
1975,P1047,2025-09-20,RECEIPT,96,285.65
1976,P1070,2026-06-25,RECEIPT,92,266.27
1977,P1146,2025-10-20,ISSUE,103,421.56
1978,P1168,2026-04-15,RECEIPT,136,267.34
1979,P1041,2026-04-22,ISSUE,106,254.37
1980,P1151,2026-05-27,RECEIPT,45,87.35
1981,P1076,2025-11-02,ISSUE,77,312.65
1982,P1181,2026-02-18,RECEIPT,121,81.24
1983,P1128,2025-10-12,RECEIPT,9,418.75
1984,P1147,2026-08-16,RECEIPT,6,175.87
1985,P1199,2026-07-04,ISSUE,56,289.09
1986,P1008,2026-08-06,RECEIPT,67,241.17
1987,P1032,2026-02-28,RECEIPT,53,349.97
1988,P1056,2026-07-16,ISSUE,146,334.84
1989,P1174,2025-11-27,RECEIPT,68,26.27
1990,P1182,2026-06-07,RECEIPT,75,316.7
1991,P1037,2026-03-20,ISSUE,15,142.11
1992,P1018,2026-04-26,RECEIPT,143,389.28
1993,P1171,2026-06-29,ISSUE,104,106.96
1994,P1054,2025-11-12,RECEIPT,128,154.2
1995,P1125,2025-10-11,ISSUE,39,240.76
1996,P1124,2025-09-01,ISSUE,40,455.07
1997,P1142,2025-11-28,ISSUE,108,172.04
1998,P1092,2025-11-29,ISSUE,109,478.49
1999,P1088,2026-07-29,RECEIPT,57,317.63
2000,P1181,2026-01-27,RECEIPT,143,81.24
2001,P1032,2026-03-20,RECEIPT,147,349.97
2002,P1030,2026-05-16,ISSUE,108,444.63
2003,P1038,2026-03-09,ISSUE,120,205.78
2004,P1009,2026-03-10,RECEIPT,131,183.9
2005,P1083,2026-06-10,RECEIPT,81,433.93
2006,P1064,2026-08-05,RECEIPT,82,375.68
2007,P1097,2026-03-26,RECEIPT,70,438.28
2008,P1106,2025-10-06,ISSUE,73,408.61
2009,P1151,2026-03-18,ISSUE,118,87.35
2010,P1144,2025-11-28,RECEIPT,141,150.01
2011,P1075,2025-12-24,RECEIPT,104,292.75
2012,P1123,2026-07-11,ISSUE,91,239.15
2013,P1154,2026-03-05,ISSUE,6,437.38
2014,P1051,2026-06-21,RECEIPT,62,160.92
2015,P1128,2026-07-10,ISSUE,22,418.75
2016,P1072,2025-11-27,ISSUE,129,69.66
2017,P1199,2026-06-11,ISSUE,21,289.09
2018,P1193,2025-09-23,RECEIPT,91,282.24
2019,P1033,2025-10-22,ISSUE,84,195.81
2020,P1035,2026-04-14,RECEIPT,81,181.19
2021,P1109,2026-06-15,RECEIPT,117,353.84
2022,P1190,2026-01-08,ISSUE,67,379.59
2023,P1161,2025-10-20,ISSUE,109,43.36
2024,P1138,2025-11-11,ISSUE,131,197.5
2025,P1129,2026-04-18,RECEIPT,43,127.8
2026,P1176,2025-12-09,RECEIPT,135,337.23
2027,P1125,2025-12-23,ISSUE,61,240.76
2028,P1132,2026-02-26,ISSUE,149,295.43
2029,P1020,2025-09-27,ISSUE,18,50.05
2030,P1190,2026-05-16,ISSUE,71,379.59
2031,P1114,2026-03-28,ISSUE,78,75.45
2032,P1171,2025-11-04,ISSUE,59,106.96
2033,P1193,2026-01-16,ISSUE,11,282.24
2034,P1054,2025-10-11,ISSUE,49,154.2
2035,P1066,2025-09-27,ISSUE,91,33.19
2036,P1194,2025-09-02,RECEIPT,22,348.44
2037,P1178,2026-04-05,ISSUE,9,276.28
2038,P1163,2026-06-14,ISSUE,149,478.66
2039,P1052,2026-02-15,ISSUE,61,33.53
2040,P1107,2025-11-09,ISSUE,67,417.58
2041,P1123,2026-02-14,ISSUE,69,239.15
2042,P1121,2025-11-11,ISSUE,26,320.62
2043,P1067,2025-11-08,RECEIPT,27,344.06
2044,P1124,2026-03-04,RECEIPT,28,455.07
2045,P1112,2026-05-08,ISSUE,144,444.58
2046,P1079,2026-08-13,RECEIPT,33,165.08
2047,P1128,2026-04-02,ISSUE,11,418.75
2048,P1099,2026-08-29,RECEIPT,37,255.82
2049,P1118,2025-09-07,ISSUE,67,345.11
2050,P1195,2026-04-14,RECEIPT,142,381.1
2051,P1072,2026-02-20,ISSUE,96,69.66
2052,P1174,2026-08-20,RECEIPT,96,26.27
2053,P1079,2026-07-23,ISSUE,68,165.08
2054,P1136,2026-03-12,ISSUE,31,150.39
2055,P1086,2026-07-18,RECEIPT,23,48.1
2056,P1144,2026-03-11,ISSUE,21,150.01
2057,P1143,2026-08-02,ISSUE,12,261.16
2058,P1161,2026-05-20,ISSUE,42,43.36
2059,P1161,2026-08-23,RECEIPT,24,43.36
2060,P1087,2026-05-29,RECEIPT,40,140.16
2061,P1131,2025-11-06,RECEIPT,112,353.58
2062,P1089,2026-06-24,ISSUE,144,116.42
2063,P1159,2025-09-15,ISSUE,127,389.87
2064,P1068,2026-02-20,RECEIPT,89,142.48
2065,P1129,2026-05-28,ISSUE,111,127.8
2066,P1183,2025-12-10,RECEIPT,68,76.5
2067,P1111,2026-07-20,ISSUE,77,31.63
2068,P1017,2026-07-29,ISSUE,56,451.51
2069,P1014,2025-12-08,RECEIPT,29,452.45
2070,P1154,2026-01-24,ISSUE,138,437.38
2071,P1171,2026-01-31,RECEIPT,149,106.96
2072,P1041,2025-10-15,ISSUE,29,254.37
2073,P1087,2026-08-08,RECEIPT,146,140.16
2074,P1039,2026-04-12,RECEIPT,86,183.94
2075,P1163,2026-01-11,RECEIPT,118,478.66
2076,P1079,2026-07-18,RECEIPT,25,165.08
2077,P1056,2025-09-16,RECEIPT,132,334.84
2078,P1178,2026-08-02,RECEIPT,84,276.28
2079,P1077,2026-04-23,ISSUE,82,51.66
2080,P1187,2026-02-06,RECEIPT,118,43.99
2081,P1114,2026-03-22,RECEIPT,87,75.45
2082,P1152,2025-10-29,ISSUE,59,320.46
2083,P1072,2026-08-04,ISSUE,131,69.66
2084,P1105,2026-04-26,ISSUE,129,473.95
2085,P1034,2026-07-25,ISSUE,13,162.46
2086,P1159,2025-09-17,ISSUE,145,389.87
2087,P1188,2026-05-22,ISSUE,75,205.8
2088,P1050,2026-07-06,ISSUE,8,98.34
2089,P1143,2026-03-14,RECEIPT,78,261.16
2090,P1018,2026-06-23,RECEIPT,59,389.28
2091,P1031,2025-12-08,ISSUE,72,283.46
2092,P1005,2026-02-15,ISSUE,79,308.82
2093,P1135,2026-08-02,RECEIPT,44,342.78
2094,P1180,2025-09-04,RECEIPT,46,77.6
2095,P1142,2025-12-05,ISSUE,53,172.04
2096,P1039,2025-10-29,ISSUE,57,183.94
2097,P1043,2026-05-29,ISSUE,128,209.96
2098,P1031,2025-09-06,RECEIPT,58,283.46
2099,P1009,2025-12-09,RECEIPT,84,183.9
2100,P1090,2026-07-24,ISSUE,116,243.92
2101,P1133,2026-06-17,RECEIPT,51,447.19
2102,P1055,2026-02-24,RECEIPT,76,415.33
2103,P1137,2025-12-08,RECEIPT,11,466.13
2104,P1153,2026-01-05,ISSUE,47,188.52
2105,P1141,2025-09-06,RECEIPT,133,142.05
2106,P1119,2026-02-19,ISSUE,137,429.68
2107,P1059,2025-10-22,RECEIPT,77,224.34
2108,P1124,2026-06-21,ISSUE,100,455.07
2109,P1121,2026-01-09,RECEIPT,66,320.62
2110,P1047,2025-11-26,RECEIPT,114,285.65
2111,P1196,2025-12-08,ISSUE,136,317.86
2112,P1155,2025-12-08,ISSUE,107,337.37
2113,P1070,2026-01-05,ISSUE,84,266.27
2114,P1154,2026-04-26,ISSUE,50,437.38
2115,P1089,2026-07-09,RECEIPT,57,116.42
2116,P1187,2025-10-29,RECEIPT,9,43.99
2117,P1153,2025-10-16,ISSUE,144,188.52
2118,P1122,2026-05-31,ISSUE,93,397.28
2119,P1116,2026-07-30,ISSUE,134,52.28
2120,P1126,2026-05-31,RECEIPT,63,33.54
2121,P1170,2026-08-28,ISSUE,22,207.47
2122,P1130,2026-02-23,ISSUE,59,172.57
2123,P1020,2026-08-15,ISSUE,144,50.05
2124,P1096,2025-12-26,ISSUE,80,285.94
2125,P1152,2025-11-22,RECEIPT,119,320.46
2126,P1026,2026-07-03,ISSUE,35,30.31
2127,P1182,2025-11-15,ISSUE,86,316.7
2128,P1169,2025-09-16,ISSUE,71,167.84
2129,P1075,2026-04-10,RECEIPT,112,292.75
2130,P1098,2026-02-19,RECEIPT,33,282.91
2131,P1119,2026-08-02,ISSUE,26,429.68
2132,P1143,2025-09-09,ISSUE,10,261.16
2133,P1127,2026-02-16,ISSUE,41,357.19
2134,P1039,2026-06-26,RECEIPT,72,183.94
2135,P1058,2025-12-09,ISSUE,143,443.58
2136,P1172,2025-10-22,RECEIPT,27,35.94
2137,P1129,2026-01-27,RECEIPT,121,127.8
2138,P1065,2026-08-22,ISSUE,40,54.69
2139,P1050,2026-08-05,RECEIPT,114,98.34
2140,P1167,2025-10-08,ISSUE,116,296.43
2141,P1090,2025-09-11,ISSUE,27,243.92
2142,P1119,2025-11-08,ISSUE,23,429.68
2143,P1051,2026-03-17,ISSUE,67,160.92
2144,P1050,2026-05-04,RECEIPT,38,98.34
2145,P1054,2025-10-01,RECEIPT,98,154.2
2146,P1077,2026-07-24,ISSUE,59,51.66
2147,P1185,2026-03-10,RECEIPT,24,111.5
2148,P1003,2026-07-20,RECEIPT,107,137.45
2149,P1147,2025-12-02,ISSUE,49,175.87
2150,P1098,2026-02-28,ISSUE,74,282.91
2151,P1072,2025-11-29,ISSUE,147,69.66
2152,P1173,2026-04-01,RECEIPT,89,94.27
2153,P1066,2025-09-07,RECEIPT,106,33.19
2154,P1080,2026-04-29,RECEIPT,105,362.77
2155,P1091,2026-02-11,RECEIPT,64,403.86
2156,P1135,2025-09-22,RECEIPT,106,342.78
2157,P1117,2026-05-10,ISSUE,98,48.33
2158,P1068,2026-05-30,ISSUE,105,142.48
2159,P1059,2026-01-09,ISSUE,82,224.34
2160,P1072,2025-09-26,ISSUE,96,69.66
2161,P1109,2026-02-16,ISSUE,52,353.84
2162,P1085,2026-06-09,RECEIPT,10,139.55
2163,P1067,2026-05-10,RECEIPT,75,344.06
2164,P1041,2025-12-14,RECEIPT,11,254.37
2165,P1076,2026-01-07,ISSUE,64,312.65
2166,P1110,2026-07-20,RECEIPT,71,206.28
2167,P1114,2026-01-21,ISSUE,110,75.45
2168,P1166,2026-02-13,RECEIPT,27,267.96
2169,P1051,2026-05-23,ISSUE,145,160.92
2170,P1105,2026-03-16,ISSUE,17,473.95
2171,P1013,2026-06-13,ISSUE,33,360.62
2172,P1034,2026-08-24,ISSUE,51,162.46
2173,P1050,2025-09-23,RECEIPT,71,98.34
2174,P1075,2025-12-09,ISSUE,7,292.75
2175,P1074,2026-03-04,ISSUE,30,111.17
2176,P1030,2026-08-31,ISSUE,103,444.63
2177,P1000,2025-12-30,ISSUE,125,136.85
2178,P1151,2025-10-31,RECEIPT,12,87.35
2179,P1153,2025-12-03,RECEIPT,53,188.52
2180,P1166,2026-07-01,RECEIPT,15,267.96
2181,P1040,2026-07-25,ISSUE,50,257.88
2182,P1175,2026-06-10,ISSUE,69,227.87
2183,P1006,2026-08-04,ISSUE,21,241.77
2184,P1070,2025-10-18,RECEIPT,67,266.27
2185,P1033,2026-01-09,ISSUE,46,195.81
2186,P1095,2025-12-09,ISSUE,44,203.91
2187,P1069,2025-11-10,ISSUE,26,436.57
2188,P1181,2026-04-09,ISSUE,74,81.24
2189,P1067,2026-04-24,ISSUE,146,344.06
2190,P1014,2025-11-26,RECEIPT,22,452.45
2191,P1133,2026-01-17,RECEIPT,77,447.19
2192,P1019,2025-10-11,RECEIPT,44,135.07
2193,P1069,2026-02-22,ISSUE,35,436.57
2194,P1166,2026-08-25,ISSUE,9,267.96
2195,P1108,2026-07-17,RECEIPT,130,191.84
2196,P1047,2025-12-05,RECEIPT,68,285.65
2197,P1117,2026-08-04,RECEIPT,77,48.33
2198,P1101,2026-01-27,ISSUE,130,259.81
2199,P1182,2025-12-19,ISSUE,24,316.7
2200,P1052,2026-05-13,ISSUE,124,33.53
2201,P1169,2026-02-09,RECEIPT,76,167.84
2202,P1085,2025-12-15,ISSUE,106,139.55
2203,P1027,2026-03-31,RECEIPT,34,276.32
2204,P1140,2025-11-03,ISSUE,136,315.91
2205,P1122,2026-03-30,ISSUE,9,397.28
2206,P1016,2026-06-06,RECEIPT,52,60.67
2207,P1111,2026-08-15,RECEIPT,45,31.63
2208,P1068,2026-05-03,ISSUE,11,142.48
2209,P1010,2026-05-28,RECEIPT,76,431.29
2210,P1050,2026-07-24,RECEIPT,78,98.34
2211,P1103,2026-02-11,RECEIPT,133,290.94
2212,P1086,2026-02-02,RECEIPT,138,48.1
2213,P1097,2025-12-21,RECEIPT,55,438.28
2214,P1195,2026-06-27,ISSUE,35,381.1
2215,P1144,2026-07-28,RECEIPT,44,150.01
2216,P1069,2025-09-13,RECEIPT,85,436.57
2217,P1101,2026-05-05,ISSUE,49,259.81
2218,P1135,2026-03-02,RECEIPT,110,342.78
2219,P1109,2025-12-17,RECEIPT,47,353.84
2220,P1148,2026-08-15,ISSUE,76,219.67
2221,P1192,2026-02-17,ISSUE,112,114.43
2222,P1130,2026-08-09,ISSUE,114,172.57
2223,P1097,2026-05-07,ISSUE,149,438.28
2224,P1024,2025-09-02,ISSUE,9,62.99
2225,P1100,2026-03-07,ISSUE,10,144.66
2226,P1018,2026-05-24,RECEIPT,70,389.28
2227,P1165,2026-02-16,RECEIPT,102,180.53
2228,P1077,2026-03-21,ISSUE,20,51.66
2229,P1181,2026-02-15,ISSUE,111,81.24
2230,P1185,2026-07-08,ISSUE,88,111.5
2231,P1122,2026-06-06,RECEIPT,56,397.28
2232,P1117,2025-11-26,RECEIPT,116,48.33
2233,P1029,2025-12-29,RECEIPT,112,298.76
2234,P1045,2026-07-20,RECEIPT,50,447.5
2235,P1182,2026-02-20,ISSUE,129,316.7
2236,P1064,2026-07-18,RECEIPT,53,375.68
2237,P1100,2026-04-09,RECEIPT,92,144.66
2238,P1031,2026-06-01,RECEIPT,89,283.46
2239,P1028,2026-05-15,ISSUE,134,420.17
2240,P1135,2026-05-21,RECEIPT,53,342.78
2241,P1117,2025-09-21,ISSUE,146,48.33
2242,P1056,2025-09-07,RECEIPT,74,334.84
2243,P1000,2026-06-21,RECEIPT,95,136.85
2244,P1004,2026-08-02,ISSUE,146,481.29
2245,P1131,2025-10-14,RECEIPT,144,353.58
2246,P1013,2025-09-24,ISSUE,50,360.62
2247,P1097,2026-07-13,ISSUE,134,438.28
2248,P1112,2026-06-27,ISSUE,70,444.58
2249,P1035,2026-06-28,ISSUE,64,181.19
2250,P1056,2026-01-22,RECEIPT,78,334.84
2251,P1109,2025-09-07,RECEIPT,134,353.84
2252,P1039,2025-12-30,RECEIPT,30,183.94
2253,P1038,2026-03-18,ISSUE,47,205.78
2254,P1161,2026-02-09,RECEIPT,80,43.36
2255,P1126,2025-12-01,RECEIPT,69,33.54
2256,P1005,2025-10-27,RECEIPT,127,308.82
2257,P1001,2026-07-07,ISSUE,142,58.77
2258,P1118,2026-04-09,ISSUE,50,345.11
2259,P1108,2026-03-19,RECEIPT,21,191.84
2260,P1133,2026-08-21,ISSUE,116,447.19
2261,P1118,2025-12-13,RECEIPT,96,345.11
2262,P1030,2026-02-04,ISSUE,77,444.63
2263,P1180,2025-09-29,RECEIPT,69,77.6
2264,P1150,2026-07-12,RECEIPT,91,424.36
2265,P1089,2026-04-17,ISSUE,61,116.42
2266,P1109,2025-10-15,RECEIPT,136,353.84
2267,P1048,2026-01-20,RECEIPT,42,345.05
2268,P1125,2026-03-30,ISSUE,117,240.76
2269,P1114,2025-09-15,RECEIPT,96,75.45
2270,P1034,2026-08-21,RECEIPT,63,162.46
2271,P1035,2026-05-30,ISSUE,124,181.19
2272,P1128,2025-10-20,ISSUE,148,418.75
2273,P1179,2026-04-04,ISSUE,81,175.99
2274,P1015,2025-09-04,RECEIPT,36,346.46
2275,P1096,2026-04-28,ISSUE,60,285.94
2276,P1185,2026-05-14,RECEIPT,74,111.5
2277,P1152,2025-11-20,ISSUE,117,320.46
2278,P1119,2026-08-29,ISSUE,71,429.68
2279,P1071,2026-05-13,RECEIPT,28,395.38
2280,P1030,2025-12-09,ISSUE,8,444.63
2281,P1131,2026-08-22,ISSUE,57,353.58
2282,P1179,2025-12-08,ISSUE,120,175.99
2283,P1013,2026-03-26,RECEIPT,93,360.62
2284,P1006,2025-10-06,RECEIPT,62,241.77
2285,P1179,2026-04-12,RECEIPT,62,175.99
2286,P1146,2025-10-26,RECEIPT,16,421.56
2287,P1065,2025-12-22,ISSUE,136,54.69
2288,P1128,2026-03-24,ISSUE,62,418.75
2289,P1086,2025-09-30,ISSUE,21,48.1
2290,P1119,2026-08-25,ISSUE,32,429.68
2291,P1021,2025-10-13,RECEIPT,10,364.39
2292,P1037,2026-05-22,ISSUE,144,142.11
2293,P1011,2025-11-11,ISSUE,119,142.8
2294,P1193,2026-02-12,RECEIPT,46,282.24
2295,P1185,2026-08-07,ISSUE,47,111.5
2296,P1101,2026-07-25,RECEIPT,88,259.81
2297,P1141,2026-03-12,ISSUE,44,142.05
2298,P1130,2026-07-25,ISSUE,72,172.57
2299,P1060,2026-06-06,RECEIPT,20,110.53
2300,P1176,2026-06-30,RECEIPT,122,337.23
2301,P1120,2025-11-27,RECEIPT,73,402.41
2302,P1064,2026-05-14,ISSUE,102,375.68
2303,P1180,2026-01-05,RECEIPT,40,77.6
2304,P1108,2026-02-13,RECEIPT,82,191.84
2305,P1059,2025-09-13,RECEIPT,39,224.34
2306,P1032,2026-01-22,RECEIPT,31,349.97
2307,P1093,2025-10-13,ISSUE,139,356.24
2308,P1170,2026-04-16,RECEIPT,69,207.47
2309,P1114,2025-12-09,ISSUE,92,75.45
2310,P1003,2026-04-27,ISSUE,132,137.45
2311,P1125,2025-11-29,RECEIPT,95,240.76
2312,P1083,2025-12-22,RECEIPT,12,433.93
2313,P1104,2026-07-13,RECEIPT,35,408.18
2314,P1096,2026-08-16,ISSUE,149,285.94
2315,P1070,2025-10-19,ISSUE,55,266.27
2316,P1057,2026-04-23,ISSUE,103,373.34
2317,P1159,2025-11-10,RECEIPT,136,389.87
2318,P1122,2025-11-13,ISSUE,116,397.28
2319,P1052,2025-09-06,RECEIPT,148,33.53
2320,P1085,2026-05-18,ISSUE,47,139.55
2321,P1074,2026-05-02,ISSUE,83,111.17
2322,P1176,2026-03-15,RECEIPT,80,337.23
2323,P1161,2026-04-26,ISSUE,41,43.36
2324,P1152,2025-12-18,RECEIPT,140,320.46
2325,P1128,2026-07-14,RECEIPT,144,418.75
2326,P1002,2025-09-04,RECEIPT,58,227.87
2327,P1024,2025-10-07,ISSUE,21,62.99
2328,P1134,2026-04-16,RECEIPT,63,249.28
2329,P1021,2025-11-21,ISSUE,105,364.39
2330,P1170,2026-07-30,ISSUE,77,207.47
2331,P1192,2026-06-15,RECEIPT,99,114.43
2332,P1070,2026-03-29,RECEIPT,50,266.27
2333,P1089,2026-05-25,RECEIPT,38,116.42
2334,P1088,2026-07-25,ISSUE,88,317.63
2335,P1083,2025-10-03,RECEIPT,10,433.93
2336,P1079,2025-10-08,ISSUE,139,165.08
2337,P1123,2026-04-22,ISSUE,146,239.15
2338,P1010,2026-01-02,ISSUE,79,431.29
2339,P1133,2026-01-05,ISSUE,129,447.19
2340,P1059,2026-08-24,ISSUE,22,224.34
2341,P1066,2026-01-18,RECEIPT,26,33.19
2342,P1184,2026-02-05,ISSUE,143,285.56
2343,P1179,2025-10-11,ISSUE,79,175.99
2344,P1063,2025-10-21,RECEIPT,15,124.62
2345,P1175,2026-07-18,RECEIPT,114,227.87
2346,P1125,2026-06-06,ISSUE,13,240.76
2347,P1075,2026-02-04,ISSUE,92,292.75
2348,P1128,2025-12-19,RECEIPT,35,418.75
2349,P1092,2026-01-31,ISSUE,107,478.49
2350,P1185,2026-02-22,ISSUE,82,111.5
2351,P1084,2026-06-10,RECEIPT,109,166.13
2352,P1004,2025-11-14,RECEIPT,130,481.29
2353,P1184,2026-01-14,ISSUE,18,285.56
2354,P1023,2025-09-07,ISSUE,25,271.43
2355,P1194,2025-10-11,RECEIPT,136,348.44
2356,P1110,2026-04-19,ISSUE,79,206.28
2357,P1151,2025-09-07,ISSUE,121,87.35
2358,P1130,2025-10-17,ISSUE,105,172.57
2359,P1165,2025-09-06,ISSUE,128,180.53
2360,P1130,2025-09-11,ISSUE,130,172.57
2361,P1150,2025-12-10,ISSUE,105,424.36
2362,P1100,2026-04-11,RECEIPT,129,144.66
2363,P1117,2025-12-21,ISSUE,5,48.33
2364,P1167,2025-12-30,ISSUE,107,296.43
2365,P1061,2025-10-21,RECEIPT,133,469.05
2366,P1181,2025-12-25,RECEIPT,40,81.24
2367,P1182,2026-02-27,ISSUE,92,316.7
2368,P1056,2026-07-17,RECEIPT,105,334.84
2369,P1192,2025-10-02,ISSUE,76,114.43
2370,P1095,2026-07-08,RECEIPT,68,203.91
2371,P1194,2025-12-11,ISSUE,44,348.44
2372,P1019,2026-05-19,ISSUE,20,135.07
2373,P1195,2026-02-14,RECEIPT,117,381.1
2374,P1049,2026-08-27,ISSUE,45,257.17
2375,P1133,2026-02-19,RECEIPT,101,447.19
2376,P1153,2026-04-26,RECEIPT,59,188.52
2377,P1193,2025-11-17,RECEIPT,7,282.24
2378,P1049,2026-06-10,RECEIPT,27,257.17
2379,P1015,2026-08-02,ISSUE,87,346.46
2380,P1128,2025-10-08,ISSUE,120,418.75
2381,P1196,2026-07-16,ISSUE,18,317.86
2382,P1073,2026-08-23,ISSUE,126,439.74
2383,P1171,2025-12-06,RECEIPT,89,106.96
2384,P1030,2026-02-10,ISSUE,84,444.63
2385,P1071,2026-01-09,RECEIPT,59,395.38
2386,P1130,2025-11-28,RECEIPT,106,172.57
2387,P1194,2025-09-11,RECEIPT,141,348.44
2388,P1030,2026-06-08,ISSUE,143,444.63
2389,P1144,2025-09-24,ISSUE,74,150.01
2390,P1049,2026-03-03,RECEIPT,17,257.17
2391,P1005,2026-06-05,RECEIPT,144,308.82
2392,P1078,2026-04-16,RECEIPT,83,489.23
2393,P1195,2026-07-18,RECEIPT,24,381.1
2394,P1132,2026-05-24,RECEIPT,68,295.43
2395,P1015,2026-08-10,ISSUE,119,346.46
2396,P1143,2025-09-18,ISSUE,116,261.16
2397,P1053,2026-02-22,ISSUE,89,348.12
2398,P1090,2026-08-13,ISSUE,62,243.92
2399,P1078,2026-02-08,RECEIPT,38,489.23
2400,P1059,2025-10-15,RECEIPT,77,224.34
2401,P1085,2026-05-11,RECEIPT,131,139.55
2402,P1008,2026-04-29,ISSUE,10,241.17
2403,P1133,2026-07-18,ISSUE,143,447.19
2404,P1086,2026-05-21,RECEIPT,32,48.1
2405,P1118,2026-05-15,RECEIPT,56,345.11
2406,P1164,2025-09-06,ISSUE,118,429.12
2407,P1035,2026-05-07,ISSUE,33,181.19
2408,P1043,2025-10-23,ISSUE,10,209.96
2409,P1001,2025-10-24,RECEIPT,47,58.77
2410,P1021,2026-07-28,RECEIPT,89,364.39
2411,P1000,2026-06-16,ISSUE,43,136.85
2412,P1141,2025-10-01,ISSUE,126,142.05
2413,P1185,2026-08-18,RECEIPT,123,111.5
2414,P1015,2026-08-09,ISSUE,58,346.46
2415,P1162,2026-01-24,ISSUE,50,26.46
2416,P1040,2026-01-16,ISSUE,22,257.88
2417,P1131,2025-10-18,ISSUE,60,353.58
2418,P1028,2026-08-12,ISSUE,84,420.17
2419,P1084,2025-11-27,ISSUE,87,166.13
2420,P1114,2026-05-27,RECEIPT,117,75.45
2421,P1071,2026-08-11,ISSUE,106,395.38
2422,P1025,2025-12-17,ISSUE,18,292.72
2423,P1012,2026-05-12,ISSUE,19,154.38
2424,P1112,2026-07-23,ISSUE,138,444.58
2425,P1127,2026-06-24,RECEIPT,117,357.19
2426,P1149,2026-08-21,ISSUE,39,282.64
2427,P1164,2026-06-06,RECEIPT,52,429.12
2428,P1003,2026-07-17,ISSUE,105,137.45
2429,P1012,2025-11-03,RECEIPT,33,154.38
2430,P1155,2026-07-23,ISSUE,100,337.37
2431,P1140,2026-06-27,ISSUE,119,315.91
2432,P1079,2025-10-19,RECEIPT,20,165.08
2433,P1168,2025-10-05,ISSUE,110,267.34
2434,P1183,2025-09-15,RECEIPT,9,76.5
2435,P1192,2026-03-14,RECEIPT,17,114.43
2436,P1040,2025-10-18,RECEIPT,48,257.88
2437,P1129,2025-12-10,RECEIPT,7,127.8
2438,P1033,2026-03-31,ISSUE,49,195.81
2439,P1104,2025-09-16,ISSUE,68,408.18
2440,P1093,2026-04-10,RECEIPT,32,356.24
2441,P1000,2026-01-08,ISSUE,87,136.85
2442,P1167,2026-08-25,ISSUE,42,296.43
2443,P1142,2026-08-18,ISSUE,88,172.04
2444,P1137,2025-09-15,RECEIPT,41,466.13
2445,P1002,2025-11-21,ISSUE,23,227.87
2446,P1020,2026-02-16,ISSUE,138,50.05
2447,P1069,2026-05-31,ISSUE,92,436.57
2448,P1054,2025-09-04,ISSUE,24,154.2
2449,P1132,2025-10-13,ISSUE,56,295.43
2450,P1142,2025-12-31,ISSUE,96,172.04
2451,P1100,2025-10-10,RECEIPT,92,144.66
2452,P1164,2026-08-01,RECEIPT,75,429.12
2453,P1115,2026-08-25,RECEIPT,9,28.83
2454,P1163,2025-10-03,ISSUE,54,478.66
2455,P1071,2025-11-02,ISSUE,29,395.38
2456,P1182,2026-01-26,ISSUE,120,316.7
2457,P1098,2026-07-11,RECEIPT,70,282.91
2458,P1095,2025-12-15,RECEIPT,39,203.91
2459,P1185,2025-12-15,ISSUE,148,111.5
2460,P1189,2026-03-28,ISSUE,149,385.52
2461,P1029,2026-01-23,RECEIPT,110,298.76
2462,P1105,2026-07-24,ISSUE,56,473.95
2463,P1147,2026-01-01,RECEIPT,100,175.87
2464,P1037,2026-06-01,ISSUE,98,142.11
2465,P1190,2026-07-03,ISSUE,136,379.59
2466,P1190,2026-08-26,ISSUE,138,379.59
2467,P1077,2026-06-05,ISSUE,91,51.66
2468,P1041,2026-01-30,RECEIPT,26,254.37
2469,P1070,2026-01-14,ISSUE,12,266.27
2470,P1018,2026-02-12,ISSUE,42,389.28
2471,P1035,2025-11-03,ISSUE,26,181.19
2472,P1112,2025-10-28,RECEIPT,14,444.58
2473,P1072,2025-11-01,ISSUE,65,69.66
2474,P1070,2026-05-06,ISSUE,6,266.27
2475,P1113,2026-02-26,ISSUE,18,45.1
2476,P1159,2025-10-17,RECEIPT,18,389.87
2477,P1093,2025-10-13,ISSUE,15,356.24
2478,P1162,2025-11-25,RECEIPT,74,26.46
2479,P1030,2026-03-25,ISSUE,49,444.63
2480,P1136,2026-06-13,RECEIPT,103,150.39
2481,P1136,2026-03-24,RECEIPT,50,150.39
2482,P1198,2025-11-09,RECEIPT,51,231.14
2483,P1031,2026-02-24,ISSUE,39,283.46
2484,P1019,2025-12-21,RECEIPT,92,135.07
2485,P1018,2026-06-09,RECEIPT,89,389.28
2486,P1080,2026-02-24,RECEIPT,116,362.77
2487,P1123,2026-01-16,ISSUE,24,239.15
2488,P1016,2026-07-30,ISSUE,20,60.67
2489,P1056,2026-01-31,RECEIPT,68,334.84
2490,P1036,2025-10-14,RECEIPT,149,69.34
2491,P1159,2026-04-07,RECEIPT,74,389.87
2492,P1010,2026-01-26,ISSUE,55,431.29
2493,P1143,2026-01-08,ISSUE,7,261.16
2494,P1127,2026-07-30,ISSUE,18,357.19
2495,P1115,2026-05-15,ISSUE,60,28.83
2496,P1145,2026-05-07,ISSUE,85,82.47
2497,P1045,2026-04-28,ISSUE,52,447.5
2498,P1134,2026-05-02,ISSUE,98,249.28
2499,P1076,2025-10-26,RECEIPT,141,312.65
2500,P1196,2026-04-24,RECEIPT,74,317.86
2501,P1098,2026-01-08,ISSUE,143,282.91
2502,P1110,2026-01-18,RECEIPT,53,206.28
2503,P1130,2025-09-05,RECEIPT,99,172.57
2504,P1076,2025-11-26,ISSUE,40,312.65
2505,P1188,2025-12-31,ISSUE,126,205.8
2506,P1117,2026-05-06,ISSUE,73,48.33
2507,P1025,2026-07-07,ISSUE,30,292.72
2508,P1040,2025-09-22,ISSUE,138,257.88
2509,P1153,2026-07-09,RECEIPT,44,188.52
2510,P1035,2026-01-08,ISSUE,134,181.19
2511,P1040,2026-01-11,ISSUE,52,257.88
2512,P1162,2025-10-02,ISSUE,44,26.46
2513,P1114,2026-07-30,RECEIPT,68,75.45
2514,P1151,2025-10-08,RECEIPT,123,87.35
2515,P1193,2026-03-04,ISSUE,133,282.24
2516,P1010,2026-06-16,RECEIPT,23,431.29
2517,P1187,2026-04-10,ISSUE,102,43.99
2518,P1092,2026-07-20,RECEIPT,69,478.49
2519,P1153,2025-12-31,ISSUE,87,188.52
2520,P1055,2025-09-26,RECEIPT,108,415.33
2521,P1078,2025-10-08,ISSUE,92,489.23
2522,P1022,2026-01-13,ISSUE,64,132.6
2523,P1095,2025-12-12,ISSUE,14,203.91
2524,P1077,2025-12-16,RECEIPT,94,51.66
2525,P1107,2026-03-11,RECEIPT,19,417.58
2526,P1055,2025-10-09,ISSUE,90,415.33
2527,P1086,2026-01-02,RECEIPT,13,48.1
2528,P1109,2026-08-03,ISSUE,90,353.84
2529,P1002,2025-11-14,RECEIPT,61,227.87
2530,P1113,2026-07-03,ISSUE,144,45.1
2531,P1022,2026-08-22,ISSUE,23,132.6
2532,P1115,2026-01-11,ISSUE,81,28.83
2533,P1196,2025-09-13,RECEIPT,70,317.86
2534,P1145,2025-10-22,ISSUE,119,82.47
2535,P1124,2026-01-06,ISSUE,29,455.07
2536,P1036,2025-10-22,ISSUE,19,69.34
2537,P1033,2026-02-16,ISSUE,82,195.81
2538,P1082,2026-07-11,ISSUE,55,35.88
2539,P1017,2026-05-03,RECEIPT,50,451.51
2540,P1048,2026-03-08,ISSUE,77,345.05
2541,P1161,2026-07-10,ISSUE,82,43.36
2542,P1060,2026-05-14,ISSUE,37,110.53
2543,P1102,2026-07-02,ISSUE,83,172.98
2544,P1171,2026-07-01,RECEIPT,90,106.96
2545,P1090,2025-09-29,ISSUE,133,243.92
2546,P1126,2025-11-22,RECEIPT,59,33.54
2547,P1050,2026-05-14,RECEIPT,41,98.34
2548,P1181,2026-08-13,ISSUE,13,81.24
2549,P1194,2026-02-21,ISSUE,9,348.44
2550,P1004,2026-04-24,RECEIPT,17,481.29
2551,P1098,2026-08-18,RECEIPT,82,282.91
2552,P1026,2025-12-24,ISSUE,145,30.31
2553,P1140,2025-11-11,RECEIPT,35,315.91
2554,P1165,2025-11-27,ISSUE,43,180.53
2555,P1077,2026-01-30,RECEIPT,55,51.66
2556,P1055,2025-10-31,ISSUE,15,415.33
2557,P1015,2026-06-09,RECEIPT,79,346.46
2558,P1132,2025-10-30,RECEIPT,127,295.43
2559,P1141,2025-12-16,RECEIPT,146,142.05
2560,P1174,2026-04-02,ISSUE,77,26.27
2561,P1140,2026-06-01,ISSUE,97,315.91
2562,P1061,2026-06-12,ISSUE,128,469.05
2563,P1022,2025-10-30,RECEIPT,84,132.6
2564,P1101,2026-02-20,ISSUE,34,259.81
2565,P1088,2026-04-24,RECEIPT,10,317.63
2566,P1175,2026-06-08,ISSUE,27,227.87
2567,P1072,2025-11-18,RECEIPT,84,69.66
2568,P1027,2025-11-12,RECEIPT,76,276.32
2569,P1103,2026-01-11,ISSUE,63,290.94
2570,P1107,2025-10-13,ISSUE,117,417.58
2571,P1046,2026-08-16,RECEIPT,143,238.77
2572,P1066,2026-05-08,RECEIPT,86,33.19
2573,P1159,2025-12-27,RECEIPT,110,389.87
2574,P1140,2026-02-18,ISSUE,124,315.91
2575,P1081,2026-01-04,ISSUE,44,323.19
2576,P1033,2026-01-12,RECEIPT,88,195.81
2577,P1137,2025-09-27,ISSUE,99,466.13
2578,P1119,2026-03-02,RECEIPT,95,429.68
2579,P1055,2026-04-08,RECEIPT,31,415.33
2580,P1158,2025-11-03,RECEIPT,30,37.36
2581,P1009,2026-03-09,ISSUE,6,183.9
2582,P1103,2025-09-02,ISSUE,45,290.94
2583,P1118,2026-04-20,ISSUE,56,345.11
2584,P1194,2026-01-22,ISSUE,34,348.44
2585,P1041,2026-06-06,ISSUE,104,254.37
2586,P1083,2026-03-28,ISSUE,37,433.93
2587,P1042,2025-10-02,ISSUE,105,372.99
2588,P1041,2026-01-06,RECEIPT,145,254.37
2589,P1073,2026-05-23,RECEIPT,98,439.74
2590,P1013,2026-01-07,ISSUE,23,360.62
2591,P1102,2026-01-27,RECEIPT,96,172.98
2592,P1115,2026-04-06,RECEIPT,111,28.83
2593,P1182,2026-05-01,ISSUE,55,316.7
2594,P1168,2026-06-20,RECEIPT,90,267.34
2595,P1036,2025-09-11,ISSUE,106,69.34
2596,P1173,2026-04-22,RECEIPT,148,94.27
2597,P1084,2025-11-08,ISSUE,121,166.13
2598,P1158,2026-01-26,RECEIPT,95,37.36
2599,P1152,2026-02-24,ISSUE,116,320.46
2600,P1076,2025-10-30,ISSUE,18,312.65
2601,P1160,2025-10-19,ISSUE,86,218.14
2602,P1062,2026-04-04,ISSUE,80,498.0
2603,P1142,2026-02-28,ISSUE,50,172.04
2604,P1076,2025-11-17,RECEIPT,86,312.65
2605,P1070,2026-08-22,ISSUE,122,266.27
2606,P1079,2025-09-06,ISSUE,129,165.08
2607,P1074,2025-10-07,RECEIPT,5,111.17
2608,P1009,2026-05-25,ISSUE,45,183.9
2609,P1129,2025-12-04,ISSUE,9,127.8
2610,P1065,2025-12-15,RECEIPT,96,54.69
2611,P1077,2026-05-21,ISSUE,142,51.66
2612,P1091,2026-08-02,ISSUE,57,403.86
2613,P1175,2026-03-30,RECEIPT,130,227.87
2614,P1178,2026-06-01,ISSUE,84,276.28
2615,P1122,2026-02-14,RECEIPT,92,397.28
2616,P1023,2026-04-26,RECEIPT,74,271.43
2617,P1034,2026-01-27,ISSUE,64,162.46
2618,P1109,2026-01-17,RECEIPT,110,353.84
2619,P1151,2026-02-18,RECEIPT,142,87.35
2620,P1083,2026-02-01,RECEIPT,54,433.93
2621,P1084,2026-08-16,ISSUE,69,166.13
2622,P1135,2025-09-15,RECEIPT,121,342.78
2623,P1137,2026-01-09,ISSUE,125,466.13
2624,P1117,2026-04-12,RECEIPT,110,48.33
2625,P1106,2025-11-17,ISSUE,116,408.61
2626,P1137,2025-10-01,ISSUE,118,466.13
2627,P1158,2026-05-26,RECEIPT,77,37.36
2628,P1056,2025-09-25,ISSUE,113,334.84
2629,P1096,2026-01-17,ISSUE,50,285.94
2630,P1112,2025-10-07,RECEIPT,89,444.58
2631,P1161,2026-01-07,ISSUE,53,43.36
2632,P1174,2026-04-07,RECEIPT,75,26.27
2633,P1174,2026-03-14,ISSUE,89,26.27
2634,P1080,2025-12-23,ISSUE,54,362.77
2635,P1160,2025-10-20,RECEIPT,64,218.14
2636,P1079,2025-12-05,ISSUE,11,165.08
2637,P1004,2025-09-24,RECEIPT,65,481.29
2638,P1146,2026-04-06,ISSUE,12,421.56
2639,P1000,2026-07-30,ISSUE,48,136.85
2640,P1172,2026-08-08,RECEIPT,113,35.94
2641,P1071,2026-01-13,RECEIPT,18,395.38
2642,P1136,2026-01-09,RECEIPT,37,150.39
2643,P1027,2026-04-26,RECEIPT,112,276.32
2644,P1176,2026-07-10,ISSUE,53,337.23
2645,P1064,2025-09-16,RECEIPT,38,375.68
2646,P1171,2026-01-19,RECEIPT,106,106.96
2647,P1102,2025-12-27,RECEIPT,58,172.98
2648,P1108,2026-02-23,ISSUE,74,191.84
2649,P1156,2025-09-22,ISSUE,145,89.69
2650,P1050,2025-12-03,ISSUE,112,98.34
2651,P1026,2025-12-24,ISSUE,84,30.31
2652,P1056,2026-08-09,RECEIPT,26,334.84
2653,P1159,2025-11-19,RECEIPT,87,389.87
2654,P1132,2026-03-15,RECEIPT,69,295.43
2655,P1036,2025-10-02,ISSUE,10,69.34
2656,P1086,2026-07-21,ISSUE,11,48.1
2657,P1167,2025-09-17,ISSUE,114,296.43
2658,P1021,2025-09-18,ISSUE,7,364.39
2659,P1061,2026-05-03,RECEIPT,53,469.05
2660,P1116,2026-02-24,ISSUE,89,52.28
2661,P1157,2026-05-26,ISSUE,36,162.53
2662,P1169,2026-02-16,RECEIPT,88,167.84
2663,P1031,2025-12-06,RECEIPT,128,283.46
2664,P1058,2026-06-20,RECEIPT,132,443.58
2665,P1105,2026-06-10,ISSUE,32,473.95
2666,P1060,2026-08-02,RECEIPT,115,110.53
2667,P1037,2026-04-25,RECEIPT,125,142.11
2668,P1150,2026-07-29,ISSUE,135,424.36
2669,P1118,2026-08-20,ISSUE,110,345.11
2670,P1159,2026-01-21,RECEIPT,55,389.87
2671,P1158,2026-07-03,RECEIPT,39,37.36
2672,P1003,2026-06-18,ISSUE,93,137.45
2673,P1137,2026-01-03,RECEIPT,14,466.13
2674,P1032,2026-04-08,ISSUE,13,349.97
2675,P1138,2026-03-16,RECEIPT,93,197.5
2676,P1001,2026-04-24,ISSUE,108,58.77
2677,P1135,2026-02-01,ISSUE,15,342.78
2678,P1067,2026-01-08,ISSUE,25,344.06
2679,P1104,2026-08-11,RECEIPT,5,408.18
2680,P1070,2026-07-05,ISSUE,65,266.27
2681,P1075,2026-01-02,ISSUE,30,292.75
2682,P1188,2026-03-13,ISSUE,44,205.8
2683,P1054,2026-06-05,ISSUE,42,154.2
2684,P1057,2026-03-17,ISSUE,50,373.34
2685,P1143,2026-08-22,RECEIPT,54,261.16
2686,P1160,2026-02-06,ISSUE,14,218.14
2687,P1091,2025-11-20,ISSUE,125,403.86
2688,P1115,2025-12-18,RECEIPT,38,28.83
2689,P1049,2025-09-23,RECEIPT,70,257.17
2690,P1077,2025-10-20,ISSUE,86,51.66
2691,P1132,2026-06-15,RECEIPT,133,295.43
2692,P1019,2026-01-19,ISSUE,47,135.07
2693,P1055,2026-06-25,ISSUE,72,415.33
2694,P1183,2025-12-03,RECEIPT,60,76.5
2695,P1170,2025-09-21,RECEIPT,83,207.47
2696,P1038,2026-08-04,ISSUE,7,205.78
2697,P1177,2026-02-15,ISSUE,86,106.85
2698,P1089,2025-11-22,ISSUE,89,116.42
2699,P1112,2026-01-31,RECEIPT,51,444.58
2700,P1194,2026-08-22,RECEIPT,24,348.44
2701,P1168,2026-07-18,ISSUE,103,267.34
2702,P1087,2026-05-09,ISSUE,35,140.16
2703,P1197,2026-02-05,RECEIPT,54,395.9
2704,P1128,2026-04-05,RECEIPT,13,418.75
2705,P1087,2025-12-12,ISSUE,82,140.16
2706,P1163,2025-11-20,ISSUE,108,478.66
2707,P1131,2026-02-25,RECEIPT,84,353.58
2708,P1159,2025-10-18,ISSUE,44,389.87
2709,P1159,2026-07-02,ISSUE,119,389.87
2710,P1004,2026-05-19,RECEIPT,131,481.29
2711,P1076,2026-06-19,RECEIPT,48,312.65
2712,P1183,2026-01-24,ISSUE,147,76.5
2713,P1080,2026-08-25,RECEIPT,15,362.77
2714,P1053,2025-10-08,RECEIPT,91,348.12
2715,P1192,2026-03-06,RECEIPT,88,114.43
2716,P1191,2025-12-08,RECEIPT,75,89.49
2717,P1198,2025-12-07,RECEIPT,115,231.14
2718,P1010,2026-02-11,ISSUE,118,431.29
2719,P1021,2026-02-04,ISSUE,96,364.39
2720,P1164,2025-09-01,ISSUE,125,429.12
2721,P1021,2025-11-13,ISSUE,122,364.39
2722,P1138,2025-11-06,ISSUE,48,197.5
2723,P1084,2025-12-08,RECEIPT,77,166.13
2724,P1179,2026-04-22,RECEIPT,83,175.99
2725,P1013,2026-06-30,ISSUE,37,360.62
2726,P1159,2025-10-27,RECEIPT,55,389.87
2727,P1141,2025-10-09,RECEIPT,64,142.05
2728,P1094,2025-12-29,ISSUE,104,113.95
2729,P1057,2025-09-18,RECEIPT,56,373.34
2730,P1168,2026-03-09,ISSUE,113,267.34
2731,P1010,2026-04-17,ISSUE,44,431.29
2732,P1115,2026-07-26,RECEIPT,97,28.83
2733,P1119,2026-08-02,ISSUE,10,429.68
2734,P1052,2025-11-08,ISSUE,98,33.53
2735,P1027,2025-09-07,RECEIPT,137,276.32
2736,P1089,2026-07-02,ISSUE,20,116.42
2737,P1193,2026-04-11,RECEIPT,98,282.24
2738,P1188,2026-06-08,ISSUE,5,205.8
2739,P1164,2026-02-20,RECEIPT,17,429.12
2740,P1052,2026-02-11,ISSUE,102,33.53
2741,P1015,2026-05-11,ISSUE,22,346.46
2742,P1023,2026-08-28,RECEIPT,105,271.43
2743,P1004,2026-06-29,RECEIPT,65,481.29
2744,P1007,2025-12-06,ISSUE,88,182.23
2745,P1032,2026-07-21,ISSUE,102,349.97
2746,P1020,2025-12-12,RECEIPT,52,50.05
2747,P1005,2025-09-08,ISSUE,148,308.82
2748,P1196,2026-08-04,ISSUE,138,317.86
2749,P1174,2026-03-11,RECEIPT,94,26.27
2750,P1184,2025-10-23,RECEIPT,31,285.56
2751,P1022,2026-01-04,ISSUE,31,132.6
2752,P1198,2026-05-15,ISSUE,125,231.14
2753,P1040,2026-05-12,ISSUE,49,257.88
2754,P1114,2026-08-17,RECEIPT,25,75.45
2755,P1198,2025-10-26,ISSUE,80,231.14
2756,P1059,2026-08-09,ISSUE,104,224.34
2757,P1077,2026-03-03,ISSUE,111,51.66
2758,P1030,2025-09-29,RECEIPT,20,444.63
2759,P1137,2026-02-20,RECEIPT,92,466.13
2760,P1014,2026-03-25,RECEIPT,127,452.45
2761,P1090,2026-08-10,ISSUE,14,243.92
2762,P1112,2026-01-12,ISSUE,87,444.58
2763,P1058,2026-04-24,RECEIPT,55,443.58
2764,P1120,2025-11-19,RECEIPT,51,402.41
2765,P1039,2025-10-30,RECEIPT,24,183.94
2766,P1195,2026-08-14,RECEIPT,66,381.1
2767,P1029,2026-03-10,RECEIPT,98,298.76
2768,P1089,2026-07-22,RECEIPT,96,116.42
2769,P1064,2026-01-17,RECEIPT,87,375.68
2770,P1036,2026-02-04,ISSUE,37,69.34
2771,P1058,2025-12-14,ISSUE,46,443.58
2772,P1065,2026-01-11,RECEIPT,47,54.69
2773,P1024,2026-04-26,RECEIPT,45,62.99
2774,P1085,2025-12-04,ISSUE,27,139.55
2775,P1086,2026-04-27,ISSUE,46,48.1
2776,P1134,2025-09-19,RECEIPT,148,249.28
2777,P1077,2026-03-06,RECEIPT,83,51.66
2778,P1032,2025-10-24,ISSUE,42,349.97
2779,P1053,2026-01-11,ISSUE,136,348.12
2780,P1193,2026-06-04,RECEIPT,23,282.24
2781,P1172,2026-01-25,RECEIPT,30,35.94
2782,P1028,2026-01-14,ISSUE,30,420.17
2783,P1194,2026-01-31,RECEIPT,18,348.44
2784,P1000,2026-04-23,ISSUE,142,136.85
2785,P1111,2025-11-25,RECEIPT,58,31.63
2786,P1182,2025-10-12,ISSUE,110,316.7
2787,P1077,2025-11-05,RECEIPT,58,51.66
2788,P1006,2026-02-15,ISSUE,51,241.77
2789,P1098,2025-12-02,RECEIPT,102,282.91
2790,P1067,2026-07-06,ISSUE,30,344.06
2791,P1154,2025-09-09,ISSUE,34,437.38
2792,P1115,2026-03-28,RECEIPT,133,28.83
2793,P1193,2026-04-24,ISSUE,116,282.24
2794,P1127,2026-06-08,RECEIPT,30,357.19
2795,P1104,2026-02-05,ISSUE,45,408.18
2796,P1052,2026-08-19,RECEIPT,51,33.53
2797,P1173,2026-03-30,ISSUE,140,94.27
2798,P1130,2026-05-05,ISSUE,51,172.57
2799,P1135,2026-04-19,ISSUE,124,342.78
2800,P1009,2026-01-14,RECEIPT,53,183.9
2801,P1016,2026-05-05,ISSUE,61,60.67
2802,P1026,2025-10-29,RECEIPT,99,30.31
2803,P1131,2026-07-23,ISSUE,52,353.58
2804,P1060,2025-11-12,ISSUE,97,110.53
2805,P1144,2026-06-24,ISSUE,81,150.01
2806,P1087,2026-05-29,ISSUE,64,140.16
2807,P1150,2025-09-03,ISSUE,136,424.36
2808,P1028,2026-07-05,ISSUE,125,420.17
2809,P1108,2025-12-05,RECEIPT,114,191.84
2810,P1097,2025-11-16,RECEIPT,92,438.28
2811,P1178,2025-12-20,RECEIPT,60,276.28
2812,P1083,2026-06-14,RECEIPT,90,433.93
2813,P1034,2025-11-07,RECEIPT,36,162.46
2814,P1021,2026-03-21,ISSUE,70,364.39
2815,P1179,2026-03-22,RECEIPT,18,175.99
2816,P1170,2026-04-18,ISSUE,17,207.47
2817,P1108,2026-04-23,ISSUE,121,191.84
2818,P1142,2026-08-24,ISSUE,111,172.04
2819,P1100,2026-01-28,ISSUE,139,144.66
2820,P1146,2026-08-15,RECEIPT,136,421.56
2821,P1006,2026-01-24,RECEIPT,77,241.77
2822,P1182,2026-01-30,ISSUE,137,316.7
2823,P1049,2026-03-28,ISSUE,125,257.17
2824,P1154,2026-08-31,ISSUE,80,437.38
2825,P1108,2025-10-05,RECEIPT,65,191.84
2826,P1018,2026-01-19,RECEIPT,132,389.28
2827,P1058,2026-02-13,ISSUE,145,443.58
2828,P1031,2026-07-31,RECEIPT,108,283.46
2829,P1104,2026-02-03,ISSUE,90,408.18
2830,P1013,2025-10-27,ISSUE,21,360.62
2831,P1124,2025-09-06,ISSUE,122,455.07
2832,P1069,2025-12-03,ISSUE,129,436.57
2833,P1017,2026-04-15,ISSUE,124,451.51
2834,P1104,2026-02-13,ISSUE,14,408.18
2835,P1050,2026-02-17,RECEIPT,123,98.34
2836,P1159,2025-11-15,RECEIPT,26,389.87
2837,P1129,2025-09-05,ISSUE,62,127.8
2838,P1079,2025-12-26,ISSUE,34,165.08
2839,P1173,2025-09-11,RECEIPT,98,94.27
2840,P1112,2025-09-24,RECEIPT,149,444.58
2841,P1139,2026-01-20,RECEIPT,40,278.97
2842,P1177,2026-01-09,RECEIPT,106,106.85
2843,P1010,2026-01-19,RECEIPT,11,431.29
2844,P1006,2025-11-02,ISSUE,147,241.77
2845,P1196,2025-12-16,ISSUE,147,317.86
2846,P1111,2026-07-16,RECEIPT,110,31.63
2847,P1190,2026-06-25,RECEIPT,149,379.59
2848,P1132,2026-01-02,RECEIPT,28,295.43
2849,P1016,2026-05-31,ISSUE,47,60.67
2850,P1187,2026-03-15,ISSUE,126,43.99
2851,P1196,2026-03-15,RECEIPT,8,317.86
2852,P1089,2026-02-06,RECEIPT,99,116.42
2853,P1082,2026-04-29,ISSUE,112,35.88
2854,P1009,2026-01-20,ISSUE,132,183.9
2855,P1101,2025-10-04,ISSUE,73,259.81
2856,P1099,2026-03-23,ISSUE,30,255.82
2857,P1179,2025-11-14,RECEIPT,63,175.99
2858,P1051,2026-06-25,ISSUE,70,160.92
2859,P1070,2026-02-28,RECEIPT,35,266.27
2860,P1041,2026-07-27,ISSUE,121,254.37
2861,P1103,2025-11-11,RECEIPT,115,290.94
2862,P1032,2025-09-11,ISSUE,50,349.97
2863,P1078,2026-03-28,ISSUE,47,489.23
2864,P1079,2025-12-09,ISSUE,107,165.08
2865,P1198,2025-12-11,ISSUE,109,231.14
2866,P1188,2026-07-05,RECEIPT,18,205.8
2867,P1056,2026-03-16,RECEIPT,110,334.84
2868,P1009,2026-04-13,RECEIPT,121,183.9
2869,P1108,2025-12-11,RECEIPT,98,191.84
2870,P1101,2026-07-18,ISSUE,7,259.81
2871,P1163,2026-03-17,RECEIPT,84,478.66
2872,P1036,2026-06-23,RECEIPT,36,69.34
2873,P1160,2026-07-19,RECEIPT,48,218.14
2874,P1021,2025-10-22,ISSUE,19,364.39
2875,P1101,2025-11-06,RECEIPT,118,259.81
2876,P1142,2025-11-29,ISSUE,139,172.04
2877,P1141,2025-12-31,RECEIPT,5,142.05
2878,P1004,2026-05-24,ISSUE,73,481.29
2879,P1105,2026-05-31,ISSUE,116,473.95
2880,P1127,2026-02-19,RECEIPT,106,357.19
2881,P1080,2026-03-17,RECEIPT,54,362.77
2882,P1133,2025-11-16,ISSUE,61,447.19
2883,P1040,2026-06-30,ISSUE,51,257.88
2884,P1189,2026-06-11,ISSUE,85,385.52
2885,P1170,2025-11-25,RECEIPT,53,207.47
2886,P1182,2026-06-09,ISSUE,61,316.7
2887,P1143,2026-03-25,RECEIPT,108,261.16
2888,P1059,2026-08-30,ISSUE,145,224.34
2889,P1095,2026-01-05,ISSUE,14,203.91
2890,P1158,2026-06-21,ISSUE,105,37.36
2891,P1018,2026-01-25,ISSUE,84,389.28
2892,P1092,2026-01-28,RECEIPT,42,478.49
2893,P1187,2026-07-26,RECEIPT,115,43.99
2894,P1133,2025-11-29,RECEIPT,22,447.19
2895,P1076,2026-01-02,ISSUE,148,312.65
2896,P1066,2025-09-18,RECEIPT,147,33.19
2897,P1167,2025-12-16,ISSUE,121,296.43
2898,P1162,2026-05-16,ISSUE,101,26.46
2899,P1175,2026-07-07,ISSUE,79,227.87
2900,P1084,2026-05-28,ISSUE,52,166.13
2901,P1135,2026-01-08,ISSUE,136,342.78
2902,P1092,2026-08-14,RECEIPT,42,478.49
2903,P1185,2026-05-24,RECEIPT,114,111.5
2904,P1182,2026-02-14,RECEIPT,87,316.7
2905,P1052,2026-07-13,RECEIPT,78,33.53
2906,P1003,2026-08-20,ISSUE,63,137.45
2907,P1128,2026-06-16,ISSUE,75,418.75
2908,P1000,2026-03-15,ISSUE,54,136.85
2909,P1154,2026-03-27,ISSUE,22,437.38
2910,P1189,2026-06-16,ISSUE,113,385.52
2911,P1032,2025-09-23,RECEIPT,39,349.97
2912,P1042,2026-01-26,RECEIPT,32,372.99
2913,P1052,2026-08-30,ISSUE,102,33.53
2914,P1183,2025-11-06,ISSUE,115,76.5
2915,P1066,2026-02-25,RECEIPT,30,33.19
2916,P1047,2026-01-07,ISSUE,29,285.65
2917,P1182,2026-02-18,RECEIPT,125,316.7
2918,P1077,2026-08-11,RECEIPT,61,51.66
2919,P1035,2025-11-01,RECEIPT,23,181.19
2920,P1074,2025-12-07,RECEIPT,79,111.17
2921,P1073,2026-03-07,RECEIPT,125,439.74
2922,P1156,2025-10-02,ISSUE,87,89.69
2923,P1120,2026-02-18,RECEIPT,69,402.41
2924,P1044,2025-11-18,ISSUE,61,345.07
2925,P1004,2025-09-22,ISSUE,137,481.29
2926,P1003,2026-02-03,ISSUE,110,137.45
2927,P1053,2026-02-28,ISSUE,48,348.12
2928,P1061,2026-03-26,ISSUE,131,469.05
2929,P1077,2026-06-03,RECEIPT,65,51.66
2930,P1091,2026-03-10,ISSUE,48,403.86
2931,P1141,2025-11-30,ISSUE,140,142.05
2932,P1142,2026-07-25,ISSUE,35,172.04
2933,P1069,2026-05-24,RECEIPT,113,436.57
2934,P1040,2026-08-16,RECEIPT,138,257.88
2935,P1006,2025-09-25,RECEIPT,77,241.77
2936,P1065,2026-08-13,RECEIPT,57,54.69
2937,P1143,2026-04-23,ISSUE,11,261.16
2938,P1003,2026-02-27,RECEIPT,46,137.45
2939,P1151,2026-08-16,ISSUE,84,87.35
2940,P1038,2026-06-07,ISSUE,148,205.78
2941,P1044,2026-04-04,RECEIPT,17,345.07
2942,P1136,2025-11-21,ISSUE,99,150.39
2943,P1163,2026-01-09,ISSUE,136,478.66
2944,P1061,2026-07-12,RECEIPT,101,469.05
2945,P1018,2025-11-21,RECEIPT,44,389.28
2946,P1021,2025-10-02,ISSUE,142,364.39
2947,P1034,2025-10-06,ISSUE,77,162.46
2948,P1069,2025-12-13,RECEIPT,105,436.57
2949,P1175,2025-12-18,ISSUE,110,227.87
2950,P1162,2025-09-01,ISSUE,115,26.46
2951,P1049,2026-05-22,RECEIPT,117,257.17
2952,P1145,2026-08-11,ISSUE,141,82.47
2953,P1074,2025-09-21,RECEIPT,100,111.17
2954,P1149,2026-08-02,RECEIPT,104,282.64
2955,P1167,2025-10-09,ISSUE,37,296.43
2956,P1091,2025-09-23,ISSUE,83,403.86
2957,P1051,2026-02-10,ISSUE,66,160.92
2958,P1045,2026-01-13,RECEIPT,62,447.5
2959,P1086,2026-06-10,RECEIPT,103,48.1
2960,P1050,2025-10-28,ISSUE,124,98.34
2961,P1017,2025-09-20,RECEIPT,125,451.51
2962,P1135,2026-01-04,RECEIPT,70,342.78
2963,P1090,2025-11-16,ISSUE,75,243.92
2964,P1174,2026-06-30,RECEIPT,13,26.27
2965,P1091,2025-09-22,RECEIPT,124,403.86
2966,P1024,2026-08-14,RECEIPT,42,62.99
2967,P1049,2026-04-05,RECEIPT,38,257.17
2968,P1186,2025-09-10,RECEIPT,130,435.74
2969,P1141,2026-02-07,ISSUE,30,142.05
2970,P1100,2025-12-23,RECEIPT,117,144.66
2971,P1187,2025-11-13,ISSUE,27,43.99
2972,P1004,2025-10-04,ISSUE,130,481.29
2973,P1178,2025-12-02,ISSUE,11,276.28
2974,P1083,2026-03-15,RECEIPT,43,433.93
2975,P1037,2026-07-29,RECEIPT,34,142.11
2976,P1175,2026-08-24,RECEIPT,121,227.87
2977,P1111,2025-09-12,RECEIPT,9,31.63
2978,P1136,2026-05-25,ISSUE,92,150.39
2979,P1104,2026-03-09,RECEIPT,54,408.18
2980,P1019,2026-05-07,RECEIPT,124,135.07
2981,P1176,2026-07-29,ISSUE,140,337.23
2982,P1181,2026-08-11,RECEIPT,21,81.24
2983,P1176,2026-05-14,ISSUE,53,337.23
2984,P1090,2026-06-24,RECEIPT,134,243.92
2985,P1086,2026-05-13,ISSUE,86,48.1
2986,P1114,2025-10-17,ISSUE,59,75.45
2987,P1024,2026-06-16,RECEIPT,72,62.99
2988,P1165,2026-02-27,RECEIPT,74,180.53
2989,P1131,2025-10-28,ISSUE,67,353.58
2990,P1096,2026-01-11,RECEIPT,52,285.94
2991,P1165,2026-01-07,ISSUE,147,180.53
2992,P1130,2026-06-29,ISSUE,45,172.57
2993,P1146,2026-08-19,ISSUE,23,421.56
2994,P1058,2025-09-17,ISSUE,92,443.58
2995,P1070,2025-09-15,RECEIPT,63,266.27
2996,P1180,2026-08-19,RECEIPT,62,77.6
2997,P1140,2026-02-19,ISSUE,37,315.91
2998,P1005,2025-11-19,ISSUE,122,308.82
2999,P1090,2026-08-15,ISSUE,105,243.92
3000,P1112,2025-10-18,ISSUE,124,444.58
3001,P1072,2026-07-16,RECEIPT,91,69.66
3002,P1014,2026-03-16,ISSUE,34,452.45
3003,P1109,2025-12-09,ISSUE,130,353.84
3004,P1094,2026-06-05,RECEIPT,110,113.95
3005,P1120,2025-10-16,ISSUE,117,402.41
3006,P1106,2026-08-12,ISSUE,16,408.61
3007,P1144,2026-04-05,RECEIPT,149,150.01
3008,P1002,2025-09-17,ISSUE,78,227.87
3009,P1165,2026-05-03,RECEIPT,133,180.53
3010,P1021,2026-07-17,RECEIPT,90,364.39
3011,P1070,2025-11-19,RECEIPT,87,266.27
3012,P1061,2026-05-03,ISSUE,47,469.05
3013,P1148,2025-10-30,RECEIPT,134,219.67
3014,P1047,2026-02-22,RECEIPT,17,285.65
3015,P1129,2025-09-21,RECEIPT,98,127.8
3016,P1083,2026-03-23,RECEIPT,93,433.93
3017,P1041,2026-05-23,RECEIPT,77,254.37
3018,P1137,2026-05-24,RECEIPT,94,466.13
3019,P1175,2026-03-21,RECEIPT,99,227.87
3020,P1025,2026-02-03,RECEIPT,63,292.72
3021,P1077,2026-07-24,RECEIPT,107,51.66
3022,P1109,2026-02-19,RECEIPT,137,353.84
3023,P1198,2026-08-02,ISSUE,6,231.14
3024,P1107,2026-01-31,RECEIPT,61,417.58
3025,P1031,2025-10-10,RECEIPT,31,283.46
3026,P1016,2026-02-22,RECEIPT,123,60.67
3027,P1188,2026-05-02,RECEIPT,97,205.8
3028,P1131,2025-10-07,ISSUE,13,353.58
3029,P1155,2026-02-12,ISSUE,118,337.37
3030,P1169,2026-05-17,ISSUE,106,167.84
3031,P1069,2025-11-30,ISSUE,141,436.57
3032,P1071,2026-07-24,RECEIPT,107,395.38
3033,P1131,2025-09-16,RECEIPT,25,353.58
3034,P1116,2026-03-15,ISSUE,144,52.28
3035,P1137,2025-09-15,ISSUE,38,466.13
3036,P1131,2026-05-12,ISSUE,54,353.58
3037,P1013,2026-05-30,ISSUE,31,360.62
3038,P1060,2026-03-28,ISSUE,143,110.53
3039,P1102,2026-04-19,RECEIPT,41,172.98
3040,P1098,2026-03-30,ISSUE,65,282.91
3041,P1162,2026-03-09,RECEIPT,73,26.46
3042,P1078,2026-04-12,ISSUE,13,489.23
3043,P1015,2026-07-12,ISSUE,84,346.46
3044,P1195,2025-09-20,ISSUE,15,381.1
3045,P1191,2026-04-20,ISSUE,118,89.49
3046,P1001,2026-04-19,ISSUE,41,58.77
3047,P1092,2025-12-06,ISSUE,54,478.49
3048,P1016,2025-11-24,ISSUE,55,60.67
3049,P1047,2025-12-01,ISSUE,72,285.65
3050,P1021,2025-11-05,ISSUE,101,364.39
3051,P1063,2026-07-08,ISSUE,22,124.62
3052,P1069,2025-11-24,RECEIPT,100,436.57
3053,P1194,2026-01-01,ISSUE,59,348.44
3054,P1123,2026-04-17,ISSUE,18,239.15
3055,P1029,2025-11-01,ISSUE,113,298.76
3056,P1109,2026-06-22,ISSUE,82,353.84
3057,P1015,2026-08-05,ISSUE,64,346.46
3058,P1123,2025-09-15,ISSUE,54,239.15
3059,P1023,2026-01-28,ISSUE,142,271.43
3060,P1114,2025-10-28,RECEIPT,73,75.45
3061,P1121,2025-11-08,ISSUE,68,320.62
3062,P1040,2026-04-26,RECEIPT,113,257.88
3063,P1176,2026-05-18,RECEIPT,116,337.23
3064,P1003,2025-12-22,RECEIPT,72,137.45
3065,P1130,2026-04-03,ISSUE,102,172.57
3066,P1119,2026-01-11,RECEIPT,81,429.68
3067,P1141,2025-10-31,ISSUE,115,142.05
3068,P1076,2025-09-16,RECEIPT,105,312.65
3069,P1157,2025-11-30,RECEIPT,105,162.53
3070,P1015,2025-09-20,ISSUE,99,346.46
3071,P1012,2026-02-26,ISSUE,66,154.38
3072,P1190,2026-08-04,ISSUE,94,379.59
3073,P1182,2025-09-23,RECEIPT,137,316.7
3074,P1070,2025-09-17,ISSUE,20,266.27
3075,P1182,2026-06-16,ISSUE,63,316.7
3076,P1152,2026-01-10,ISSUE,143,320.46
3077,P1050,2025-12-24,ISSUE,22,98.34
3078,P1136,2026-06-23,ISSUE,42,150.39
3079,P1152,2026-05-17,RECEIPT,144,320.46
3080,P1019,2025-11-07,RECEIPT,29,135.07
3081,P1158,2025-11-15,ISSUE,128,37.36
3082,P1030,2026-07-18,RECEIPT,146,444.63
3083,P1104,2026-06-30,RECEIPT,48,408.18
3084,P1114,2025-10-21,RECEIPT,81,75.45
3085,P1051,2025-12-02,ISSUE,18,160.92
3086,P1071,2026-03-15,ISSUE,109,395.38
3087,P1152,2026-08-13,RECEIPT,130,320.46
3088,P1155,2025-12-16,ISSUE,96,337.37
3089,P1055,2025-10-31,RECEIPT,144,415.33
3090,P1134,2026-05-26,ISSUE,69,249.28
3091,P1151,2026-03-20,ISSUE,123,87.35
3092,P1070,2026-06-15,ISSUE,55,266.27
3093,P1025,2026-05-05,ISSUE,12,292.72
3094,P1039,2026-05-22,ISSUE,6,183.94
3095,P1110,2025-10-28,RECEIPT,148,206.28
3096,P1105,2025-12-08,RECEIPT,99,473.95
3097,P1047,2025-10-02,ISSUE,44,285.65
3098,P1140,2026-07-19,RECEIPT,32,315.91
3099,P1126,2025-11-16,ISSUE,134,33.54
3100,P1001,2025-09-27,ISSUE,147,58.77
3101,P1090,2026-05-22,ISSUE,119,243.92
3102,P1124,2026-04-26,RECEIPT,86,455.07
3103,P1184,2025-11-02,ISSUE,37,285.56
3104,P1155,2025-11-04,RECEIPT,120,337.37
3105,P1164,2026-03-01,ISSUE,127,429.12
3106,P1010,2025-10-31,RECEIPT,102,431.29
3107,P1131,2026-03-01,ISSUE,89,353.58
3108,P1004,2026-08-27,RECEIPT,90,481.29
3109,P1168,2025-11-27,RECEIPT,108,267.34
3110,P1058,2026-01-06,ISSUE,90,443.58
3111,P1119,2025-09-10,ISSUE,135,429.68
3112,P1042,2025-11-26,ISSUE,5,372.99
3113,P1098,2026-08-09,RECEIPT,72,282.91
3114,P1095,2026-01-03,RECEIPT,115,203.91
3115,P1066,2026-05-31,ISSUE,16,33.19
3116,P1029,2025-09-08,ISSUE,134,298.76
3117,P1174,2025-11-17,ISSUE,111,26.27
3118,P1196,2026-07-17,RECEIPT,47,317.86
3119,P1021,2025-11-04,RECEIPT,124,364.39
3120,P1112,2026-04-10,RECEIPT,74,444.58
3121,P1108,2025-11-04,RECEIPT,21,191.84
3122,P1134,2025-10-16,RECEIPT,101,249.28
3123,P1130,2025-11-16,ISSUE,84,172.57
3124,P1076,2026-01-23,ISSUE,62,312.65
3125,P1142,2026-01-30,ISSUE,38,172.04
3126,P1092,2026-08-28,ISSUE,123,478.49
3127,P1140,2026-02-27,ISSUE,113,315.91
3128,P1143,2026-06-24,ISSUE,59,261.16
3129,P1175,2026-02-21,ISSUE,107,227.87
3130,P1191,2025-09-05,RECEIPT,143,89.49
3131,P1102,2025-11-20,ISSUE,73,172.98
3132,P1113,2026-07-24,ISSUE,110,45.1
3133,P1194,2026-03-16,ISSUE,116,348.44
3134,P1084,2026-04-12,ISSUE,142,166.13
3135,P1085,2025-09-03,ISSUE,56,139.55
3136,P1141,2025-11-01,ISSUE,54,142.05
3137,P1129,2026-06-28,RECEIPT,46,127.8
3138,P1096,2025-11-07,RECEIPT,59,285.94
3139,P1121,2026-06-26,RECEIPT,124,320.62
3140,P1185,2026-02-10,ISSUE,40,111.5
3141,P1072,2025-10-06,ISSUE,96,69.66
3142,P1155,2026-03-10,RECEIPT,47,337.37
3143,P1075,2026-03-08,RECEIPT,50,292.75
3144,P1053,2025-11-24,RECEIPT,113,348.12
3145,P1127,2026-07-28,ISSUE,76,357.19
3146,P1161,2026-02-06,RECEIPT,20,43.36
3147,P1065,2025-10-22,ISSUE,91,54.69
3148,P1148,2026-06-27,ISSUE,111,219.67
3149,P1007,2026-06-26,RECEIPT,103,182.23
3150,P1112,2026-05-13,ISSUE,136,444.58
3151,P1055,2025-10-21,ISSUE,55,415.33
3152,P1067,2026-03-17,ISSUE,108,344.06
3153,P1000,2025-10-30,RECEIPT,104,136.85
3154,P1046,2026-07-24,RECEIPT,103,238.77
3155,P1184,2026-02-17,ISSUE,59,285.56
3156,P1063,2026-08-17,ISSUE,53,124.62
3157,P1151,2025-11-11,ISSUE,139,87.35
3158,P1039,2026-06-25,RECEIPT,60,183.94
3159,P1030,2025-11-10,RECEIPT,6,444.63
3160,P1052,2026-05-23,RECEIPT,128,33.53
3161,P1137,2026-08-13,ISSUE,84,466.13
3162,P1083,2026-05-25,ISSUE,145,433.93
3163,P1169,2026-08-05,RECEIPT,25,167.84
3164,P1016,2026-02-16,ISSUE,33,60.67
3165,P1072,2026-07-15,RECEIPT,104,69.66
3166,P1191,2026-05-31,RECEIPT,148,89.49
3167,P1036,2026-02-08,ISSUE,47,69.34
3168,P1014,2026-04-12,ISSUE,40,452.45
3169,P1010,2026-07-15,RECEIPT,125,431.29
3170,P1061,2025-12-13,RECEIPT,145,469.05
3171,P1060,2025-11-24,RECEIPT,5,110.53
3172,P1199,2026-04-17,ISSUE,117,289.09
3173,P1135,2026-05-21,ISSUE,55,342.78
3174,P1031,2025-12-08,ISSUE,90,283.46
3175,P1030,2026-03-25,ISSUE,43,444.63
3176,P1160,2025-11-21,ISSUE,65,218.14
3177,P1018,2025-09-14,RECEIPT,148,389.28
3178,P1004,2026-03-29,ISSUE,57,481.29
3179,P1023,2025-12-17,RECEIPT,88,271.43
3180,P1064,2026-02-19,RECEIPT,127,375.68
3181,P1039,2025-09-28,ISSUE,114,183.94
3182,P1050,2026-06-06,RECEIPT,130,98.34
3183,P1092,2026-02-09,ISSUE,67,478.49
3184,P1116,2026-08-08,RECEIPT,118,52.28
3185,P1051,2025-12-29,RECEIPT,137,160.92
3186,P1044,2026-05-25,ISSUE,6,345.07
3187,P1199,2025-11-08,ISSUE,90,289.09
3188,P1025,2026-02-21,ISSUE,79,292.72
3189,P1091,2026-02-08,RECEIPT,23,403.86
3190,P1163,2025-10-29,ISSUE,6,478.66
3191,P1122,2025-10-14,ISSUE,20,397.28
3192,P1083,2026-02-19,RECEIPT,109,433.93
3193,P1186,2026-03-31,ISSUE,105,435.74
3194,P1174,2025-09-27,RECEIPT,149,26.27
3195,P1083,2025-12-26,ISSUE,112,433.93
3196,P1096,2025-09-10,ISSUE,23,285.94
3197,P1065,2025-12-04,RECEIPT,139,54.69
3198,P1088,2026-08-26,RECEIPT,16,317.63
3199,P1139,2025-09-17,RECEIPT,104,278.97
3200,P1015,2025-11-08,ISSUE,29,346.46
3201,P1144,2025-10-25,ISSUE,61,150.01
3202,P1160,2026-01-01,RECEIPT,101,218.14
3203,P1095,2026-03-22,RECEIPT,53,203.91
3204,P1083,2026-05-28,ISSUE,80,433.93
3205,P1149,2025-12-23,ISSUE,10,282.64
3206,P1075,2026-04-09,ISSUE,143,292.75
3207,P1139,2026-02-11,RECEIPT,9,278.97
3208,P1012,2026-08-27,ISSUE,99,154.38
3209,P1083,2026-05-21,ISSUE,8,433.93
3210,P1153,2025-09-28,ISSUE,62,188.52
3211,P1142,2026-03-14,RECEIPT,91,172.04
3212,P1043,2026-04-03,ISSUE,6,209.96
3213,P1007,2026-07-01,ISSUE,11,182.23
3214,P1021,2025-10-26,RECEIPT,111,364.39
3215,P1088,2026-03-30,RECEIPT,32,317.63
3216,P1140,2026-08-23,RECEIPT,133,315.91
3217,P1044,2026-05-21,ISSUE,48,345.07
3218,P1121,2026-01-16,RECEIPT,8,320.62
3219,P1071,2026-04-08,RECEIPT,103,395.38
3220,P1140,2025-11-13,ISSUE,60,315.91
3221,P1117,2026-02-19,RECEIPT,135,48.33
3222,P1129,2026-03-16,RECEIPT,141,127.8
3223,P1141,2025-09-29,RECEIPT,116,142.05
3224,P1027,2026-07-22,ISSUE,60,276.32
3225,P1147,2026-07-31,ISSUE,69,175.87
3226,P1045,2026-03-22,RECEIPT,117,447.5
3227,P1185,2025-09-08,ISSUE,53,111.5
3228,P1028,2025-09-25,ISSUE,101,420.17
3229,P1150,2026-01-10,ISSUE,32,424.36
3230,P1013,2025-11-29,ISSUE,115,360.62
3231,P1163,2026-06-27,RECEIPT,85,478.66
3232,P1180,2026-04-16,RECEIPT,110,77.6
3233,P1193,2025-10-25,ISSUE,26,282.24
3234,P1039,2025-11-15,ISSUE,108,183.94
3235,P1051,2026-08-14,RECEIPT,126,160.92
3236,P1140,2026-06-22,ISSUE,39,315.91
3237,P1134,2026-03-22,RECEIPT,49,249.28
3238,P1074,2026-07-26,ISSUE,75,111.17
3239,P1021,2026-05-22,ISSUE,40,364.39
3240,P1176,2025-12-21,RECEIPT,135,337.23
3241,P1010,2025-09-17,ISSUE,93,431.29
3242,P1010,2025-09-21,ISSUE,10,431.29
3243,P1192,2025-12-31,RECEIPT,107,114.43
3244,P1127,2026-06-09,ISSUE,88,357.19
3245,P1017,2025-11-05,RECEIPT,47,451.51
3246,P1156,2026-05-29,ISSUE,82,89.69
3247,P1095,2026-08-05,ISSUE,87,203.91
3248,P1153,2025-09-23,ISSUE,46,188.52
3249,P1107,2025-11-26,RECEIPT,148,417.58
3250,P1045,2026-04-25,ISSUE,55,447.5
3251,P1185,2025-12-27,ISSUE,12,111.5
3252,P1182,2026-05-30,ISSUE,86,316.7
3253,P1175,2026-01-31,ISSUE,137,227.87
3254,P1190,2025-11-30,RECEIPT,6,379.59
3255,P1064,2025-10-21,RECEIPT,66,375.68
3256,P1024,2026-04-25,ISSUE,147,62.99
3257,P1188,2026-05-02,ISSUE,33,205.8
3258,P1173,2025-11-23,ISSUE,72,94.27
3259,P1101,2026-02-16,RECEIPT,39,259.81
3260,P1068,2026-07-07,ISSUE,69,142.48
3261,P1017,2025-10-18,RECEIPT,118,451.51
3262,P1022,2026-05-17,ISSUE,116,132.6
3263,P1199,2026-03-05,RECEIPT,82,289.09
3264,P1107,2026-08-17,ISSUE,12,417.58
3265,P1022,2026-01-08,ISSUE,91,132.6
3266,P1193,2026-04-10,ISSUE,31,282.24
3267,P1102,2026-05-28,ISSUE,116,172.98
3268,P1040,2025-09-28,RECEIPT,5,257.88
3269,P1112,2026-07-03,ISSUE,41,444.58
3270,P1194,2025-12-03,RECEIPT,122,348.44
3271,P1034,2026-05-28,RECEIPT,95,162.46
3272,P1176,2026-03-16,RECEIPT,46,337.23
3273,P1183,2026-08-16,RECEIPT,38,76.5
3274,P1135,2026-03-09,ISSUE,143,342.78
3275,P1101,2026-07-28,RECEIPT,49,259.81
3276,P1156,2026-02-17,RECEIPT,6,89.69
3277,P1064,2026-04-05,ISSUE,134,375.68
3278,P1179,2026-01-09,RECEIPT,51,175.99
3279,P1125,2026-06-01,ISSUE,57,240.76
3280,P1170,2026-07-26,ISSUE,130,207.47
3281,P1000,2025-10-07,ISSUE,99,136.85
3282,P1094,2025-12-14,ISSUE,113,113.95
3283,P1138,2025-10-18,RECEIPT,48,197.5
3284,P1089,2025-12-29,ISSUE,19,116.42
3285,P1179,2025-12-16,ISSUE,140,175.99
3286,P1145,2026-01-09,ISSUE,22,82.47
3287,P1017,2026-03-17,RECEIPT,79,451.51
3288,P1043,2026-07-18,ISSUE,31,209.96
3289,P1044,2026-05-28,RECEIPT,62,345.07
3290,P1006,2026-01-30,ISSUE,38,241.77
3291,P1145,2026-07-21,ISSUE,137,82.47
3292,P1189,2026-05-17,ISSUE,139,385.52
3293,P1004,2026-06-12,ISSUE,81,481.29
3294,P1003,2025-09-13,ISSUE,141,137.45
3295,P1149,2026-08-01,ISSUE,65,282.64
3296,P1052,2026-07-29,ISSUE,12,33.53
3297,P1087,2026-05-30,ISSUE,79,140.16
3298,P1055,2026-05-20,RECEIPT,60,415.33
3299,P1195,2025-11-10,RECEIPT,98,381.1
3300,P1148,2026-02-15,ISSUE,27,219.67
3301,P1196,2026-04-19,ISSUE,148,317.86
3302,P1128,2025-10-12,ISSUE,133,418.75
3303,P1199,2026-05-17,RECEIPT,20,289.09
3304,P1055,2026-08-10,RECEIPT,139,415.33
3305,P1163,2026-08-17,ISSUE,42,478.66
3306,P1142,2026-03-22,ISSUE,149,172.04
3307,P1054,2026-04-23,ISSUE,35,154.2
3308,P1190,2026-08-25,RECEIPT,92,379.59
3309,P1022,2026-05-23,RECEIPT,49,132.6
3310,P1127,2026-04-24,ISSUE,147,357.19
3311,P1146,2026-06-07,RECEIPT,34,421.56
3312,P1150,2026-04-28,RECEIPT,24,424.36
3313,P1117,2025-12-22,ISSUE,136,48.33
3314,P1138,2026-03-04,ISSUE,117,197.5
3315,P1029,2026-02-16,ISSUE,73,298.76
3316,P1033,2026-02-04,RECEIPT,42,195.81
3317,P1053,2026-05-12,RECEIPT,11,348.12
3318,P1129,2025-09-24,RECEIPT,120,127.8
3319,P1142,2025-10-06,ISSUE,119,172.04
3320,P1088,2026-04-15,ISSUE,49,317.63
3321,P1106,2026-06-17,RECEIPT,148,408.61
3322,P1196,2025-12-22,RECEIPT,86,317.86
3323,P1139,2025-12-13,ISSUE,83,278.97
3324,P1001,2026-03-19,ISSUE,10,58.77
3325,P1040,2026-02-13,ISSUE,81,257.88
3326,P1128,2026-08-21,ISSUE,93,418.75
3327,P1088,2026-01-24,RECEIPT,130,317.63
3328,P1171,2025-12-08,ISSUE,17,106.96
3329,P1075,2026-06-20,ISSUE,10,292.75
3330,P1183,2026-03-07,RECEIPT,121,76.5
3331,P1121,2026-02-11,ISSUE,141,320.62
3332,P1021,2026-01-13,RECEIPT,7,364.39
3333,P1020,2026-03-17,ISSUE,30,50.05
3334,P1168,2026-04-14,ISSUE,22,267.34
3335,P1188,2026-03-05,ISSUE,53,205.8
3336,P1059,2025-11-11,RECEIPT,98,224.34
3337,P1078,2026-01-28,RECEIPT,128,489.23
3338,P1025,2025-09-18,RECEIPT,114,292.72
3339,P1185,2025-12-07,ISSUE,28,111.5
3340,P1007,2026-03-11,ISSUE,20,182.23
3341,P1151,2025-10-14,RECEIPT,17,87.35
3342,P1097,2026-02-21,RECEIPT,145,438.28
3343,P1155,2025-09-12,ISSUE,124,337.37
3344,P1142,2026-05-19,ISSUE,84,172.04
3345,P1005,2025-09-17,RECEIPT,56,308.82
3346,P1003,2025-10-24,RECEIPT,145,137.45
3347,P1032,2025-09-28,RECEIPT,53,349.97
3348,P1139,2026-08-09,RECEIPT,53,278.97
3349,P1028,2025-09-07,RECEIPT,98,420.17
3350,P1105,2025-10-24,ISSUE,98,473.95
3351,P1144,2025-10-04,RECEIPT,29,150.01
3352,P1089,2026-04-18,ISSUE,99,116.42
3353,P1037,2026-05-03,ISSUE,33,142.11
3354,P1119,2026-08-31,RECEIPT,117,429.68
3355,P1097,2026-06-02,RECEIPT,71,438.28
3356,P1180,2026-06-12,RECEIPT,20,77.6
3357,P1018,2026-05-29,ISSUE,90,389.28
3358,P1139,2025-10-23,RECEIPT,53,278.97
3359,P1184,2026-05-29,RECEIPT,103,285.56
3360,P1077,2026-03-01,ISSUE,18,51.66
3361,P1103,2026-02-18,RECEIPT,141,290.94
3362,P1185,2026-01-06,ISSUE,135,111.5
3363,P1088,2026-08-18,ISSUE,6,317.63
3364,P1184,2026-02-28,ISSUE,45,285.56
3365,P1189,2026-01-26,RECEIPT,54,385.52
3366,P1095,2026-06-19,ISSUE,134,203.91
3367,P1127,2026-07-08,ISSUE,68,357.19
3368,P1191,2026-07-30,RECEIPT,100,89.49
3369,P1177,2026-06-01,ISSUE,75,106.85
3370,P1187,2025-12-28,ISSUE,28,43.99
3371,P1178,2025-12-20,ISSUE,120,276.28
3372,P1104,2025-11-11,ISSUE,61,408.18
3373,P1018,2025-12-12,RECEIPT,8,389.28
3374,P1149,2025-11-12,ISSUE,19,282.64
3375,P1000,2026-01-20,ISSUE,110,136.85
3376,P1004,2025-11-02,ISSUE,7,481.29
3377,P1189,2026-06-07,RECEIPT,141,385.52
3378,P1058,2026-02-14,RECEIPT,23,443.58
3379,P1100,2026-06-03,RECEIPT,54,144.66
3380,P1032,2025-10-24,RECEIPT,137,349.97
3381,P1043,2026-03-01,ISSUE,116,209.96
3382,P1142,2026-07-20,RECEIPT,92,172.04
3383,P1108,2025-10-23,RECEIPT,83,191.84
3384,P1134,2025-10-03,ISSUE,10,249.28
3385,P1070,2026-04-18,ISSUE,47,266.27
3386,P1177,2026-06-08,ISSUE,41,106.85
3387,P1077,2026-02-12,ISSUE,144,51.66
3388,P1089,2026-07-05,RECEIPT,126,116.42
3389,P1078,2026-01-22,RECEIPT,149,489.23
3390,P1155,2026-07-16,RECEIPT,57,337.37
3391,P1134,2025-11-16,RECEIPT,113,249.28
3392,P1071,2025-12-05,RECEIPT,81,395.38
3393,P1158,2026-05-05,RECEIPT,55,37.36
3394,P1129,2026-01-18,ISSUE,102,127.8
3395,P1126,2026-01-17,RECEIPT,19,33.54
3396,P1113,2026-03-04,ISSUE,35,45.1
3397,P1101,2025-12-04,ISSUE,107,259.81
3398,P1197,2026-07-20,ISSUE,104,395.9
3399,P1050,2026-05-23,RECEIPT,37,98.34
3400,P1167,2026-01-13,ISSUE,144,296.43
3401,P1005,2025-12-27,RECEIPT,140,308.82
3402,P1160,2025-09-08,RECEIPT,59,218.14
3403,P1038,2026-04-08,ISSUE,6,205.78
3404,P1048,2025-09-25,RECEIPT,37,345.05
3405,P1047,2026-02-21,ISSUE,144,285.65
3406,P1097,2026-04-11,ISSUE,52,438.28
3407,P1153,2025-10-13,ISSUE,47,188.52
3408,P1084,2026-06-26,RECEIPT,138,166.13
3409,P1197,2026-06-29,RECEIPT,121,395.9
3410,P1142,2025-09-14,ISSUE,146,172.04
3411,P1161,2026-08-01,ISSUE,106,43.36
3412,P1161,2026-05-08,RECEIPT,29,43.36
3413,P1140,2026-01-30,ISSUE,61,315.91
3414,P1128,2026-03-30,ISSUE,142,418.75
3415,P1072,2026-06-27,RECEIPT,83,69.66
3416,P1146,2025-10-04,ISSUE,113,421.56
3417,P1125,2026-08-30,RECEIPT,16,240.76
3418,P1169,2026-01-30,RECEIPT,106,167.84
3419,P1009,2026-05-22,RECEIPT,24,183.9
3420,P1195,2026-05-02,ISSUE,66,381.1
3421,P1083,2026-02-09,ISSUE,110,433.93
3422,P1133,2026-08-26,RECEIPT,5,447.19
3423,P1170,2026-06-23,ISSUE,31,207.47
3424,P1049,2026-07-22,ISSUE,133,257.17
3425,P1016,2025-11-23,RECEIPT,93,60.67
3426,P1053,2026-04-11,RECEIPT,87,348.12
3427,P1075,2025-12-06,ISSUE,35,292.75
3428,P1136,2026-01-06,ISSUE,143,150.39
3429,P1199,2026-08-22,RECEIPT,111,289.09
3430,P1040,2025-12-22,RECEIPT,8,257.88
3431,P1011,2026-06-14,RECEIPT,64,142.8
3432,P1058,2025-10-01,ISSUE,139,443.58
3433,P1027,2026-08-16,RECEIPT,22,276.32
3434,P1181,2026-02-02,ISSUE,8,81.24
3435,P1166,2026-02-15,ISSUE,98,267.96
3436,P1021,2026-03-19,ISSUE,33,364.39
3437,P1171,2025-12-16,ISSUE,9,106.96
3438,P1179,2026-04-10,ISSUE,43,175.99
3439,P1096,2026-04-21,ISSUE,120,285.94
3440,P1100,2025-09-09,ISSUE,139,144.66
3441,P1178,2026-03-29,ISSUE,5,276.28
3442,P1195,2025-10-11,ISSUE,55,381.1
3443,P1173,2026-07-10,ISSUE,44,94.27
3444,P1119,2026-05-07,RECEIPT,13,429.68
3445,P1198,2026-06-03,ISSUE,121,231.14
3446,P1043,2025-09-27,ISSUE,131,209.96
3447,P1131,2026-07-15,ISSUE,47,353.58
3448,P1146,2026-01-02,ISSUE,144,421.56
3449,P1157,2026-08-17,RECEIPT,89,162.53
3450,P1060,2026-02-11,ISSUE,53,110.53
3451,P1112,2026-04-11,RECEIPT,120,444.58
3452,P1065,2026-07-23,RECEIPT,34,54.69
3453,P1025,2026-01-18,RECEIPT,128,292.72
3454,P1180,2026-05-10,ISSUE,144,77.6
3455,P1159,2026-02-20,RECEIPT,66,389.87
3456,P1166,2026-01-30,ISSUE,59,267.96
3457,P1061,2026-07-31,ISSUE,82,469.05
3458,P1198,2026-05-23,RECEIPT,42,231.14
3459,P1147,2025-10-26,RECEIPT,75,175.87
3460,P1096,2026-01-19,ISSUE,95,285.94
3461,P1042,2026-01-11,ISSUE,92,372.99
3462,P1174,2026-05-07,ISSUE,41,26.27
3463,P1006,2025-09-18,ISSUE,20,241.77
3464,P1166,2026-03-28,RECEIPT,130,267.96
3465,P1011,2025-12-03,ISSUE,33,142.8
3466,P1185,2025-12-03,ISSUE,140,111.5
3467,P1143,2025-12-05,ISSUE,36,261.16
3468,P1197,2025-11-27,ISSUE,17,395.9
3469,P1181,2025-12-21,RECEIPT,116,81.24
3470,P1176,2026-02-16,RECEIPT,125,337.23
3471,P1010,2025-11-22,ISSUE,12,431.29
3472,P1066,2026-06-08,RECEIPT,106,33.19
3473,P1165,2026-02-08,ISSUE,69,180.53
3474,P1193,2026-04-19,RECEIPT,65,282.24
3475,P1044,2026-03-26,ISSUE,11,345.07
3476,P1000,2026-03-09,RECEIPT,97,136.85
3477,P1131,2026-04-10,RECEIPT,31,353.58
3478,P1186,2026-05-25,ISSUE,136,435.74
3479,P1150,2026-08-09,ISSUE,32,424.36
3480,P1103,2026-02-07,ISSUE,32,290.94
3481,P1056,2025-12-25,ISSUE,121,334.84
3482,P1199,2026-05-07,RECEIPT,145,289.09
3483,P1029,2025-09-19,RECEIPT,14,298.76
3484,P1148,2025-09-03,RECEIPT,99,219.67
3485,P1036,2025-09-28,ISSUE,72,69.34
3486,P1013,2025-09-03,RECEIPT,64,360.62
3487,P1061,2025-11-28,ISSUE,102,469.05
3488,P1000,2025-12-29,ISSUE,109,136.85
3489,P1084,2026-01-08,RECEIPT,71,166.13
3490,P1155,2026-01-02,ISSUE,40,337.37
3491,P1156,2026-02-21,ISSUE,141,89.69
3492,P1110,2026-02-04,RECEIPT,71,206.28
3493,P1007,2026-06-08,RECEIPT,31,182.23
3494,P1105,2026-01-09,RECEIPT,139,473.95
3495,P1005,2026-05-04,RECEIPT,39,308.82
3496,P1083,2026-02-13,ISSUE,133,433.93
3497,P1018,2026-03-06,RECEIPT,50,389.28
3498,P1105,2026-02-12,ISSUE,83,473.95
3499,P1143,2026-07-12,ISSUE,32,261.16
3500,P1152,2026-01-27,ISSUE,78,320.46
3501,P1099,2026-04-10,RECEIPT,64,255.82
3502,P1109,2026-08-26,RECEIPT,46,353.84
3503,P1050,2026-05-04,ISSUE,127,98.34
3504,P1122,2026-01-17,ISSUE,70,397.28
3505,P1152,2026-02-19,RECEIPT,21,320.46
3506,P1168,2026-07-21,RECEIPT,66,267.34
3507,P1146,2025-12-27,ISSUE,16,421.56
3508,P1006,2025-09-04,ISSUE,149,241.77
3509,P1199,2025-10-21,ISSUE,107,289.09
3510,P1183,2026-05-16,RECEIPT,139,76.5
3511,P1090,2026-05-12,RECEIPT,100,243.92
3512,P1070,2025-09-25,ISSUE,66,266.27
3513,P1087,2026-08-01,ISSUE,121,140.16
3514,P1134,2026-05-21,ISSUE,23,249.28
3515,P1183,2025-09-13,RECEIPT,79,76.5
3516,P1142,2025-10-14,RECEIPT,71,172.04
3517,P1083,2026-04-26,ISSUE,17,433.93
3518,P1002,2026-05-26,ISSUE,33,227.87
3519,P1167,2026-04-25,ISSUE,69,296.43
3520,P1014,2026-04-07,ISSUE,53,452.45
3521,P1116,2026-06-16,ISSUE,84,52.28
3522,P1127,2025-11-01,ISSUE,75,357.19
3523,P1120,2025-10-02,ISSUE,81,402.41
3524,P1006,2026-03-24,RECEIPT,128,241.77
3525,P1126,2026-05-07,ISSUE,134,33.54
3526,P1170,2026-08-28,RECEIPT,143,207.47
3527,P1022,2025-12-17,RECEIPT,26,132.6
3528,P1116,2025-12-18,ISSUE,141,52.28
3529,P1119,2026-03-20,RECEIPT,26,429.68
3530,P1047,2026-02-03,ISSUE,57,285.65
3531,P1056,2025-12-10,ISSUE,121,334.84
3532,P1122,2026-03-02,RECEIPT,148,397.28
3533,P1090,2026-08-18,RECEIPT,26,243.92
3534,P1046,2025-11-13,RECEIPT,52,238.77
3535,P1143,2026-01-15,ISSUE,98,261.16
3536,P1149,2025-10-20,ISSUE,85,282.64
3537,P1190,2025-10-30,RECEIPT,89,379.59
3538,P1057,2026-05-25,ISSUE,56,373.34
3539,P1168,2025-10-20,ISSUE,36,267.34
3540,P1002,2026-06-02,RECEIPT,144,227.87
3541,P1020,2026-02-04,ISSUE,26,50.05
3542,P1046,2026-03-09,ISSUE,108,238.77
3543,P1006,2026-08-07,ISSUE,117,241.77
3544,P1051,2026-07-26,ISSUE,11,160.92
3545,P1164,2026-03-10,ISSUE,13,429.12
3546,P1090,2025-10-04,RECEIPT,99,243.92
3547,P1077,2025-12-01,RECEIPT,75,51.66
3548,P1117,2026-03-24,RECEIPT,47,48.33
3549,P1119,2026-08-15,ISSUE,95,429.68
3550,P1024,2026-03-01,ISSUE,144,62.99
3551,P1179,2026-02-03,RECEIPT,21,175.99
3552,P1056,2026-05-09,ISSUE,5,334.84
3553,P1106,2026-02-01,RECEIPT,68,408.61
3554,P1184,2025-11-13,RECEIPT,129,285.56
3555,P1028,2026-07-09,RECEIPT,17,420.17
3556,P1132,2026-04-03,RECEIPT,33,295.43
3557,P1159,2026-06-21,ISSUE,140,389.87
3558,P1061,2026-03-04,ISSUE,138,469.05
3559,P1172,2026-07-13,ISSUE,83,35.94
3560,P1053,2026-06-26,RECEIPT,13,348.12
3561,P1151,2026-02-02,ISSUE,30,87.35
3562,P1075,2026-05-17,ISSUE,20,292.75
3563,P1103,2025-12-04,RECEIPT,14,290.94
3564,P1038,2025-10-29,RECEIPT,16,205.78
3565,P1034,2026-04-03,RECEIPT,91,162.46
3566,P1016,2026-06-30,RECEIPT,131,60.67
3567,P1033,2025-12-09,ISSUE,148,195.81
3568,P1020,2026-03-23,RECEIPT,98,50.05
3569,P1024,2026-01-18,ISSUE,120,62.99
3570,P1110,2025-10-12,ISSUE,81,206.28
3571,P1080,2026-05-04,ISSUE,26,362.77
3572,P1116,2026-05-06,RECEIPT,128,52.28
3573,P1096,2026-04-01,ISSUE,25,285.94
3574,P1134,2025-12-15,RECEIPT,43,249.28
3575,P1085,2026-07-07,RECEIPT,14,139.55
3576,P1046,2026-03-21,RECEIPT,39,238.77
3577,P1051,2026-07-27,RECEIPT,134,160.92
3578,P1012,2026-07-31,ISSUE,85,154.38
3579,P1120,2025-10-05,RECEIPT,35,402.41
3580,P1185,2026-03-31,RECEIPT,83,111.5
3581,P1039,2026-03-19,RECEIPT,11,183.94
3582,P1059,2026-08-06,RECEIPT,86,224.34
3583,P1110,2026-04-07,ISSUE,22,206.28
3584,P1130,2026-06-30,RECEIPT,149,172.57
3585,P1114,2025-09-25,ISSUE,20,75.45
3586,P1169,2026-01-29,RECEIPT,100,167.84
3587,P1137,2026-07-04,RECEIPT,139,466.13
3588,P1004,2025-09-22,RECEIPT,142,481.29
3589,P1060,2026-07-18,RECEIPT,66,110.53
3590,P1155,2026-07-30,ISSUE,117,337.37
3591,P1008,2026-02-08,ISSUE,112,241.17
3592,P1133,2026-07-22,ISSUE,9,447.19
3593,P1165,2025-11-09,ISSUE,126,180.53
3594,P1128,2026-03-19,ISSUE,119,418.75
3595,P1093,2025-09-29,ISSUE,24,356.24
3596,P1101,2026-03-05,RECEIPT,138,259.81
3597,P1065,2026-03-24,ISSUE,18,54.69
3598,P1060,2026-03-14,RECEIPT,147,110.53
3599,P1143,2026-08-10,RECEIPT,136,261.16
3600,P1188,2025-11-05,ISSUE,111,205.8
3601,P1086,2025-12-04,RECEIPT,97,48.1
3602,P1132,2026-03-06,RECEIPT,72,295.43
3603,P1166,2025-12-22,ISSUE,76,267.96
3604,P1055,2026-02-03,ISSUE,82,415.33
3605,P1000,2026-08-02,RECEIPT,41,136.85
3606,P1147,2025-11-12,ISSUE,131,175.87
3607,P1133,2026-06-13,RECEIPT,16,447.19
3608,P1100,2026-05-11,ISSUE,135,144.66
3609,P1181,2026-03-10,RECEIPT,17,81.24
3610,P1113,2026-08-07,ISSUE,80,45.1
3611,P1129,2026-03-19,ISSUE,21,127.8
3612,P1020,2026-08-06,ISSUE,142,50.05
3613,P1141,2026-07-18,ISSUE,86,142.05
3614,P1037,2026-08-06,RECEIPT,26,142.11
3615,P1186,2025-11-17,ISSUE,98,435.74
3616,P1041,2026-02-20,RECEIPT,87,254.37
3617,P1094,2025-12-31,RECEIPT,94,113.95
3618,P1054,2026-01-14,RECEIPT,14,154.2
3619,P1092,2026-04-03,RECEIPT,91,478.49
3620,P1091,2025-10-05,ISSUE,39,403.86
3621,P1111,2026-06-16,RECEIPT,56,31.63
3622,P1048,2026-05-13,RECEIPT,11,345.05
3623,P1165,2026-04-26,ISSUE,16,180.53
3624,P1027,2025-09-20,RECEIPT,36,276.32
3625,P1177,2026-06-18,ISSUE,8,106.85
3626,P1184,2026-06-12,ISSUE,103,285.56
3627,P1023,2026-08-04,RECEIPT,16,271.43
3628,P1176,2026-01-31,RECEIPT,22,337.23
3629,P1083,2026-08-08,RECEIPT,29,433.93
3630,P1096,2026-03-28,ISSUE,22,285.94
3631,P1141,2026-05-27,ISSUE,125,142.05
3632,P1012,2025-11-22,ISSUE,50,154.38
3633,P1190,2026-01-14,ISSUE,43,379.59
3634,P1034,2026-01-02,ISSUE,26,162.46
3635,P1113,2025-10-27,ISSUE,108,45.1
3636,P1002,2026-04-21,ISSUE,149,227.87
3637,P1134,2026-07-11,ISSUE,59,249.28
3638,P1184,2026-07-12,RECEIPT,107,285.56
3639,P1087,2026-04-25,ISSUE,9,140.16
3640,P1060,2025-09-09,ISSUE,10,110.53
3641,P1176,2026-03-23,RECEIPT,93,337.23
3642,P1039,2025-11-30,ISSUE,55,183.94
3643,P1164,2026-02-12,ISSUE,144,429.12
3644,P1047,2026-07-22,RECEIPT,62,285.65
3645,P1027,2025-11-24,ISSUE,113,276.32
3646,P1100,2026-05-08,RECEIPT,29,144.66
3647,P1129,2026-03-26,ISSUE,64,127.8
3648,P1177,2025-10-03,ISSUE,60,106.85
3649,P1128,2026-04-15,RECEIPT,64,418.75
3650,P1151,2025-12-01,ISSUE,40,87.35
3651,P1173,2025-09-22,ISSUE,72,94.27
3652,P1046,2026-06-10,ISSUE,70,238.77
3653,P1054,2026-03-14,ISSUE,42,154.2
3654,P1044,2026-06-25,ISSUE,60,345.07
3655,P1070,2025-11-09,RECEIPT,20,266.27
3656,P1198,2026-04-15,ISSUE,22,231.14
3657,P1056,2025-12-24,ISSUE,27,334.84
3658,P1012,2026-06-21,ISSUE,62,154.38
3659,P1090,2025-11-30,RECEIPT,82,243.92
3660,P1083,2026-07-02,RECEIPT,127,433.93
3661,P1074,2026-02-19,RECEIPT,33,111.17
3662,P1088,2025-12-13,ISSUE,57,317.63
3663,P1170,2025-12-28,ISSUE,45,207.47
3664,P1081,2025-12-19,ISSUE,119,323.19
3665,P1064,2026-06-27,RECEIPT,65,375.68
3666,P1028,2025-09-17,ISSUE,126,420.17
3667,P1085,2026-04-12,ISSUE,32,139.55
3668,P1078,2026-01-03,RECEIPT,132,489.23
3669,P1157,2026-05-02,ISSUE,97,162.53
3670,P1127,2026-08-20,ISSUE,11,357.19
3671,P1022,2026-05-08,RECEIPT,80,132.6
3672,P1135,2026-01-24,ISSUE,53,342.78
3673,P1115,2026-08-19,ISSUE,31,28.83
3674,P1123,2025-09-23,ISSUE,110,239.15
3675,P1192,2026-06-11,RECEIPT,105,114.43
3676,P1126,2026-04-27,RECEIPT,82,33.54
3677,P1089,2026-08-02,ISSUE,78,116.42
3678,P1026,2026-04-14,ISSUE,30,30.31
3679,P1175,2026-07-22,RECEIPT,148,227.87
3680,P1174,2026-04-30,ISSUE,108,26.27
3681,P1070,2026-06-22,ISSUE,20,266.27
3682,P1105,2025-09-28,ISSUE,40,473.95
3683,P1118,2026-06-20,ISSUE,23,345.11
3684,P1107,2025-09-20,ISSUE,113,417.58
3685,P1099,2025-09-23,ISSUE,54,255.82
3686,P1052,2026-02-20,ISSUE,91,33.53
3687,P1100,2025-11-09,ISSUE,118,144.66
3688,P1038,2026-04-27,RECEIPT,32,205.78
3689,P1073,2026-01-02,RECEIPT,8,439.74
3690,P1008,2025-10-18,RECEIPT,11,241.17
3691,P1163,2026-03-22,RECEIPT,109,478.66
3692,P1091,2026-08-11,RECEIPT,90,403.86
3693,P1058,2026-04-22,ISSUE,31,443.58
3694,P1154,2026-08-13,ISSUE,57,437.38
3695,P1192,2026-02-20,ISSUE,115,114.43
3696,P1034,2025-09-21,RECEIPT,28,162.46
3697,P1158,2026-01-20,ISSUE,7,37.36
3698,P1060,2025-09-04,ISSUE,111,110.53
3699,P1173,2025-12-31,ISSUE,92,94.27
3700,P1129,2025-09-15,RECEIPT,82,127.8
3701,P1088,2025-10-06,ISSUE,10,317.63
3702,P1028,2026-03-15,ISSUE,6,420.17
3703,P1143,2026-06-03,ISSUE,68,261.16
3704,P1033,2026-01-05,ISSUE,119,195.81
3705,P1018,2026-05-29,ISSUE,106,389.28
3706,P1136,2026-01-14,ISSUE,106,150.39
3707,P1025,2026-07-08,RECEIPT,6,292.72
3708,P1027,2026-03-22,ISSUE,148,276.32
3709,P1078,2025-12-03,ISSUE,102,489.23
3710,P1182,2026-08-22,RECEIPT,49,316.7
3711,P1198,2026-05-11,RECEIPT,113,231.14
3712,P1109,2026-02-19,ISSUE,50,353.84
3713,P1175,2025-10-29,RECEIPT,96,227.87
3714,P1015,2026-03-20,RECEIPT,110,346.46
3715,P1141,2025-10-10,RECEIPT,79,142.05
3716,P1199,2025-11-30,RECEIPT,95,289.09
3717,P1131,2026-01-31,ISSUE,32,353.58
3718,P1067,2026-07-24,RECEIPT,106,344.06
3719,P1108,2025-10-17,ISSUE,106,191.84
3720,P1155,2026-03-18,ISSUE,118,337.37
3721,P1126,2025-12-13,ISSUE,83,33.54
3722,P1087,2025-12-26,ISSUE,80,140.16
3723,P1073,2026-08-15,ISSUE,49,439.74
3724,P1197,2026-05-14,RECEIPT,13,395.9
3725,P1028,2026-02-03,ISSUE,41,420.17
3726,P1035,2026-05-23,ISSUE,71,181.19
3727,P1062,2026-04-21,ISSUE,64,498.0
3728,P1043,2026-07-15,RECEIPT,67,209.96
3729,P1128,2026-02-14,ISSUE,98,418.75
3730,P1051,2026-03-13,ISSUE,75,160.92
3731,P1182,2026-01-12,ISSUE,27,316.7
3732,P1146,2025-12-16,RECEIPT,131,421.56
3733,P1026,2026-03-08,ISSUE,114,30.31
3734,P1047,2025-09-08,RECEIPT,36,285.65
3735,P1142,2026-05-03,ISSUE,106,172.04
3736,P1100,2025-09-09,ISSUE,117,144.66
3737,P1160,2025-12-10,RECEIPT,57,218.14
3738,P1013,2026-04-27,ISSUE,46,360.62
3739,P1150,2026-02-11,ISSUE,130,424.36
3740,P1094,2026-02-21,RECEIPT,33,113.95
3741,P1024,2025-09-07,ISSUE,61,62.99
3742,P1023,2026-06-25,RECEIPT,88,271.43
3743,P1162,2026-04-12,ISSUE,105,26.46
3744,P1066,2026-08-25,ISSUE,96,33.19
3745,P1019,2025-09-03,ISSUE,35,135.07
3746,P1023,2025-10-15,RECEIPT,77,271.43
3747,P1125,2026-02-11,RECEIPT,16,240.76
3748,P1114,2025-10-17,ISSUE,120,75.45
3749,P1035,2026-08-04,RECEIPT,55,181.19
3750,P1048,2026-02-02,ISSUE,132,345.05
3751,P1001,2025-10-21,ISSUE,30,58.77
3752,P1183,2025-09-10,ISSUE,94,76.5
3753,P1116,2026-06-04,RECEIPT,94,52.28
3754,P1161,2025-10-13,ISSUE,5,43.36
3755,P1158,2026-03-22,RECEIPT,122,37.36
3756,P1103,2025-11-23,RECEIPT,82,290.94
3757,P1013,2026-07-21,ISSUE,65,360.62
3758,P1013,2026-01-05,RECEIPT,98,360.62
3759,P1184,2026-06-03,RECEIPT,50,285.56
3760,P1005,2026-06-14,RECEIPT,144,308.82
3761,P1168,2026-01-22,RECEIPT,13,267.34
3762,P1120,2026-08-14,RECEIPT,6,402.41
3763,P1167,2025-12-11,ISSUE,70,296.43
3764,P1157,2026-07-23,ISSUE,113,162.53
3765,P1102,2026-01-25,ISSUE,87,172.98
3766,P1117,2025-10-15,ISSUE,61,48.33
3767,P1039,2026-05-30,RECEIPT,57,183.94
3768,P1067,2026-02-14,ISSUE,86,344.06
3769,P1106,2025-11-25,ISSUE,126,408.61
3770,P1145,2026-03-19,ISSUE,18,82.47
3771,P1140,2026-03-15,RECEIPT,35,315.91
3772,P1051,2025-10-27,RECEIPT,136,160.92
3773,P1098,2026-02-19,ISSUE,36,282.91
3774,P1004,2026-02-01,ISSUE,20,481.29
3775,P1096,2026-05-25,ISSUE,104,285.94
3776,P1116,2025-10-08,RECEIPT,19,52.28
3777,P1130,2026-05-27,RECEIPT,82,172.57
3778,P1153,2026-02-02,ISSUE,119,188.52
3779,P1137,2025-09-15,RECEIPT,59,466.13
3780,P1091,2026-01-24,ISSUE,64,403.86
3781,P1057,2026-08-01,RECEIPT,100,373.34
3782,P1126,2025-12-08,ISSUE,77,33.54
3783,P1164,2026-04-03,ISSUE,84,429.12
3784,P1011,2026-01-14,ISSUE,69,142.8
3785,P1116,2026-08-05,RECEIPT,147,52.28
3786,P1094,2026-08-23,RECEIPT,47,113.95
3787,P1119,2025-11-09,ISSUE,138,429.68
3788,P1025,2026-08-04,ISSUE,112,292.72
3789,P1125,2025-09-19,ISSUE,27,240.76
3790,P1125,2026-08-02,ISSUE,76,240.76
3791,P1087,2026-01-01,ISSUE,134,140.16
3792,P1146,2025-12-30,ISSUE,54,421.56
3793,P1088,2025-09-11,RECEIPT,52,317.63
3794,P1179,2026-08-22,ISSUE,39,175.99
3795,P1034,2025-09-22,ISSUE,84,162.46
3796,P1012,2026-06-10,RECEIPT,59,154.38
3797,P1070,2026-03-14,ISSUE,52,266.27
3798,P1099,2026-07-22,ISSUE,143,255.82
3799,P1112,2025-11-25,RECEIPT,88,444.58
3800,P1097,2026-01-01,ISSUE,11,438.28
3801,P1016,2026-06-30,ISSUE,16,60.67
3802,P1007,2025-10-29,ISSUE,134,182.23
3803,P1009,2025-12-13,RECEIPT,73,183.9
3804,P1113,2026-01-08,ISSUE,136,45.1
3805,P1176,2025-10-28,ISSUE,128,337.23
3806,P1090,2026-06-18,RECEIPT,105,243.92
3807,P1082,2026-07-07,RECEIPT,39,35.88
3808,P1013,2025-09-03,RECEIPT,123,360.62
3809,P1087,2026-07-07,ISSUE,18,140.16
3810,P1117,2025-09-28,RECEIPT,121,48.33
3811,P1094,2025-12-02,ISSUE,53,113.95
3812,P1069,2026-03-30,RECEIPT,29,436.57
3813,P1192,2025-11-16,ISSUE,21,114.43
3814,P1001,2025-11-26,ISSUE,94,58.77
3815,P1077,2025-12-19,RECEIPT,80,51.66
3816,P1181,2026-05-01,RECEIPT,114,81.24
3817,P1171,2026-05-28,RECEIPT,27,106.96
3818,P1035,2025-09-04,ISSUE,99,181.19
3819,P1121,2026-02-07,ISSUE,45,320.62
3820,P1180,2026-04-22,ISSUE,133,77.6
3821,P1014,2026-01-21,ISSUE,89,452.45
3822,P1104,2026-01-08,ISSUE,73,408.18
3823,P1007,2026-03-20,ISSUE,71,182.23
3824,P1117,2026-07-03,RECEIPT,118,48.33
3825,P1166,2026-05-21,ISSUE,53,267.96
3826,P1170,2026-08-11,ISSUE,129,207.47
3827,P1039,2026-04-21,RECEIPT,109,183.94
3828,P1031,2026-03-26,ISSUE,30,283.46
3829,P1178,2026-01-13,ISSUE,87,276.28
3830,P1096,2026-05-03,RECEIPT,123,285.94
3831,P1041,2025-11-19,ISSUE,70,254.37
3832,P1091,2025-09-16,RECEIPT,97,403.86
3833,P1074,2025-09-23,RECEIPT,76,111.17
3834,P1131,2025-10-30,RECEIPT,50,353.58
3835,P1073,2026-04-29,RECEIPT,76,439.74
3836,P1189,2026-06-08,ISSUE,93,385.52
3837,P1168,2025-11-23,ISSUE,20,267.34
3838,P1102,2026-08-10,ISSUE,105,172.98
3839,P1117,2026-04-24,ISSUE,85,48.33
3840,P1180,2026-05-13,RECEIPT,110,77.6
3841,P1045,2026-07-02,ISSUE,148,447.5
3842,P1036,2026-02-28,ISSUE,134,69.34
3843,P1168,2025-12-25,RECEIPT,70,267.34
3844,P1053,2025-11-08,RECEIPT,18,348.12
3845,P1100,2025-12-27,RECEIPT,54,144.66
3846,P1027,2025-10-27,RECEIPT,94,276.32
3847,P1021,2025-11-26,ISSUE,83,364.39
3848,P1063,2026-08-26,ISSUE,98,124.62
3849,P1030,2026-04-28,ISSUE,74,444.63
3850,P1070,2026-07-12,ISSUE,12,266.27
3851,P1198,2026-02-05,RECEIPT,16,231.14
3852,P1127,2025-10-14,ISSUE,67,357.19
3853,P1038,2026-02-01,ISSUE,75,205.78
3854,P1077,2026-01-19,ISSUE,143,51.66
3855,P1099,2026-03-01,ISSUE,46,255.82
3856,P1071,2026-07-16,RECEIPT,130,395.38
3857,P1146,2026-03-08,RECEIPT,80,421.56
3858,P1165,2026-08-29,ISSUE,14,180.53
3859,P1089,2026-07-25,RECEIPT,86,116.42
3860,P1123,2025-12-23,RECEIPT,116,239.15
3861,P1072,2026-06-11,RECEIPT,116,69.66
3862,P1017,2026-08-25,ISSUE,9,451.51
3863,P1023,2026-06-26,ISSUE,48,271.43
3864,P1176,2026-08-02,ISSUE,38,337.23
3865,P1198,2025-11-24,RECEIPT,24,231.14
3866,P1141,2025-12-28,RECEIPT,12,142.05
3867,P1173,2026-08-12,ISSUE,56,94.27
3868,P1148,2026-05-27,ISSUE,32,219.67
3869,P1180,2026-04-03,ISSUE,7,77.6
3870,P1140,2026-03-29,ISSUE,37,315.91
3871,P1034,2025-11-06,RECEIPT,129,162.46
3872,P1079,2025-11-12,RECEIPT,56,165.08
3873,P1112,2026-01-30,ISSUE,110,444.58
3874,P1024,2026-07-31,ISSUE,121,62.99
3875,P1191,2025-09-06,ISSUE,105,89.49
3876,P1149,2025-09-09,ISSUE,93,282.64
3877,P1120,2026-07-02,RECEIPT,139,402.41
3878,P1190,2026-01-15,ISSUE,101,379.59
3879,P1014,2026-02-22,ISSUE,32,452.45
3880,P1071,2026-01-18,ISSUE,124,395.38
3881,P1167,2026-05-08,RECEIPT,135,296.43
3882,P1128,2025-11-23,RECEIPT,126,418.75
3883,P1192,2026-06-06,RECEIPT,145,114.43
3884,P1157,2026-08-17,RECEIPT,7,162.53
3885,P1098,2026-08-09,RECEIPT,62,282.91
3886,P1192,2026-02-15,RECEIPT,21,114.43
3887,P1056,2025-09-18,ISSUE,55,334.84
3888,P1173,2026-03-02,ISSUE,64,94.27
3889,P1049,2026-05-24,ISSUE,105,257.17
3890,P1142,2025-11-14,ISSUE,94,172.04
3891,P1126,2026-04-28,ISSUE,22,33.54
3892,P1091,2026-01-31,RECEIPT,63,403.86
3893,P1054,2026-06-02,ISSUE,95,154.2
3894,P1172,2026-01-06,ISSUE,9,35.94
3895,P1080,2026-06-16,ISSUE,73,362.77
3896,P1132,2025-09-23,RECEIPT,105,295.43
3897,P1097,2026-05-22,ISSUE,22,438.28
3898,P1094,2026-02-25,RECEIPT,134,113.95
3899,P1022,2026-06-05,ISSUE,44,132.6
3900,P1016,2025-09-05,ISSUE,125,60.67
3901,P1129,2026-07-07,RECEIPT,49,127.8
3902,P1136,2026-07-05,RECEIPT,106,150.39
3903,P1177,2026-01-05,ISSUE,79,106.85
3904,P1063,2025-10-02,ISSUE,120,124.62
3905,P1173,2026-05-15,RECEIPT,90,94.27
3906,P1044,2026-05-14,ISSUE,48,345.07
3907,P1063,2026-03-09,ISSUE,101,124.62
3908,P1052,2025-09-28,ISSUE,22,33.53
3909,P1031,2025-11-21,RECEIPT,76,283.46
3910,P1045,2026-05-02,ISSUE,147,447.5
3911,P1166,2025-12-31,ISSUE,9,267.96
3912,P1088,2026-06-04,RECEIPT,37,317.63
3913,P1129,2026-01-31,RECEIPT,14,127.8
3914,P1196,2025-11-15,RECEIPT,67,317.86
3915,P1067,2025-09-26,RECEIPT,126,344.06
3916,P1126,2025-11-14,RECEIPT,21,33.54
3917,P1124,2026-02-28,RECEIPT,53,455.07
3918,P1026,2026-01-24,ISSUE,40,30.31
3919,P1147,2025-10-13,RECEIPT,47,175.87
3920,P1007,2026-08-06,ISSUE,99,182.23
3921,P1127,2026-01-18,RECEIPT,27,357.19
3922,P1174,2026-02-12,RECEIPT,38,26.27
3923,P1021,2025-09-24,ISSUE,16,364.39
3924,P1019,2026-02-02,RECEIPT,85,135.07
3925,P1089,2025-09-22,ISSUE,87,116.42
3926,P1160,2025-09-20,ISSUE,121,218.14
3927,P1119,2026-07-19,ISSUE,144,429.68
3928,P1107,2025-11-11,ISSUE,12,417.58
3929,P1149,2026-03-04,ISSUE,5,282.64
3930,P1180,2026-07-16,RECEIPT,32,77.6
3931,P1119,2026-02-27,RECEIPT,92,429.68
3932,P1020,2026-07-04,ISSUE,128,50.05
3933,P1146,2026-02-27,RECEIPT,71,421.56
3934,P1020,2025-12-06,ISSUE,16,50.05
3935,P1170,2025-11-22,ISSUE,11,207.47
3936,P1010,2026-05-16,ISSUE,49,431.29
3937,P1197,2026-08-29,ISSUE,58,395.9
3938,P1090,2026-04-12,RECEIPT,128,243.92
3939,P1150,2025-11-01,ISSUE,101,424.36
3940,P1109,2026-07-16,ISSUE,73,353.84
3941,P1147,2025-12-27,RECEIPT,19,175.87
3942,P1030,2025-09-20,ISSUE,83,444.63
3943,P1019,2026-05-09,ISSUE,6,135.07
3944,P1172,2026-03-22,ISSUE,115,35.94
3945,P1148,2026-01-16,RECEIPT,146,219.67
3946,P1009,2025-10-19,ISSUE,89,183.9
3947,P1147,2026-01-13,RECEIPT,134,175.87
3948,P1189,2026-06-11,ISSUE,62,385.52
3949,P1091,2025-09-14,RECEIPT,19,403.86
3950,P1172,2026-08-24,ISSUE,115,35.94
3951,P1045,2025-10-25,RECEIPT,91,447.5
3952,P1139,2026-02-24,ISSUE,38,278.97
3953,P1025,2026-08-15,ISSUE,42,292.72
3954,P1096,2026-01-12,ISSUE,24,285.94
3955,P1158,2025-10-27,ISSUE,89,37.36
3956,P1174,2025-10-16,ISSUE,44,26.27
3957,P1185,2026-06-03,RECEIPT,115,111.5
3958,P1011,2025-09-30,RECEIPT,149,142.8
3959,P1107,2026-03-11,ISSUE,87,417.58
3960,P1105,2026-07-31,RECEIPT,26,473.95
3961,P1056,2025-10-28,RECEIPT,58,334.84
3962,P1162,2026-01-19,RECEIPT,34,26.46
3963,P1018,2026-06-21,RECEIPT,125,389.28
3964,P1057,2026-05-25,ISSUE,94,373.34
3965,P1016,2025-11-05,ISSUE,121,60.67
3966,P1182,2026-02-05,RECEIPT,128,316.7
3967,P1189,2026-06-11,ISSUE,89,385.52
3968,P1137,2025-09-19,RECEIPT,24,466.13
3969,P1020,2026-05-01,ISSUE,22,50.05
3970,P1177,2026-03-12,RECEIPT,135,106.85
3971,P1143,2026-02-15,RECEIPT,111,261.16
3972,P1085,2025-09-14,RECEIPT,117,139.55
3973,P1146,2026-07-17,ISSUE,144,421.56
3974,P1045,2026-04-04,RECEIPT,132,447.5
3975,P1148,2026-02-18,ISSUE,139,219.67
3976,P1042,2025-12-01,ISSUE,14,372.99
3977,P1178,2026-03-27,ISSUE,115,276.28
3978,P1108,2026-01-14,ISSUE,42,191.84
3979,P1034,2026-05-09,ISSUE,43,162.46
3980,P1113,2026-02-08,RECEIPT,91,45.1
3981,P1126,2026-01-04,ISSUE,135,33.54
3982,P1159,2025-10-06,ISSUE,76,389.87
3983,P1075,2026-02-19,RECEIPT,83,292.75
3984,P1182,2025-10-09,RECEIPT,87,316.7
3985,P1071,2025-09-06,RECEIPT,126,395.38
3986,P1140,2025-11-23,RECEIPT,89,315.91
3987,P1028,2026-05-25,ISSUE,37,420.17
3988,P1184,2026-05-05,ISSUE,126,285.56
3989,P1123,2026-04-10,ISSUE,29,239.15
3990,P1041,2025-10-14,ISSUE,66,254.37
3991,P1020,2026-06-18,ISSUE,93,50.05
3992,P1098,2026-02-08,RECEIPT,40,282.91
3993,P1198,2026-01-20,RECEIPT,42,231.14
3994,P1197,2026-03-09,ISSUE,75,395.9
3995,P1126,2026-03-26,RECEIPT,103,33.54
3996,P1107,2026-03-22,ISSUE,58,417.58
3997,P1076,2025-10-07,ISSUE,59,312.65
3998,P1047,2026-07-31,RECEIPT,136,285.65
3999,P1155,2026-06-03,RECEIPT,138,337.37
4000,P1167,2026-03-01,RECEIPT,21,296.43
4001,P1153,2026-06-17,ISSUE,85,188.52
4002,P1142,2025-12-24,RECEIPT,7,172.04
4003,P1114,2026-07-17,ISSUE,52,75.45
4004,P1191,2026-07-24,ISSUE,108,89.49
4005,P1163,2026-03-26,ISSUE,127,478.66
4006,P1139,2025-11-23,ISSUE,47,278.97
4007,P1099,2025-09-18,ISSUE,67,255.82
4008,P1109,2026-05-09,RECEIPT,92,353.84
4009,P1172,2026-05-24,RECEIPT,8,35.94
4010,P1157,2025-12-25,RECEIPT,137,162.53
4011,P1192,2026-06-19,ISSUE,149,114.43
4012,P1162,2026-06-11,ISSUE,82,26.46
4013,P1143,2026-07-31,ISSUE,17,261.16
4014,P1045,2025-11-17,RECEIPT,124,447.5
4015,P1133,2025-11-19,ISSUE,8,447.19
4016,P1062,2025-12-30,RECEIPT,79,498.0
4017,P1120,2026-05-04,RECEIPT,9,402.41
4018,P1174,2026-02-24,ISSUE,114,26.27
4019,P1083,2026-01-30,ISSUE,35,433.93
4020,P1041,2026-03-20,RECEIPT,129,254.37
4021,P1045,2025-10-25,ISSUE,40,447.5
4022,P1031,2026-04-02,ISSUE,18,283.46
4023,P1116,2026-04-26,RECEIPT,64,52.28
4024,P1180,2026-06-23,ISSUE,38,77.6
4025,P1077,2025-09-01,ISSUE,10,51.66
4026,P1084,2025-12-13,ISSUE,33,166.13
4027,P1074,2026-03-21,RECEIPT,6,111.17
4028,P1156,2025-11-09,ISSUE,78,89.69
4029,P1189,2026-05-16,RECEIPT,99,385.52
4030,P1106,2025-12-18,RECEIPT,16,408.61
4031,P1030,2026-05-18,RECEIPT,76,444.63
4032,P1164,2026-03-06,RECEIPT,37,429.12
4033,P1065,2026-06-20,ISSUE,28,54.69
4034,P1063,2025-10-27,RECEIPT,123,124.62
4035,P1176,2026-07-20,RECEIPT,144,337.23
4036,P1154,2026-07-05,RECEIPT,46,437.38
4037,P1020,2026-02-24,ISSUE,123,50.05
4038,P1123,2026-07-08,RECEIPT,30,239.15
4039,P1039,2026-05-26,RECEIPT,108,183.94
4040,P1149,2026-07-31,ISSUE,21,282.64
4041,P1001,2025-10-13,ISSUE,40,58.77
4042,P1150,2026-05-21,ISSUE,34,424.36
4043,P1101,2026-08-15,ISSUE,74,259.81
4044,P1160,2025-12-09,ISSUE,78,218.14
4045,P1187,2026-08-10,ISSUE,20,43.99
4046,P1166,2025-11-13,RECEIPT,41,267.96
4047,P1002,2026-01-17,ISSUE,91,227.87
4048,P1018,2026-06-22,ISSUE,19,389.28
4049,P1059,2026-04-21,ISSUE,103,224.34
4050,P1056,2025-09-11,RECEIPT,49,334.84
4051,P1118,2026-01-25,RECEIPT,18,345.11
4052,P1135,2026-07-09,RECEIPT,55,342.78
4053,P1078,2026-07-13,RECEIPT,74,489.23
4054,P1014,2026-06-19,RECEIPT,139,452.45
4055,P1001,2025-12-07,RECEIPT,120,58.77
4056,P1133,2025-11-02,ISSUE,138,447.19
4057,P1168,2025-10-03,RECEIPT,62,267.34
4058,P1056,2025-10-19,RECEIPT,45,334.84
4059,P1089,2026-01-31,ISSUE,102,116.42
4060,P1056,2025-11-12,ISSUE,122,334.84
4061,P1174,2026-05-12,RECEIPT,123,26.27
4062,P1138,2026-05-22,RECEIPT,56,197.5
4063,P1047,2025-12-20,ISSUE,58,285.65
4064,P1175,2026-08-06,ISSUE,99,227.87
4065,P1153,2026-04-03,ISSUE,57,188.52
4066,P1061,2026-01-04,ISSUE,70,469.05
4067,P1140,2026-03-05,RECEIPT,33,315.91
4068,P1041,2026-05-02,ISSUE,78,254.37
4069,P1184,2025-09-05,ISSUE,12,285.56
4070,P1196,2026-02-17,ISSUE,96,317.86
4071,P1106,2026-08-07,ISSUE,105,408.61
4072,P1061,2026-02-26,RECEIPT,117,469.05
4073,P1112,2025-10-01,ISSUE,50,444.58
4074,P1155,2026-07-25,ISSUE,91,337.37
4075,P1116,2025-12-20,RECEIPT,62,52.28
4076,P1116,2026-04-30,RECEIPT,122,52.28
4077,P1131,2026-01-05,RECEIPT,88,353.58
4078,P1067,2026-08-15,ISSUE,46,344.06
4079,P1073,2026-01-17,ISSUE,50,439.74
4080,P1138,2026-01-28,ISSUE,41,197.5
4081,P1146,2026-03-05,ISSUE,127,421.56
4082,P1147,2025-09-10,RECEIPT,81,175.87
4083,P1078,2026-03-12,ISSUE,41,489.23
4084,P1104,2026-03-11,RECEIPT,16,408.18
4085,P1042,2026-04-07,ISSUE,60,372.99
4086,P1021,2026-05-30,ISSUE,10,364.39
4087,P1018,2026-05-28,ISSUE,106,389.28
4088,P1065,2026-02-04,ISSUE,124,54.69
4089,P1108,2025-11-06,ISSUE,27,191.84
4090,P1031,2026-08-25,ISSUE,63,283.46
4091,P1011,2026-01-10,RECEIPT,11,142.8
4092,P1034,2025-09-20,ISSUE,33,162.46
4093,P1191,2026-01-14,RECEIPT,128,89.49
4094,P1102,2026-05-25,ISSUE,135,172.98
4095,P1178,2025-12-19,RECEIPT,123,276.28
4096,P1178,2026-02-14,RECEIPT,41,276.28
4097,P1129,2026-06-16,ISSUE,94,127.8
4098,P1074,2026-07-08,ISSUE,76,111.17
4099,P1069,2025-10-24,RECEIPT,117,436.57
4100,P1003,2025-10-18,RECEIPT,116,137.45
4101,P1112,2026-08-28,ISSUE,52,444.58
4102,P1050,2026-08-21,ISSUE,78,98.34
4103,P1107,2026-02-21,RECEIPT,30,417.58
4104,P1137,2026-03-27,RECEIPT,48,466.13
4105,P1011,2026-02-18,ISSUE,23,142.8
4106,P1163,2026-07-25,RECEIPT,34,478.66
4107,P1053,2026-01-12,ISSUE,16,348.12
4108,P1041,2026-07-11,ISSUE,55,254.37
4109,P1053,2026-05-23,ISSUE,143,348.12
4110,P1150,2026-06-11,ISSUE,51,424.36
4111,P1190,2025-12-06,RECEIPT,30,379.59
4112,P1024,2025-12-04,RECEIPT,33,62.99
4113,P1099,2026-03-19,ISSUE,106,255.82
4114,P1065,2026-01-02,ISSUE,107,54.69
4115,P1174,2026-08-07,ISSUE,55,26.27
4116,P1157,2025-09-01,RECEIPT,60,162.53
4117,P1159,2026-05-08,ISSUE,30,389.87
4118,P1150,2026-05-06,RECEIPT,87,424.36
4119,P1041,2025-10-16,RECEIPT,145,254.37
4120,P1089,2026-08-02,ISSUE,55,116.42
4121,P1133,2026-01-30,ISSUE,63,447.19
4122,P1188,2026-06-26,ISSUE,142,205.8
4123,P1080,2026-03-25,RECEIPT,62,362.77
4124,P1051,2026-06-01,ISSUE,118,160.92
4125,P1026,2025-10-16,ISSUE,8,30.31
4126,P1187,2026-02-06,ISSUE,100,43.99
4127,P1148,2025-10-16,ISSUE,115,219.67
4128,P1139,2026-05-14,ISSUE,128,278.97
4129,P1109,2026-01-02,ISSUE,27,353.84
4130,P1089,2026-01-03,ISSUE,136,116.42
4131,P1023,2025-12-28,RECEIPT,141,271.43
4132,P1104,2026-08-24,RECEIPT,63,408.18
4133,P1176,2025-11-11,ISSUE,120,337.23
4134,P1160,2025-09-03,ISSUE,64,218.14
4135,P1157,2026-08-14,RECEIPT,131,162.53
4136,P1106,2025-09-27,RECEIPT,109,408.61
4137,P1039,2026-06-02,ISSUE,54,183.94
4138,P1075,2025-12-03,ISSUE,78,292.75
4139,P1055,2026-04-19,ISSUE,64,415.33
4140,P1153,2026-05-22,RECEIPT,5,188.52
4141,P1068,2025-10-02,RECEIPT,77,142.48
4142,P1004,2025-10-09,ISSUE,53,481.29
4143,P1058,2026-05-01,RECEIPT,114,443.58
4144,P1020,2026-01-28,ISSUE,95,50.05
4145,P1094,2026-05-06,RECEIPT,37,113.95
4146,P1180,2025-11-07,ISSUE,23,77.6
4147,P1115,2025-10-24,ISSUE,66,28.83
4148,P1030,2026-02-17,RECEIPT,109,444.63
4149,P1136,2026-01-05,ISSUE,145,150.39
4150,P1050,2025-11-03,RECEIPT,90,98.34
4151,P1070,2026-01-19,ISSUE,91,266.27
4152,P1054,2025-12-25,ISSUE,118,154.2
4153,P1113,2026-08-29,RECEIPT,20,45.1
4154,P1135,2026-06-05,RECEIPT,38,342.78
4155,P1153,2026-07-23,ISSUE,98,188.52
4156,P1037,2025-10-24,RECEIPT,126,142.11
4157,P1198,2026-06-23,ISSUE,6,231.14
4158,P1087,2025-12-09,ISSUE,140,140.16
4159,P1082,2026-06-09,ISSUE,77,35.88
4160,P1113,2026-04-09,RECEIPT,21,45.1
4161,P1012,2025-10-31,ISSUE,33,154.38
4162,P1102,2026-05-19,ISSUE,63,172.98
4163,P1002,2025-11-26,ISSUE,14,227.87
4164,P1058,2025-09-28,ISSUE,90,443.58
4165,P1009,2026-03-30,ISSUE,129,183.9
4166,P1129,2026-08-15,ISSUE,84,127.8
4167,P1156,2026-02-19,ISSUE,93,89.69
4168,P1153,2025-09-09,RECEIPT,141,188.52
4169,P1097,2026-01-25,RECEIPT,111,438.28
4170,P1075,2026-05-01,ISSUE,34,292.75
4171,P1192,2025-11-27,ISSUE,26,114.43
4172,P1086,2026-05-23,ISSUE,106,48.1
4173,P1004,2026-06-20,ISSUE,119,481.29
4174,P1068,2025-12-17,ISSUE,45,142.48
4175,P1148,2026-03-08,ISSUE,56,219.67
4176,P1079,2026-04-21,ISSUE,18,165.08
4177,P1178,2026-05-14,RECEIPT,123,276.28
4178,P1126,2026-01-24,ISSUE,82,33.54
4179,P1087,2026-08-10,ISSUE,97,140.16
4180,P1092,2025-09-21,ISSUE,121,478.49
4181,P1119,2026-06-10,ISSUE,13,429.68
4182,P1088,2025-12-19,ISSUE,38,317.63
4183,P1029,2026-04-11,RECEIPT,47,298.76
4184,P1021,2026-07-09,RECEIPT,57,364.39
4185,P1072,2026-07-24,RECEIPT,27,69.66
4186,P1023,2025-10-23,ISSUE,134,271.43
4187,P1143,2026-02-04,ISSUE,88,261.16
4188,P1189,2026-03-04,RECEIPT,32,385.52
4189,P1109,2026-01-19,RECEIPT,5,353.84
4190,P1044,2026-01-07,RECEIPT,104,345.07
4191,P1014,2025-11-30,ISSUE,117,452.45
4192,P1084,2026-08-29,ISSUE,147,166.13
4193,P1002,2026-03-25,ISSUE,21,227.87
4194,P1062,2026-08-02,RECEIPT,119,498.0
4195,P1021,2025-12-21,RECEIPT,110,364.39
4196,P1028,2025-10-10,ISSUE,59,420.17
4197,P1076,2025-10-02,ISSUE,90,312.65
4198,P1165,2026-07-04,RECEIPT,52,180.53
4199,P1160,2025-09-04,RECEIPT,20,218.14
4200,P1105,2025-12-24,ISSUE,109,473.95
4201,P1187,2025-12-07,RECEIPT,121,43.99
4202,P1108,2025-10-06,RECEIPT,44,191.84
4203,P1139,2026-04-10,RECEIPT,129,278.97
4204,P1016,2026-08-30,ISSUE,132,60.67
4205,P1048,2026-01-25,RECEIPT,8,345.05
4206,P1015,2026-01-12,RECEIPT,89,346.46
4207,P1167,2026-04-22,ISSUE,12,296.43
4208,P1157,2026-04-29,ISSUE,110,162.53
4209,P1029,2026-07-07,ISSUE,144,298.76
4210,P1077,2025-09-09,ISSUE,123,51.66
4211,P1006,2025-09-22,ISSUE,10,241.77
4212,P1110,2026-07-07,RECEIPT,104,206.28
4213,P1013,2026-08-02,ISSUE,89,360.62
4214,P1064,2026-02-07,RECEIPT,105,375.68
4215,P1046,2026-01-03,ISSUE,128,238.77
4216,P1071,2026-01-27,ISSUE,10,395.38
4217,P1042,2025-12-24,ISSUE,57,372.99
4218,P1029,2026-05-11,ISSUE,16,298.76
4219,P1158,2026-05-04,RECEIPT,123,37.36
4220,P1119,2026-04-21,ISSUE,108,429.68
4221,P1089,2025-12-26,ISSUE,24,116.42
4222,P1037,2026-06-10,RECEIPT,18,142.11
4223,P1178,2026-03-05,ISSUE,11,276.28
4224,P1192,2026-07-16,ISSUE,58,114.43
4225,P1150,2026-04-15,ISSUE,12,424.36
4226,P1196,2026-08-21,RECEIPT,93,317.86
4227,P1093,2026-05-11,ISSUE,18,356.24
4228,P1021,2026-07-24,RECEIPT,56,364.39
4229,P1123,2026-03-12,RECEIPT,17,239.15
4230,P1195,2026-04-24,ISSUE,47,381.1
4231,P1181,2026-06-26,ISSUE,67,81.24
4232,P1121,2026-06-04,ISSUE,147,320.62
4233,P1137,2025-09-30,RECEIPT,103,466.13
4234,P1067,2026-06-12,RECEIPT,89,344.06
4235,P1045,2026-06-29,ISSUE,91,447.5
4236,P1015,2026-02-01,ISSUE,41,346.46
4237,P1095,2025-09-12,ISSUE,20,203.91
4238,P1092,2026-02-04,RECEIPT,19,478.49
4239,P1154,2025-10-19,ISSUE,110,437.38
4240,P1061,2026-05-21,RECEIPT,95,469.05
4241,P1151,2026-06-17,ISSUE,94,87.35
4242,P1170,2026-08-11,RECEIPT,128,207.47
4243,P1157,2025-09-03,ISSUE,148,162.53
4244,P1170,2025-10-30,RECEIPT,74,207.47
4245,P1037,2026-01-20,ISSUE,23,142.11
4246,P1130,2026-07-31,ISSUE,75,172.57
4247,P1101,2026-05-01,RECEIPT,72,259.81
4248,P1030,2025-12-26,RECEIPT,122,444.63
4249,P1149,2025-11-09,RECEIPT,6,282.64
4250,P1023,2026-02-21,RECEIPT,107,271.43
4251,P1045,2026-02-12,ISSUE,99,447.5
4252,P1190,2026-06-19,ISSUE,70,379.59
4253,P1132,2026-03-02,ISSUE,23,295.43
4254,P1084,2026-08-03,ISSUE,31,166.13
4255,P1056,2026-04-18,RECEIPT,90,334.84
4256,P1122,2025-10-01,RECEIPT,37,397.28
4257,P1035,2026-05-05,ISSUE,103,181.19
4258,P1160,2026-04-05,RECEIPT,136,218.14
4259,P1184,2026-08-21,ISSUE,37,285.56
4260,P1175,2025-09-12,RECEIPT,143,227.87
4261,P1052,2026-05-27,ISSUE,130,33.53
4262,P1186,2026-07-25,ISSUE,80,435.74
4263,P1011,2026-05-12,ISSUE,8,142.8
4264,P1053,2025-10-24,ISSUE,46,348.12
4265,P1078,2026-06-16,RECEIPT,149,489.23
4266,P1014,2026-01-11,ISSUE,49,452.45
4267,P1171,2026-03-26,ISSUE,36,106.96
4268,P1024,2025-09-23,ISSUE,67,62.99
4269,P1199,2026-02-08,ISSUE,46,289.09
4270,P1097,2026-04-30,RECEIPT,131,438.28
4271,P1043,2025-11-08,ISSUE,111,209.96
4272,P1050,2025-12-03,ISSUE,149,98.34
4273,P1030,2026-04-02,RECEIPT,84,444.63
4274,P1181,2025-12-31,ISSUE,53,81.24
4275,P1197,2025-09-02,ISSUE,51,395.9
4276,P1024,2026-05-16,RECEIPT,39,62.99
4277,P1192,2025-12-10,RECEIPT,20,114.43
4278,P1014,2026-03-15,ISSUE,85,452.45
4279,P1136,2025-11-10,ISSUE,78,150.39
4280,P1061,2026-04-05,RECEIPT,60,469.05
4281,P1021,2026-01-14,ISSUE,32,364.39
4282,P1058,2026-07-31,ISSUE,93,443.58
4283,P1134,2025-12-05,ISSUE,68,249.28
4284,P1000,2026-03-18,RECEIPT,108,136.85
4285,P1034,2025-11-12,ISSUE,124,162.46
4286,P1124,2026-06-11,ISSUE,89,455.07
4287,P1057,2026-07-12,ISSUE,22,373.34
4288,P1111,2026-06-02,RECEIPT,147,31.63
4289,P1022,2025-09-26,RECEIPT,14,132.6
4290,P1088,2026-03-19,ISSUE,117,317.63
4291,P1141,2026-07-16,ISSUE,26,142.05
4292,P1073,2026-06-16,ISSUE,39,439.74
4293,P1065,2026-01-19,RECEIPT,107,54.69
4294,P1113,2025-10-25,RECEIPT,72,45.1
4295,P1021,2026-06-02,ISSUE,112,364.39
4296,P1000,2026-07-09,ISSUE,95,136.85
4297,P1099,2026-04-11,RECEIPT,34,255.82
4298,P1153,2025-09-09,ISSUE,79,188.52
4299,P1040,2026-04-12,RECEIPT,59,257.88
4300,P1199,2026-06-26,RECEIPT,30,289.09
4301,P1059,2026-02-03,ISSUE,79,224.34
4302,P1176,2026-01-05,RECEIPT,120,337.23
4303,P1114,2025-09-24,RECEIPT,53,75.45
4304,P1029,2026-08-30,ISSUE,74,298.76
4305,P1100,2026-01-29,ISSUE,103,144.66
4306,P1197,2026-07-02,RECEIPT,136,395.9
4307,P1049,2025-09-08,ISSUE,108,257.17
4308,P1139,2026-02-12,ISSUE,124,278.97
4309,P1138,2026-04-12,RECEIPT,140,197.5
4310,P1107,2025-09-01,ISSUE,27,417.58
4311,P1108,2026-04-06,ISSUE,9,191.84
4312,P1163,2026-07-14,ISSUE,123,478.66
4313,P1095,2026-03-11,RECEIPT,40,203.91
4314,P1007,2025-10-10,ISSUE,28,182.23
4315,P1175,2026-08-04,ISSUE,33,227.87
4316,P1104,2026-06-19,RECEIPT,14,408.18
4317,P1080,2026-06-22,ISSUE,52,362.77
4318,P1148,2026-03-16,RECEIPT,99,219.67
4319,P1006,2026-04-18,RECEIPT,97,241.77
4320,P1117,2026-04-05,ISSUE,49,48.33
4321,P1036,2026-04-23,ISSUE,26,69.34
4322,P1002,2026-05-02,RECEIPT,107,227.87
4323,P1039,2025-09-15,RECEIPT,74,183.94
4324,P1076,2025-09-22,ISSUE,115,312.65
4325,P1179,2025-12-18,ISSUE,124,175.99
4326,P1093,2026-04-28,RECEIPT,7,356.24
4327,P1009,2025-10-13,ISSUE,55,183.9
4328,P1186,2026-04-30,RECEIPT,23,435.74
4329,P1040,2026-06-17,ISSUE,64,257.88
4330,P1105,2026-02-16,RECEIPT,122,473.95
4331,P1107,2026-04-17,RECEIPT,111,417.58
4332,P1178,2026-01-08,ISSUE,128,276.28
4333,P1157,2026-04-09,ISSUE,132,162.53
4334,P1064,2026-01-23,ISSUE,68,375.68
4335,P1184,2026-05-05,ISSUE,12,285.56
4336,P1014,2026-04-08,RECEIPT,25,452.45
4337,P1020,2026-01-26,ISSUE,122,50.05
4338,P1185,2025-12-16,ISSUE,107,111.5
4339,P1011,2026-07-11,RECEIPT,65,142.8
4340,P1121,2026-08-21,RECEIPT,72,320.62
4341,P1006,2026-05-07,RECEIPT,138,241.77
4342,P1166,2026-06-14,RECEIPT,81,267.96
4343,P1011,2026-01-25,RECEIPT,143,142.8
4344,P1021,2025-12-30,ISSUE,78,364.39
4345,P1192,2025-09-26,RECEIPT,148,114.43
4346,P1002,2026-08-06,ISSUE,59,227.87
4347,P1061,2025-11-06,RECEIPT,112,469.05
4348,P1172,2026-06-02,ISSUE,31,35.94
4349,P1026,2026-07-24,ISSUE,32,30.31
4350,P1062,2025-10-28,RECEIPT,121,498.0
4351,P1166,2026-06-03,ISSUE,140,267.96
4352,P1150,2026-02-25,ISSUE,71,424.36
4353,P1155,2025-12-27,RECEIPT,39,337.37
4354,P1048,2025-12-23,RECEIPT,126,345.05
4355,P1167,2026-07-12,ISSUE,101,296.43
4356,P1053,2026-03-15,RECEIPT,87,348.12
4357,P1075,2025-12-12,RECEIPT,109,292.75
4358,P1004,2026-06-24,ISSUE,75,481.29
4359,P1088,2026-03-16,RECEIPT,59,317.63
4360,P1157,2025-09-25,ISSUE,69,162.53
4361,P1051,2026-01-06,ISSUE,49,160.92
4362,P1153,2026-05-05,ISSUE,88,188.52
4363,P1160,2025-09-05,ISSUE,73,218.14
4364,P1027,2026-02-03,ISSUE,108,276.32
4365,P1056,2025-12-20,ISSUE,72,334.84
4366,P1062,2026-01-26,ISSUE,61,498.0
4367,P1016,2025-09-06,ISSUE,55,60.67
4368,P1072,2026-02-25,ISSUE,132,69.66
4369,P1158,2026-02-19,RECEIPT,132,37.36
4370,P1026,2026-07-06,RECEIPT,53,30.31
4371,P1164,2026-02-23,ISSUE,144,429.12
4372,P1079,2025-11-11,RECEIPT,137,165.08
4373,P1059,2026-01-11,RECEIPT,111,224.34
4374,P1196,2025-10-10,ISSUE,140,317.86
4375,P1023,2025-09-25,ISSUE,96,271.43
4376,P1022,2025-12-01,RECEIPT,24,132.6
4377,P1190,2025-12-29,ISSUE,24,379.59
4378,P1104,2026-04-25,ISSUE,5,408.18
4379,P1167,2026-01-27,ISSUE,58,296.43
4380,P1073,2026-03-03,ISSUE,42,439.74
4381,P1034,2026-05-04,RECEIPT,143,162.46
4382,P1100,2026-01-13,RECEIPT,20,144.66
4383,P1135,2026-03-24,ISSUE,72,342.78
4384,P1024,2026-04-11,ISSUE,16,62.99
4385,P1035,2026-02-24,RECEIPT,24,181.19
4386,P1130,2026-02-12,ISSUE,145,172.57
4387,P1110,2025-11-21,RECEIPT,20,206.28
4388,P1177,2026-03-19,ISSUE,113,106.85
4389,P1106,2025-10-03,ISSUE,18,408.61
4390,P1154,2026-02-17,RECEIPT,26,437.38
4391,P1180,2026-04-12,ISSUE,128,77.6
4392,P1181,2025-12-21,ISSUE,101,81.24
4393,P1145,2025-11-16,RECEIPT,27,82.47
4394,P1105,2026-07-04,RECEIPT,129,473.95
4395,P1021,2025-11-04,ISSUE,149,364.39
4396,P1189,2026-03-12,ISSUE,32,385.52
4397,P1067,2025-09-05,ISSUE,51,344.06
4398,P1167,2026-03-23,ISSUE,44,296.43
4399,P1122,2025-12-13,RECEIPT,124,397.28
4400,P1075,2026-05-15,RECEIPT,55,292.75
4401,P1123,2026-06-10,ISSUE,26,239.15
4402,P1051,2026-04-04,RECEIPT,121,160.92
4403,P1195,2026-01-14,ISSUE,102,381.1
4404,P1167,2025-09-08,RECEIPT,67,296.43
4405,P1074,2026-07-09,ISSUE,129,111.17
4406,P1050,2026-01-19,RECEIPT,135,98.34
4407,P1127,2026-01-16,RECEIPT,34,357.19
4408,P1092,2026-01-12,ISSUE,73,478.49
4409,P1049,2025-09-10,ISSUE,28,257.17
4410,P1045,2026-03-03,RECEIPT,87,447.5
4411,P1037,2026-07-14,ISSUE,5,142.11
4412,P1120,2026-02-17,ISSUE,125,402.41
4413,P1075,2025-09-13,RECEIPT,137,292.75
4414,P1156,2026-04-07,ISSUE,31,89.69
4415,P1180,2026-07-03,RECEIPT,39,77.6
4416,P1094,2026-07-04,ISSUE,68,113.95
4417,P1092,2026-01-14,RECEIPT,70,478.49
4418,P1164,2026-02-07,ISSUE,65,429.12
4419,P1030,2026-07-08,RECEIPT,85,444.63
4420,P1122,2025-10-02,ISSUE,114,397.28
4421,P1164,2026-06-11,ISSUE,80,429.12
4422,P1166,2026-07-19,ISSUE,103,267.96
4423,P1108,2026-01-06,ISSUE,79,191.84
4424,P1157,2026-07-21,RECEIPT,72,162.53
4425,P1178,2025-11-06,ISSUE,79,276.28
4426,P1131,2026-08-09,RECEIPT,12,353.58
4427,P1189,2026-07-27,ISSUE,48,385.52
4428,P1062,2026-08-01,RECEIPT,92,498.0
4429,P1014,2026-08-12,ISSUE,115,452.45
4430,P1013,2026-06-19,RECEIPT,98,360.62
4431,P1168,2026-03-04,ISSUE,58,267.34
4432,P1137,2026-03-18,RECEIPT,48,466.13
4433,P1066,2026-03-12,ISSUE,86,33.19
4434,P1142,2025-12-11,ISSUE,22,172.04
4435,P1034,2026-05-05,ISSUE,60,162.46
4436,P1173,2026-03-25,RECEIPT,128,94.27
4437,P1019,2026-06-09,ISSUE,146,135.07
4438,P1060,2026-08-11,ISSUE,105,110.53
4439,P1073,2025-09-20,ISSUE,95,439.74
4440,P1122,2025-11-10,ISSUE,63,397.28
4441,P1011,2026-07-24,ISSUE,38,142.8
4442,P1011,2026-08-02,ISSUE,143,142.8
4443,P1176,2026-05-20,ISSUE,63,337.23
4444,P1154,2026-02-03,RECEIPT,119,437.38
4445,P1042,2026-02-04,RECEIPT,17,372.99
4446,P1153,2026-02-26,ISSUE,118,188.52
4447,P1162,2026-06-26,ISSUE,63,26.46
4448,P1181,2025-11-14,ISSUE,19,81.24
4449,P1191,2026-03-09,ISSUE,85,89.49
4450,P1197,2025-12-12,ISSUE,39,395.9
4451,P1084,2025-11-27,RECEIPT,52,166.13
4452,P1012,2026-02-17,ISSUE,134,154.38
4453,P1001,2026-01-19,ISSUE,101,58.77
4454,P1150,2026-05-28,ISSUE,6,424.36
4455,P1097,2025-12-19,ISSUE,144,438.28
4456,P1097,2026-03-31,ISSUE,18,438.28
4457,P1080,2026-06-04,RECEIPT,87,362.77
4458,P1049,2026-01-15,RECEIPT,95,257.17
4459,P1158,2026-07-23,ISSUE,149,37.36
4460,P1061,2026-06-10,RECEIPT,58,469.05
4461,P1128,2026-01-03,RECEIPT,128,418.75
4462,P1093,2025-12-21,RECEIPT,106,356.24
4463,P1045,2026-07-28,RECEIPT,112,447.5
4464,P1153,2026-03-30,RECEIPT,16,188.52
4465,P1015,2026-06-06,RECEIPT,124,346.46
4466,P1179,2026-01-11,ISSUE,111,175.99
4467,P1022,2026-02-12,RECEIPT,12,132.6
4468,P1006,2025-09-29,RECEIPT,43,241.77
4469,P1147,2026-07-21,RECEIPT,29,175.87
4470,P1158,2025-10-30,RECEIPT,40,37.36
4471,P1193,2026-07-11,ISSUE,84,282.24
4472,P1024,2026-02-02,ISSUE,83,62.99
4473,P1102,2026-06-05,ISSUE,60,172.98
4474,P1119,2026-08-27,RECEIPT,114,429.68
4475,P1078,2026-07-26,RECEIPT,43,489.23
4476,P1031,2026-01-28,RECEIPT,28,283.46
4477,P1091,2025-12-03,ISSUE,18,403.86
4478,P1080,2026-06-20,ISSUE,140,362.77
4479,P1097,2026-01-23,ISSUE,107,438.28
4480,P1186,2026-06-06,ISSUE,23,435.74
4481,P1086,2026-01-05,ISSUE,101,48.1
4482,P1093,2026-06-20,RECEIPT,58,356.24
4483,P1161,2026-07-16,RECEIPT,63,43.36
4484,P1140,2026-02-14,ISSUE,27,315.91
4485,P1127,2026-04-12,ISSUE,46,357.19
4486,P1193,2026-04-21,ISSUE,123,282.24
4487,P1027,2026-01-07,RECEIPT,96,276.32
4488,P1100,2026-02-03,ISSUE,132,144.66
4489,P1015,2026-06-16,RECEIPT,37,346.46
4490,P1157,2026-07-25,RECEIPT,90,162.53
4491,P1078,2026-06-04,RECEIPT,96,489.23
4492,P1019,2026-06-13,ISSUE,121,135.07
4493,P1006,2025-12-09,ISSUE,132,241.77
4494,P1070,2026-05-08,ISSUE,41,266.27
4495,P1072,2026-04-25,ISSUE,58,69.66
4496,P1160,2025-11-21,RECEIPT,63,218.14
4497,P1042,2026-02-12,RECEIPT,137,372.99
4498,P1148,2025-11-07,RECEIPT,61,219.67
4499,P1025,2026-01-06,ISSUE,11,292.72
4500,P1144,2026-08-15,ISSUE,96,150.01
4501,P1021,2025-12-27,ISSUE,130,364.39
4502,P1015,2026-03-29,ISSUE,22,346.46
4503,P1117,2026-05-15,ISSUE,102,48.33
4504,P1108,2025-09-24,RECEIPT,131,191.84
4505,P1047,2026-06-06,ISSUE,35,285.65
4506,P1062,2025-11-05,ISSUE,39,498.0
4507,P1074,2026-02-19,ISSUE,138,111.17
4508,P1169,2026-03-17,ISSUE,61,167.84
4509,P1103,2025-12-31,ISSUE,64,290.94
4510,P1073,2026-03-25,RECEIPT,141,439.74
4511,P1137,2026-05-20,RECEIPT,24,466.13
4512,P1058,2025-09-28,RECEIPT,83,443.58
4513,P1147,2026-04-21,RECEIPT,93,175.87
4514,P1041,2026-02-26,ISSUE,24,254.37
4515,P1180,2026-01-11,RECEIPT,143,77.6
4516,P1184,2026-07-04,RECEIPT,87,285.56
4517,P1163,2026-06-01,RECEIPT,118,478.66
4518,P1039,2026-06-03,ISSUE,65,183.94
4519,P1177,2025-11-01,RECEIPT,105,106.85
4520,P1124,2026-01-28,ISSUE,145,455.07
4521,P1111,2025-10-13,ISSUE,141,31.63
4522,P1125,2026-01-25,ISSUE,140,240.76
4523,P1055,2025-10-10,ISSUE,57,415.33
4524,P1023,2025-10-01,ISSUE,65,271.43
4525,P1159,2025-09-15,RECEIPT,126,389.87
4526,P1092,2026-02-26,RECEIPT,108,478.49
4527,P1177,2025-11-25,ISSUE,43,106.85
4528,P1138,2025-12-05,ISSUE,146,197.5
4529,P1055,2026-07-30,RECEIPT,111,415.33
4530,P1142,2026-02-02,RECEIPT,10,172.04
4531,P1126,2026-03-08,ISSUE,67,33.54
4532,P1104,2025-12-12,ISSUE,111,408.18
4533,P1101,2026-06-19,ISSUE,131,259.81
4534,P1102,2026-04-29,ISSUE,62,172.98
4535,P1175,2026-04-23,ISSUE,133,227.87
4536,P1144,2025-12-02,RECEIPT,11,150.01
4537,P1123,2026-06-28,RECEIPT,119,239.15
4538,P1096,2026-03-16,RECEIPT,62,285.94
4539,P1149,2026-01-19,ISSUE,127,282.64
4540,P1099,2026-06-03,RECEIPT,122,255.82
4541,P1018,2025-11-02,ISSUE,45,389.28
4542,P1191,2026-01-24,ISSUE,93,89.49
4543,P1031,2025-10-21,RECEIPT,34,283.46
4544,P1149,2026-07-18,ISSUE,36,282.64
4545,P1028,2026-03-16,RECEIPT,46,420.17
4546,P1160,2025-12-11,RECEIPT,138,218.14
4547,P1184,2026-03-13,RECEIPT,6,285.56
4548,P1066,2025-12-27,RECEIPT,70,33.19
4549,P1167,2026-05-19,ISSUE,116,296.43
4550,P1121,2026-07-16,RECEIPT,114,320.62
4551,P1152,2026-01-24,ISSUE,81,320.46
4552,P1070,2025-10-12,RECEIPT,98,266.27
4553,P1011,2025-10-09,RECEIPT,19,142.8
4554,P1080,2026-02-10,ISSUE,128,362.77
4555,P1033,2026-06-05,ISSUE,13,195.81
4556,P1033,2026-06-27,ISSUE,8,195.81
4557,P1109,2026-02-04,RECEIPT,115,353.84
4558,P1057,2025-09-27,RECEIPT,70,373.34
4559,P1054,2026-08-20,RECEIPT,95,154.2
4560,P1098,2025-11-02,ISSUE,83,282.91
4561,P1031,2026-06-07,RECEIPT,26,283.46
4562,P1037,2026-03-05,ISSUE,76,142.11
4563,P1051,2025-12-17,ISSUE,47,160.92
4564,P1066,2026-01-22,RECEIPT,7,33.19
4565,P1176,2025-09-26,RECEIPT,123,337.23
4566,P1183,2026-06-22,RECEIPT,146,76.5
4567,P1165,2026-01-07,RECEIPT,103,180.53
4568,P1106,2026-07-26,ISSUE,83,408.61
4569,P1000,2026-01-02,RECEIPT,118,136.85
4570,P1122,2026-07-25,RECEIPT,125,397.28
4571,P1058,2026-06-30,ISSUE,81,443.58
4572,P1067,2025-09-03,RECEIPT,78,344.06
4573,P1006,2026-08-14,RECEIPT,111,241.77
4574,P1152,2026-01-31,RECEIPT,146,320.46
4575,P1126,2026-03-16,RECEIPT,133,33.54
4576,P1065,2026-05-23,ISSUE,78,54.69
4577,P1187,2025-12-29,ISSUE,29,43.99
4578,P1146,2026-08-03,ISSUE,78,421.56
4579,P1140,2026-08-26,ISSUE,137,315.91
4580,P1140,2026-03-07,RECEIPT,54,315.91
4581,P1151,2025-09-21,ISSUE,22,87.35
4582,P1077,2026-02-19,RECEIPT,43,51.66
4583,P1121,2026-03-11,ISSUE,12,320.62
4584,P1027,2026-08-12,RECEIPT,137,276.32
4585,P1119,2025-11-12,ISSUE,74,429.68
4586,P1148,2026-04-04,RECEIPT,101,219.67
4587,P1161,2025-11-20,ISSUE,99,43.36
4588,P1024,2025-10-23,ISSUE,116,62.99
4589,P1114,2025-12-08,RECEIPT,110,75.45
4590,P1052,2026-06-28,RECEIPT,12,33.53
4591,P1114,2025-09-20,ISSUE,8,75.45
4592,P1027,2026-04-24,RECEIPT,57,276.32
4593,P1097,2026-06-24,RECEIPT,70,438.28
4594,P1065,2025-12-06,ISSUE,10,54.69
4595,P1000,2026-07-10,ISSUE,71,136.85
4596,P1138,2025-12-29,RECEIPT,98,197.5
4597,P1041,2025-10-02,RECEIPT,39,254.37
4598,P1165,2026-02-08,RECEIPT,107,180.53
4599,P1175,2026-07-04,RECEIPT,89,227.87
4600,P1057,2026-08-28,ISSUE,142,373.34
4601,P1156,2026-05-26,RECEIPT,70,89.69
4602,P1109,2026-08-04,ISSUE,38,353.84
4603,P1044,2026-06-28,ISSUE,86,345.07
4604,P1180,2026-06-25,ISSUE,60,77.6
4605,P1075,2026-08-05,ISSUE,147,292.75
4606,P1055,2026-06-01,ISSUE,111,415.33
4607,P1046,2025-12-28,RECEIPT,115,238.77
4608,P1124,2026-03-19,RECEIPT,142,455.07
4609,P1134,2026-07-04,ISSUE,141,249.28
4610,P1190,2026-06-24,RECEIPT,125,379.59
4611,P1087,2025-12-11,RECEIPT,49,140.16
4612,P1186,2025-09-05,ISSUE,45,435.74
4613,P1059,2026-01-14,ISSUE,11,224.34
4614,P1141,2026-05-23,ISSUE,41,142.05
4615,P1167,2026-08-18,ISSUE,7,296.43
4616,P1066,2026-06-12,ISSUE,133,33.19
4617,P1085,2026-02-06,ISSUE,82,139.55
4618,P1141,2026-03-17,RECEIPT,13,142.05
4619,P1196,2026-05-21,RECEIPT,32,317.86
4620,P1025,2025-10-15,RECEIPT,123,292.72
4621,P1082,2025-09-07,RECEIPT,120,35.88
4622,P1111,2026-08-06,RECEIPT,117,31.63
4623,P1024,2025-09-07,RECEIPT,99,62.99
4624,P1138,2026-03-17,ISSUE,78,197.5
4625,P1163,2025-09-08,RECEIPT,53,478.66
4626,P1028,2026-04-02,RECEIPT,105,420.17
4627,P1179,2025-10-30,RECEIPT,43,175.99
4628,P1031,2025-11-23,RECEIPT,136,283.46
4629,P1169,2026-04-25,ISSUE,47,167.84
4630,P1185,2026-05-27,RECEIPT,45,111.5
4631,P1047,2026-04-04,RECEIPT,50,285.65
4632,P1157,2025-11-02,RECEIPT,98,162.53
4633,P1160,2026-08-06,RECEIPT,144,218.14
4634,P1150,2026-06-09,ISSUE,113,424.36
4635,P1105,2025-11-09,RECEIPT,63,473.95
4636,P1104,2026-02-21,RECEIPT,109,408.18
4637,P1171,2025-12-29,ISSUE,145,106.96
4638,P1064,2025-09-18,RECEIPT,64,375.68
4639,P1025,2026-05-27,ISSUE,90,292.72
4640,P1186,2025-09-23,RECEIPT,98,435.74
4641,P1062,2025-12-31,RECEIPT,51,498.0
4642,P1070,2026-08-09,ISSUE,89,266.27
4643,P1016,2026-08-05,ISSUE,45,60.67
4644,P1183,2026-05-07,RECEIPT,99,76.5
4645,P1134,2026-06-02,ISSUE,29,249.28
4646,P1196,2026-01-27,RECEIPT,65,317.86
4647,P1057,2026-05-21,ISSUE,126,373.34
4648,P1193,2026-04-17,RECEIPT,77,282.24
4649,P1050,2026-06-30,ISSUE,99,98.34
4650,P1158,2025-09-25,RECEIPT,122,37.36
4651,P1104,2026-08-21,ISSUE,130,408.18
4652,P1185,2025-10-30,ISSUE,105,111.5
4653,P1104,2026-05-12,ISSUE,124,408.18
4654,P1008,2025-12-20,ISSUE,112,241.17
4655,P1153,2026-08-04,ISSUE,29,188.52
4656,P1174,2025-12-16,ISSUE,137,26.27
4657,P1169,2026-04-22,RECEIPT,133,167.84
4658,P1144,2026-07-27,ISSUE,44,150.01
4659,P1035,2026-05-14,RECEIPT,87,181.19
4660,P1019,2025-11-09,ISSUE,99,135.07
4661,P1085,2025-12-18,ISSUE,119,139.55
4662,P1121,2025-09-16,ISSUE,133,320.62
4663,P1041,2026-06-11,RECEIPT,88,254.37
4664,P1050,2026-08-14,RECEIPT,114,98.34
4665,P1053,2026-02-20,ISSUE,50,348.12
4666,P1029,2026-08-17,RECEIPT,142,298.76
4667,P1050,2026-03-17,ISSUE,46,98.34
4668,P1135,2026-05-20,RECEIPT,126,342.78
4669,P1064,2026-06-14,ISSUE,34,375.68
4670,P1164,2026-06-20,ISSUE,144,429.12
4671,P1079,2026-05-28,RECEIPT,66,165.08
4672,P1114,2025-10-06,ISSUE,96,75.45
4673,P1043,2025-09-07,RECEIPT,23,209.96
4674,P1199,2025-09-12,ISSUE,125,289.09
4675,P1089,2026-07-04,ISSUE,49,116.42
4676,P1174,2025-12-04,RECEIPT,79,26.27
4677,P1078,2026-08-31,RECEIPT,12,489.23
4678,P1068,2026-08-06,ISSUE,7,142.48
4679,P1143,2025-10-17,RECEIPT,101,261.16
4680,P1164,2025-12-07,ISSUE,104,429.12
4681,P1027,2025-09-12,ISSUE,56,276.32
4682,P1090,2026-07-26,ISSUE,88,243.92
4683,P1121,2025-11-25,RECEIPT,109,320.62
4684,P1190,2025-11-17,ISSUE,119,379.59
4685,P1161,2026-06-25,ISSUE,60,43.36
4686,P1049,2026-06-07,ISSUE,85,257.17
4687,P1086,2025-09-22,ISSUE,145,48.1
4688,P1055,2026-01-28,ISSUE,115,415.33
4689,P1004,2026-02-08,RECEIPT,66,481.29
4690,P1049,2026-03-11,ISSUE,34,257.17
4691,P1139,2025-12-18,ISSUE,146,278.97
4692,P1175,2026-02-07,RECEIPT,93,227.87
4693,P1137,2026-06-16,ISSUE,136,466.13
4694,P1044,2025-10-30,ISSUE,143,345.07
4695,P1133,2026-03-27,ISSUE,85,447.19
4696,P1051,2025-11-22,RECEIPT,58,160.92
4697,P1033,2025-11-26,ISSUE,100,195.81
4698,P1115,2026-04-08,ISSUE,47,28.83
4699,P1053,2026-05-18,RECEIPT,144,348.12
4700,P1199,2026-03-22,RECEIPT,62,289.09
4701,P1091,2026-01-31,ISSUE,5,403.86
4702,P1043,2026-07-31,ISSUE,109,209.96
4703,P1124,2025-12-18,ISSUE,14,455.07
4704,P1053,2026-01-23,ISSUE,147,348.12
4705,P1012,2025-10-31,ISSUE,24,154.38
4706,P1042,2026-04-11,RECEIPT,7,372.99
4707,P1160,2026-05-13,ISSUE,133,218.14
4708,P1016,2026-03-30,ISSUE,92,60.67
4709,P1030,2026-06-02,ISSUE,109,444.63
4710,P1146,2026-06-24,ISSUE,12,421.56
4711,P1170,2026-05-01,RECEIPT,113,207.47
4712,P1119,2026-08-25,RECEIPT,11,429.68
4713,P1087,2025-12-29,RECEIPT,11,140.16
4714,P1199,2026-07-16,RECEIPT,65,289.09
4715,P1109,2025-11-05,RECEIPT,98,353.84
4716,P1140,2025-12-30,RECEIPT,92,315.91
4717,P1023,2025-12-10,RECEIPT,25,271.43
4718,P1070,2025-10-27,RECEIPT,49,266.27
4719,P1144,2026-02-18,ISSUE,50,150.01
4720,P1112,2025-11-29,ISSUE,54,444.58
4721,P1111,2026-08-21,ISSUE,59,31.63
4722,P1168,2026-07-19,ISSUE,84,267.34
4723,P1095,2026-03-21,ISSUE,44,203.91
4724,P1111,2026-04-05,RECEIPT,148,31.63
4725,P1105,2025-09-12,ISSUE,73,473.95
4726,P1061,2026-05-16,ISSUE,54,469.05
4727,P1123,2026-08-10,ISSUE,30,239.15
4728,P1054,2026-08-15,ISSUE,35,154.2
4729,P1028,2026-07-18,ISSUE,119,420.17
4730,P1115,2026-02-15,ISSUE,125,28.83
4731,P1123,2025-12-07,RECEIPT,126,239.15
4732,P1092,2026-05-01,ISSUE,92,478.49
4733,P1074,2026-08-05,RECEIPT,7,111.17
4734,P1043,2026-04-22,ISSUE,128,209.96
4735,P1025,2026-08-25,ISSUE,62,292.72
4736,P1032,2026-05-18,ISSUE,95,349.97
4737,P1042,2026-07-12,RECEIPT,69,372.99
4738,P1001,2026-04-25,RECEIPT,43,58.77
4739,P1084,2026-02-09,RECEIPT,73,166.13
4740,P1058,2025-10-18,ISSUE,52,443.58
4741,P1130,2026-08-14,ISSUE,74,172.57
4742,P1075,2026-03-17,ISSUE,64,292.75
4743,P1143,2025-11-04,ISSUE,109,261.16
4744,P1157,2026-05-16,RECEIPT,91,162.53
4745,P1125,2026-08-31,RECEIPT,7,240.76
4746,P1193,2026-05-23,ISSUE,104,282.24
4747,P1067,2025-12-07,ISSUE,92,344.06
4748,P1127,2026-05-27,RECEIPT,118,357.19
4749,P1152,2025-10-06,RECEIPT,112,320.46
4750,P1113,2026-03-13,ISSUE,36,45.1
4751,P1109,2026-06-05,RECEIPT,96,353.84
4752,P1065,2026-03-22,RECEIPT,16,54.69
4753,P1001,2025-11-02,ISSUE,80,58.77
4754,P1089,2026-06-24,RECEIPT,83,116.42
4755,P1140,2025-10-29,ISSUE,13,315.91
4756,P1066,2025-10-19,ISSUE,50,33.19
4757,P1175,2025-11-20,ISSUE,65,227.87
4758,P1128,2026-06-18,ISSUE,105,418.75
4759,P1111,2026-05-05,ISSUE,39,31.63
4760,P1169,2026-08-13,RECEIPT,94,167.84
4761,P1123,2026-05-31,RECEIPT,80,239.15
4762,P1142,2026-02-06,ISSUE,50,172.04
4763,P1156,2025-11-23,RECEIPT,90,89.69
4764,P1127,2026-08-08,RECEIPT,5,357.19
4765,P1018,2025-11-05,ISSUE,41,389.28
4766,P1036,2026-06-15,ISSUE,34,69.34
4767,P1052,2026-03-20,ISSUE,59,33.53
4768,P1104,2026-06-21,ISSUE,134,408.18
4769,P1034,2025-10-17,RECEIPT,116,162.46
4770,P1092,2026-08-18,ISSUE,138,478.49
4771,P1003,2026-07-17,RECEIPT,9,137.45
4772,P1192,2026-07-30,ISSUE,5,114.43
4773,P1113,2026-06-28,ISSUE,93,45.1
4774,P1136,2025-12-03,RECEIPT,23,150.39
4775,P1176,2026-02-06,ISSUE,148,337.23
4776,P1153,2026-06-19,ISSUE,92,188.52
4777,P1192,2025-10-01,RECEIPT,37,114.43
4778,P1031,2026-06-17,RECEIPT,100,283.46
4779,P1154,2026-06-14,RECEIPT,62,437.38
4780,P1000,2025-10-14,RECEIPT,116,136.85
4781,P1033,2026-03-29,ISSUE,15,195.81
4782,P1101,2026-07-08,RECEIPT,74,259.81
4783,P1007,2026-08-21,ISSUE,22,182.23
4784,P1120,2025-12-05,ISSUE,6,402.41
4785,P1123,2026-01-30,RECEIPT,57,239.15
4786,P1197,2026-05-19,ISSUE,14,395.9
4787,P1184,2025-11-18,RECEIPT,100,285.56
4788,P1142,2026-07-23,RECEIPT,133,172.04
4789,P1156,2026-06-15,RECEIPT,67,89.69
4790,P1003,2025-10-04,RECEIPT,34,137.45
4791,P1102,2026-08-17,ISSUE,124,172.98
4792,P1057,2026-07-19,RECEIPT,90,373.34
4793,P1109,2026-05-28,RECEIPT,145,353.84
4794,P1033,2026-04-18,RECEIPT,75,195.81
4795,P1149,2025-11-04,ISSUE,146,282.64
4796,P1109,2025-10-20,ISSUE,84,353.84
4797,P1066,2025-10-06,ISSUE,37,33.19
4798,P1010,2026-08-08,RECEIPT,7,431.29
4799,P1086,2026-05-16,RECEIPT,148,48.1
4800,P1114,2026-01-11,RECEIPT,145,75.45
4801,P1082,2025-10-21,RECEIPT,92,35.88
4802,P1123,2026-01-04,ISSUE,67,239.15
4803,P1195,2026-05-17,RECEIPT,11,381.1
4804,P1148,2026-04-18,RECEIPT,63,219.67
4805,P1018,2026-03-28,RECEIPT,52,389.28
4806,P1151,2025-11-04,ISSUE,63,87.35
4807,P1089,2025-10-05,ISSUE,134,116.42
4808,P1079,2026-04-06,RECEIPT,50,165.08
4809,P1041,2026-01-07,RECEIPT,62,254.37
4810,P1031,2026-03-22,RECEIPT,53,283.46
4811,P1025,2025-09-03,ISSUE,76,292.72
4812,P1092,2026-08-19,RECEIPT,70,478.49
4813,P1183,2025-10-30,RECEIPT,31,76.5
4814,P1097,2025-12-20,ISSUE,70,438.28
4815,P1075,2026-05-25,ISSUE,55,292.75
4816,P1024,2026-02-15,RECEIPT,61,62.99
4817,P1187,2026-01-29,ISSUE,42,43.99
4818,P1069,2026-05-11,RECEIPT,44,436.57
4819,P1135,2026-04-14,RECEIPT,26,342.78
4820,P1174,2026-03-17,ISSUE,83,26.27
4821,P1018,2026-03-27,ISSUE,34,389.28
4822,P1134,2026-03-24,RECEIPT,127,249.28
4823,P1073,2026-06-26,RECEIPT,51,439.74
4824,P1188,2026-01-12,RECEIPT,50,205.8
4825,P1131,2026-03-10,ISSUE,99,353.58
4826,P1009,2025-12-16,ISSUE,104,183.9
4827,P1039,2026-03-25,ISSUE,11,183.94
4828,P1192,2026-04-20,RECEIPT,97,114.43
4829,P1037,2026-07-23,ISSUE,64,142.11
4830,P1000,2026-07-09,RECEIPT,86,136.85
4831,P1182,2025-11-12,RECEIPT,58,316.7
4832,P1045,2025-10-13,ISSUE,63,447.5
4833,P1183,2026-03-04,RECEIPT,99,76.5
4834,P1020,2025-10-22,RECEIPT,36,50.05
4835,P1168,2026-08-31,RECEIPT,6,267.34
4836,P1018,2025-12-04,ISSUE,84,389.28
4837,P1190,2025-09-02,ISSUE,100,379.59
4838,P1053,2026-07-01,RECEIPT,102,348.12
4839,P1044,2026-05-17,RECEIPT,98,345.07
4840,P1095,2026-07-02,ISSUE,134,203.91
4841,P1127,2026-08-09,RECEIPT,144,357.19
4842,P1015,2026-04-08,ISSUE,54,346.46
4843,P1000,2026-02-19,ISSUE,95,136.85
4844,P1060,2026-08-10,ISSUE,36,110.53
4845,P1148,2026-01-16,ISSUE,62,219.67
4846,P1009,2026-02-20,RECEIPT,14,183.9
4847,P1164,2026-02-09,RECEIPT,83,429.12
4848,P1102,2026-01-18,ISSUE,108,172.98
4849,P1078,2026-05-06,RECEIPT,79,489.23
4850,P1188,2026-03-10,ISSUE,96,205.8
4851,P1169,2025-10-13,ISSUE,45,167.84
4852,P1152,2026-07-12,ISSUE,11,320.46
4853,P1191,2025-10-05,RECEIPT,121,89.49
4854,P1011,2026-05-15,ISSUE,32,142.8
4855,P1043,2026-01-16,ISSUE,138,209.96
4856,P1043,2026-03-10,ISSUE,20,209.96
4857,P1034,2026-04-27,ISSUE,54,162.46
4858,P1115,2026-05-13,RECEIPT,126,28.83
4859,P1166,2025-11-08,ISSUE,141,267.96
4860,P1196,2026-03-06,ISSUE,70,317.86
4861,P1083,2026-02-05,ISSUE,29,433.93
4862,P1119,2026-04-30,RECEIPT,134,429.68
4863,P1122,2026-06-27,RECEIPT,31,397.28
4864,P1114,2026-01-15,RECEIPT,35,75.45
4865,P1148,2026-01-24,ISSUE,67,219.67
4866,P1042,2025-10-03,RECEIPT,97,372.99
4867,P1174,2026-02-06,ISSUE,82,26.27
4868,P1121,2025-11-15,RECEIPT,120,320.62
4869,P1192,2025-12-14,ISSUE,40,114.43
4870,P1130,2025-10-25,ISSUE,29,172.57
4871,P1017,2025-09-28,ISSUE,61,451.51
4872,P1153,2025-09-01,RECEIPT,66,188.52
4873,P1056,2026-07-17,ISSUE,108,334.84
4874,P1033,2025-10-12,RECEIPT,10,195.81
4875,P1134,2025-09-03,RECEIPT,41,249.28
4876,P1070,2026-04-13,RECEIPT,63,266.27
4877,P1078,2026-02-10,RECEIPT,88,489.23
4878,P1000,2026-08-06,RECEIPT,108,136.85
4879,P1084,2025-09-15,ISSUE,119,166.13
4880,P1165,2026-04-03,RECEIPT,10,180.53
4881,P1003,2026-07-03,RECEIPT,122,137.45
4882,P1189,2025-10-24,RECEIPT,94,385.52
4883,P1096,2026-03-13,ISSUE,89,285.94
4884,P1109,2026-02-03,ISSUE,83,353.84
4885,P1009,2025-12-24,RECEIPT,116,183.9
4886,P1089,2026-06-22,RECEIPT,83,116.42
4887,P1072,2025-10-06,ISSUE,132,69.66
4888,P1061,2026-02-19,ISSUE,124,469.05
4889,P1110,2025-10-28,ISSUE,82,206.28
4890,P1007,2026-05-02,ISSUE,73,182.23
4891,P1110,2025-10-12,RECEIPT,95,206.28
4892,P1039,2026-06-23,ISSUE,21,183.94
4893,P1140,2026-03-31,RECEIPT,125,315.91
4894,P1068,2026-08-02,ISSUE,51,142.48
4895,P1098,2026-03-22,RECEIPT,123,282.91
4896,P1086,2026-06-22,RECEIPT,27,48.1
4897,P1118,2025-11-13,ISSUE,27,345.11
4898,P1144,2026-02-16,RECEIPT,38,150.01
4899,P1021,2025-10-20,ISSUE,36,364.39
4900,P1129,2025-11-27,ISSUE,85,127.8
4901,P1066,2026-07-30,RECEIPT,17,33.19
4902,P1094,2025-11-03,ISSUE,67,113.95
4903,P1094,2025-09-22,ISSUE,138,113.95
4904,P1192,2026-05-25,ISSUE,89,114.43
4905,P1058,2026-04-30,RECEIPT,63,443.58
4906,P1129,2026-05-10,ISSUE,37,127.8
4907,P1043,2026-03-16,RECEIPT,139,209.96
4908,P1081,2025-09-11,ISSUE,127,323.19
4909,P1113,2026-08-15,ISSUE,141,45.1
4910,P1165,2025-11-16,RECEIPT,21,180.53
4911,P1154,2026-07-09,RECEIPT,71,437.38
4912,P1127,2025-09-08,RECEIPT,109,357.19
4913,P1047,2026-02-07,ISSUE,90,285.65
4914,P1110,2026-01-24,RECEIPT,10,206.28
4915,P1181,2026-04-26,ISSUE,30,81.24
4916,P1112,2025-09-18,RECEIPT,92,444.58
4917,P1086,2026-04-13,ISSUE,44,48.1
4918,P1133,2026-02-26,RECEIPT,75,447.19
4919,P1158,2026-01-28,ISSUE,75,37.36
4920,P1186,2026-02-04,ISSUE,7,435.74
4921,P1159,2026-01-24,RECEIPT,54,389.87
4922,P1125,2026-04-06,RECEIPT,104,240.76
4923,P1195,2026-01-25,ISSUE,142,381.1
4924,P1158,2025-11-24,ISSUE,146,37.36
4925,P1069,2026-01-02,RECEIPT,46,436.57
4926,P1178,2026-06-12,RECEIPT,110,276.28
4927,P1034,2026-03-31,ISSUE,120,162.46
4928,P1062,2026-08-10,RECEIPT,97,498.0
4929,P1045,2026-05-09,ISSUE,31,447.5
4930,P1172,2026-07-02,ISSUE,49,35.94
4931,P1154,2026-08-14,ISSUE,55,437.38
4932,P1082,2026-03-19,ISSUE,133,35.88
4933,P1109,2025-11-05,ISSUE,53,353.84
4934,P1180,2026-03-21,ISSUE,138,77.6
4935,P1091,2026-05-28,RECEIPT,23,403.86
4936,P1087,2026-08-23,RECEIPT,119,140.16
4937,P1103,2026-08-31,RECEIPT,34,290.94
4938,P1107,2026-05-21,RECEIPT,139,417.58
4939,P1145,2026-07-27,ISSUE,38,82.47
4940,P1015,2026-06-07,ISSUE,125,346.46
4941,P1027,2026-07-24,ISSUE,13,276.32
4942,P1045,2025-11-04,ISSUE,47,447.5
4943,P1143,2026-06-14,ISSUE,124,261.16
4944,P1109,2026-04-28,ISSUE,55,353.84
4945,P1085,2025-11-13,ISSUE,74,139.55
4946,P1086,2026-08-06,ISSUE,106,48.1
4947,P1161,2025-10-04,ISSUE,76,43.36
4948,P1011,2026-02-15,RECEIPT,32,142.8
4949,P1059,2026-07-29,ISSUE,11,224.34
4950,P1198,2026-08-01,RECEIPT,11,231.14
4951,P1093,2026-06-10,RECEIPT,79,356.24
4952,P1019,2026-03-07,RECEIPT,9,135.07
4953,P1144,2026-06-04,RECEIPT,133,150.01
4954,P1133,2026-05-03,ISSUE,134,447.19
4955,P1136,2026-03-18,RECEIPT,6,150.39
4956,P1162,2026-05-13,RECEIPT,67,26.46
4957,P1010,2026-03-15,RECEIPT,118,431.29
4958,P1192,2026-06-28,ISSUE,51,114.43
4959,P1198,2026-02-16,RECEIPT,27,231.14
4960,P1176,2026-04-19,RECEIPT,85,337.23
4961,P1054,2026-07-21,RECEIPT,76,154.2
4962,P1055,2026-07-11,RECEIPT,53,415.33
4963,P1154,2025-11-06,ISSUE,9,437.38
4964,P1009,2025-11-30,ISSUE,65,183.9
4965,P1064,2025-11-23,ISSUE,58,375.68
4966,P1021,2025-12-13,RECEIPT,109,364.39
4967,P1041,2026-02-12,RECEIPT,99,254.37
4968,P1176,2026-01-25,RECEIPT,59,337.23
4969,P1161,2026-04-13,ISSUE,73,43.36
4970,P1130,2026-08-28,ISSUE,138,172.57
4971,P1151,2025-11-18,ISSUE,46,87.35
4972,P1188,2026-08-13,RECEIPT,137,205.8
4973,P1068,2026-07-20,ISSUE,88,142.48
4974,P1159,2026-03-01,ISSUE,57,389.87
4975,P1069,2026-04-05,RECEIPT,88,436.57
4976,P1194,2025-09-03,RECEIPT,10,348.44
4977,P1192,2025-12-27,ISSUE,114,114.43
4978,P1182,2025-11-17,ISSUE,30,316.7
4979,P1022,2025-10-24,RECEIPT,92,132.6
4980,P1129,2026-05-10,ISSUE,20,127.8
4981,P1135,2025-10-06,ISSUE,145,342.78
4982,P1002,2026-02-09,RECEIPT,147,227.87
4983,P1076,2025-11-19,RECEIPT,109,312.65
4984,P1068,2026-01-15,ISSUE,132,142.48
4985,P1059,2026-04-06,RECEIPT,102,224.34
4986,P1128,2025-12-18,RECEIPT,52,418.75
4987,P1199,2026-04-13,ISSUE,92,289.09
4988,P1034,2026-04-12,RECEIPT,108,162.46
4989,P1022,2025-10-18,ISSUE,27,132.6
4990,P1118,2025-11-08,ISSUE,60,345.11
4991,P1147,2026-08-13,RECEIPT,115,175.87
4992,P1098,2026-01-29,ISSUE,89,282.91
4993,P1119,2026-04-13,RECEIPT,99,429.68
4994,P1019,2025-10-07,ISSUE,116,135.07
4995,P1198,2025-11-15,RECEIPT,29,231.14
4996,P1175,2026-08-04,RECEIPT,20,227.87
4997,P1155,2026-06-18,ISSUE,128,337.37
4998,P1162,2026-02-04,RECEIPT,139,26.46
4999,P1134,2025-11-04,RECEIPT,94,249.28
5000,P1086,2026-03-02,ISSUE,120,48.1
