invoice_id,customer_id,invoice_date,invoice_amount,due_date
1001,54,2026-05-17,5196.75,2026-07-01
1002,690,2025-09-03,4212.84,2025-11-02
1003,419,2025-11-23,3320.98,2025-12-23
1004,756,2026-02-03,8357.71,2026-03-05
1005,507,2026-01-29,7584.02,2026-02-28
1006,341,2026-02-23,1719.8,2026-03-25
1007,127,2026-03-14,3171.88,2026-04-13
1008,409,2025-12-16,8912.24,2026-01-15
1009,924,2026-01-12,2985.77,2026-02-11
1010,367,2026-06-03,2600.77,2026-07-03
1011,271,2026-08-18,5849.95,2026-10-02
1012,644,2026-02-02,5361.02,2026-03-04
1013,605,2026-06-04,3449.56,2026-07-04
1014,379,2026-04-24,20559.99,2026-06-08
1015,73,2026-04-28,4438.11,2026-05-28
1016,923,2025-09-13,1817.46,2025-10-13
1017,922,2026-08-08,1369.31,2026-09-07
1018,915,2025-10-05,11329.6,2025-11-04
1019,248,2025-10-17,2078.24,2025-11-16
1020,860,2026-04-02,5123.26,2026-05-02
1021,785,2026-01-24,2484.96,2026-02-23
1022,43,2026-02-06,4607.79,2026-03-08
1023,377,2026-01-03,6605.0,2026-02-17
1024,41,2025-12-19,1677.0,2026-02-02
1025,170,2025-10-07,3472.51,2025-11-06
1026,946,2026-06-04,2917.03,2026-07-19
1027,212,2025-09-14,2309.76,2025-10-14
1028,493,2026-08-13,3702.12,2026-09-27
1029,680,2026-04-20,3035.57,2026-05-20
1030,39,2026-07-13,10052.57,2026-08-27
1031,369,2026-01-02,2820.22,2026-02-01
1032,757,2026-06-06,7171.37,2026-07-06
1033,151,2025-12-20,6973.38,
1034,111,2026-01-02,1504.64,2026-03-03
1035,480,2025-09-30,3336.35,2025-10-30
1036,436,2025-12-24,4578.58,2026-02-07
1037,47,2025-11-29,6182.78,2026-01-13
1038,575,2026-03-31,4138.54,2026-04-30
1039,737,2025-10-08,11507.16,2025-12-07
1040,366,2025-11-22,5437.04,2025-12-22
1041,69,2025-09-27,7140.98,2025-10-27
1042,299,2026-04-05,3113.35,2026-05-05
1043,944,2026-08-26,7224.67,2026-09-25
1044,802,2026-04-03,23536.43,2026-05-03
1045,296,2026-04-09,7619.47,2026-05-24
1046,203,2025-09-15,12083.61,2025-10-15
1047,61,2026-05-17,3959.82,2026-07-01
1048,946,2026-05-24,10473.36,2026-07-08
1049,963,2025-12-29,11231.17,2026-01-28
1050,830,2026-01-06,6084.82,2026-02-20
1051,314,2026-03-30,4709.76,2026-04-29
1052,161,2025-09-11,1511.9,2025-10-11
1053,331,2026-02-23,4872.13,2026-04-09
1054,528,2026-01-11,7858.66,2026-02-10
1055,338,2026-07-22,2710.8,2026-08-21
1056,606,2026-07-17,1810.08,2026-08-31
1057,304,2025-09-14,5424.9,2025-10-14
1058,503,2025-10-20,6013.28,2025-11-19
1059,650,2025-11-11,1701.55,2025-12-26
1060,338,2025-11-08,5165.78,2025-12-08
1061,550,2025-09-16,6305.23,2025-10-16
1062,639,2026-07-31,14389.24,2026-08-30
1063,275,2026-08-23,3415.15,2026-09-22
1064,164,2025-10-26,26537.94,2025-12-10
1065,443,2025-12-14,5220.25,2026-01-28
1066,319,2026-01-10,1911.49,2026-02-09
1067,589,2025-10-18,3839.3,2025-11-17
1068,504,2026-05-06,2052.71,2026-06-20
1069,686,2026-05-31,4373.87,2026-07-15
1070,387,2025-12-20,7273.31,2026-02-18
1071,970,2026-07-23,6196.53,2026-08-22
1072,870,2026-08-02,2024.53,2026-10-01
1073,833,2026-08-15,1832.8,2026-09-14
1074,888,2025-10-08,6993.28,2025-11-07
1075,603,2026-08-23,8370.53,2026-10-22
1076,750,2026-04-28,3381.41,2026-05-28
1077,776,2026-07-15,656.59,2026-08-29
1078,691,2025-12-30,1979.25,2026-02-28
1079,494,2025-10-18,11006.41,2025-11-17
1080,490,2025-09-10,2769.35,2025-10-10
1081,721,2026-04-21,3787.3,2026-05-21
1082,73,2025-10-06,7784.31,2025-11-05
1083,509,2025-09-04,3913.46,2025-10-04
1084,390,2025-10-14,15292.71,2025-11-13
1085,619,2025-10-26,3708.73,2025-12-25
1086,857,2025-10-12,2511.59,2025-11-11
1087,295,2026-05-13,12874.59,2026-06-12
1088,369,2026-04-16,5194.93,2026-05-16
1089,956,2025-12-23,2110.07,2026-01-22
1090,796,2026-04-25,7292.87,2026-05-25
1091,865,2026-02-21,3951.03,2026-04-22
1092,694,2026-05-13,1999.2,2026-06-12
1093,549,2026-06-04,5395.31,2026-07-04
1094,649,2026-08-01,4405.97,2026-08-31
1095,850,2025-11-08,1296.29,2025-12-08
1096,568,2026-07-23,2142.51,2026-08-22
1097,187,2026-04-18,22236.04,2026-05-18
1098,853,2025-11-06,5336.05,2025-12-06
1099,770,2026-07-01,14684.23,2026-07-31
1100,445,2025-10-06,6401.24,2025-11-05
1101,570,2026-02-06,13452.25,2026-03-23
1102,363,2026-01-27,7799.32,2026-03-13
1103,123,2025-09-27,2345.21,2025-10-27
1104,188,2025-11-11,8124.61,2026-01-10
1105,742,2026-05-06,2333.14,2026-06-05
1106,680,2025-12-10,10516.37,2026-01-09
1107,420,2026-03-09,5951.34,2026-04-08
1108,626,2025-12-05,5075.66,2026-01-04
1109,252,2026-06-09,3520.54,2026-07-09
1110,619,2026-07-19,9470.6,2026-09-17
1111,549,2026-06-05,4407.54,2026-07-05
1112,335,2025-09-17,1084.94,2025-10-17
1113,92,2026-05-21,1268.76,2026-06-20
1114,530,2025-12-16,1811.26,2026-01-15
1115,866,2025-11-07,9363.15,2025-12-22
1116,63,2026-01-06,9950.66,2026-02-05
1117,662,2026-06-20,6484.64,2026-07-20
1118,512,2026-06-21,6429.94,2026-08-05
1119,139,2025-12-05,15900.42,2026-01-04
1120,698,2025-09-01,6577.91,2025-10-01
1121,185,2026-06-25,8330.52,2026-07-25
1122,205,2026-02-27,4957.19,2026-03-29
1123,772,2026-02-28,3457.67,2026-04-14
1124,214,2026-04-23,3995.82,2026-05-23
1125,256,2026-07-16,25791.71,2026-08-30
1126,135,2026-08-03,2096.07,2026-09-17
1127,573,2025-09-08,6429.44,2025-10-08
1128,875,2025-09-27,1487.54,2025-11-11
1129,822,2026-07-05,3068.0,2026-08-04
1130,88,2026-01-24,9285.92,2026-03-10
1131,836,2025-11-30,1175.24,2026-01-14
1132,988,2026-08-08,10311.19,2026-09-07
1133,207,2026-05-30,25725.24,2026-06-29
1134,129,2026-07-19,6696.37,2026-08-18
1135,823,2025-09-05,13721.57,2025-10-20
1136,3,2025-11-21,6097.44,2025-12-21
1137,974,2026-04-07,8831.36,2026-05-07
1138,934,2025-12-27,7188.27,2026-02-10
1139,754,2025-11-20,3324.75,2025-12-20
1140,121,2025-11-09,3094.7,2025-12-09
1141,385,2025-12-24,12866.2,2026-01-23
1142,614,2026-05-21,4833.96,2026-06-20
1143,38,2026-07-03,4463.89,2026-08-02
1144,341,2026-01-20,4390.52,2026-02-19
1145,925,2026-03-26,6388.91,2026-04-25
1146,645,2025-12-20,1936.77,2026-01-19
1147,714,2026-06-30,4322.02,2026-07-30
1148,860,2025-12-21,6410.17,2026-01-20
1149,21,2025-10-13,1797.09,2025-11-27
1150,242,2026-08-13,5911.05,2026-09-27
1151,455,2026-06-12,2438.39,2026-08-11
1152,963,2026-01-06,6419.81,2026-02-05
1153,621,2026-03-04,28113.43,2026-04-03
1154,303,2026-04-17,4539.18,2026-05-17
1155,596,2026-04-09,2109.67,2026-06-08
1156,595,2026-08-18,6044.23,2026-09-17
1157,803,2025-12-26,7306.8,2026-02-09
1158,964,2025-11-09,2362.92,2025-12-09
1159,69,2025-11-09,1264.47,2025-12-09
1160,129,2025-12-19,2368.72,2026-01-18
1161,196,2026-01-10,4810.29,2026-02-09
1162,140,2025-10-26,3473.58,2025-11-25
1163,444,2025-11-28,11839.4,2026-01-12
1164,283,2026-01-15,7561.94,2026-03-01
1165,312,2026-01-09,5425.05,2026-02-08
1166,746,2026-04-06,1237.97,2026-05-06
1167,535,2026-02-23,8279.31,2026-03-25
1168,665,2026-02-18,24356.04,2026-03-20
1169,277,2025-12-09,9967.03,2026-01-08
1170,61,2026-01-07,2954.36,2026-02-21
1171,319,2025-10-27,4483.28,2025-11-26
1172,890,2026-02-28,7218.9,2026-04-14
1173,52,2026-05-04,15161.61,2026-06-03
1174,856,2026-01-22,2842.94,2026-03-23
1175,153,2025-10-21,3445.35,2025-12-20
1176,749,2026-04-06,4830.28,2026-05-06
1177,311,2025-12-13,4503.67,2026-01-12
1178,814,2025-10-25,9424.62,2025-12-09
1179,544,2026-05-15,6167.39,2026-06-29
1180,567,2026-08-12,1635.09,2026-09-11
1181,864,2026-02-03,2956.52,2026-03-05
1182,389,2025-10-23,3025.39,2025-12-07
1183,548,2026-07-26,850.02,2026-09-24
1184,622,2026-03-06,10518.62,2026-04-20
1185,177,2026-08-30,5558.78,2026-09-29
1186,362,2026-01-28,3244.28,2026-03-29
1187,314,2026-05-22,10293.64,2026-06-21
1188,807,2026-05-08,6363.01,2026-06-07
1189,848,2026-06-25,1787.0,2026-07-25
1190,97,2026-03-30,8142.62,2026-04-29
1191,881,2025-09-25,14996.37,2025-11-24
1192,213,2026-06-21,4470.59,2026-08-05
1193,829,2026-08-07,4738.87,2026-10-06
1194,137,2026-01-30,5450.17,2026-03-01
1195,6,2025-09-24,1887.25,2025-11-08
1196,109,2026-05-10,5598.92,2026-06-24
1197,547,2025-10-30,2450.37,2025-11-29
1198,39,2025-11-05,4973.97,2025-12-20
1199,662,2025-10-23,5709.61,2025-11-22
1200,425,2025-12-15,7645.14,2026-01-14
1201,630,2025-12-05,7873.35,2026-01-04
1202,261,2026-02-23,2380.44,2026-03-25
1203,426,2025-10-09,5809.7,2025-11-23
1204,87,2026-02-15,10743.61,2026-04-16
1205,465,2025-10-12,1987.21,2025-11-11
1206,76,2025-12-13,20196.73,2026-01-12
1207,471,2026-07-30,2296.77,2026-09-28
1208,976,2026-03-23,18382.37,2026-04-22
1209,963,2025-09-08,2329.3,2025-10-08
1210,414,2026-06-09,4780.1,2026-07-09
1211,825,2025-10-13,4284.97,2025-11-12
1212,895,2025-12-19,1675.3,2026-01-18
1213,726,2026-03-29,8740.72,2026-04-28
1214,457,2026-04-25,9107.2,2026-06-24
1215,285,2026-08-22,8209.0,2026-09-21
1216,239,2026-07-16,4098.64,2026-08-15
1217,677,2025-10-19,2852.04,2025-11-18
1218,599,2025-12-24,12046.37,2026-01-23
1219,653,2026-02-02,5931.0,2026-03-04
1220,672,2026-01-15,2730.29,2026-02-14
1221,558,2026-02-14,5936.19,2026-03-31
1222,372,2026-07-18,1309.54,2026-08-17
1223,495,2026-03-18,5450.28,2026-04-17
1224,624,2025-11-10,8449.08,2025-12-25
1225,919,2025-09-07,4331.49,2025-10-07
1226,45,2026-03-19,8830.07,2026-04-18
1227,401,2026-08-02,9583.23,2026-09-01
1228,247,2025-11-06,6231.96,2025-12-06
1229,616,2026-01-16,20571.24,2026-02-15
1230,597,2026-04-30,14770.07,2026-05-30
1231,450,2026-04-01,8259.0,2026-05-01
1232,485,2026-02-28,6642.84,2026-03-30
1233,646,2026-05-12,4072.84,2026-06-11
1234,620,2025-12-10,2979.36,2026-01-24
1235,18,2026-08-17,9463.35,2026-09-16
1236,606,2025-11-26,4263.61,2026-01-10
1237,662,2026-03-04,2221.46,2026-04-03
1238,758,2025-11-30,2631.91,2025-12-30
1239,289,2026-05-06,2924.98,2026-06-05
1240,414,2026-04-02,20333.7,2026-05-02
1241,721,2026-08-25,9852.25,2026-09-24
1242,638,2026-05-07,5139.0,2026-07-06
1243,235,2026-01-04,6962.91,2026-02-03
1244,416,2025-09-04,7640.49,2025-10-04
1245,938,2025-11-27,2495.69,2025-12-27
1246,499,2026-01-29,1964.79,2026-02-28
1247,974,2026-02-23,11596.14,2026-03-25
1248,634,2026-03-30,1698.35,2026-04-29
1249,650,2026-05-17,4930.75,2026-07-01
1250,115,2025-11-30,2806.83,
1251,932,2026-05-17,5966.92,2026-06-16
1252,674,2026-03-10,4083.67,2026-04-24
1253,713,2025-11-20,7664.69,2025-12-20
1254,234,2026-01-16,787.03,2026-02-15
1255,540,2026-08-16,12255.49,2026-10-15
1256,11,2026-01-04,9004.68,2026-03-05
1257,206,2026-08-22,11230.96,2026-10-21
1258,679,2026-07-06,10242.52,2026-08-05
1259,247,2026-08-09,6426.8,2026-09-08
1260,559,2026-04-18,2993.25,2026-06-02
1261,758,2026-08-11,7100.63,2026-09-10
1262,127,2026-07-07,6303.26,2026-08-06
1263,147,2025-09-20,10081.35,2025-10-20
1264,118,2025-10-19,8221.54,2025-12-03
1265,911,2026-01-13,5391.49,2026-02-12
1266,382,2025-09-29,7070.57,2025-10-29
1267,412,2025-10-18,7589.93,2025-11-17
1268,664,2026-05-27,11942.48,2026-06-26
1269,584,2025-09-03,20048.27,2025-10-03
1270,363,2026-05-16,8061.53,2026-06-30
1271,509,2025-09-16,7618.17,2025-10-16
1272,137,2025-12-03,4183.05,2026-01-02
1273,175,2026-08-24,3799.17,2026-09-23
1274,289,2026-01-12,2797.65,2026-02-11
1275,958,2026-06-28,386.6,2026-07-28
1276,481,2026-07-24,2555.04,2026-08-23
1277,19,2026-01-11,4354.69,2026-02-10
1278,195,2026-07-09,3913.49,2026-08-08
1279,330,2025-10-02,7204.61,2025-11-01
1280,936,2026-07-02,2627.99,2026-08-01
1281,175,2026-05-27,2722.19,2026-06-26
1282,449,2025-09-25,921.71,2025-10-25
1283,925,2026-07-13,7290.57,2026-08-12
1284,946,2025-10-29,2457.56,2025-12-13
1285,354,2026-04-01,2819.71,2026-05-01
1286,499,2026-02-03,7855.67,2026-03-05
1287,141,2026-07-11,2467.62,2026-08-10
1288,758,2026-06-03,6778.18,2026-07-03
1289,897,2026-03-29,1904.34,2026-05-13
1290,930,2025-10-27,4916.21,2025-11-26
1291,93,2026-03-04,3070.12,2026-05-03
1292,944,2025-10-24,4040.64,2025-11-23
1293,239,2026-03-28,16756.43,2026-04-27
1294,205,2026-08-08,1347.17,2026-09-07
1295,560,2026-06-20,15601.49,2026-07-20
1296,433,2026-08-06,2397.48,2026-09-20
1297,245,2026-07-01,10021.2,2026-07-31
1298,832,2026-05-10,11743.4,2026-06-09
1299,317,2026-07-01,7055.5,2026-08-30
1300,925,2025-12-21,1886.42,2026-01-20
1301,295,2025-09-06,6217.59,2025-10-06
1302,640,2026-03-10,38748.33,2026-05-09
1303,856,2026-07-31,5045.15,2026-09-29
1304,282,2026-06-06,4612.57,2026-07-21
1305,17,2026-08-06,4270.76,2026-09-05
1306,71,2025-09-13,7552.58,2025-10-13
1307,269,2026-06-30,4663.16,2026-07-30
1308,325,2025-10-14,6278.37,2025-11-13
1309,794,2025-12-14,3957.37,2026-01-28
1310,305,2026-02-07,2182.44,2026-03-09
1311,451,2026-02-01,32043.46,2026-03-03
1312,7,2026-04-30,4627.96,2026-05-30
1313,314,2026-02-28,64596.26,2026-03-30
1314,817,2025-09-14,-7024.26,2025-10-14
1315,103,2026-02-27,8080.26,2026-03-29
1316,821,2026-06-19,3904.03,2026-07-19
1317,193,2026-05-22,3111.4,2026-06-21
1318,753,2026-02-15,3975.31,2026-03-17
1319,574,2026-04-02,2569.18,2026-05-17
1320,529,2026-01-28,2386.18,2026-02-27
1321,171,2025-09-16,20845.1,2025-10-16
1322,537,2025-11-30,9480.53,2025-12-30
1323,251,2025-12-29,16576.5,2026-01-28
1324,765,2026-05-11,12297.03,2026-06-10
1325,387,2025-10-30,-3090.52,
1326,207,2026-05-24,1458.91,2026-06-23
1327,541,2025-10-01,3460.19,2025-11-15
1328,629,2025-09-21,5381.16,2025-10-21
1329,416,2026-04-07,12489.8,2026-05-07
1330,794,2025-11-20,4786.28,2026-01-04
1331,380,2026-06-16,53652.63,2026-07-16
1332,144,2025-10-01,3537.01,2025-10-31
1333,25,2026-04-22,8022.77,2026-05-22
1334,822,2025-10-06,3097.41,2025-11-05
1335,668,2026-01-10,6920.33,2026-02-09
1336,73,2026-07-21,4522.11,2026-08-20
1337,632,2026-08-12,4098.04,2026-09-26
1338,824,2026-01-10,3047.75,2026-02-24
1339,833,2025-09-09,5626.41,2025-10-09
1340,93,2025-09-30,9760.82,2025-11-29
1341,505,2025-12-24,2291.91,2026-01-23
1342,598,2026-06-28,4809.43,2026-07-28
1343,336,2025-09-04,7418.26,2025-11-03
1344,425,2026-07-22,8634.37,2026-08-21
1345,499,2026-04-25,22194.85,2026-05-25
1346,364,2025-09-23,7943.71,2025-10-23
1347,947,2025-09-16,3630.68,2025-10-31
1348,630,2025-09-22,3174.14,2025-10-22
1349,745,2025-11-11,3143.17,2026-01-10
1350,199,2026-07-01,3006.14,2026-07-31
1351,718,2026-04-18,5941.89,2026-05-18
1352,413,2025-12-16,6999.78,2026-01-30
1353,339,2026-03-27,9670.44,2026-04-26
1354,659,2026-03-27,8511.63,2026-05-11
1355,962,2026-05-21,13549.15,2026-06-20
1356,937,2025-10-21,2927.95,
1357,429,2025-11-04,18515.82,2026-01-03
1358,783,2026-05-23,3021.38,2026-07-07
1359,899,2026-08-04,6604.72,2026-09-03
1360,139,2026-06-28,4278.62,2026-07-28
1361,693,2026-02-22,4905.32,2026-04-23
1362,942,2026-01-30,8561.44,2026-03-01
1363,542,2026-05-24,1582.02,2026-06-23
1364,57,2026-07-26,2572.45,2026-08-25
1365,232,2026-07-01,9104.96,2026-07-31
1366,658,2026-02-10,4991.4,2026-03-12
1367,435,2026-08-09,4072.04,2026-09-08
1368,384,2026-04-26,2039.46,2026-06-25
1369,560,2026-03-18,4094.93,2026-04-17
1370,194,2025-09-16,8620.95,2025-10-16
1371,736,2026-07-06,3185.66,2026-08-05
1372,648,2026-06-23,14889.98,2026-07-23
1373,534,2026-08-22,11833.63,2026-09-21
1374,518,2026-06-03,3778.76,2026-07-03
1375,716,2026-04-27,3107.94,2026-05-27
1376,751,2025-11-08,547.64,2025-12-08
1377,185,2026-06-28,2112.66,2026-07-28
1378,872,2025-09-06,2011.27,2025-10-06
1379,292,2026-04-08,1591.48,2026-05-08
1380,335,2026-05-12,4858.15,2026-06-11
1381,732,2026-06-22,6417.97,2026-07-22
1382,116,2026-08-24,21352.36,2026-10-08
1383,825,2025-12-16,-5273.16,2026-01-15
1384,49,2026-06-22,982.75,2026-07-22
1385,685,2025-12-27,2749.02,2026-02-10
1386,82,2026-02-15,8148.95,2026-03-17
1387,834,2026-05-09,4684.73,2026-06-08
1388,333,2025-11-21,9923.45,2026-01-05
1389,557,2025-10-24,3314.94,2025-11-23
1390,335,2026-04-28,12566.92,2026-05-28
1391,532,2025-09-12,6087.65,2025-10-12
1392,960,2026-03-28,6212.85,2026-04-27
1393,221,2026-02-12,5637.28,2026-03-14
1394,635,2026-06-21,2710.99,2026-08-20
1395,746,2025-09-07,4776.39,2025-10-07
1396,733,2025-11-17,6324.6,2025-12-17
1397,323,2025-11-04,1630.54,2025-12-04
1398,851,2025-12-11,5328.73,2026-02-09
1399,3,2026-08-23,13214.84,2026-09-22
1400,694,2026-06-27,7074.47,2026-07-27
1401,206,2026-06-14,14928.47,2026-08-13
1402,832,2026-02-18,6928.34,2026-03-20
1403,40,2025-11-16,2438.38,2025-12-16
1404,59,2025-10-18,9412.57,2025-11-17
1405,951,2026-05-13,2006.95,2026-06-12
1406,574,2025-11-21,4232.06,2026-01-05
1407,644,2026-03-28,4009.4,2026-04-27
1408,507,2026-03-28,2906.11,2026-04-27
1409,572,2025-11-23,33535.74,2025-12-23
1410,884,2025-09-10,4717.7,2025-10-25
1411,843,2025-09-29,21274.03,2025-10-29
1412,122,2026-07-01,6581.81,2026-08-15
1413,479,2025-12-25,2592.7,2026-01-24
1414,619,2026-05-27,3603.0,2026-07-26
1415,96,2025-10-17,4848.42,2025-11-16
1416,859,2026-08-25,3803.76,2026-10-09
1417,414,2025-11-30,4015.96,2025-12-30
1418,235,2025-10-23,7912.42,2025-11-22
1419,898,2026-04-06,6697.5,2026-05-06
1420,62,2026-08-14,8683.57,2026-09-13
1421,256,2025-11-16,16958.78,2025-12-31
1422,561,2026-03-23,3428.93,2026-04-22
1423,905,2025-10-14,12189.22,2025-11-13
1424,348,2026-02-03,15246.03,2026-03-05
1425,671,2025-09-02,14077.23,2025-10-02
1426,124,2026-08-23,1223.23,2026-09-22
1427,482,2026-07-10,21064.46,2026-08-09
1428,317,2025-10-27,3005.12,2025-12-26
1429,504,2026-06-17,1146.71,2026-08-01
1430,719,2025-10-28,20654.35,2025-11-27
1431,48,2026-05-12,7539.54,2026-06-11
1432,409,2026-02-27,7792.81,2026-03-29
1433,932,2026-02-04,3833.51,2026-03-06
1434,136,2025-10-05,5784.12,2025-11-04
1435,201,2025-11-14,4472.67,2025-12-14
1436,250,2026-06-16,3034.59,2026-07-16
1437,314,2025-11-14,5092.81,2025-12-14
1438,869,2026-07-26,5473.67,2026-08-25
1439,368,2025-11-17,1736.95,2025-12-17
1440,429,2026-05-13,5227.55,2026-07-12
1441,830,2026-05-23,1196.52,2026-07-07
1442,807,2026-07-01,23236.38,2026-07-31
1443,480,2025-11-06,4606.06,2025-12-06
1444,314,2026-04-09,2121.75,2026-05-09
1445,500,2026-02-11,7538.42,2026-03-13
1446,721,2026-04-08,2751.31,2026-05-08
1447,355,2026-02-19,4884.33,2026-03-21
1448,485,2026-05-12,7198.26,2026-06-11
1449,211,2026-03-29,2216.85,2026-04-28
1450,704,2026-03-07,23788.57,2026-05-06
1451,44,2026-03-10,25671.19,2026-04-24
1452,541,2026-04-03,3284.04,2026-05-18
1453,571,2025-11-25,2035.57,2025-12-25
1454,583,2025-12-15,3272.1,2026-01-29
1455,92,2026-07-29,3415.06,2026-08-28
1456,265,2026-06-23,12154.73,2026-07-23
1457,895,2025-09-19,3317.69,2025-10-19
1458,220,2025-10-17,1974.09,2025-11-16
1459,902,2025-11-04,5423.26,2025-12-04
1460,925,2026-01-24,1517.03,2026-02-23
1461,442,2026-06-13,11749.77,2026-07-13
1462,401,2025-11-05,8080.32,2025-12-05
1463,400,2025-09-05,3094.19,2025-11-04
1464,727,2025-12-02,3376.57,2026-01-16
1465,991,2026-08-19,6100.84,2026-09-18
1466,899,2025-12-03,2068.87,2026-01-02
1467,789,2025-12-15,2662.12,2026-01-14
1468,576,2026-01-11,4174.97,2026-02-25
1469,858,2026-08-07,1740.92,2026-09-21
1470,804,2026-07-11,3476.29,2026-08-10
1471,490,2025-11-18,2119.1,2025-12-18
1472,485,2026-03-31,15648.85,2026-04-30
1473,757,2025-09-08,3620.78,2025-10-08
1474,470,2026-02-06,2344.28,2026-03-23
1475,574,2026-05-26,8576.26,2026-07-10
1476,938,2026-01-27,3024.21,2026-02-26
1477,844,2026-08-16,2069.79,2026-09-15
1478,682,2025-11-30,10170.2,2025-12-30
1479,445,2026-04-24,3860.99,2026-05-24
1480,269,2026-06-16,9798.75,2026-07-16
1481,267,2026-08-22,4940.15,2026-09-21
1482,54,2026-02-15,5544.45,2026-04-01
1483,528,2026-03-12,7845.82,2026-04-11
1484,520,2026-03-06,3008.9,2026-04-20
1485,616,2026-05-29,2615.01,2026-06-28
1486,59,2025-12-23,13077.69,2026-01-22
1487,825,2025-09-11,7945.24,2025-10-11
1488,40,2025-10-25,4737.17,2025-11-24
1489,237,2026-05-16,9449.85,2026-06-15
1490,955,2025-11-04,7702.66,2025-12-04
1491,386,2026-02-19,10634.25,2026-03-21
1492,606,2026-05-30,2004.05,2026-07-14
1493,734,2026-01-28,4749.76,2026-02-27
1494,716,2026-08-28,12345.36,2026-09-27
1495,650,2026-01-24,19129.27,2026-03-10
1496,300,2026-03-28,3256.61,2026-04-27
1497,395,2026-06-13,5678.97,2026-07-13
1498,207,2025-09-10,5077.94,2025-10-10
1499,336,2026-04-15,1847.98,2026-06-14
1500,593,2026-03-05,3972.48,2026-04-04
1501,730,2025-11-01,1414.09,2025-12-01
1502,514,2025-11-24,4373.57,2025-12-24
1503,178,2026-01-12,2179.34,2026-02-26
1504,396,2026-07-20,5728.02,2026-08-19
1505,371,2026-06-24,3902.12,
1506,858,2026-02-18,3852.74,2026-04-04
1507,791,2026-04-01,17325.43,2026-05-16
1508,658,2025-09-18,5291.41,2025-10-18
1509,318,2026-07-11,22466.29,2026-08-10
1510,736,2025-10-30,7145.87,2025-11-29
1511,369,2025-11-27,9601.12,2025-12-27
1512,384,2025-09-27,2493.83,2025-11-26
1513,62,2025-11-07,2870.53,2025-12-07
1514,806,2026-06-05,5069.53,2026-07-05
1515,505,2025-10-10,13195.79,2025-11-09
1516,239,2025-12-18,3739.96,2026-01-17
1517,195,2025-11-13,1590.86,2025-12-13
1518,678,2025-11-05,6874.58,2025-12-05
1519,963,2026-02-15,5262.58,2026-03-17
1520,222,2026-05-20,3217.58,2026-07-19
1521,61,2026-06-01,3709.83,2026-07-16
1522,129,2026-08-03,2490.74,2026-09-02
1523,990,2026-08-24,10470.52,2026-09-23
1524,685,2026-04-25,5094.17,2026-06-09
1525,992,2026-04-03,6060.67,2026-05-03
1526,156,2026-06-13,3102.77,2026-07-28
1527,917,2026-01-27,14562.06,2026-02-26
1528,378,2026-07-15,5965.99,2026-08-14
1529,622,2025-12-16,901.7,2026-01-30
1530,781,2026-01-19,7224.1,2026-02-18
1531,923,2025-11-15,4047.02,2025-12-15
1532,868,2025-09-09,4385.4,2025-10-24
1533,903,2026-03-15,11071.68,2026-04-29
1534,790,2026-06-22,5367.14,2026-08-06
1535,586,2026-06-07,19674.27,2026-07-07
1536,999,2025-12-27,-5440.73,2026-01-26
1537,437,2026-06-17,3442.32,2026-08-01
1538,975,2025-10-31,1172.11,2025-11-30
1539,207,2026-08-01,2815.51,2026-08-31
1540,388,2026-07-03,3863.76,2026-08-02
1541,480,2025-10-21,16158.86,2025-11-20
1542,791,2025-10-22,3459.05,2025-12-06
1543,887,2025-12-31,18597.88,2026-03-01
1544,838,2026-02-14,1995.29,2026-03-31
1545,984,2025-09-08,2695.18,2025-10-08
1546,340,2025-10-15,12317.48,2025-11-14
1547,869,2026-08-10,3106.01,2026-09-09
1548,340,2026-05-03,12047.06,2026-06-02
1549,204,2026-06-11,2581.57,2026-07-11
1550,161,2025-12-16,2797.05,2026-01-15
1551,540,2025-09-27,8355.48,2025-11-26
1552,392,2026-03-12,2610.64,2026-04-11
1553,769,2026-08-03,4014.51,2026-09-17
1554,677,2026-08-23,6856.94,2026-09-22
1555,575,2025-11-01,4085.13,2025-12-01
1556,534,2025-11-01,3187.94,2025-12-01
1557,70,2026-06-09,1903.43,2026-07-09
1558,893,2025-12-30,15941.1,2026-02-13
1559,405,2026-06-07,18510.31,2026-08-06
1560,608,2025-10-09,6507.18,2025-11-08
1561,675,2026-06-04,4152.64,2026-07-04
1562,591,2025-12-03,4339.25,2026-01-02
1563,517,2025-12-24,9729.79,2026-01-23
1564,828,2026-02-23,11414.26,2026-04-09
1565,120,2025-12-30,3245.65,2026-02-13
1566,814,2025-09-13,11812.1,2025-10-28
1567,690,2026-02-10,8178.5,2026-04-11
1568,688,2026-06-02,11648.96,2026-08-01
1569,902,2026-02-23,1388.21,2026-03-25
1570,217,2026-08-03,3575.39,2026-09-02
1571,56,2026-07-21,4354.09,2026-08-20
1572,366,2026-02-20,3435.89,2026-03-22
1573,699,2026-06-02,23180.15,2026-07-02
1574,504,2025-11-03,3602.2,2025-12-18
1575,744,2025-12-10,7272.88,2026-02-08
1576,767,2026-07-19,5650.31,2026-08-18
1577,925,2025-11-05,3964.01,2025-12-05
1578,455,2026-07-28,2836.37,2026-09-26
1579,104,2025-10-15,25896.73,2025-11-14
1580,77,2025-11-26,4186.81,2026-01-10
1581,230,2025-11-06,10073.47,2025-12-06
1582,914,2026-05-17,4961.56,2026-06-16
1583,258,2026-03-24,3464.13,2026-05-23
1584,264,2026-02-25,5452.48,2026-03-27
1585,331,2026-06-07,6397.64,2026-07-22
1586,993,2026-08-10,3434.15,2026-10-09
1587,182,2025-09-17,2712.15,2025-10-17
1588,893,2026-06-23,7318.29,2026-08-07
1589,768,2026-03-21,5487.82,2026-04-20
1590,550,2026-02-19,2967.71,2026-03-21
1591,688,2026-05-20,2360.07,2026-07-19
1592,27,2026-03-13,6611.83,2026-04-12
1593,276,2026-01-27,1077.86,2026-02-26
1594,652,2025-10-05,4059.09,2025-11-04
1595,299,2025-09-29,5570.63,2025-10-29
1596,957,2026-05-21,20077.02,2026-07-20
1597,799,2026-04-09,5042.1,2026-05-09
1598,91,2025-10-23,3929.39,2025-11-22
1599,480,2026-06-06,6278.22,2026-07-06
1600,573,2026-08-19,2818.5,2026-09-18
1601,458,2025-11-15,4196.66,2025-12-15
1602,451,2026-02-23,5118.59,2026-03-25
1603,365,2025-09-10,8273.42,2025-10-10
1604,859,2025-12-26,2918.41,2026-02-09
1605,675,2026-06-07,4977.16,2026-07-07
1606,351,2026-04-06,1193.18,2026-05-06
1607,655,2026-02-22,7559.33,2026-03-24
1608,400,2026-04-22,4158.22,2026-06-21
1609,253,2026-05-10,22576.09,2026-07-09
1610,781,2026-06-22,6622.72,2026-07-22
1611,881,2026-07-19,-2498.89,2026-09-17
1612,803,2025-09-06,2084.42,2025-10-21
1613,459,2025-09-21,8489.23,2025-10-21
1614,699,2025-11-12,21043.32,2025-12-12
1615,917,2026-07-27,16470.47,2026-08-26
1616,499,2025-10-06,1895.13,2025-11-05
1617,950,2026-04-21,5883.03,
1618,971,2026-04-04,12317.91,2026-05-04
1619,926,2026-03-25,1710.03,2026-04-24
1620,508,2025-10-14,11465.38,2025-11-13
1621,304,2025-11-30,2849.68,2025-12-30
1622,501,2026-07-13,4208.3,2026-08-12
1623,803,2025-12-02,6238.53,
1624,598,2026-08-05,11752.79,2026-09-04
1625,166,2025-11-22,17029.78,2025-12-22
1626,415,2026-07-30,3861.64,2026-08-29
1627,462,2026-06-09,3406.64,2026-07-24
1628,920,2025-09-21,3229.91,2025-10-21
1629,114,2026-04-16,9328.79,2026-05-16
1630,433,2026-01-08,11088.21,2026-02-22
1631,992,2026-02-22,10226.36,2026-03-24
1632,356,2025-12-17,6204.47,2026-01-16
1633,928,2026-06-10,6714.0,2026-08-09
1634,695,2025-11-10,4158.45,2025-12-10
1635,207,2025-10-20,4480.59,2025-11-19
1636,768,2025-12-04,9900.81,2026-01-03
1637,235,2026-06-06,6177.24,2026-07-06
1638,442,2026-08-03,3424.33,2026-09-02
1639,355,2026-01-10,12048.01,2026-02-09
1640,515,2026-06-03,3074.58,2026-07-18
1641,208,2025-09-13,5618.11,2025-10-13
1642,709,2025-09-03,1854.14,2025-10-03
1643,853,2026-04-12,2346.2,2026-05-12
1644,125,2026-02-22,5077.01,2026-03-24
1645,138,2025-11-29,2864.64,2026-01-13
1646,339,2026-04-29,4162.51,2026-05-29
1647,537,2025-10-05,13197.85,2025-11-04
1648,68,2025-09-14,4525.07,2025-10-14
1649,573,2026-03-14,10270.93,2026-04-13
1650,541,2026-07-03,2677.46,2026-08-17
1651,383,2026-07-31,7756.73,2026-09-14
1652,19,2026-04-01,2246.3,2026-05-01
1653,683,2025-09-03,4094.37,2025-10-18
1654,450,2026-02-26,8012.74,2026-03-28
1655,74,2025-10-10,5051.29,2025-11-09
1656,573,2026-02-11,10625.73,2026-03-13
1657,939,2026-07-04,8528.81,2026-09-02
1658,665,2026-04-23,3906.78,2026-05-23
1659,276,2026-05-15,14111.59,2026-06-14
1660,48,2026-08-26,7088.56,2026-09-25
1661,211,2025-12-25,4114.37,2026-01-24
1662,855,2025-10-22,5618.42,2025-11-21
1663,920,2026-01-20,5377.23,2026-02-19
1664,651,2025-11-25,5875.03,2025-12-25
1665,622,2025-10-16,4463.93,2025-11-30
1666,994,2026-07-29,6735.96,2026-08-28
1667,695,2026-04-26,9405.49,2026-05-26
1668,540,2025-09-10,7027.91,2025-11-09
1669,709,2026-01-30,6839.13,2026-03-01
1670,191,2025-10-31,4613.08,2025-11-30
1671,315,2025-09-18,2461.01,2025-10-18
1672,901,2025-11-25,2025.8,2026-01-09
1673,563,2026-01-15,2838.79,2026-03-01
1674,661,2026-04-18,3578.83,2026-05-18
1675,780,2026-01-06,19046.27,2026-02-05
1676,562,2025-12-13,13609.49,2026-01-12
1677,900,2026-03-05,3110.5,2026-04-04
1678,758,2026-02-25,7164.94,2026-03-27
1679,113,2026-08-23,4736.7,2026-10-07
1680,170,2025-09-06,6038.95,2025-10-06
1681,468,2026-08-07,3223.74,2026-09-06
1682,678,2026-07-04,30049.49,2026-08-03
1683,921,2025-10-06,22221.0,2025-11-20
1684,14,2026-07-24,3956.44,2026-08-23
1685,715,2026-08-22,3103.02,2026-09-21
1686,288,2026-06-08,10483.64,2026-07-08
1687,907,2026-06-27,1899.71,2026-08-11
1688,189,2025-09-14,9837.45,2025-10-14
1689,914,2026-04-25,5527.91,2026-05-25
1690,155,2026-06-12,1587.5,2026-07-27
1691,567,2026-07-27,4428.33,2026-08-26
1692,694,2025-10-20,2958.95,2025-11-19
1693,722,2026-05-19,5690.86,2026-07-18
1694,888,2025-12-19,5235.4,2026-01-18
1695,471,2026-03-16,1701.63,2026-05-15
1696,75,2026-05-10,3827.16,2026-06-24
1697,277,2025-11-27,7918.6,2025-12-27
1698,940,2026-07-10,9088.09,2026-08-09
1699,645,2025-09-26,3739.65,2025-10-26
1700,343,2026-05-20,7211.34,2026-06-19
1701,425,2026-01-22,6187.57,2026-02-21
1702,571,2025-10-30,4793.8,2025-11-29
1703,511,2026-08-22,7246.66,2026-09-21
1704,857,2026-05-26,2385.18,2026-06-25
1705,182,2025-11-14,5003.88,2025-12-14
1706,458,2025-09-03,1385.81,2025-10-03
1707,918,2025-11-02,4788.12,2025-12-17
1708,851,2026-04-24,15634.17,2026-06-23
1709,833,2026-04-17,3872.18,2026-05-17
1710,64,2026-06-02,14432.32,2026-07-02
1711,839,2025-09-18,3921.87,2025-10-18
1712,260,2025-11-19,2099.42,2025-12-19
1713,193,2026-04-03,8514.35,2026-05-03
1714,655,2026-02-18,7246.98,2026-03-20
1715,616,2026-07-26,31965.09,2026-08-25
1716,972,2026-05-13,2284.17,2026-06-27
1717,406,2026-01-04,6649.68,2026-02-03
1718,726,2026-05-13,6841.95,2026-06-12
1719,754,2025-11-11,11657.92,2025-12-11
1720,943,2025-10-08,7639.08,2025-12-07
1721,721,2026-07-21,3970.83,2026-08-20
1722,93,2026-03-23,2122.47,2026-05-22
1723,430,2026-02-19,6597.8,2026-03-21
1724,654,2026-04-11,6746.17,2026-05-11
1725,434,2026-04-05,8286.03,2026-05-05
1726,404,2026-05-03,3966.53,2026-06-02
1727,434,2026-08-02,6246.11,2026-09-01
1728,112,2026-03-10,1453.71,2026-04-24
1729,929,2026-06-25,2194.69,2026-07-25
1730,375,2026-07-17,10568.33,2026-08-31
1731,59,2026-03-01,5773.66,2026-03-31
1732,43,2026-07-31,7316.22,2026-08-30
1733,207,2026-03-24,3098.0,2026-04-23
1734,780,2026-08-27,2798.48,2026-09-26
1735,296,2026-03-18,3562.98,2026-05-02
1736,118,2026-07-29,6047.14,2026-09-12
1737,532,2026-02-12,8655.3,2026-03-14
1738,222,2026-04-30,4096.57,2026-06-29
1739,166,2026-01-08,1325.48,2026-02-07
1740,643,2026-04-15,6891.36,
1741,156,2025-12-31,6190.89,2026-02-14
1742,184,2025-10-14,7335.87,2025-11-13
1743,90,2026-03-15,9920.83,2026-04-29
1744,94,2026-08-24,9313.68,2026-09-23
1745,13,2026-03-23,14851.33,2026-04-22
1746,973,2026-07-15,5114.97,2026-08-14
1747,834,2026-05-15,3539.18,2026-06-14
1748,805,2025-09-17,11497.28,2025-10-17
1749,945,2026-05-30,10341.06,2026-06-29
1750,742,2025-09-09,4150.2,2025-10-09
1751,834,2026-05-07,12111.39,2026-06-06
1752,804,2026-03-20,5307.18,2026-04-19
1753,438,2025-10-29,13880.66,2025-12-13
1754,538,2026-01-18,19941.64,2026-03-19
1755,587,2025-12-28,41359.22,2026-01-27
1756,968,2025-10-11,5255.25,2025-11-10
1757,876,2026-07-19,15514.62,2026-08-18
1758,936,2026-07-28,9899.8,2026-08-27
1759,811,2026-05-25,10665.43,2026-06-24
1760,150,2025-09-08,7021.55,2025-10-08
1761,660,2026-03-02,10700.83,2026-04-16
1762,8,2026-01-12,1665.58,2026-02-26
1763,29,2026-02-28,4885.95,2026-03-30
1764,296,2026-08-21,2964.33,2026-10-05
1765,986,2025-11-11,2772.49,2025-12-26
1766,926,2025-12-22,1585.72,2026-01-21
1767,721,2025-12-16,3280.73,2026-01-15
1768,640,2026-06-17,4349.75,2026-08-16
1769,340,2026-07-10,5794.36,2026-08-09
1770,628,2025-12-26,4950.53,2026-01-25
1771,439,2025-12-29,11603.52,2026-01-28
1772,144,2026-01-25,2441.56,
1773,942,2026-07-24,1056.03,2026-08-23
1774,830,2026-03-29,7649.18,2026-05-13
1775,747,2026-06-23,4816.54,2026-07-23
1776,519,2025-12-12,4737.2,2026-01-11
1777,976,2026-01-02,2826.98,2026-02-01
1778,45,2026-05-03,10347.53,2026-06-02
1779,955,2026-08-22,3575.79,2026-09-21
1780,239,2026-03-28,2465.96,2026-04-27
1781,952,2026-07-11,19083.93,2026-08-10
1782,944,2025-12-18,8694.56,2026-01-17
1783,155,2026-08-14,4841.92,2026-09-28
1784,181,2025-10-20,709.24,2025-11-19
1785,215,2025-12-14,4141.67,2026-01-28
1786,88,2025-09-27,4914.28,2025-11-11
1787,256,2026-06-15,16125.2,2026-07-30
1788,511,2026-05-15,1233.01,2026-06-14
1789,73,2026-05-31,17420.42,2026-06-30
1790,931,2026-01-15,7092.12,2026-02-14
1791,179,2026-08-06,1902.89,2026-09-05
1792,212,2026-06-28,10453.02,2026-07-28
1793,805,2026-07-19,4113.77,2026-08-18
1794,234,2025-10-02,1323.05,2025-11-01
1795,465,2025-10-15,3503.99,2025-11-14
1796,751,2026-05-23,6131.03,2026-06-22
1797,223,2025-09-30,5253.99,2025-11-14
1798,631,2025-11-23,8366.37,2025-12-23
1799,825,2026-02-13,12029.75,2026-03-15
1800,264,2026-07-13,2076.29,2026-08-12
1801,207,2025-09-01,4917.08,2025-10-01
1802,607,2026-05-07,3069.37,2026-06-21
1803,885,2026-05-19,1840.97,2026-07-03
1804,734,2025-11-02,4796.88,2025-12-02
1805,366,2026-02-11,7062.3,2026-03-13
1806,276,2026-07-18,7403.7,2026-08-17
1807,380,2026-07-31,3644.68,2026-08-30
1808,743,2026-03-20,2232.55,2026-05-04
1809,309,2026-04-10,2985.4,2026-05-10
1810,631,2026-01-30,1114.02,2026-03-01
1811,268,2026-01-10,1930.92,2026-02-09
1812,945,2025-12-23,2069.57,2026-01-22
1813,785,2026-04-05,9832.39,2026-05-05
1814,64,2026-03-15,9825.3,2026-04-14
1815,810,2026-06-08,27468.04,2026-07-08
1816,350,2026-03-21,6059.94,2026-04-20
1817,925,2026-01-13,3395.09,2026-02-12
1818,915,2026-04-22,5048.12,2026-05-22
1819,494,2026-01-19,4366.91,2026-02-18
1820,523,2026-03-15,3016.4,2026-04-29
1821,98,2025-10-13,6458.36,2025-11-12
1822,946,2025-10-27,5836.45,2025-12-11
1823,71,2026-01-20,4680.35,2026-02-19
1824,364,2026-03-29,3951.15,2026-04-28
1825,570,2025-11-11,8289.25,2025-12-26
1826,802,2026-04-12,3210.56,2026-05-12
1827,763,2025-09-27,3621.58,2025-10-27
1828,276,2026-01-06,7311.91,2026-02-05
1829,50,2025-12-15,11230.37,2026-01-14
1830,358,2026-02-12,10438.99,2026-03-14
1831,728,2026-04-03,4062.38,2026-05-18
1832,906,2025-11-10,1818.41,2025-12-10
1833,928,2026-03-23,3966.35,2026-05-22
1834,564,2026-01-31,5302.84,2026-03-02
1835,783,2025-11-06,2050.45,2025-12-21
1836,485,2025-11-29,3907.75,2025-12-29
1837,84,2026-05-18,13132.86,2026-06-17
1838,899,2026-08-28,5626.13,2026-09-27
1839,805,2026-04-16,3244.52,2026-05-16
1840,638,2025-11-18,5116.7,2026-01-17
1841,808,2025-12-05,5346.46,2026-02-03
1842,584,2026-08-15,3708.98,2026-09-14
1843,296,2026-07-27,9275.18,2026-09-10
1844,236,2026-05-04,1158.03,2026-06-03
1845,56,2026-05-30,7292.5,2026-06-29
1846,919,2026-02-04,3161.1,2026-03-06
1847,360,2025-12-25,11542.1,2026-01-24
1848,907,2025-09-18,1803.49,2025-11-02
1849,110,2026-02-19,10594.12,2026-03-21
1850,192,2025-09-16,2659.2,2025-10-16
1851,904,2026-04-28,6469.03,2026-05-28
1852,93,2025-10-26,3446.77,2025-12-25
1853,862,2025-11-18,12319.78,2025-12-18
1854,568,2025-12-12,4291.23,2026-01-11
1855,60,2026-06-11,2803.84,2026-07-11
1856,650,2026-03-12,15313.24,2026-04-26
1857,39,2025-09-05,3996.1,2025-10-20
1858,540,2025-12-15,7590.24,2026-02-13
1859,49,2026-06-05,10598.09,2026-07-05
1860,420,2025-12-09,2474.02,2026-01-08
1861,637,2026-04-26,7007.6,2026-06-10
1862,13,2026-05-27,7808.29,2026-06-26
1863,992,2026-07-18,1449.84,2026-08-17
1864,36,2025-11-25,6474.59,2026-01-09
1865,101,2026-07-17,3767.12,2026-08-16
1866,794,2025-10-02,18275.93,2025-11-16
1867,86,2026-08-02,9997.48,2026-09-01
1868,516,2025-10-21,7104.29,2025-11-20
1869,223,2025-11-18,976.65,2026-01-02
1870,338,2026-03-05,7137.96,2026-04-04
1871,960,2026-02-21,2720.07,2026-03-23
1872,166,2025-12-15,10056.92,2026-01-14
1873,383,2025-11-02,4399.56,2025-12-17
1874,856,2025-11-15,3300.81,2026-01-14
1875,895,2026-07-13,3525.93,2026-08-12
1876,376,2026-07-18,3718.28,2026-08-17
1877,471,2025-11-20,1701.75,2026-01-19
1878,790,2026-08-27,1890.09,2026-10-11
1879,642,2026-01-06,3823.06,2026-02-05
1880,31,2026-03-02,17349.21,2026-04-01
1881,375,2026-05-01,8855.23,2026-06-15
1882,11,2026-03-04,9512.83,2026-05-03
1883,988,2026-04-08,13029.56,2026-05-08
1884,302,2025-11-10,6260.94,2025-12-10
1885,96,2026-08-08,3469.8,2026-09-07
1886,190,2026-02-01,3598.98,2026-03-03
1887,453,2026-05-03,2582.73,2026-06-02
1888,192,2026-01-18,9566.28,2026-02-17
1889,486,2025-11-10,2364.21,2025-12-10
1890,266,2025-10-16,26621.33,2025-11-15
1891,424,2025-10-17,2428.11,2025-11-16
1892,128,2025-11-18,13299.97,2025-12-18
1893,238,2026-01-27,13357.51,2026-02-26
1894,920,2026-01-08,8239.35,2026-02-07
1895,355,2026-01-05,18281.61,2026-02-04
1896,940,2026-08-31,4273.57,2026-09-30
1897,112,2025-12-28,5540.32,2026-02-11
1898,828,2026-08-23,5983.34,2026-10-07
1899,446,2026-05-20,8016.76,2026-06-19
1900,343,2026-05-02,1166.8,2026-06-01
1901,145,2025-12-12,4592.98,2026-02-10
1902,65,2025-10-07,9934.63,2025-11-21
1903,247,2026-01-20,3713.24,2026-02-19
1904,735,2025-10-07,23977.1,2025-11-06
1905,991,2025-09-08,5539.27,2025-10-08
1906,490,2026-04-19,7546.28,2026-05-19
1907,825,2026-07-30,17291.84,2026-08-29
1908,439,2026-06-23,5545.49,2026-07-23
1909,106,2025-12-16,17067.28,2026-01-30
1910,181,2026-08-14,7972.16,2026-09-13
1911,184,2025-09-18,7984.5,2025-10-18
1912,226,2026-07-10,2454.96,2026-08-24
1913,777,2025-11-22,12116.96,2025-12-22
1914,790,2026-06-15,3078.14,2026-07-30
1915,909,2026-03-13,4307.38,2026-04-12
1916,89,2026-04-03,13691.79,2026-05-18
1917,688,2026-06-08,3728.64,2026-08-07
1918,530,2026-04-08,6603.96,2026-05-08
1919,371,2026-06-16,4789.09,2026-07-16
1920,972,2026-08-10,4924.58,2026-09-24
1921,936,2026-03-13,4436.52,2026-04-12
1922,913,2026-02-05,2182.56,2026-03-07
1923,399,2025-12-13,7733.43,2026-01-27
1924,106,2025-10-04,8303.98,2025-11-18
1925,271,2025-12-11,3138.82,2026-01-25
1926,975,2026-01-05,3509.97,2026-02-04
1927,831,2026-04-02,10379.48,2026-05-02
1928,503,2026-07-22,4048.75,2026-08-21
1929,679,2026-06-23,5384.45,2026-07-23
1930,525,2026-02-26,2469.86,2026-04-27
1931,849,2025-11-19,4752.45,2025-12-19
1932,32,2026-01-19,2480.59,2026-02-18
1933,393,2025-10-01,3081.63,2025-10-31
1934,40,2025-11-02,2713.1,2025-12-02
1935,660,2025-10-18,9974.83,2025-12-02
1936,218,2025-11-26,1725.93,2025-12-26
1937,731,2026-07-01,6189.06,2026-07-31
1938,981,2025-10-31,4182.62,2025-12-30
1939,82,2026-07-31,15278.52,2026-08-30
1940,845,2026-06-01,9327.94,2026-07-16
1941,720,2026-06-11,1854.22,2026-07-11
1942,201,2025-11-19,3193.19,2025-12-19
1943,447,2026-02-27,4944.66,2026-03-29
1944,844,2026-05-30,3192.67,2026-06-29
1945,428,2025-11-16,10340.38,2025-12-16
1946,38,2026-04-09,5728.14,
1947,211,2026-06-09,4283.46,2026-07-09
1948,444,2025-09-28,10958.94,2025-11-12
1949,327,2026-08-27,1949.46,2026-10-26
1950,761,2025-11-16,4043.16,2025-12-16
1951,227,2026-02-11,6097.25,2026-04-12
1952,48,2025-09-09,4465.52,2025-10-09
1953,18,2026-02-22,417.18,2026-03-24
1954,912,2026-07-04,6557.81,2026-08-03
1955,439,2025-11-15,7475.42,2025-12-15
1956,807,2026-05-03,2224.2,2026-06-02
1957,708,2025-12-31,872.02,2026-02-14
1958,187,2026-03-04,2907.37,2026-04-03
1959,345,2025-10-02,4248.87,2025-11-16
1960,224,2026-05-08,4576.86,2026-06-07
1961,830,2025-10-27,1036.4,2025-12-11
1962,488,2026-07-07,5882.68,2026-08-06
1963,909,2026-01-22,11387.76,2026-02-21
1964,877,2026-07-15,10749.76,2026-08-14
1965,849,2025-11-23,13288.68,2025-12-23
1966,229,2025-10-26,1894.7,2025-11-25
1967,390,2026-06-06,10101.54,2026-07-06
1968,979,2026-05-31,2368.8,2026-06-30
1969,589,2026-02-13,9401.13,2026-03-15
1970,188,2026-02-05,2771.97,2026-04-06
1971,858,2026-05-07,6626.37,2026-06-21
1972,270,2026-03-05,17074.52,2026-04-04
1973,607,2025-11-17,10546.43,2026-01-01
1974,310,2025-09-22,2390.77,
1975,132,2025-12-17,2010.39,2026-01-31
1976,551,2026-05-31,9304.61,2026-06-30
1977,72,2026-05-10,14368.12,2026-06-09
1978,793,2025-09-15,7051.76,2025-10-15
1979,845,2026-07-01,3321.78,2026-08-15
1980,672,2026-02-07,5170.32,2026-03-09
1981,187,2026-03-24,7066.7,2026-04-23
1982,486,2025-12-22,4654.31,2026-01-21
1983,191,2026-02-15,2392.68,2026-03-17
1984,422,2026-08-19,11709.83,2026-09-18
1985,120,2026-05-11,22467.43,2026-06-25
1986,220,2026-03-05,15653.3,2026-04-04
1987,53,2026-08-13,880.3,2026-09-12
1988,734,2026-04-15,12606.64,2026-05-15
1989,451,2025-09-16,7940.67,2025-10-16
1990,412,2026-02-03,2955.34,2026-03-05
1991,643,2026-08-20,1040.49,2026-09-19
1992,237,2025-12-20,4565.5,2026-01-19
1993,758,2025-09-01,6688.46,2025-10-01
1994,738,2025-10-11,2062.57,2025-12-10
1995,720,2025-10-18,13399.86,2025-11-17
1996,406,2025-12-17,13142.53,2026-01-16
1997,608,2026-02-08,7270.1,2026-03-10
1998,422,2026-02-08,1667.27,2026-03-10
1999,712,2026-08-25,4054.3,2026-09-24
2000,247,2026-01-06,8920.86,2026-02-05
2001,72,2026-03-29,8462.38,2026-04-28
2002,830,2026-01-29,2858.26,2026-03-15
2003,185,2026-05-13,3214.03,2026-06-12
2004,6,2026-04-06,2799.9,2026-05-21
2005,206,2025-09-30,3987.35,2025-11-29
2006,544,2025-10-15,3387.48,2025-11-29
2007,611,2025-11-19,2927.92,2025-12-19
2008,906,2025-10-09,4478.75,2025-11-08
2009,387,2026-04-28,5162.55,2026-06-27
2010,768,2025-10-15,11930.29,2025-11-14
2011,699,2025-11-17,1202.52,2025-12-17
2012,76,2026-08-03,13261.28,2026-09-02
2013,177,2026-08-15,2749.96,2026-09-14
2014,827,2026-06-15,22150.13,2026-08-14
2015,799,2026-06-07,8567.67,2026-07-07
2016,349,2025-12-25,7747.02,2026-01-24
2017,255,2026-05-27,4600.78,2026-07-11
2018,837,2026-08-01,26045.82,2026-08-31
2019,702,2026-07-09,4879.07,2026-08-23
2020,308,2025-10-23,16756.66,2025-11-22
2021,345,2025-11-07,3157.6,2025-12-22
2022,127,2026-03-01,8870.34,2026-03-31
2023,937,2025-10-04,22827.88,2025-11-03
2024,287,2026-06-11,2537.19,2026-07-11
2025,766,2026-07-03,7407.15,2026-08-02
2026,725,2026-05-07,2841.52,2026-06-06
2027,762,2025-12-20,7050.99,2026-02-03
2028,596,2025-12-03,22751.45,2026-02-01
2029,487,2026-02-26,2369.56,2026-03-28
2030,383,2025-10-17,5664.65,2025-12-01
2031,406,2026-06-09,2564.75,2026-07-09
2032,388,2026-08-06,4508.72,2026-09-05
2033,525,2026-08-28,8218.76,2026-10-27
2034,557,2025-12-01,3938.91,2025-12-31
2035,639,2026-03-31,17611.8,2026-04-30
2036,938,2025-11-14,7360.39,2025-12-14
2037,626,2026-03-21,1734.48,2026-04-20
2038,945,2026-06-24,6457.7,2026-07-24
2039,276,2026-07-05,16092.16,2026-08-04
2040,500,2026-03-30,7716.56,2026-04-29
2041,717,2026-08-04,6159.82,2026-09-18
2042,337,2026-01-12,3940.91,2026-02-11
2043,950,2026-07-27,4626.57,2026-08-26
2044,932,2025-11-05,5043.56,2025-12-05
2045,481,2026-06-07,706.58,2026-07-07
2046,897,2025-09-28,7245.62,2025-11-12
2047,911,2025-12-26,11098.35,2026-01-25
2048,973,2026-07-14,2748.61,2026-08-13
2049,273,2026-07-22,6022.03,2026-09-05
2050,920,2025-12-23,6634.79,2026-01-22
2051,58,2025-11-14,9560.84,2025-12-14
2052,328,2026-03-21,5049.62,
2053,731,2025-10-29,7699.44,2025-11-28
2054,109,2025-09-15,1974.2,2025-10-30
2055,279,2026-04-19,2221.17,2026-06-03
2056,686,2025-12-14,7059.37,2026-01-28
2057,328,2026-02-12,4161.03,2026-03-14
2058,776,2026-03-18,1411.81,2026-05-02
2059,315,2026-08-20,6602.41,2026-09-19
2060,474,2025-10-05,1803.33,2025-11-04
2061,111,2026-02-09,43446.33,2026-04-10
2062,699,2026-05-03,876.81,2026-06-02
2063,781,2026-06-14,5215.22,2026-07-14
2064,935,2025-09-19,2047.29,2025-10-19
2065,229,2026-06-07,10403.4,2026-07-07
2066,497,2026-08-06,3622.38,2026-09-20
2067,156,2026-08-14,11242.53,2026-09-28
2068,473,2026-03-01,9237.84,2026-04-30
2069,701,2026-01-25,2128.11,2026-02-24
2070,272,2026-02-23,2794.27,2026-03-25
2071,887,2026-02-10,3795.52,2026-04-11
2072,2,2026-02-22,4737.04,2026-04-23
2073,758,2025-10-17,4272.82,2025-11-16
2074,722,2026-05-14,8952.44,2026-07-13
2075,511,2026-02-21,6029.11,2026-03-23
2076,913,2025-12-12,3062.76,2026-01-11
2077,286,2025-12-30,2409.64,2026-01-29
2078,871,2026-08-16,2603.15,2026-09-15
2079,13,2026-01-23,6510.6,2026-02-22
2080,608,2025-10-12,4284.4,2025-11-11
2081,498,2025-09-29,26408.59,2025-10-29
2082,733,2026-05-31,4999.03,2026-06-30
2083,238,2025-09-14,5814.89,2025-10-14
2084,94,2026-07-03,1183.66,2026-08-02
2085,338,2026-07-10,1714.28,2026-08-09
2086,781,2026-03-08,2038.71,2026-04-07
2087,171,2026-08-26,3264.2,2026-09-25
2088,981,2026-06-22,1527.52,2026-08-21
2089,606,2026-03-02,1984.75,2026-04-16
2090,661,2026-08-18,8511.24,2026-09-17
2091,624,2025-10-06,2513.18,2025-11-20
2092,567,2025-10-07,4838.61,2025-11-06
2093,849,2025-09-14,8029.72,2025-10-14
2094,936,2026-01-01,10662.51,2026-01-31
2095,467,2025-11-22,6318.34,2025-12-22
2096,628,2026-02-06,6630.17,2026-03-08
2097,143,2026-07-26,10927.25,2026-08-25
2098,201,2025-12-11,6964.67,
2099,180,2026-08-03,11447.58,2026-09-02
2100,714,2025-11-22,900.08,2025-12-22
2101,364,2025-10-14,4676.24,2025-11-13
2102,479,2025-11-07,5227.79,2025-12-07
2103,565,2025-10-18,4550.01,2025-11-17
2104,471,2025-10-27,5517.91,2025-12-26
2105,384,2025-11-14,3606.62,2026-01-13
2106,692,2025-09-22,9399.16,2025-11-06
2107,926,2026-01-10,3257.57,2026-02-09
2108,417,2026-06-29,4200.67,2026-08-28
2109,825,2026-05-25,15873.77,2026-06-24
2110,308,2026-06-14,14196.41,2026-07-14
2111,649,2025-12-29,5672.02,2026-01-28
2112,694,2026-05-04,3003.95,2026-06-03
2113,367,2025-10-26,1352.59,2025-11-25
2114,1,2025-10-08,4501.26,2025-11-07
2115,44,2026-05-03,7508.09,2026-06-17
2116,739,2025-09-21,2808.1,2025-10-21
2117,843,2025-12-19,5023.77,2026-01-18
2118,98,2025-12-03,3783.64,2026-01-02
2119,720,2026-01-14,1260.72,2026-02-13
2120,265,2026-04-19,5491.33,2026-05-19
2121,800,2025-09-08,7081.67,2025-10-08
2122,783,2026-07-25,-5680.13,2026-09-08
2123,140,2026-06-17,18163.9,2026-07-17
2124,481,2026-05-09,3864.93,2026-06-08
2125,237,2026-08-27,3626.92,2026-09-26
2126,974,2025-11-26,28292.76,2025-12-26
2127,953,2026-03-23,1841.25,2026-04-22
2128,904,2026-04-07,3045.25,2026-05-07
2129,72,2026-04-29,6674.03,2026-05-29
2130,667,2026-07-17,12300.68,2026-09-15
2131,190,2026-05-16,10562.46,2026-06-15
2132,268,2025-12-18,2176.1,2026-01-17
2133,321,2026-05-14,18385.35,2026-06-13
2134,107,2026-06-09,7247.71,2026-08-08
2135,232,2026-04-08,2595.92,2026-05-08
2136,42,2025-11-22,2776.74,2026-01-06
2137,702,2025-12-16,5294.54,2026-01-30
2138,883,2025-11-08,27974.6,2025-12-08
2139,139,2025-12-06,5926.28,2026-01-05
2140,615,2026-03-31,27770.3,2026-04-30
2141,683,2026-06-13,10093.66,2026-07-28
2142,863,2026-04-25,1821.39,2026-05-25
2143,273,2025-09-08,15416.62,2025-10-23
2144,481,2026-06-21,2349.3,2026-07-21
2145,416,2026-03-08,3056.74,2026-04-07
2146,506,2025-11-20,6234.14,2025-12-20
2147,733,2025-12-17,4887.54,2026-01-16
2148,725,2026-07-18,10218.19,2026-08-17
2149,853,2025-11-06,7469.41,2025-12-06
2150,424,2026-02-21,4549.85,2026-03-23
2151,407,2026-08-12,19464.24,2026-09-11
2152,568,2026-08-17,3420.57,2026-09-16
2153,390,2026-07-25,2246.6,2026-08-24
2154,342,2025-10-13,7243.3,2025-11-12
2155,946,2026-03-06,4927.79,2026-04-20
2156,614,2026-06-29,6084.47,2026-07-29
2157,933,2026-03-19,9024.72,2026-04-18
2158,493,2025-10-09,4311.84,2025-11-23
2159,192,2026-04-08,22116.52,2026-05-08
2160,499,2026-07-04,6180.67,2026-08-03
2161,822,2025-09-04,3487.28,2025-10-04
2162,712,2025-12-30,8013.29,2026-01-29
2163,233,2026-08-02,4669.5,2026-09-01
2164,945,2025-11-16,5474.36,2025-12-16
2165,227,2026-02-26,2063.76,2026-04-27
2166,371,2026-01-11,2259.63,2026-02-10
2167,139,2026-07-08,11689.72,2026-08-07
2168,856,2026-04-17,1862.56,2026-06-16
2169,817,2026-06-03,4533.69,
2170,149,2026-01-30,6489.06,2026-03-16
2171,115,2026-02-11,15484.8,2026-04-12
2172,450,2026-06-17,3402.18,2026-07-17
2173,63,2025-12-18,9175.69,2026-01-17
2174,104,2026-01-04,4540.41,2026-02-03
2175,851,2026-04-28,874.01,2026-06-27
2176,871,2026-07-07,5187.74,2026-08-06
2177,668,2026-08-11,4739.41,2026-09-10
2178,273,2026-01-24,7025.42,2026-03-10
2179,6,2026-05-10,2990.13,2026-06-24
2180,147,2026-03-02,3256.39,2026-04-01
2181,184,2026-07-06,13069.66,2026-08-05
2182,998,2026-07-03,3821.03,2026-09-01
2183,28,2025-11-11,1081.87,2025-12-11
2184,962,2026-04-07,7402.32,2026-05-07
2185,550,2026-03-26,9969.09,2026-04-25
2186,119,2026-02-20,9899.15,2026-03-22
2187,293,2026-01-19,3056.2,2026-02-18
2188,371,2026-05-30,5000.92,2026-06-29
2189,244,2026-04-02,7648.12,2026-05-02
2190,580,2026-05-27,10811.04,2026-06-26
2191,726,2025-09-20,7471.55,2025-10-20
2192,218,2025-11-05,9299.28,2025-12-05
2193,177,2026-06-30,2783.53,2026-07-30
2194,299,2026-01-25,800.4,2026-02-24
2195,676,2026-02-12,11616.12,2026-03-14
2196,58,2026-07-07,2345.79,2026-08-06
2197,269,2025-09-06,4359.26,2025-10-06
2198,308,2025-09-14,9542.09,2025-10-14
2199,570,2026-01-10,5107.89,2026-02-24
2200,288,2026-08-08,8772.08,2026-09-07
2201,977,2026-05-01,35634.86,2026-06-15
2202,105,2026-04-19,7772.96,2026-05-19
2203,228,2026-04-16,2791.36,2026-05-31
2204,247,2026-02-09,1570.93,2026-03-11
2205,700,2026-06-10,8591.57,2026-08-09
2206,494,2026-05-21,5336.89,2026-06-20
2207,83,2026-01-09,1659.09,2026-02-08
2208,186,2026-04-13,12841.66,2026-05-13
2209,252,2026-05-16,8924.11,2026-06-15
2210,355,2026-04-22,4953.87,2026-05-22
2211,750,2026-08-02,28757.05,2026-09-01
2212,872,2026-07-13,11335.89,2026-08-12
2213,696,2025-09-24,2263.52,2025-10-24
2214,796,2026-05-29,12775.68,2026-06-28
2215,897,2025-12-04,6131.11,2026-01-18
2216,938,2026-01-20,22739.07,2026-02-19
2217,210,2026-03-01,10631.54,2026-03-31
2218,816,2026-03-25,7366.05,2026-04-24
2219,808,2025-11-20,7038.12,2026-01-19
2220,609,2026-06-01,1932.18,2026-07-01
2221,447,2026-06-03,3319.52,2026-07-03
2222,460,2026-03-27,5906.89,2026-04-26
2223,968,2026-06-23,1668.69,2026-07-23
2224,472,2025-10-09,7265.88,2025-11-08
2225,720,2026-06-15,2758.85,2026-07-15
2226,370,2026-01-02,3650.61,2026-02-01
2227,900,2026-08-30,8828.62,2026-09-29
2228,934,2026-06-10,3204.89,2026-07-25
2229,492,2026-02-27,7279.25,2026-04-13
2230,923,2025-12-06,5614.84,2026-01-05
2231,137,2026-03-10,2143.71,2026-04-09
2232,367,2025-11-13,10120.4,2025-12-13
2233,912,2026-05-31,10544.88,2026-06-30
2234,184,2025-10-19,11013.49,2025-11-18
2235,588,2026-08-03,23002.03,2026-09-02
2236,287,2026-03-29,3598.55,2026-04-28
2237,472,2025-12-25,1050.98,2026-01-24
2238,375,2025-09-23,2955.99,2025-11-07
2239,654,2025-12-07,10772.88,2026-01-06
2240,749,2026-07-25,4684.89,
2241,537,2026-07-10,1625.18,2026-08-09
2242,511,2026-03-09,1300.44,2026-04-08
2243,802,2026-03-01,15575.85,2026-03-31
2244,579,2026-01-26,8136.04,2026-02-25
2245,250,2026-08-08,3360.55,2026-09-07
2246,920,2025-09-23,22543.58,2025-10-23
2247,510,2025-12-14,41619.17,2026-01-28
2248,630,2026-02-10,11442.27,2026-03-12
2249,73,2025-11-06,9149.62,2025-12-06
2250,282,2026-06-17,7629.64,2026-08-01
2251,916,2026-06-16,9914.41,2026-07-16
2252,960,2025-10-16,23953.96,2025-11-15
2253,360,2025-11-20,2296.22,2025-12-20
2254,10,2026-01-25,3812.09,2026-02-24
2255,211,2026-04-10,4812.46,
2256,835,2026-08-09,7915.99,2026-09-08
2257,152,2025-09-15,17492.61,2025-10-15
2258,5,2025-12-30,6956.67,2026-01-29
2259,195,2025-11-17,8245.15,2025-12-17
2260,954,2026-07-19,8591.83,
2261,283,2026-06-22,5093.2,2026-08-06
2262,464,2026-04-29,3584.19,2026-05-29
2263,113,2025-09-18,5307.81,2025-11-02
2264,271,2026-05-14,2962.4,2026-06-28
2265,163,2026-06-04,3003.45,2026-07-04
2266,460,2025-09-27,6711.79,2025-10-27
2267,105,2025-09-02,3410.5,2025-10-02
2268,693,2026-08-19,21906.9,2026-10-18
2269,556,2026-06-22,5621.91,2026-08-06
2270,282,2026-07-09,14832.79,2026-08-23
2271,687,2026-08-29,1846.63,2026-09-28
2272,162,2026-04-27,1892.4,2026-06-11
2273,983,2025-09-13,4574.89,2025-10-28
2274,351,2026-03-03,10578.79,2026-04-02
2275,434,2026-03-13,3378.36,2026-04-12
2276,852,2025-10-26,4614.19,2025-12-10
2277,140,2026-04-18,11127.04,2026-05-18
2278,471,2025-09-28,3665.68,2025-11-27
2279,132,2026-07-17,2727.6,2026-08-31
2280,87,2025-11-10,8812.33,2026-01-09
2281,688,2026-03-29,1761.58,2026-05-28
2282,183,2026-03-03,3708.05,2026-04-02
2283,368,2026-08-22,5478.65,2026-09-21
2284,129,2025-10-11,7634.32,2025-11-10
2285,246,2026-05-18,9655.78,2026-07-17
2286,601,2026-08-10,10939.28,2026-09-24
2287,578,2025-11-23,3925.36,2025-12-23
2288,670,2025-10-16,10755.84,2025-11-15
2289,899,2026-02-06,7495.91,2026-03-08
2290,378,2026-08-10,8903.14,2026-09-09
2291,149,2025-09-07,3011.42,2025-10-22
2292,985,2026-07-30,8512.4,2026-08-29
2293,852,2026-01-14,4424.86,2026-02-28
2294,433,2026-03-02,5195.19,2026-04-16
2295,628,2026-03-16,5706.19,2026-04-15
2296,726,2026-02-19,27112.26,2026-03-21
2297,469,2026-08-15,2405.01,2026-09-14
2298,446,2026-06-03,12947.35,2026-07-03
2299,481,2025-11-17,15701.18,2025-12-17
2300,884,2026-02-25,9678.52,2026-04-11
2301,294,2025-09-27,3257.88,2025-10-27
2302,765,2025-12-29,19426.58,2026-01-28
2303,143,2026-06-08,3833.69,2026-07-08
2304,250,2026-07-05,8663.62,2026-08-04
2305,878,2026-03-15,5507.82,2026-04-29
2306,948,2026-06-04,3721.47,2026-07-04
2307,975,2025-09-18,7742.97,2025-10-18
2308,302,2026-06-22,22487.66,2026-07-22
2309,25,2026-05-29,6138.09,2026-06-28
2310,789,2025-10-23,24341.62,2025-11-22
2311,984,2026-06-21,4318.09,2026-07-21
2312,889,2025-10-22,5319.45,2025-11-21
2313,890,2026-04-04,1875.37,2026-05-19
2314,901,2025-11-11,3200.05,2025-12-26
2315,70,2025-09-28,4198.56,2025-10-28
2316,625,2026-05-10,3842.81,2026-06-09
2317,875,2025-10-05,2319.25,2025-11-19
2318,112,2026-03-20,2718.18,2026-05-04
2319,364,2026-05-07,3975.56,2026-06-06
2320,303,2025-12-08,12918.61,2026-01-07
2321,471,2026-07-05,1511.3,2026-09-03
2322,964,2026-01-18,945.25,2026-02-17
2323,91,2025-11-22,1222.35,2025-12-22
2324,530,2025-10-18,2538.36,2025-11-17
2325,661,2026-06-05,8322.93,2026-07-05
2326,988,2026-05-06,3759.9,2026-06-05
2327,739,2026-02-24,3719.06,2026-03-26
2328,726,2025-10-22,3652.86,2025-11-21
2329,872,2025-11-18,1113.13,2025-12-18
2330,663,2026-07-19,9960.0,2026-08-18
2331,192,2025-11-03,14265.68,2025-12-03
2332,963,2025-09-08,3823.1,2025-10-08
2333,552,2026-04-02,5353.8,2026-05-02
2334,242,2025-09-25,5498.17,2025-11-09
2335,138,2026-05-14,2127.99,2026-06-28
2336,345,2026-05-01,3512.21,2026-06-15
2337,180,2026-03-17,20864.38,2026-04-16
2338,712,2025-12-03,4984.07,2026-01-02
2339,503,2026-03-26,5979.0,2026-04-25
2340,203,2025-09-15,2870.61,2025-10-15
2341,573,2026-02-25,3544.76,2026-03-27
2342,192,2025-11-14,8385.23,2025-12-14
2343,5,2025-12-13,2554.25,2026-01-12
2344,890,2026-06-21,18272.99,2026-08-05
2345,237,2026-02-15,1372.21,2026-03-17
2346,693,2025-12-24,3012.91,2026-02-22
2347,311,2025-10-09,1530.41,2025-11-08
2348,549,2026-08-30,14424.51,2026-09-29
2349,56,2026-05-31,4856.99,2026-06-30
2350,443,2026-01-13,3976.2,2026-02-27
2351,237,2026-04-20,6872.45,2026-05-20
2352,870,2025-10-09,15312.2,2025-12-08
2353,861,2026-06-18,5943.47,2026-08-02
2354,197,2026-07-04,12472.9,2026-08-03
2355,585,2025-10-17,3953.21,2025-11-16
2356,571,2025-10-06,2317.22,2025-11-05
2357,752,2026-07-17,6020.73,2026-08-16
2358,514,2025-12-04,-2862.09,2026-01-03
2359,449,2026-08-27,8674.92,2026-09-26
2360,360,2025-09-13,3603.75,2025-10-13
2361,700,2026-01-24,4673.01,2026-03-25
2362,819,2025-11-04,832.87,2025-12-19
2363,30,2026-04-16,4525.2,2026-05-31
2364,779,2026-04-30,4118.01,2026-05-30
2365,988,2025-09-08,12677.25,2025-10-08
2366,108,2026-07-01,10029.43,2026-07-31
2367,844,2026-08-07,5097.82,2026-09-06
2368,935,2025-10-13,1356.74,2025-11-12
2369,602,2026-05-02,3515.75,2026-06-01
2370,717,2026-02-28,12688.01,2026-04-14
2371,891,2025-11-24,4266.01,2026-01-08
2372,968,2026-02-02,2129.81,2026-03-04
2373,959,2026-06-02,12564.77,2026-07-02
2374,960,2025-09-23,1364.28,2025-10-23
2375,445,2025-12-24,4568.06,2026-01-23
2376,893,2026-07-03,7813.91,2026-08-17
2377,438,2026-06-26,5530.52,2026-08-10
2378,732,2025-12-08,1851.92,2026-01-07
2379,890,2025-12-13,2377.58,2026-01-27
2380,606,2025-10-21,-2860.67,2025-12-05
2381,457,2026-08-28,9365.32,2026-10-27
2382,615,2025-12-21,5730.82,2026-01-20
2383,735,2026-05-02,3667.11,2026-06-01
2384,698,2026-02-16,6934.9,2026-03-18
2385,981,2025-11-11,2743.65,2026-01-10
2386,696,2026-01-17,9026.29,2026-02-16
2387,495,2026-08-02,7169.85,2026-09-01
2388,674,2026-04-19,4178.02,2026-06-03
2389,247,2026-04-27,4391.3,2026-05-27
2390,543,2026-05-11,3803.72,2026-06-10
2391,564,2025-10-19,11091.64,2025-11-18
2392,857,2026-06-30,5943.58,2026-07-30
2393,588,2025-11-11,4204.89,2025-12-11
2394,897,2026-05-21,2300.64,2026-07-05
2395,439,2026-07-19,8012.73,2026-08-18
2396,278,2026-04-10,7718.67,2026-05-10
2397,552,2025-11-16,3283.55,2025-12-16
2398,613,2025-11-01,3572.67,2025-12-01
2399,111,2026-02-04,4553.18,2026-04-05
2400,385,2026-06-21,1986.82,2026-07-21
2401,833,2026-01-03,5303.69,2026-02-02
2402,761,2026-04-17,1340.56,2026-05-17
2403,191,2026-08-06,1796.54,2026-09-05
2404,490,2026-02-08,3325.97,2026-03-10
2405,694,2025-09-29,3024.67,2025-10-29
2406,426,2025-12-23,7174.63,2026-02-06
2407,405,2025-11-18,6270.37,2026-01-17
2408,335,2025-09-23,15040.36,2025-10-23
2409,209,2025-12-15,5385.53,2026-01-14
2410,22,2026-01-09,5896.4,2026-02-23
2411,678,2026-08-23,1971.89,2026-09-22
2412,611,2026-02-20,1975.17,2026-03-22
2413,208,2026-05-22,5264.46,2026-06-21
2414,8,2026-08-08,5337.77,2026-09-22
2415,702,2026-06-12,6303.53,2026-07-27
2416,687,2025-09-02,13806.58,2025-10-02
2417,785,2026-04-21,2046.22,2026-05-21
2418,529,2026-05-09,19324.38,2026-06-08
2419,602,2026-07-18,1518.05,2026-08-17
2420,653,2025-12-17,6738.18,2026-01-16
2421,657,2026-06-03,1844.77,2026-07-03
2422,166,2026-02-27,8924.03,2026-03-29
2423,849,2026-04-01,1525.57,2026-05-01
2424,496,2026-06-20,561.84,2026-07-20
2425,590,2025-11-11,5618.89,2025-12-11
2426,429,2026-06-10,4524.26,2026-08-09
2427,774,2026-02-22,12113.18,2026-04-08
2428,163,2026-01-01,5321.37,2026-01-31
2429,366,2026-04-15,2755.38,2026-05-15
2430,526,2026-06-28,3246.54,2026-07-28
2431,239,2025-11-22,65513.36,2025-12-22
2432,72,2026-05-11,2483.77,2026-06-10
2433,445,2026-01-24,7607.06,2026-02-23
2434,655,2025-12-29,6897.77,2026-01-28
2435,822,2025-11-04,7750.26,2025-12-04
2436,509,2026-06-08,7260.21,2026-07-08
2437,795,2026-06-10,4036.36,2026-07-10
2438,269,2025-12-15,1221.16,2026-01-14
2439,753,2026-06-27,5662.94,2026-07-27
2440,415,2025-12-16,4948.98,2026-01-15
2441,245,2025-10-06,5521.13,2025-11-05
2442,675,2026-01-25,7858.72,2026-02-24
2443,60,2026-05-20,3591.41,2026-06-19
2444,6,2026-02-06,3044.1,2026-03-23
2445,709,2026-05-23,10279.1,2026-06-22
2446,982,2026-03-21,3843.41,2026-05-05
2447,570,2026-02-02,3368.49,2026-03-19
2448,817,2025-09-13,3143.21,2025-10-13
2449,407,2026-06-24,8045.34,2026-07-24
2450,217,2026-07-19,4227.56,2026-08-18
2451,930,2025-11-24,29361.5,2025-12-24
2452,26,2026-06-07,5235.15,2026-08-06
2453,815,2026-05-03,1904.38,2026-07-02
2454,5,2026-06-27,3525.21,2026-07-27
2455,986,2026-08-28,8446.01,2026-10-12
2456,532,2026-08-20,3093.49,2026-09-19
2457,390,2026-07-13,4931.6,2026-08-12
2458,710,2025-09-09,10937.55,2025-10-09
2459,571,2026-05-05,12336.13,2026-06-04
2460,448,2026-07-09,3286.76,2026-08-08
2461,754,2026-06-05,4071.37,2026-07-05
2462,146,2026-04-26,5402.69,2026-06-10
2463,388,2026-03-22,14633.29,2026-04-21
2464,785,2026-05-05,2074.24,2026-06-04
2465,249,2026-04-23,6667.32,2026-05-23
2466,526,2025-11-20,5226.75,2025-12-20
2467,462,2026-08-22,2439.57,2026-10-06
2468,13,2025-09-13,13454.43,2025-10-13
2469,903,2026-07-24,11042.04,2026-09-07
2470,384,2025-09-16,17116.78,2025-11-15
2471,556,2025-10-15,12853.29,2025-11-29
2472,887,2026-07-18,5040.97,2026-09-16
2473,399,2026-01-17,8206.92,2026-03-03
2474,19,2026-07-23,6520.2,2026-08-22
2475,575,2026-01-26,2420.01,2026-02-25
2476,491,2026-08-21,1761.06,2026-10-05
2477,751,2026-04-24,6717.03,2026-05-24
2478,419,2026-03-10,5401.17,2026-04-09
2479,337,2025-12-10,3820.22,2026-01-09
2480,419,2025-12-14,4643.85,2026-01-13
2481,915,2026-05-08,20594.19,2026-06-07
2482,916,2025-12-03,874.37,2026-01-02
2483,612,2026-04-08,8342.43,2026-05-23
2484,675,2026-06-25,9810.52,2026-07-25
2485,928,2026-08-05,10844.06,2026-10-04
2486,122,2026-01-11,1659.9,2026-02-25
2487,432,2026-08-27,3954.62,2026-09-26
2488,44,2026-02-02,3799.71,2026-03-19
2489,872,2025-09-28,6315.62,2025-10-28
2490,920,2026-06-09,2025.69,2026-07-09
2491,317,2025-12-25,6768.1,2026-02-23
2492,381,2026-07-02,2463.6,2026-08-16
2493,145,2026-04-22,3940.76,2026-06-21
2494,327,2025-09-01,14665.24,2025-10-31
2495,363,2026-08-14,9807.63,2026-09-28
2496,50,2026-04-28,5520.67,2026-05-28
2497,65,2025-10-28,1641.53,2025-12-12
2498,355,2026-08-01,6523.05,2026-08-31
2499,800,2026-03-02,6883.4,2026-04-01
2500,164,2026-08-03,932.31,2026-09-17
2501,141,2025-09-26,6620.14,
2502,966,2025-11-16,2114.01,2025-12-16
2503,826,2026-04-05,1530.78,2026-05-05
2504,128,2026-07-25,2037.76,2026-08-24
2505,398,2026-07-22,887.15,2026-08-21
2506,933,2026-05-20,3608.78,2026-06-19
2507,880,2025-09-23,2237.18,2025-11-07
2508,463,2026-05-02,12452.3,2026-06-16
2509,751,2026-02-05,3751.62,2026-03-07
2510,836,2026-03-25,2811.1,2026-05-09
2511,808,2026-07-07,1398.0,2026-09-05
2512,187,2025-11-26,3550.52,2025-12-26
2513,720,2026-05-25,14764.08,2026-06-24
2514,732,2026-01-12,17241.05,2026-02-11
2515,912,2026-05-25,3734.62,2026-06-24
2516,190,2026-07-30,4729.56,2026-08-29
2517,388,2026-05-26,8773.71,2026-06-25
2518,429,2025-10-23,2201.21,2025-12-22
2519,858,2025-12-08,6717.3,2026-01-22
2520,284,2026-05-05,33209.01,2026-07-04
2521,864,2025-10-06,9221.42,2025-11-05
2522,237,2025-09-28,8989.09,2025-10-28
2523,194,2026-04-08,14650.7,2026-05-08
2524,287,2025-12-11,10303.31,2026-01-10
2525,771,2026-05-21,4084.43,2026-06-20
2526,758,2026-05-29,1945.66,2026-06-28
2527,136,2026-04-12,4493.55,2026-05-12
2528,792,2026-01-17,2301.8,2026-02-16
2529,783,2026-06-07,3990.57,2026-07-22
2530,171,2026-06-13,2490.39,2026-07-13
2531,159,2026-05-08,3660.28,2026-06-07
2532,201,2026-07-19,1523.75,2026-08-18
2533,487,2026-07-14,2871.36,2026-08-13
2534,557,2025-11-17,6916.07,2025-12-17
2535,962,2026-06-24,8463.72,2026-07-24
2536,776,2026-08-04,7114.91,2026-09-18
2537,583,2026-07-04,3701.18,2026-08-18
2538,504,2026-08-17,5525.07,2026-10-01
2539,876,2025-09-13,23679.54,2025-10-13
2540,371,2026-08-12,2809.03,2026-09-11
2541,103,2025-11-21,18054.13,2025-12-21
2542,125,2025-09-09,1575.15,2025-10-09
2543,313,2026-04-01,1274.26,2026-05-01
2544,976,2025-10-18,4444.26,2025-11-17
2545,995,2025-10-19,4852.43,2025-12-03
2546,798,2026-07-06,-2023.71,2026-08-05
2547,458,2025-10-10,3842.59,2025-11-09
2548,230,2026-08-29,6900.08,2026-09-28
2549,658,2026-06-07,2292.27,2026-07-07
2550,882,2026-04-14,11270.26,2026-05-14
2551,197,2025-12-17,12299.61,2026-01-16
2552,885,2026-05-03,13537.71,2026-06-17
2553,733,2026-05-13,2418.43,2026-06-12
2554,423,2025-10-03,2683.56,2025-11-02
2555,572,2025-09-23,4354.19,2025-10-23
2556,610,2026-07-30,4021.46,2026-08-29
2557,171,2025-10-24,3853.13,2025-11-23
2558,382,2026-07-06,9152.66,2026-08-05
2559,173,2025-10-19,8156.17,2025-11-18
2560,663,2025-11-17,2483.79,
2561,453,2026-08-02,2006.73,2026-09-01
2562,350,2026-08-24,1855.55,2026-09-23
2563,902,2025-12-31,2474.88,2026-01-30
2564,952,2026-08-25,9836.99,2026-09-24
2565,634,2025-11-29,5607.48,2025-12-29
2566,494,2026-08-12,10486.8,2026-09-11
2567,620,2026-03-12,1283.28,2026-04-26
2568,4,2026-05-02,6222.37,2026-06-01
2569,93,2026-01-27,6158.98,2026-03-28
2570,919,2026-01-24,13061.81,2026-02-23
2571,6,2026-07-13,3604.43,2026-08-27
2572,288,2026-01-19,3406.13,2026-02-18
2573,618,2026-06-13,16687.13,2026-07-13
2574,146,2026-08-05,4360.68,2026-09-19
2575,783,2025-12-20,5761.83,2026-02-03
2576,424,2025-12-17,7319.02,2026-01-16
2577,890,2026-06-08,1316.84,2026-07-23
2578,608,2025-10-20,5167.14,2025-11-19
2579,457,2025-09-14,1846.57,2025-11-13
2580,741,2026-01-12,4661.49,2026-02-11
2581,202,2025-11-15,3950.28,2025-12-30
2582,212,2025-11-23,3334.57,2025-12-23
2583,6,2026-08-09,8254.64,2026-09-23
2584,624,2026-02-05,5405.17,2026-03-22
2585,376,2026-06-13,2139.81,2026-07-13
2586,891,2026-07-11,2082.49,2026-08-25
2587,447,2025-12-03,9791.93,2026-01-02
2588,835,2026-06-24,4851.15,2026-07-24
2589,106,2025-12-03,1600.25,2026-01-17
2590,651,2025-10-27,3583.15,2025-11-26
2591,811,2026-02-11,4408.25,2026-03-13
2592,401,2026-07-17,1863.21,2026-08-16
2593,96,2025-12-07,3003.87,2026-01-06
2594,388,2025-09-16,10419.94,2025-10-16
2595,959,2026-08-10,36640.0,2026-09-09
2596,452,2025-11-17,6369.8,2025-12-17
2597,849,2026-08-12,1691.37,2026-09-11
2598,809,2025-11-11,4200.95,2025-12-11
2599,979,2026-05-28,5512.74,2026-06-27
2600,901,2026-06-14,9379.37,2026-07-29
2601,416,2025-11-05,9558.51,2025-12-05
2602,726,2025-11-07,14892.24,2025-12-07
2603,504,2026-03-12,4993.8,2026-04-26
2604,454,2025-10-25,5071.22,2025-12-09
2605,291,2026-02-15,1104.16,2026-03-17
2606,534,2025-09-25,2223.79,2025-10-25
2607,193,2026-01-09,1681.42,2026-02-08
2608,980,2026-07-22,2552.12,2026-08-21
2609,150,2025-12-11,1989.61,2026-01-10
2610,880,2026-06-09,2100.31,2026-07-24
2611,759,2026-06-23,11951.54,2026-07-23
2612,779,2026-06-21,1073.11,2026-07-21
2613,973,2026-05-21,4266.34,2026-06-20
2614,763,2025-12-29,9981.8,2026-01-28
2615,515,2026-04-19,3928.44,2026-06-03
2616,393,2026-06-18,14456.22,2026-07-18
2617,316,2026-02-08,3094.98,2026-03-10
2618,76,2026-02-08,20288.06,2026-03-10
2619,599,2025-11-17,1425.53,2025-12-17
2620,270,2025-10-08,14477.83,2025-11-07
2621,225,2025-09-28,2445.01,2025-10-28
2622,530,2025-12-09,15884.7,2026-01-08
2623,113,2026-06-21,3438.31,2026-08-05
2624,251,2026-01-02,12098.85,2026-02-01
2625,233,2025-12-01,13852.68,2025-12-31
2626,841,2026-05-13,3148.97,2026-06-12
2627,791,2025-12-06,11324.35,2026-01-20
2628,714,2025-09-06,4889.38,2025-10-06
2629,83,2026-02-16,1551.71,2026-03-18
2630,125,2026-05-29,7508.88,2026-06-28
2631,175,2025-12-17,2217.06,2026-01-16
2632,69,2026-06-26,2965.44,2026-07-26
2633,47,2025-10-17,2447.85,2025-12-01
2634,884,2025-12-08,6766.69,2026-01-22
2635,256,2025-09-14,2272.71,2025-10-29
2636,727,2026-03-13,1874.52,2026-04-27
2637,30,2026-02-04,2170.03,2026-03-21
2638,281,2026-02-01,2833.79,2026-03-18
2639,924,2025-12-24,7439.27,2026-01-23
2640,994,2026-05-16,10346.99,2026-06-15
2641,237,2026-01-23,10229.09,2026-02-22
2642,248,2026-06-18,4862.89,2026-07-18
2643,368,2025-09-10,4763.54,2025-10-10
2644,495,2026-04-02,4316.56,2026-05-02
2645,25,2026-04-21,7133.2,2026-05-21
2646,586,2026-02-18,12244.94,2026-03-20
2647,718,2025-09-21,4430.71,2025-10-21
2648,490,2025-09-15,7656.44,2025-10-15
2649,494,2026-01-04,1853.53,2026-02-03
2650,314,2026-08-07,9890.53,2026-09-06
2651,606,2026-08-07,5943.47,2026-09-21
2652,375,2026-04-01,2188.84,2026-05-16
2653,639,2026-03-07,11761.9,2026-04-06
2654,937,2026-02-19,1852.37,2026-03-21
2655,25,2026-05-05,810.18,2026-06-04
2656,334,2025-09-05,9844.02,2025-11-04
2657,355,2026-04-19,6805.51,2026-05-19
2658,116,2026-03-20,1897.66,2026-05-04
2659,48,2026-01-27,6644.04,2026-02-26
2660,738,2025-11-11,12747.57,2026-01-10
2661,778,2026-04-14,6161.87,2026-05-14
2662,99,2025-11-13,35172.98,2025-12-28
2663,459,2026-07-04,2531.03,2026-08-03
2664,523,2026-02-16,836.03,2026-04-02
2665,597,2026-05-07,1617.15,2026-06-06
2666,405,2026-06-07,797.66,2026-08-06
2667,214,2026-01-30,27675.74,2026-03-01
2668,685,2026-04-12,4980.28,2026-05-27
2669,903,2026-04-13,23587.56,2026-05-28
2670,503,2025-10-08,3765.18,2025-11-07
2671,721,2025-10-14,2423.87,2025-11-13
2672,448,2026-03-04,1252.8,2026-04-03
2673,894,2026-04-29,3640.19,2026-05-29
2674,576,2026-07-28,9823.77,2026-09-11
2675,258,2026-08-17,4177.65,2026-10-16
2676,844,2026-03-29,1392.96,2026-04-28
2677,121,2025-09-23,8431.19,2025-10-23
2678,810,2026-01-02,9781.34,2026-02-01
2679,978,2025-11-25,3272.5,2026-01-24
2680,54,2025-10-13,2960.61,2025-11-27
2681,331,2025-10-10,1273.74,2025-11-24
2682,784,2026-06-30,8263.86,2026-07-30
2683,241,2026-02-16,3454.14,2026-03-18
2684,755,2026-02-22,586.5,2026-04-23
2685,530,2025-09-20,1524.05,2025-10-20
2686,483,2025-12-18,7839.79,2026-02-01
2687,187,2026-03-12,3803.44,2026-04-11
2688,858,2026-05-02,2015.91,2026-06-16
2689,656,2026-07-21,5219.87,2026-09-19
2690,262,2026-06-07,2553.33,2026-07-07
2691,953,2026-04-16,2989.84,2026-05-16
2692,364,2025-10-06,4030.19,2025-11-05
2693,491,2025-10-15,19256.17,2025-11-29
2694,431,2025-09-28,19183.44,2025-11-27
2695,239,2026-02-01,1033.03,2026-03-03
2696,304,2025-09-23,4748.13,2025-10-23
2697,298,2026-03-26,1564.67,2026-04-25
2698,76,2025-11-30,2135.81,2025-12-30
2699,700,2026-08-25,1130.12,2026-10-24
2700,333,2025-10-08,2497.4,2025-11-22
2701,900,2026-04-16,1924.89,2026-05-16
2702,999,2026-03-21,11357.41,2026-04-20
2703,758,2026-08-16,2549.49,2026-09-15
2704,642,2026-07-06,1054.2,2026-08-05
2705,474,2026-05-12,4988.72,2026-06-11
2706,827,2025-10-08,4340.09,2025-12-07
2707,923,2026-04-09,4049.52,2026-05-09
2708,283,2026-03-06,8145.27,2026-04-20
2709,591,2025-10-13,13395.96,2025-11-12
2710,72,2026-08-25,4002.45,2026-09-24
2711,263,2025-12-23,-6184.12,2026-01-22
2712,703,2026-05-18,4084.77,2026-07-17
2713,879,2025-09-05,7497.97,2025-10-05
2714,887,2025-11-07,1542.93,2026-01-06
2715,942,2026-04-16,8193.27,2026-05-16
2716,575,2026-01-01,6270.49,2026-01-31
2717,1000,2026-02-20,2320.6,2026-03-22
2718,892,2026-08-02,29256.92,2026-09-01
2719,12,2026-01-31,1685.21,2026-03-02
2720,141,2026-05-25,6509.46,2026-06-24
2721,766,2026-02-04,2324.88,2026-03-06
2722,555,2026-02-09,7939.42,2026-03-11
2723,17,2026-04-02,24758.04,2026-05-02
2724,63,2025-09-26,9298.76,2025-10-26
2725,253,2026-06-19,4556.71,2026-08-18
2726,465,2026-03-08,10509.95,2026-04-07
2727,376,2025-12-31,3117.65,2026-01-30
2728,804,2026-04-18,7393.64,2026-05-18
2729,981,2025-10-29,5363.61,2025-12-28
2730,520,2025-12-05,1889.23,2026-01-19
2731,837,2026-05-20,19615.6,2026-06-19
2732,90,2026-08-20,13524.4,2026-10-04
2733,720,2026-07-09,2520.67,2026-08-08
2734,804,2026-01-14,11358.57,2026-02-13
2735,796,2026-08-16,1949.27,2026-09-15
2736,630,2026-06-10,7241.13,2026-07-10
2737,861,2025-12-29,5193.73,2026-02-12
2738,175,2025-09-25,19147.15,
2739,76,2026-08-08,6520.55,2026-09-07
2740,613,2026-01-24,1452.53,2026-02-23
2741,926,2025-09-12,11300.56,2025-10-12
2742,663,2025-11-26,3514.77,2025-12-26
2743,400,2025-12-18,3384.65,2026-02-16
2744,782,2026-08-11,5118.17,2026-09-10
2745,970,2026-05-24,3157.21,2026-06-23
2746,71,2026-04-10,21016.13,2026-05-10
2747,180,2025-11-13,9521.84,2025-12-13
2748,124,2026-07-30,2002.38,2026-08-29
2749,381,2026-07-07,2793.78,2026-08-21
2750,293,2025-12-11,1753.73,2026-01-10
2751,797,2026-01-15,-10844.08,2026-03-01
2752,195,2026-03-10,4739.47,2026-04-09
2753,911,2026-01-20,2289.03,2026-02-19
2754,228,2026-08-23,17582.34,2026-10-07
2755,431,2025-11-12,7488.29,2026-01-11
2756,942,2026-07-25,5800.0,2026-08-24
2757,436,2026-02-14,5585.23,2026-03-31
2758,787,2026-02-15,1687.16,2026-04-16
2759,461,2025-10-24,7821.85,2025-11-23
2760,618,2026-05-17,3576.33,2026-06-16
2761,21,2025-12-20,10033.79,2026-02-03
2762,64,2026-04-20,8338.0,2026-05-20
2763,165,2026-02-08,4761.57,2026-03-10
2764,27,2026-08-18,4499.58,
2765,311,2026-07-24,18851.31,2026-08-23
2766,285,2025-09-19,1715.92,2025-10-19
2767,660,2026-06-17,3160.46,2026-08-01
2768,281,2025-10-20,12412.01,2025-12-04
2769,838,2026-02-22,16404.87,2026-04-08
2770,831,2026-06-29,4477.79,2026-07-29
2771,164,2026-03-03,2857.6,2026-04-17
2772,898,2026-03-04,2904.31,2026-04-03
2773,918,2026-08-05,1587.08,2026-09-19
2774,224,2026-07-04,24799.86,2026-08-03
2775,784,2026-07-07,4441.5,2026-08-06
2776,146,2026-08-12,7252.44,2026-09-26
2777,965,2025-11-20,7311.58,2025-12-20
2778,950,2026-02-03,16387.27,2026-03-05
2779,868,2026-06-02,3575.24,2026-07-17
2780,30,2026-06-10,3782.68,2026-07-25
2781,45,2026-05-07,9719.87,2026-06-06
2782,787,2026-01-25,1189.47,2026-03-26
2783,471,2025-09-07,16472.42,2025-11-06
2784,34,2026-02-04,20084.43,2026-03-06
2785,653,2026-02-18,6086.45,2026-03-20
2786,427,2025-11-08,2361.37,2025-12-08
2787,830,2025-12-03,9894.08,2026-01-17
2788,886,2026-08-29,4291.39,2026-09-28
2789,221,2026-03-05,5602.47,2026-04-04
2790,868,2026-02-17,5954.92,2026-04-03
2791,534,2026-03-23,2952.85,2026-04-22
2792,692,2025-10-12,6601.18,2025-11-26
2793,948,2025-09-13,1550.87,2025-10-13
2794,367,2026-02-01,863.16,2026-03-03
2795,932,2026-06-01,6692.21,2026-07-01
2796,841,2026-06-25,11523.01,2026-07-25
2797,743,2025-10-21,3315.5,2025-12-05
2798,915,2026-03-31,3169.83,2026-04-30
2799,550,2026-01-22,8393.51,2026-02-21
2800,582,2026-08-23,4917.86,2026-09-22
2801,116,2025-09-03,3178.99,2025-10-18
2802,239,2026-05-12,6383.18,2026-06-11
2803,335,2026-08-01,5025.53,2026-08-31
2804,441,2026-05-14,1840.44,2026-06-28
2805,148,2025-12-07,4583.11,2026-01-06
2806,9,2026-02-20,5788.0,2026-04-21
2807,288,2026-01-28,3262.23,2026-02-27
2808,388,2026-06-06,10485.99,2026-07-06
2809,50,2025-10-29,7360.3,2025-11-28
2810,850,2025-12-22,4005.94,2026-01-21
2811,517,2026-07-21,5564.23,2026-08-20
2812,916,2026-05-01,3699.79,2026-05-31
2813,855,2026-07-07,4178.68,2026-08-06
2814,638,2025-10-27,4303.5,2025-12-26
2815,587,2025-10-30,1213.28,2025-11-29
2816,677,2026-07-26,5110.81,2026-08-25
2817,278,2026-04-04,6450.2,2026-05-04
2818,954,2026-04-21,35824.52,2026-05-21
2819,836,2025-10-25,7108.88,2025-12-09
2820,989,2026-03-27,2965.68,2026-04-26
2821,300,2025-11-02,1345.53,2025-12-02
2822,802,2026-03-03,2147.7,2026-04-02
2823,589,2026-07-08,3353.5,2026-08-07
2824,810,2026-06-08,3401.68,2026-07-08
2825,649,2025-09-26,4135.04,2025-10-26
2826,618,2026-02-24,3624.05,2026-03-26
2827,607,2025-11-02,4156.68,2025-12-17
2828,135,2025-11-12,3566.52,2025-12-27
2829,580,2026-08-01,5074.21,2026-08-31
2830,147,2026-02-14,2427.15,2026-03-16
2831,490,2026-04-13,1826.54,2026-05-13
2832,478,2025-11-04,4132.94,2026-01-03
2833,159,2025-11-08,7075.28,2025-12-08
2834,384,2025-09-09,2042.57,2025-11-08
2835,163,2026-04-24,3157.43,2026-05-24
2836,441,2026-03-17,4448.3,2026-05-01
2837,853,2026-02-20,4363.19,2026-03-22
2838,189,2026-06-09,9131.37,2026-07-09
2839,415,2025-09-28,10604.74,2025-10-28
2840,339,2026-06-23,5971.83,2026-07-23
2841,607,2026-01-12,13157.24,2026-02-26
2842,181,2025-09-27,3721.85,2025-10-27
2843,288,2025-10-08,9792.3,2025-11-07
2844,834,2026-03-15,3061.88,2026-04-14
2845,187,2026-03-22,6336.01,2026-04-21
2846,884,2025-11-24,8370.69,2026-01-08
2847,138,2026-07-17,5229.7,2026-08-31
2848,130,2025-09-30,2310.45,2025-10-30
2849,194,2025-12-08,1311.79,2026-01-07
2850,316,2026-03-09,7806.58,2026-04-08
2851,984,2025-09-12,4018.94,2025-10-12
2852,785,2025-11-30,4250.81,2025-12-30
2853,864,2025-09-30,16602.03,2025-10-30
2854,144,2026-04-01,2345.4,2026-05-01
2855,16,2025-10-08,9040.55,2025-11-07
2856,302,2026-08-07,2771.17,2026-09-06
2857,423,2025-10-30,4338.78,2025-11-29
2858,245,2026-06-21,2097.44,2026-07-21
2859,927,2026-08-26,2755.74,2026-09-25
2860,107,2026-01-21,6958.98,2026-03-22
2861,88,2026-02-27,14078.3,2026-04-13
2862,129,2026-06-12,7016.33,
2863,907,2025-12-21,6385.99,2026-02-04
2864,887,2026-04-18,38424.45,2026-06-17
2865,341,2025-09-21,7829.43,2025-10-21
2866,4,2026-01-23,2369.17,2026-02-22
2867,327,2026-01-24,1300.59,2026-03-25
2868,410,2026-07-13,6771.74,2026-08-27
2869,879,2026-02-13,1622.91,2026-03-15
2870,306,2026-01-18,2244.03,2026-02-17
2871,908,2026-03-22,6373.06,2026-05-21
2872,607,2026-05-02,11488.84,2026-06-16
2873,721,2025-12-22,3978.41,2026-01-21
2874,225,2026-03-20,1905.09,2026-04-19
2875,971,2026-07-11,4447.21,2026-08-10
2876,348,2026-05-17,4021.95,2026-06-16
2877,992,2026-05-13,5493.65,2026-06-12
2878,321,2025-09-23,1910.64,2025-10-23
2879,559,2026-05-04,2559.26,2026-06-18
2880,988,2026-08-05,11339.41,2026-09-04
2881,181,2026-07-08,9192.96,2026-08-07
2882,618,2026-07-15,12688.65,2026-08-14
2883,711,2025-11-26,1137.74,2026-01-10
2884,386,2026-04-07,2460.92,2026-05-07
2885,618,2026-08-22,11047.07,2026-09-21
2886,792,2025-09-27,8030.95,2025-10-27
2887,772,2026-06-17,6926.0,2026-08-01
2888,108,2026-06-16,3741.65,2026-07-16
2889,531,2026-08-14,3044.39,2026-09-13
2890,410,2026-04-11,5130.6,2026-05-26
2891,971,2026-08-18,3492.54,2026-09-17
2892,296,2026-02-25,7628.77,2026-04-11
2893,818,2026-01-26,5150.75,2026-03-12
2894,171,2026-04-15,2299.09,2026-05-15
2895,331,2026-08-17,8309.43,2026-10-01
2896,493,2026-03-05,13638.02,2026-04-19
2897,195,2026-06-21,14386.14,2026-07-21
2898,12,2025-10-11,8569.2,2025-11-10
2899,195,2026-03-10,8663.35,2026-04-09
2900,490,2025-11-18,1974.8,2025-12-18
2901,795,2026-03-24,2922.29,2026-04-23
2902,881,2026-06-05,4369.99,2026-08-04
2903,182,2026-05-30,8032.51,2026-06-29
2904,962,2025-10-02,3093.07,2025-11-01
2905,817,2026-01-20,3911.29,2026-02-19
2906,656,2026-05-09,7823.47,2026-07-08
2907,898,2026-06-21,5579.65,2026-07-21
2908,316,2025-12-07,6530.82,2026-01-06
2909,694,2026-01-14,2683.2,2026-02-13
2910,30,2026-06-04,3869.26,2026-07-19
2911,596,2026-07-09,3434.28,
2912,678,2026-06-29,4996.26,2026-07-29
2913,796,2025-10-13,3535.79,2025-11-12
2914,793,2025-12-29,3172.05,2026-01-28
2915,96,2026-04-08,5525.98,2026-05-08
2916,381,2025-10-16,26757.68,2025-11-30
2917,778,2026-04-24,7974.85,2026-05-24
2918,444,2025-10-18,1203.54,2025-12-02
2919,298,2026-03-17,6622.51,2026-04-16
2920,808,2025-11-23,3311.88,
2921,737,2025-10-01,2355.09,2025-11-30
2922,845,2026-02-08,8780.39,2026-03-25
2923,361,2025-11-10,5318.46,2025-12-10
2924,374,2025-09-08,36544.67,2025-11-07
2925,554,2025-10-22,4563.18,2025-11-21
2926,303,2025-10-15,4172.26,2025-11-14
2927,421,2026-06-20,13028.73,2026-08-04
2928,246,2026-06-27,5088.66,2026-08-26
2929,720,2025-10-08,2146.09,2025-11-07
2930,237,2026-08-21,2471.51,2026-09-20
2931,534,2026-04-19,3844.67,2026-05-19
2932,185,2026-05-20,8461.69,2026-06-19
2933,468,2025-11-07,13834.15,2025-12-07
2934,754,2026-02-26,9497.2,2026-03-28
2935,363,2026-08-23,7876.34,2026-10-07
2936,283,2026-03-05,12024.41,2026-04-19
2937,553,2026-03-20,8218.4,2026-04-19
2938,336,2025-09-13,2427.48,2025-11-12
2939,162,2026-04-02,4190.55,2026-05-17
2940,160,2026-04-08,3310.97,2026-05-08
2941,474,2026-06-13,13725.55,2026-07-13
2942,601,2026-05-02,2329.73,2026-06-16
2943,322,2026-08-22,2366.22,2026-09-21
2944,12,2026-05-16,5728.09,2026-06-15
2945,424,2025-10-28,23398.09,2025-11-27
2946,73,2025-10-06,9001.13,2025-11-05
2947,588,2026-07-25,11504.97,2026-08-24
2948,858,2026-03-12,2062.66,2026-04-26
2949,201,2026-07-30,8537.59,2026-08-29
2950,522,2025-10-20,2055.43,2025-12-04
2951,864,2025-10-02,8972.7,2025-11-01
2952,505,2025-12-07,1423.0,2026-01-06
2953,738,2025-10-13,3811.95,2025-12-12
2954,688,2026-08-17,967.48,2026-10-16
2955,788,2026-07-31,2463.71,2026-08-30
2956,39,2026-07-07,1599.6,2026-08-21
2957,60,2025-10-17,8418.1,2025-11-16
2958,578,2026-05-28,5392.17,2026-06-27
2959,321,2026-07-08,3439.79,2026-08-07
2960,435,2025-11-02,5491.14,2025-12-02
2961,636,2025-09-19,2572.01,2025-11-18
2962,676,2026-08-13,6468.39,2026-09-12
2963,408,2025-12-10,4698.57,2026-01-24
2964,923,2025-10-07,31005.15,2025-11-06
2965,386,2025-12-16,18471.87,2026-01-15
2966,671,2025-12-01,10610.94,2025-12-31
2967,569,2026-07-05,6317.33,2026-08-04
2968,78,2026-03-04,6998.7,2026-04-03
2969,194,2026-04-04,13492.71,2026-05-04
2970,285,2025-09-28,6296.23,2025-10-28
2971,527,2025-10-06,6613.88,2025-12-05
2972,524,2026-07-17,3152.69,2026-08-16
2973,613,2025-09-18,2885.17,2025-10-18
2974,156,2026-08-11,4588.96,2026-09-25
2975,340,2026-03-15,617.33,2026-04-14
2976,125,2025-11-17,4885.07,2025-12-17
2977,871,2026-02-14,4119.42,2026-03-16
2978,280,2025-11-29,10101.28,2025-12-29
2979,917,2026-05-22,13318.39,2026-06-21
2980,906,2026-03-27,39117.99,2026-04-26
2981,622,2026-03-31,7949.19,2026-05-15
2982,846,2026-05-29,5646.63,2026-07-13
2983,869,2026-05-21,3178.85,2026-06-20
2984,658,2026-05-31,2160.38,2026-06-30
2985,728,2026-08-08,10389.6,2026-09-22
2986,910,2026-04-02,4891.39,2026-05-02
2987,674,2025-11-03,7024.27,2025-12-18
2988,128,2025-09-12,5074.83,2025-10-12
2989,314,2026-03-29,5181.9,2026-04-28
2990,332,2026-07-09,5958.47,2026-08-08
2991,150,2026-02-21,7008.36,2026-03-23
2992,454,2026-05-14,10612.3,2026-06-28
2993,36,2025-12-10,1865.62,2026-01-24
2994,685,2025-09-16,7990.89,2025-10-31
2995,420,2026-03-16,1784.12,2026-04-15
2996,22,2026-05-16,8763.33,2026-06-30
2997,206,2026-05-02,6459.94,2026-07-01
2998,639,2026-08-14,4702.78,2026-09-13
2999,848,2026-05-07,4852.16,2026-06-06
3000,957,2025-12-14,5578.78,2026-02-12
3001,356,2026-03-01,11967.86,2026-03-31
3002,440,2026-02-02,11149.55,2026-03-19
3003,729,2026-06-14,10152.88,2026-07-14
3004,96,2026-02-16,1702.87,2026-03-18
3005,929,2025-10-17,7928.03,2025-11-16
3006,941,2025-10-13,734.35,2025-11-12
3007,164,2026-07-18,909.26,2026-09-01
3008,148,2026-07-03,12287.56,2026-08-02
3009,530,2026-04-09,1571.29,2026-05-09
3010,294,2025-09-01,4332.47,2025-10-01
3011,195,2026-03-19,15377.59,2026-04-18
3012,663,2026-01-22,7976.12,2026-02-21
3013,480,2025-09-28,6722.35,2025-10-28
3014,877,2026-08-08,4786.99,
3015,123,2026-08-04,5529.8,2026-09-03
3016,400,2026-06-05,3032.21,2026-08-04
3017,699,2025-10-11,3406.8,2025-11-10
3018,965,2026-07-29,5358.1,2026-08-28
3019,452,2026-01-25,6021.65,2026-02-24
3020,661,2026-08-11,4406.87,2026-09-10
3021,104,2026-02-25,835.58,2026-03-27
3022,755,2026-07-12,17484.9,2026-09-10
3023,462,2026-07-22,10583.19,2026-09-05
3024,743,2026-02-14,4246.94,2026-03-31
3025,991,2026-01-01,10850.17,2026-01-31
3026,718,2025-11-13,3753.23,2025-12-13
3027,710,2026-04-27,6446.06,2026-05-27
3028,396,2026-05-07,1073.44,2026-06-06
3029,912,2026-05-21,6140.0,2026-06-20
3030,337,2026-05-10,3992.3,2026-06-09
3031,599,2026-08-23,5952.93,2026-09-22
3032,142,2025-12-20,19635.69,2026-02-03
3033,317,2026-02-27,4928.17,2026-04-28
3034,711,2026-03-07,3467.47,2026-04-21
3035,558,2026-07-05,3498.42,2026-08-19
3036,800,2026-03-26,1610.47,2026-04-25
3037,527,2026-04-22,6909.07,2026-06-21
3038,556,2025-09-24,7667.44,2025-11-08
3039,401,2025-09-26,5268.64,2025-10-26
3040,681,2026-04-06,10437.07,2026-05-06
3041,310,2026-08-12,10516.69,2026-10-11
3042,495,2025-09-10,5287.29,2025-10-10
3043,556,2025-09-17,7987.15,2025-11-01
3044,610,2026-05-03,28433.92,2026-06-02
3045,773,2026-03-25,2590.35,2026-05-24
3046,109,2026-05-16,9281.0,2026-06-30
3047,795,2025-12-21,5359.64,2026-01-20
3048,372,2026-03-24,11542.49,2026-04-23
3049,855,2025-09-27,2650.23,2025-10-27
3050,616,2025-11-10,5868.86,2025-12-10
3051,768,2026-02-23,2903.04,2026-03-25
3052,891,2026-03-21,1216.34,2026-05-05
3053,206,2026-05-06,15378.16,2026-07-05
3054,847,2025-12-27,3532.01,2026-01-26
3055,43,2025-09-09,2548.36,2025-10-09
3056,865,2025-11-25,3151.64,2026-01-24
3057,245,2025-09-23,21520.14,2025-10-23
3058,287,2026-04-28,14265.73,2026-05-28
3059,355,2025-11-12,4199.14,2025-12-12
3060,785,2025-09-27,9959.6,2025-10-27
3061,476,2026-08-15,2115.16,2026-09-14
3062,83,2025-11-20,7600.94,2025-12-20
3063,110,2025-11-23,3543.05,2025-12-23
3064,950,2026-03-18,7087.39,
3065,190,2025-10-13,1665.98,2025-11-12
3066,983,2026-05-21,3105.97,2026-07-05
3067,800,2025-12-01,5783.24,2025-12-31
3068,936,2026-08-05,5734.53,2026-09-04
3069,909,2025-11-23,1551.44,2025-12-23
3070,251,2026-06-27,2297.82,2026-07-27
3071,724,2026-06-23,7015.84,2026-07-23
3072,291,2026-01-13,6386.93,2026-02-12
3073,645,2026-06-08,8447.1,2026-07-08
3074,201,2025-10-29,5821.74,2025-11-28
3075,797,2026-08-25,2153.05,2026-10-09
3076,326,2026-08-08,3767.32,2026-09-07
3077,511,2026-04-29,7646.56,2026-05-29
3078,409,2026-08-08,2243.63,2026-09-07
3079,607,2025-12-07,2031.18,2026-01-21
3080,790,2025-11-01,3923.79,2025-12-16
3081,962,2026-05-22,6212.71,2026-06-21
3082,941,2025-12-22,1144.73,2026-01-21
3083,837,2026-01-24,4118.32,2026-02-23
3084,508,2026-04-04,7570.7,2026-05-04
3085,731,2026-05-14,8861.59,2026-06-13
3086,601,2026-07-13,2239.88,2026-08-27
3087,72,2026-07-13,6732.79,2026-08-12
3088,247,2026-08-28,11071.7,2026-09-27
3089,641,2026-05-16,8123.83,2026-06-15
3090,724,2026-03-13,3596.36,2026-04-12
3091,940,2026-08-13,741.76,2026-09-12
3092,855,2025-09-14,5911.54,2025-10-14
3093,608,2026-07-01,17677.44,2026-07-31
3094,587,2025-12-12,9666.7,2026-01-11
3095,935,2026-05-03,9144.05,2026-06-02
3096,566,2026-05-03,5721.44,2026-06-02
3097,344,2026-07-09,10245.76,2026-08-23
3098,971,2026-05-26,6372.79,2026-06-25
3099,925,2026-04-12,1236.66,2026-05-12
3100,54,2026-04-08,10203.2,2026-05-23
3101,730,2026-07-08,2510.63,2026-08-07
3102,528,2026-04-05,5276.3,2026-05-05
3103,611,2025-09-04,9032.19,2025-10-04
3104,532,2025-10-06,2745.87,2025-11-05
3105,558,2026-02-25,2272.94,2026-04-11
3106,963,2026-05-15,7324.13,2026-06-14
3107,193,2025-09-17,2051.57,2025-10-17
3108,895,2026-03-18,4285.34,2026-04-17
3109,58,2026-07-15,12331.25,2026-08-14
3110,437,2025-10-18,18368.4,2025-12-02
3111,111,2025-11-01,1202.18,2025-12-31
3112,129,2025-11-08,4197.42,2025-12-08
3113,849,2026-01-25,13811.17,2026-02-24
3114,706,2026-08-25,3636.21,2026-09-24
3115,925,2026-02-09,9421.05,2026-03-11
3116,852,2026-04-15,10006.91,2026-05-30
3117,326,2026-08-13,3066.86,2026-09-12
3118,8,2026-04-18,7045.1,2026-06-02
3119,29,2026-02-25,7396.49,2026-03-27
3120,112,2026-08-11,10356.22,2026-09-25
3121,947,2025-10-26,1362.5,2025-12-10
3122,673,2025-11-17,14065.21,2025-12-17
3123,131,2026-05-28,8661.82,2026-06-27
3124,188,2026-03-25,2024.11,2026-05-24
3125,675,2026-06-08,4514.06,2026-07-08
3126,709,2026-04-16,9773.82,
3127,475,2026-04-27,2112.25,2026-05-27
3128,364,2026-06-15,2386.42,2026-07-15
3129,204,2025-11-21,5074.99,2025-12-21
3130,212,2026-07-31,3527.0,2026-08-30
3131,621,2026-05-08,6111.25,2026-06-07
3132,276,2026-03-12,9658.17,2026-04-11
3133,73,2025-12-15,6216.65,2026-01-14
3134,679,2026-03-08,4958.97,2026-04-07
3135,772,2026-06-03,9693.66,2026-07-18
3136,243,2025-11-13,4597.52,2025-12-13
3137,787,2025-09-10,2753.43,2025-11-09
3138,102,2026-01-01,12599.58,2026-03-02
3139,987,2026-04-04,722.17,2026-05-04
3140,685,2026-06-17,5262.79,2026-08-01
3141,171,2025-10-10,3738.55,2025-11-09
3142,653,2026-03-12,2389.38,2026-04-11
3143,909,2026-01-05,6349.03,2026-02-04
3144,188,2026-06-16,7222.55,2026-08-15
3145,441,2025-11-10,2575.96,2025-12-25
3146,86,2026-01-15,1636.66,2026-02-14
3147,476,2026-01-22,1758.86,2026-02-21
3148,52,2026-08-20,21328.15,2026-09-19
3149,111,2026-06-26,23298.69,2026-08-25
3150,949,2026-08-11,5119.61,2026-09-10
3151,877,2026-05-27,1668.92,2026-06-26
3152,854,2026-01-17,4451.13,2026-03-03
3153,43,2025-10-22,859.76,2025-11-21
3154,211,2025-09-17,6431.33,2025-10-17
3155,968,2026-02-12,2257.34,2026-03-14
3156,200,2025-09-13,1898.91,2025-10-13
3157,810,2026-03-09,10930.36,2026-04-08
3158,858,2026-08-06,4419.57,2026-09-20
3159,752,2026-08-19,9993.97,2026-09-18
3160,627,2026-08-28,13130.87,2026-09-27
3161,26,2026-08-18,4654.84,2026-10-17
3162,919,2026-05-22,4979.41,2026-06-21
3163,299,2026-07-09,11658.74,2026-08-08
3164,77,2026-04-09,3249.22,2026-05-24
3165,924,2025-12-13,12593.05,2026-01-12
3166,137,2026-08-05,990.88,2026-09-04
3167,20,2026-03-17,3764.41,2026-04-16
3168,440,2026-06-27,5807.98,2026-08-11
3169,211,2026-08-25,1906.82,2026-09-24
3170,752,2026-02-16,6719.87,2026-03-18
3171,551,2026-01-27,5738.54,2026-02-26
3172,435,2026-05-07,2783.43,2026-06-06
3173,780,2026-05-14,2699.54,2026-06-13
3174,207,2025-10-12,2488.81,2025-11-11
3175,991,2026-03-21,1427.91,2026-04-20
3176,439,2026-05-02,18128.9,2026-06-01
3177,974,2026-02-04,4225.46,2026-03-06
3178,779,2026-06-13,1693.99,2026-07-13
3179,666,2026-06-09,4533.93,2026-07-09
3180,42,2026-04-26,6057.8,2026-06-10
3181,411,2025-09-19,2598.62,2025-11-03
3182,523,2025-10-23,3734.82,2025-12-07
3183,806,2025-11-24,14191.27,2025-12-24
3184,610,2026-05-31,1964.4,2026-06-30
3185,427,2026-08-26,3139.74,2026-09-25
3186,275,2026-04-01,1005.11,2026-05-01
3187,448,2026-08-27,21500.21,2026-09-26
3188,902,2025-12-13,8465.2,2026-01-12
3189,942,2026-03-11,4805.62,2026-04-10
3190,884,2026-02-24,2815.06,2026-04-10
3191,742,2026-01-25,2704.81,2026-02-24
3192,369,2025-11-20,4031.64,2025-12-20
3193,938,2026-03-12,7436.19,2026-04-11
3194,220,2025-10-07,2135.22,2025-11-06
3195,577,2026-07-23,3451.97,2026-08-22
3196,867,2026-02-01,9926.88,
3197,232,2026-01-08,18115.07,2026-02-07
3198,328,2025-10-29,7723.43,2025-11-28
3199,443,2026-04-12,2943.67,2026-05-27
3200,52,2026-05-07,4416.86,2026-06-06
3201,886,2026-04-28,6953.66,2026-05-28
3202,943,2026-06-20,3960.06,2026-08-19
3203,376,2026-06-14,8836.63,2026-07-14
3204,263,2026-03-23,2788.21,2026-04-22
3205,267,2025-12-08,18175.3,2026-01-07
3206,359,2026-08-16,4661.93,2026-09-15
3207,317,2026-02-23,3017.86,2026-04-24
3208,324,2026-05-20,8026.29,2026-07-04
3209,921,2026-05-29,2284.44,2026-07-13
3210,908,2026-01-21,5628.11,2026-03-22
3211,666,2026-03-08,15341.49,2026-04-07
3212,870,2026-05-30,1889.3,2026-07-29
3213,878,2025-09-20,12968.73,2025-11-04
3214,652,2026-07-30,1779.98,2026-08-29
3215,939,2026-06-27,9639.01,2026-08-26
3216,563,2025-10-16,2344.63,2025-11-30
3217,629,2025-12-04,12973.33,2026-01-03
3218,421,2025-11-03,3153.66,2025-12-18
3219,46,2026-01-09,3759.27,2026-02-08
3220,821,2025-09-09,2360.05,2025-10-09
3221,600,2026-03-22,726.04,2026-05-06
3222,720,2026-06-25,2004.84,2026-07-25
3223,889,2026-02-21,1299.27,2026-03-23
3224,269,2025-11-12,976.22,2025-12-12
3225,601,2025-11-23,6325.5,2026-01-07
3226,381,2025-10-29,16934.14,2025-12-13
3227,118,2025-09-21,21058.82,2025-11-05
3228,566,2026-02-04,1972.62,2026-03-06
3229,953,2026-07-16,4579.11,2026-08-15
3230,116,2026-07-26,12695.76,2026-09-09
3231,630,2025-10-31,1750.95,2025-11-30
3232,260,2025-11-03,13096.19,2025-12-03
3233,75,2026-07-22,13269.58,2026-09-05
3234,480,2026-02-15,1053.95,2026-03-17
3235,305,2026-03-22,759.25,2026-04-21
3236,7,2026-01-07,3630.02,2026-02-06
3237,366,2026-05-03,10589.87,2026-06-02
3238,634,2025-12-15,1482.39,2026-01-14
3239,523,2026-07-18,979.02,2026-09-01
3240,348,2025-12-31,5264.21,2026-01-30
3241,438,2026-07-15,8294.94,2026-08-29
3242,215,2026-03-01,2901.68,2026-04-15
3243,429,2025-12-12,3097.75,2026-02-10
3244,791,2026-07-13,8254.75,2026-08-27
3245,498,2026-06-29,2493.04,2026-07-29
3246,540,2026-05-19,2647.31,2026-07-18
3247,747,2025-12-22,6241.79,2026-01-21
3248,367,2025-11-09,6825.3,2025-12-09
3249,313,2026-02-07,4179.94,2026-03-09
3250,538,2026-04-28,16395.8,2026-06-27
3251,921,2025-09-11,9108.94,2025-10-26
3252,54,2026-01-16,3776.08,2026-03-02
3253,541,2026-02-14,1780.46,2026-03-31
3254,467,2026-05-05,11051.61,2026-06-04
3255,865,2026-08-20,11365.91,2026-10-19
3256,164,2025-10-01,4619.18,2025-11-15
3257,782,2025-09-12,6239.77,2025-10-12
3258,334,2026-05-01,8762.07,2026-06-30
3259,547,2025-12-17,18027.9,2026-01-16
3260,798,2026-08-02,10168.0,2026-09-01
3261,348,2026-07-20,7138.14,2026-08-19
3262,273,2026-03-13,10519.57,2026-04-27
3263,963,2026-07-05,12557.74,2026-08-04
3264,720,2026-01-11,6209.08,2026-02-10
3265,750,2026-06-08,10417.23,2026-07-08
3266,414,2026-06-18,2910.69,2026-07-18
3267,500,2026-02-10,11446.12,2026-03-12
3268,93,2026-06-05,2930.11,2026-08-04
3269,685,2026-03-22,2231.72,2026-05-06
3270,79,2025-12-05,4510.3,2026-01-04
3271,622,2026-04-11,1709.21,2026-05-26
3272,217,2026-04-25,3102.59,2026-05-25
3273,947,2025-12-26,6768.08,2026-02-09
3274,358,2026-03-11,6244.98,2026-04-10
3275,618,2026-06-03,8340.18,2026-07-03
3276,507,2025-12-15,8443.87,2026-01-14
3277,559,2025-09-04,6745.03,2025-10-19
3278,181,2025-09-18,2529.75,2025-10-18
3279,576,2026-07-04,10465.18,2026-08-18
3280,246,2025-09-20,4580.21,2025-11-19
3281,244,2025-12-31,6059.67,2026-01-30
3282,506,2026-01-15,5434.26,2026-02-14
3283,422,2025-11-19,17621.48,2025-12-19
3284,320,2026-02-01,1922.33,2026-03-03
3285,87,2026-08-24,3799.76,2026-10-23
3286,217,2025-09-25,7648.59,2025-10-25
3287,490,2026-02-16,5088.41,2026-03-18
3288,519,2025-10-29,3392.88,2025-11-28
3289,278,2026-06-28,1077.89,2026-07-28
3290,849,2025-10-11,3974.48,2025-11-10
3291,722,2025-10-08,6681.73,2025-12-07
3292,169,2025-12-26,7723.36,2026-02-09
3293,330,2026-06-02,4370.94,2026-07-02
3294,650,2026-05-28,5765.08,2026-07-12
3295,441,2026-01-05,2003.01,2026-02-19
3296,391,2025-09-03,6827.51,2025-10-03
3297,496,2026-06-20,5037.9,2026-07-20
3298,381,2025-09-16,5706.5,2025-10-31
3299,306,2026-05-23,4194.96,2026-06-22
3300,742,2026-04-27,5928.06,2026-05-27
3301,987,2026-05-21,8307.24,2026-06-20
3302,820,2026-01-12,6133.74,2026-02-11
3303,673,2026-04-01,1163.15,2026-05-01
3304,513,2025-09-15,6236.2,
3305,748,2026-07-25,3666.16,2026-09-08
3306,949,2026-08-26,2837.38,2026-09-25
3307,188,2026-01-07,14713.66,2026-03-08
3308,930,2026-08-18,2371.27,2026-09-17
3309,516,2025-12-31,2595.28,2026-01-30
3310,913,2026-04-29,832.21,2026-05-29
3311,644,2025-12-24,15829.1,2026-01-23
3312,427,2026-03-16,10199.66,2026-04-15
3313,502,2026-04-10,3833.03,2026-05-10
3314,730,2026-04-02,8163.54,2026-05-02
3315,260,2025-11-19,842.8,2025-12-19
3316,513,2026-05-21,7313.09,2026-06-20
3317,71,2026-01-13,2518.8,2026-02-12
3318,478,2026-07-03,19076.17,2026-09-01
3319,178,2026-04-30,6709.15,2026-06-14
3320,457,2026-06-30,5552.47,2026-08-29
3321,189,2026-05-28,2593.15,2026-06-27
3322,291,2026-06-14,2606.16,2026-07-14
3323,520,2025-10-20,8032.38,2025-12-04
3324,765,2026-03-08,2573.8,2026-04-07
3325,920,2026-06-24,2494.11,2026-07-24
3326,979,2025-09-14,15411.37,2025-10-14
3327,292,2026-04-20,6293.25,2026-05-20
3328,946,2026-05-19,2080.25,2026-07-03
3329,756,2026-03-11,7774.39,2026-04-10
3330,635,2026-03-22,3999.58,2026-05-21
3331,811,2026-05-19,1217.48,2026-06-18
3332,283,2025-12-22,3354.26,2026-02-05
3333,544,2026-08-18,2161.0,2026-10-02
3334,846,2025-10-06,6135.31,2025-11-20
3335,377,2025-11-18,2959.36,2026-01-02
3336,658,2026-06-02,5377.16,2026-07-02
3337,156,2026-06-05,8520.25,2026-07-20
3338,508,2026-02-09,33056.08,2026-03-11
3339,413,2026-07-09,24370.15,2026-08-23
3340,528,2025-09-17,5977.71,2025-10-17
3341,355,2026-03-23,4793.95,2026-04-22
3342,559,2025-09-17,3106.09,2025-11-01
3343,763,2026-03-21,1343.07,2026-04-20
3344,187,2026-03-29,802.83,2026-04-28
3345,31,2025-11-17,2547.91,2025-12-17
3346,260,2025-10-26,18530.05,2025-11-25
3347,421,2025-11-19,18027.82,2026-01-03
3348,529,2026-07-03,5294.94,2026-08-02
3349,551,2025-10-28,7254.42,2025-11-27
3350,304,2025-09-18,3082.26,2025-10-18
3351,942,2026-03-27,4880.84,2026-04-26
3352,986,2026-01-13,2687.2,2026-02-27
3353,944,2026-07-29,2683.34,2026-08-28
3354,39,2025-09-10,8161.83,2025-10-25
3355,489,2025-11-08,3080.84,2025-12-08
3356,644,2026-08-07,7412.52,2026-09-06
3357,542,2025-11-22,4444.58,2025-12-22
3358,670,2025-12-18,15544.95,2026-01-17
3359,278,2025-10-14,7778.09,2025-11-13
3360,203,2026-01-10,6079.36,2026-02-09
3361,66,2025-09-18,1592.3,2025-10-18
3362,108,2025-12-02,3377.14,2026-01-01
3363,268,2026-06-21,4802.85,2026-07-21
3364,222,2026-01-26,5223.08,2026-03-27
3365,804,2026-02-19,8499.62,2026-03-21
3366,530,2025-10-21,5895.88,2025-11-20
3367,90,2025-09-19,2187.71,2025-11-03
3368,693,2025-12-29,8029.56,2026-02-27
3369,255,2026-07-21,3457.08,2026-09-04
3370,455,2026-04-13,2978.48,2026-06-12
3371,253,2025-11-05,2069.42,2026-01-04
3372,257,2026-01-19,3774.91,2026-02-18
3373,383,2026-03-08,3201.66,2026-04-22
3374,442,2026-02-05,12654.73,2026-03-07
3375,858,2025-12-07,4036.71,2026-01-21
3376,599,2026-02-05,7653.53,2026-03-07
3377,90,2026-05-04,1182.05,2026-06-18
3378,749,2026-08-10,9070.1,2026-09-09
3379,390,2026-04-24,8352.36,2026-05-24
3380,582,2025-10-03,1560.26,2025-11-02
3381,44,2026-08-27,2489.21,2026-10-11
3382,712,2026-04-29,2941.86,2026-05-29
3383,664,2026-07-27,4251.54,2026-08-26
3384,598,2026-08-04,2844.85,2026-09-03
3385,19,2026-06-02,4110.19,2026-07-02
3386,101,2025-11-10,8434.15,2025-12-10
3387,914,2026-07-10,3199.21,2026-08-09
3388,607,2026-04-04,6342.26,2026-05-19
3389,766,2025-11-18,5753.85,2025-12-18
3390,357,2026-02-16,469.27,2026-03-18
3391,542,2026-06-25,2620.01,2026-07-25
3392,761,2026-02-27,11000.81,2026-03-29
3393,938,2025-12-25,2444.04,2026-01-24
3394,33,2026-05-18,2122.88,2026-06-17
3395,970,2026-05-18,11451.86,2026-06-17
3396,229,2025-09-05,5653.04,2025-10-05
3397,524,2026-06-24,16042.57,2026-07-24
3398,630,2025-12-17,3447.32,2026-01-16
3399,862,2026-08-09,13080.8,2026-09-08
3400,155,2026-08-26,2455.58,2026-10-10
3401,423,2025-12-26,640.62,2026-01-25
3402,905,2026-08-23,8568.19,2026-09-22
3403,246,2026-07-28,7909.18,2026-09-26
3404,405,2026-07-28,8565.51,2026-09-26
3405,844,2025-09-13,4238.49,2025-10-13
3406,759,2026-01-20,16167.43,
3407,541,2026-03-07,9992.6,2026-04-21
3408,161,2026-06-08,9673.33,2026-07-08
3409,747,2025-12-24,5511.08,2026-01-23
3410,702,2026-04-24,1702.06,2026-06-08
3411,117,2026-08-04,5278.04,2026-09-03
3412,271,2025-09-10,6665.89,2025-10-25
3413,770,2026-03-18,25423.68,2026-04-17
3414,692,2026-05-10,6185.9,2026-06-24
3415,487,2025-10-20,2165.33,2025-11-19
3416,885,2026-01-20,7266.46,2026-03-06
3417,172,2026-05-29,13673.44,2026-06-28
3418,950,2025-09-16,19614.9,2025-10-16
3419,274,2025-09-02,4590.17,2025-10-02
3420,259,2026-02-05,4262.12,2026-03-07
3421,135,2025-09-30,1616.65,2025-11-14
3422,683,2025-11-21,3085.65,2026-01-05
3423,722,2025-10-01,7068.79,2025-11-30
3424,748,2026-04-24,1477.5,2026-06-08
3425,422,2026-07-30,25725.42,2026-08-29
3426,421,2026-01-26,3758.82,2026-03-12
3427,186,2026-02-24,5505.38,2026-03-26
3428,929,2025-10-05,6574.19,2025-11-04
3429,364,2025-09-23,-12338.86,2025-10-23
3430,955,2025-12-15,6189.21,2026-01-14
3431,607,2025-12-06,2127.51,2026-01-20
3432,378,2026-04-18,7006.8,2026-05-18
3433,523,2026-04-15,12318.15,2026-05-30
3434,580,2025-12-09,2444.11,2026-01-08
3435,891,2025-10-25,9482.65,2025-12-09
3436,722,2026-03-14,6127.81,2026-05-13
3437,196,2025-09-08,5395.46,
3438,881,2026-07-12,2996.51,2026-09-10
3439,98,2026-01-06,4185.57,2026-02-05
3440,605,2025-10-02,7101.43,2025-11-01
3441,984,2025-12-02,3561.2,2026-01-01
3442,22,2025-09-07,2284.19,2025-10-22
3443,450,2026-05-16,2210.75,2026-06-15
3444,172,2026-08-07,6259.96,2026-09-06
3445,383,2026-04-08,7395.37,2026-05-23
3446,134,2026-04-28,4736.44,2026-06-27
3447,426,2025-12-15,21360.34,2026-01-29
3448,25,2025-10-06,1282.61,2025-11-05
3449,503,2025-10-15,6774.75,2025-11-14
3450,185,2026-06-25,1146.66,2026-07-25
3451,85,2026-07-06,4601.55,2026-08-05
3452,567,2025-09-09,6107.24,2025-10-09
3453,763,2025-11-26,4341.52,2025-12-26
3454,144,2026-07-28,1048.88,2026-08-27
3455,863,2026-02-24,4633.64,2026-03-26
3456,910,2026-01-08,5011.7,2026-02-07
3457,679,2026-03-14,-10251.5,2026-04-13
3458,412,2025-09-11,1596.51,2025-10-11
3459,224,2026-07-03,15834.77,2026-08-02
3460,220,2025-12-31,667.1,2026-01-30
3461,179,2026-04-23,1772.94,2026-05-23
3462,631,2026-07-28,5756.61,2026-08-27
3463,433,2025-10-01,6410.67,2025-11-15
3464,265,2026-08-14,16760.12,2026-09-13
3465,954,2026-04-12,5835.98,2026-05-12
3466,429,2026-01-31,4609.9,2026-04-01
3467,662,2026-03-31,7134.82,2026-04-30
3468,416,2025-12-01,768.3,2025-12-31
3469,453,2026-07-28,2232.91,2026-08-27
3470,727,2026-08-14,1952.62,2026-09-28
3471,197,2026-01-07,10707.96,2026-02-06
3472,554,2026-03-16,14146.17,2026-04-15
3473,53,2025-10-12,22229.28,2025-11-11
3474,480,2026-04-16,7885.93,2026-05-16
3475,443,2026-03-13,10206.72,2026-04-27
3476,330,2025-09-18,5390.23,2025-10-18
3477,251,2026-07-30,3353.45,2026-08-29
3478,807,2026-05-01,2108.02,2026-05-31
3479,890,2026-06-03,1962.21,2026-07-18
3480,783,2026-01-05,1669.43,2026-02-19
3481,967,2025-11-14,8973.94,2025-12-14
3482,925,2025-11-01,3602.01,2025-12-01
3483,123,2026-06-15,2802.76,2026-07-15
3484,879,2026-03-05,987.78,2026-04-04
3485,387,2026-02-25,2408.25,2026-04-26
3486,339,2026-02-13,3973.92,2026-03-15
3487,778,2026-03-02,1462.74,2026-04-01
3488,348,2025-09-28,41990.13,2025-10-28
3489,29,2026-07-27,1711.14,2026-08-26
3490,975,2026-05-05,12572.45,2026-06-04
3491,35,2026-08-03,4540.42,2026-09-02
3492,518,2025-09-22,3178.04,2025-10-22
3493,396,2025-12-05,4095.52,2026-01-04
3494,623,2025-12-31,5056.56,2026-02-14
3495,294,2026-05-08,5993.35,2026-06-07
3496,589,2026-07-05,2279.36,2026-08-04
3497,349,2026-07-31,7821.64,2026-08-30
3498,147,2026-07-23,3998.79,2026-08-22
3499,67,2026-01-15,1723.62,2026-03-16
3500,904,2026-06-04,3550.8,2026-07-04
3501,520,2026-07-17,15567.58,2026-08-31
3502,122,2026-07-29,5959.47,2026-09-12
3503,340,2025-10-31,5018.31,2025-11-30
3504,175,2026-05-08,3637.41,2026-06-07
3505,900,2025-12-04,3873.48,2026-01-03
3506,691,2026-06-23,5962.69,2026-08-22
3507,597,2026-03-03,4043.27,2026-04-02
3508,451,2026-05-18,7190.26,2026-06-17
3509,557,2026-06-14,6475.62,2026-07-14
3510,136,2026-02-02,1925.26,2026-03-04
3511,855,2026-03-05,7627.32,2026-04-04
3512,16,2025-11-08,2329.75,2025-12-08
3513,333,2026-07-23,2254.34,2026-09-06
3514,195,2026-05-19,4899.94,2026-06-18
3515,496,2025-12-24,6147.25,2026-01-23
3516,9,2026-08-13,8177.44,2026-10-12
3517,828,2025-09-08,890.8,2025-10-23
3518,334,2026-05-23,9401.19,
3519,333,2026-05-29,6955.74,2026-07-13
3520,327,2026-05-07,2797.03,2026-07-06
3521,15,2025-12-14,4138.68,2026-01-28
3522,839,2026-05-21,5858.64,2026-06-20
3523,614,2026-04-12,306.55,2026-05-12
3524,226,2026-07-25,1837.89,2026-09-08
3525,425,2026-05-29,12660.14,2026-06-28
3526,790,2026-02-12,3088.03,2026-03-29
3527,408,2025-11-22,4667.86,2026-01-06
3528,113,2026-06-22,4554.52,2026-08-06
3529,997,2026-01-12,8856.58,2026-02-11
3530,428,2026-03-30,3611.5,2026-04-29
3531,1,2026-07-10,3864.03,2026-08-09
3532,266,2025-12-01,5823.49,2025-12-31
3533,491,2026-08-03,9842.98,2026-09-17
3534,208,2026-01-05,12678.49,2026-02-04
3535,622,2026-03-10,3873.89,2026-04-24
3536,712,2026-02-06,3376.1,2026-03-08
3537,952,2026-07-28,4447.89,2026-08-27
3538,369,2026-08-01,14548.28,2026-08-31
3539,985,2025-09-10,9319.15,2025-10-10
3540,306,2025-12-16,3406.3,2026-01-15
3541,12,2025-11-26,1374.65,2025-12-26
3542,345,2025-11-06,12121.89,2025-12-21
3543,465,2025-11-01,13261.14,2025-12-01
3544,700,2026-01-24,2055.88,2026-03-25
3545,666,2026-01-31,3501.8,2026-03-02
3546,494,2025-12-16,10081.03,2026-01-15
3547,368,2026-01-26,6807.86,2026-02-25
3548,846,2026-03-05,1014.09,2026-04-19
3549,937,2026-08-15,2027.92,2026-09-14
3550,420,2026-08-08,7962.44,2026-09-07
3551,889,2026-02-25,6103.15,2026-03-27
3552,791,2026-08-01,8518.55,2026-09-15
3553,171,2026-05-24,9336.13,2026-06-23
3554,134,2026-01-27,6066.64,2026-03-28
3555,965,2026-05-05,6998.81,2026-06-04
3556,427,2026-05-12,3170.12,2026-06-11
3557,25,2025-09-29,5478.51,2025-10-29
3558,530,2026-08-18,6425.09,2026-09-17
3559,190,2026-05-24,19574.02,2026-06-23
3560,141,2025-09-13,2585.11,2025-10-13
3561,555,2025-10-17,8921.95,2025-11-16
3562,846,2026-01-29,4558.5,2026-03-15
3563,796,2025-10-20,9071.98,2025-11-19
3564,658,2026-04-03,4540.99,2026-05-03
3565,315,2026-01-10,12824.56,2026-02-09
3566,444,2025-12-22,2760.47,2026-02-05
3567,319,2026-05-10,5602.49,2026-06-09
3568,441,2026-08-07,7105.97,2026-09-21
3569,92,2025-10-23,2899.04,2025-11-22
3570,179,2026-01-08,6379.91,2026-02-07
3571,56,2026-07-21,11189.49,2026-08-20
3572,155,2026-03-12,4738.61,2026-04-26
3573,672,2025-11-18,9114.13,2025-12-18
3574,111,2025-10-27,2915.37,2025-12-26
3575,137,2025-12-06,2079.82,2026-01-05
3576,232,2026-03-17,8721.74,2026-04-16
3577,992,2026-01-13,3196.61,2026-02-12
3578,468,2026-01-25,1307.43,2026-02-24
3579,732,2026-02-19,2721.65,2026-03-21
3580,481,2025-11-02,14694.91,2025-12-02
3581,68,2025-11-04,11677.35,2025-12-04
3582,814,2026-06-22,2040.31,2026-08-06
3583,249,2026-03-30,1552.85,2026-04-29
3584,994,2025-12-18,3604.02,2026-01-17
3585,323,2026-06-09,11493.77,2026-07-09
3586,922,2026-02-19,4275.29,2026-03-21
3587,904,2025-09-12,4303.86,2025-10-12
3588,518,2026-07-30,3059.13,2026-08-29
3589,976,2026-04-08,4023.78,2026-05-08
3590,792,2026-08-08,9848.95,2026-09-07
3591,432,2026-06-13,5352.93,2026-07-13
3592,487,2026-02-19,4254.37,2026-03-21
3593,606,2026-04-24,8414.78,2026-06-08
3594,429,2026-02-13,5294.73,2026-04-14
3595,269,2026-03-06,10693.36,2026-04-05
3596,709,2026-02-17,2902.08,2026-03-19
3597,537,2025-10-22,6215.8,2025-11-21
3598,148,2026-07-16,10170.54,2026-08-15
3599,118,2026-03-08,17324.72,2026-04-22
3600,850,2025-12-29,2084.48,2026-01-28
3601,367,2025-12-14,4351.24,2026-01-13
3602,850,2026-02-09,1744.89,2026-03-11
3603,66,2026-06-22,2301.58,
3604,970,2025-10-11,5074.62,
3605,813,2026-08-30,987.94,2026-09-29
3606,370,2026-02-12,6992.99,2026-03-14
3607,175,2026-07-18,7808.21,2026-08-17
3608,831,2026-08-01,4703.5,2026-08-31
3609,588,2026-02-07,2552.62,2026-03-09
3610,495,2026-05-22,4113.62,2026-06-21
3611,973,2026-08-19,27187.03,2026-09-18
3612,114,2025-09-18,3297.41,2025-10-18
3613,111,2026-02-20,2662.18,2026-04-21
3614,761,2026-08-18,786.42,2026-09-17
3615,439,2025-10-03,11525.29,2025-11-02
3616,715,2026-05-19,1853.86,2026-06-18
3617,147,2026-03-29,5365.62,2026-04-28
3618,35,2026-07-27,26971.51,2026-08-26
3619,999,2026-02-11,6718.67,2026-03-13
3620,309,2025-09-05,6659.13,2025-10-05
3621,538,2025-10-04,3852.82,2025-12-03
3622,750,2026-06-07,6426.86,2026-07-07
3623,14,2026-01-23,5312.06,2026-02-22
3624,374,2026-08-17,7703.7,
3625,557,2025-11-10,723.42,2025-12-10
3626,428,2026-08-14,6773.66,2026-09-13
3627,728,2026-04-18,7072.49,2026-06-02
3628,233,2026-01-03,38371.28,2026-02-02
3629,705,2026-06-05,4982.9,2026-08-04
3630,563,2026-05-29,5970.03,2026-07-13
3631,939,2026-08-23,6865.45,2026-10-22
3632,887,2025-09-15,7021.97,2025-11-14
3633,726,2026-04-30,1863.66,2026-05-30
3634,663,2026-01-31,9622.99,2026-03-02
3635,440,2025-10-23,2400.14,2025-12-07
3636,502,2026-01-27,6922.38,2026-02-26
3637,275,2026-08-24,2514.67,2026-09-23
3638,850,2026-04-07,4184.88,2026-05-07
3639,76,2025-12-22,3431.84,2026-01-21
3640,439,2026-06-15,4096.96,2026-07-15
3641,732,2026-06-04,4678.68,2026-07-04
3642,860,2025-11-22,6734.81,2025-12-22
3643,956,2026-04-06,4629.74,2026-05-06
3644,699,2026-04-14,10064.88,2026-05-14
3645,289,2026-05-28,3262.8,2026-06-27
3646,915,2025-09-15,7051.27,2025-10-15
3647,540,2026-06-17,2568.82,2026-08-16
3648,891,2026-08-05,20812.09,2026-09-19
3649,692,2026-05-23,7075.3,2026-07-07
3650,253,2026-03-18,2862.51,2026-05-17
3651,126,2026-02-05,20026.53,2026-03-07
3652,177,2026-07-30,7570.33,2026-08-29
3653,37,2026-03-26,2870.74,2026-05-10
3654,410,2026-02-21,4501.63,2026-04-07
3655,611,2026-03-03,2011.86,2026-04-02
3656,610,2026-05-23,2011.38,2026-06-22
3657,127,2026-05-04,13146.68,2026-06-03
3658,483,2025-10-06,2436.73,2025-11-20
3659,168,2026-05-17,1714.95,2026-06-16
3660,592,2025-09-19,8314.75,2025-10-19
3661,294,2025-09-23,18863.33,2025-10-23
3662,845,2025-12-13,12619.8,2026-01-27
3663,638,2026-04-29,31260.01,2026-06-28
3664,343,2026-08-27,34698.96,2026-09-26
3665,310,2026-03-23,2433.01,2026-05-22
3666,662,2026-05-11,3897.42,2026-06-10
3667,528,2026-01-20,1423.25,2026-02-19
3668,540,2026-06-29,1972.14,2026-08-28
3669,419,2026-01-21,11791.49,2026-02-20
3670,444,2026-05-29,6239.65,2026-07-13
3671,685,2026-07-04,16032.45,2026-08-18
3672,558,2025-12-19,2502.0,2026-02-02
3673,840,2025-09-08,3223.56,2025-11-07
3674,236,2025-11-08,8038.97,2025-12-08
3675,439,2026-03-09,11643.56,2026-04-08
3676,214,2026-02-26,1351.86,2026-03-28
3677,85,2025-11-02,4124.95,2025-12-02
3678,794,2025-11-07,6882.01,2025-12-22
3679,744,2026-03-25,9354.2,2026-05-24
3680,85,2025-09-06,10957.21,2025-10-06
3681,921,2025-12-28,4710.48,2026-02-11
3682,489,2026-07-10,1860.9,2026-08-09
3683,65,2025-10-01,1071.51,2025-11-15
3684,646,2025-09-06,4321.62,2025-10-06
3685,663,2026-03-26,3968.45,2026-04-25
3686,627,2026-02-04,2644.88,2026-03-06
3687,64,2025-11-06,10215.57,2025-12-06
3688,343,2026-07-27,1996.45,2026-08-26
3689,939,2026-08-19,-2944.23,2026-10-18
3690,875,2026-08-02,12716.22,2026-09-16
3691,919,2026-06-16,2689.8,2026-07-16
3692,352,2026-01-18,6475.12,2026-02-17
3693,158,2026-06-27,4961.78,2026-07-27
3694,589,2025-09-13,6073.88,2025-10-13
3695,491,2026-01-30,10121.62,2026-03-16
3696,658,2026-07-10,6486.16,2026-08-09
3697,855,2026-08-18,1649.06,2026-09-17
3698,463,2025-12-18,1888.01,2026-02-01
3699,225,2026-08-22,6329.98,2026-09-21
3700,917,2026-01-27,2396.18,2026-02-26
3701,313,2026-03-23,10736.68,2026-04-22
3702,615,2026-07-04,6402.92,2026-08-03
3703,919,2025-09-21,1267.21,2025-10-21
3704,859,2025-10-30,22662.33,2025-12-14
3705,813,2025-09-21,3730.14,2025-10-21
3706,940,2026-08-29,4229.18,2026-09-28
3707,466,2026-05-03,7010.96,2026-06-02
3708,88,2025-11-12,4665.19,2025-12-27
3709,883,2025-11-15,10791.4,2025-12-15
3710,303,2026-03-05,2214.51,2026-04-04
3711,680,2025-11-17,12517.08,2025-12-17
3712,435,2025-11-04,8621.3,2025-12-04
3713,682,2026-08-08,-2691.02,2026-09-07
3714,135,2026-06-17,6115.13,2026-08-01
3715,50,2025-10-26,13186.37,2025-11-25
3716,432,2026-07-28,7588.88,2026-08-27
3717,340,2026-05-17,5625.75,2026-06-16
3718,347,2026-03-09,8226.8,2026-04-08
3719,646,2025-09-06,8799.99,2025-10-06
3720,347,2025-09-06,3336.16,2025-10-06
3721,649,2026-03-10,5668.04,2026-04-09
3722,245,2026-01-26,9858.87,2026-02-25
3723,109,2026-05-16,5561.0,2026-06-30
3724,825,2026-04-06,2816.36,2026-05-06
3725,799,2025-11-29,6255.96,2025-12-29
3726,533,2026-07-09,3658.55,2026-08-23
3727,90,2026-08-18,7966.26,2026-10-02
3728,296,2025-09-10,15657.61,2025-10-25
3729,112,2025-11-26,8594.85,2026-01-10
3730,813,2026-05-08,2587.0,2026-06-07
3731,589,2026-07-23,6364.83,2026-08-22
3732,177,2026-01-29,634.86,2026-02-28
3733,343,2025-12-22,4616.9,2026-01-21
3734,660,2025-09-30,10607.86,2025-11-14
3735,101,2026-01-06,6897.78,2026-02-05
3736,758,2025-11-17,5460.24,2025-12-17
3737,629,2025-10-25,27475.34,2025-11-24
3738,604,2026-07-02,1278.36,2026-08-01
3739,401,2025-10-04,1529.28,2025-11-03
3740,28,2025-12-14,7353.03,2026-01-13
3741,937,2026-02-19,10256.5,2026-03-21
3742,962,2025-09-22,10596.43,2025-10-22
3743,537,2026-06-14,3162.04,2026-07-14
3744,58,2025-12-14,2545.02,2026-01-13
3745,498,2026-01-27,2262.14,2026-02-26
3746,297,2026-05-30,6470.42,2026-06-29
3747,134,2026-06-03,2277.03,
3748,331,2026-06-26,12196.31,2026-08-10
3749,249,2026-02-19,4913.23,2026-03-21
3750,550,2025-10-17,2847.54,2025-11-16
3751,902,2025-12-23,2856.83,2026-01-22
3752,941,2026-06-02,1468.02,2026-07-02
3753,75,2026-07-01,2648.78,2026-08-15
3754,654,2026-03-26,3213.01,2026-04-25
3755,834,2026-04-30,6930.29,2026-05-30
3756,168,2026-06-28,4618.54,2026-07-28
3757,771,2026-03-15,2513.45,2026-04-14
3758,503,2026-02-11,1876.2,2026-03-13
3759,885,2026-02-23,4136.5,2026-04-09
3760,355,2026-08-09,967.58,2026-09-08
3761,225,2026-05-29,3877.33,2026-06-28
3762,664,2025-12-19,12205.43,2026-01-18
3763,531,2026-02-19,4259.52,2026-03-21
3764,146,2026-08-18,5679.68,2026-10-02
3765,960,2026-03-21,5154.72,2026-04-20
3766,241,2026-02-15,1650.79,2026-03-17
3767,884,2025-12-11,20397.86,2026-01-25
3768,893,2025-11-25,3608.84,2026-01-09
3769,344,2026-01-20,4986.62,2026-03-06
3770,749,2026-08-03,2959.26,2026-09-02
3771,35,2026-04-01,12427.23,2026-05-01
3772,702,2025-10-21,1556.58,2025-12-05
3773,1,2025-12-21,14172.11,2026-01-20
3774,996,2026-05-29,3919.64,2026-06-28
3775,153,2025-11-04,3262.89,2026-01-03
3776,429,2026-08-10,3025.98,2026-10-09
3777,945,2026-03-02,21250.0,2026-04-01
3778,508,2026-07-29,1384.88,2026-08-28
3779,126,2025-09-10,3259.49,2025-10-10
3780,491,2026-04-22,1780.37,2026-06-06
3781,482,2026-06-25,1172.82,2026-07-25
3782,345,2026-05-02,14206.04,2026-06-16
3783,912,2026-08-17,4892.66,2026-09-16
3784,738,2026-05-25,1975.38,2026-07-24
3785,221,2025-12-27,9705.66,2026-01-26
3786,915,2026-01-22,3628.76,2026-02-21
3787,919,2026-03-20,2980.78,
3788,723,2026-04-27,7922.79,2026-05-27
3789,25,2026-07-31,3566.86,2026-08-30
3790,528,2026-05-04,2314.55,2026-06-03
3791,182,2026-08-12,8721.23,2026-09-11
3792,499,2025-09-08,4465.33,2025-10-08
3793,841,2026-01-30,9084.43,2026-03-01
3794,641,2026-03-30,3622.56,2026-04-29
3795,42,2026-02-05,11298.35,2026-03-22
3796,915,2025-10-28,5056.44,2025-11-27
3797,481,2025-11-25,11668.93,2025-12-25
3798,930,2025-10-25,11367.5,2025-11-24
3799,848,2026-03-20,13442.74,2026-04-19
3800,748,2025-12-31,5280.75,2026-02-14
3801,872,2025-12-17,6791.11,2026-01-16
3802,439,2026-07-01,4157.26,2026-07-31
3803,402,2026-01-10,2438.23,2026-02-24
3804,546,2026-03-17,24830.57,2026-04-16
3805,345,2025-10-17,2739.44,2025-12-01
3806,893,2026-04-16,10312.24,2026-05-31
3807,45,2026-05-03,8936.0,2026-06-02
3808,646,2026-03-22,5779.29,2026-04-21
3809,21,2026-05-19,4416.94,2026-07-03
3810,634,2026-02-25,4452.22,2026-03-27
3811,70,2025-09-24,2955.81,2025-10-24
3812,864,2026-02-22,5392.4,2026-03-24
3813,873,2026-06-01,1943.19,2026-07-01
3814,48,2026-08-06,9090.59,2026-09-05
3815,491,2026-05-19,4164.55,2026-07-03
3816,551,2026-06-13,2315.95,2026-07-13
3817,287,2025-09-01,1800.9,2025-10-01
3818,10,2025-11-25,4499.28,2025-12-25
3819,542,2026-08-04,4626.24,2026-09-03
3820,756,2025-11-08,3303.51,2025-12-08
3821,274,2025-10-01,7473.48,2025-10-31
3822,956,2026-03-17,6607.41,2026-04-16
3823,600,2025-11-30,5232.33,2026-01-14
3824,756,2026-08-15,2383.74,2026-09-14
3825,381,2025-09-16,2766.07,2025-10-31
3826,329,2026-07-07,1635.86,2026-09-05
3827,479,2026-06-03,4290.24,2026-07-03
3828,15,2026-08-04,7830.54,2026-09-18
3829,516,2026-02-09,1897.59,2026-03-11
3830,191,2026-03-11,3191.56,2026-04-10
3831,168,2026-01-29,4792.82,2026-02-28
3832,521,2026-08-31,7821.16,2026-09-30
3833,621,2025-12-22,1534.06,2026-01-21
3834,137,2026-05-31,29528.52,2026-06-30
3835,154,2026-02-23,9129.59,2026-03-25
3836,388,2026-01-27,3096.26,2026-02-26
3837,209,2026-02-25,2123.7,2026-03-27
3838,272,2026-04-11,6273.71,2026-05-11
3839,143,2026-05-17,7293.6,2026-06-16
3840,611,2026-05-31,2264.21,2026-06-30
3841,889,2026-03-08,2050.61,2026-04-07
3842,820,2026-07-03,2446.55,2026-08-02
3843,69,2025-11-29,5264.83,2025-12-29
3844,247,2026-08-09,5318.48,2026-09-08
3845,261,2026-05-20,28244.61,2026-06-19
3846,788,2026-02-03,884.7,2026-03-05
3847,79,2026-03-19,2921.44,2026-04-18
3848,658,2025-10-25,3274.31,2025-11-24
3849,623,2026-05-12,7378.8,2026-06-26
3850,770,2026-02-20,7619.99,2026-03-22
3851,605,2026-03-19,4262.1,2026-04-18
3852,525,2025-12-11,16745.58,2026-02-09
3853,772,2026-06-12,2047.31,2026-07-27
3854,938,2026-01-29,2865.37,2026-02-28
3855,621,2025-12-20,1745.49,2026-01-19
3856,330,2026-05-24,4446.66,2026-06-23
3857,189,2025-11-30,3834.62,2025-12-30
3858,95,2026-02-24,9378.58,2026-03-26
3859,617,2026-04-19,22026.27,2026-05-19
3860,8,2025-09-29,16475.57,2025-11-13
3861,67,2026-06-28,1879.8,
3862,496,2026-03-14,5218.06,2026-04-13
3863,191,2026-07-04,9290.03,2026-08-03
3864,366,2026-04-27,8535.21,2026-05-27
3865,768,2026-08-23,31847.93,2026-09-22
3866,521,2026-05-25,4193.69,2026-06-24
3867,990,2026-04-02,5322.33,2026-05-02
3868,117,2025-11-21,30027.37,2025-12-21
3869,267,2026-01-06,6996.23,2026-02-05
3870,611,2026-05-20,3101.11,2026-06-19
3871,485,2025-11-06,2292.41,2025-12-06
3872,509,2025-11-01,5910.31,2025-12-01
3873,298,2026-01-11,11736.71,2026-02-10
3874,909,2026-01-15,11616.75,2026-02-14
3875,164,2025-09-28,2488.6,2025-11-12
3876,376,2026-03-30,5430.66,2026-04-29
3877,653,2026-03-24,3486.02,2026-04-23
3878,268,2026-05-11,4441.93,2026-06-10
3879,549,2025-10-08,10318.04,2025-11-07
3880,74,2025-10-13,4804.27,2025-11-12
3881,508,2025-12-26,8426.79,2026-01-25
3882,73,2026-03-09,8631.17,2026-04-08
3883,308,2025-10-16,3066.88,2025-11-15
3884,199,2026-02-13,13364.27,2026-03-15
3885,130,2026-07-02,2081.83,2026-08-01
3886,758,2026-03-22,1819.78,2026-04-21
3887,824,2026-04-21,3412.45,2026-06-05
3888,572,2026-05-03,2291.88,2026-06-02
3889,791,2026-03-28,8114.73,2026-05-12
3890,615,2026-05-06,38870.59,2026-06-05
3891,808,2026-06-22,12328.21,2026-08-21
3892,832,2026-07-24,2600.87,2026-08-23
3893,487,2026-02-05,2250.23,2026-03-07
3894,853,2025-09-01,10928.93,2025-10-01
3895,151,2026-04-05,1939.54,2026-05-05
3896,669,2026-05-07,2274.13,2026-06-06
3897,206,2025-11-08,6717.34,2026-01-07
3898,986,2025-09-30,3241.15,2025-11-14
3899,179,2025-12-24,5500.86,2026-01-23
3900,197,2025-09-08,3838.23,2025-10-08
3901,735,2026-06-02,4889.73,2026-07-02
3902,89,2026-07-12,10064.06,2026-08-26
3903,799,2026-08-01,8220.69,2026-08-31
3904,434,2025-10-06,10412.83,2025-11-05
3905,788,2026-07-08,8338.26,2026-08-07
3906,748,2025-10-14,8812.59,2025-11-28
3907,183,2026-02-02,4991.3,2026-03-04
3908,209,2025-11-16,1561.82,2025-12-16
3909,493,2025-11-17,4588.47,2026-01-01
3910,130,2025-12-10,6437.75,2026-01-09
3911,665,2025-09-30,5305.87,2025-10-30
3912,13,2025-10-09,6996.16,2025-11-08
3913,634,2026-04-27,26003.19,2026-05-27
3914,871,2025-09-13,3347.54,2025-10-13
3915,732,2025-12-31,3616.67,2026-01-30
3916,106,2026-01-22,13149.54,2026-03-08
3917,375,2026-02-19,5523.96,2026-04-05
3918,582,2026-05-05,7193.34,2026-06-04
3919,707,2026-05-05,3114.24,2026-07-04
3920,698,2025-10-15,2782.84,2025-11-14
3921,99,2026-05-11,1903.66,2026-06-25
3922,594,2026-06-18,5739.37,2026-07-18
3923,587,2026-03-26,2285.45,2026-04-25
3924,886,2025-09-07,2071.64,2025-10-07
3925,852,2026-04-30,8484.79,2026-06-14
3926,192,2025-12-19,3009.12,2026-01-18
3927,325,2025-12-23,1914.1,2026-01-22
3928,979,2026-07-04,1762.52,2026-08-03
3929,726,2026-06-29,10368.95,2026-07-29
3930,827,2026-06-03,4591.64,2026-08-02
3931,956,2025-12-05,3632.69,2026-01-04
3932,467,2026-06-21,5735.11,2026-07-21
3933,894,2026-03-08,5314.59,2026-04-07
3934,367,2026-08-26,3273.86,2026-09-25
3935,318,2026-06-15,3828.57,2026-07-15
3936,144,2026-02-01,8971.22,2026-03-03
3937,384,2025-10-28,9672.21,2025-12-27
3938,216,2026-08-04,2557.13,2026-10-03
3939,361,2025-10-20,13917.92,2025-11-19
3940,324,2026-03-26,24945.26,2026-05-10
3941,15,2025-10-22,3960.45,2025-12-06
3942,217,2026-08-08,3885.23,2026-09-07
3943,492,2026-01-28,2437.22,2026-03-14
3944,951,2025-10-23,2928.73,2025-11-22
3945,547,2026-04-01,6476.73,2026-05-01
3946,183,2025-11-05,31912.6,2025-12-05
3947,270,2026-04-20,8954.08,2026-05-20
3948,945,2026-06-26,3833.3,2026-07-26
3949,467,2026-08-04,3559.63,2026-09-03
3950,870,2026-01-29,2939.83,2026-03-30
3951,612,2026-03-24,11673.91,2026-05-08
3952,519,2026-07-17,4115.87,2026-08-16
3953,542,2026-05-13,7191.17,2026-06-12
3954,467,2026-01-15,4137.29,2026-02-14
3955,305,2026-01-13,27217.82,2026-02-12
3956,985,2025-10-24,3261.17,2025-11-23
3957,144,2025-11-04,2848.39,2025-12-04
3958,111,2025-09-02,3400.97,2025-11-01
3959,232,2026-01-10,7019.18,2026-02-09
3960,691,2026-07-31,15755.56,2026-09-29
3961,584,2025-10-02,-7031.3,2025-11-01
3962,722,2026-08-22,8799.53,2026-10-21
3963,732,2026-08-26,7873.5,2026-09-25
3964,592,2026-05-01,1319.73,2026-05-31
3965,500,2026-03-11,4935.86,2026-04-10
3966,595,2026-01-20,3879.73,2026-02-19
3967,554,2026-01-26,4465.82,2026-02-25
3968,273,2025-11-28,2588.7,2026-01-12
3969,703,2025-10-19,10015.0,2025-12-18
3970,173,2026-01-14,5197.7,2026-02-13
3971,973,2026-03-10,5172.64,2026-04-09
3972,7,2026-01-27,4444.43,2026-02-26
3973,155,2025-11-26,3022.24,2026-01-10
3974,522,2025-09-08,1201.78,2025-10-23
3975,546,2026-04-11,6213.88,2026-05-11
3976,548,2026-08-23,5475.62,2026-10-22
3977,921,2025-09-16,7666.28,2025-10-31
3978,518,2026-06-23,5297.79,2026-07-23
3979,920,2025-12-15,2108.56,2026-01-14
3980,914,2026-06-10,2647.46,2026-07-10
3981,215,2025-12-13,14599.7,2026-01-27
3982,134,2026-08-27,6453.27,2026-10-26
3983,285,2026-01-24,9506.83,2026-02-23
3984,126,2025-10-05,10428.8,2025-11-04
3985,921,2025-12-22,2276.08,2026-02-05
3986,439,2026-07-05,3807.73,2026-08-04
3987,849,2025-10-23,8621.41,2025-11-22
3988,686,2026-08-13,2603.9,2026-09-27
3989,152,2025-11-20,3606.88,2025-12-20
3990,331,2025-12-13,3300.07,2026-01-27
3991,538,2026-07-19,2770.27,2026-09-17
3992,383,2026-04-30,4505.59,2026-06-14
3993,115,2025-10-01,3389.8,2025-11-30
3994,894,2026-07-14,3634.97,2026-08-13
3995,482,2026-03-11,6197.89,2026-04-10
3996,284,2026-08-23,11110.7,2026-10-22
3997,899,2026-08-27,9217.48,2026-09-26
3998,75,2026-04-21,5757.86,2026-06-05
3999,166,2025-12-07,18558.74,2026-01-06
4000,189,2025-10-04,8470.97,2025-11-03
4001,78,2026-05-01,9516.61,2026-05-31
4002,947,2025-10-29,4388.55,2025-12-13
4003,602,2026-05-17,3669.83,2026-06-16
4004,688,2025-09-17,6754.86,2025-11-16
4005,21,2025-11-17,10323.37,2026-01-01
4006,566,2026-03-25,5748.81,2026-04-24
4007,184,2026-06-29,3012.92,2026-07-29
4008,871,2026-02-13,1790.61,2026-03-15
4009,222,2026-06-18,1410.88,2026-08-17
4010,827,2025-12-21,5173.12,2026-02-19
4011,328,2026-07-14,9604.27,2026-08-13
4012,179,2026-08-19,792.14,2026-09-18
4013,788,2026-01-23,3075.47,2026-02-22
4014,112,2026-02-03,2699.15,2026-03-20
4015,736,2026-02-25,6772.37,2026-03-27
4016,726,2026-08-12,2932.9,2026-09-11
4017,59,2026-01-14,1868.39,2026-02-13
4018,327,2026-07-12,3071.76,2026-09-10
4019,905,2025-09-18,2709.81,2025-10-18
4020,621,2026-08-17,5052.23,2026-09-16
4021,897,2026-02-02,4210.6,2026-03-19
4022,669,2026-05-30,7123.67,2026-06-29
4023,191,2026-05-24,4975.06,2026-06-23
4024,200,2026-08-26,11261.75,2026-09-25
4025,312,2026-07-29,3494.13,2026-08-28
4026,708,2025-09-16,8211.39,2025-10-31
4027,35,2025-09-12,6447.67,2025-10-12
4028,379,2025-11-14,3947.65,2025-12-29
4029,387,2026-03-31,8669.62,2026-05-30
4030,758,2026-02-26,2631.78,2026-03-28
4031,237,2026-01-07,13481.35,2026-02-06
4032,616,2026-06-10,2686.77,2026-07-10
4033,519,2026-03-14,1710.73,2026-04-13
4034,283,2026-05-26,1607.13,2026-07-10
4035,1,2025-09-30,5377.97,2025-10-30
4036,731,2025-09-09,3183.9,2025-10-09
4037,464,2026-07-06,5780.15,2026-08-05
4038,230,2026-07-07,2069.47,2026-08-06
4039,967,2026-02-12,7381.86,2026-03-14
4040,172,2026-03-12,5793.24,2026-04-11
4041,87,2026-07-02,3467.55,2026-08-31
4042,553,2026-05-18,8242.64,2026-06-17
4043,123,2026-03-11,7920.75,2026-04-10
4044,843,2025-11-18,5382.21,2025-12-18
4045,298,2026-02-26,10168.18,2026-03-28
4046,885,2025-11-30,12156.17,2026-01-14
4047,929,2026-04-03,2660.71,2026-05-03
4048,690,2025-11-18,12371.59,2026-01-17
4049,575,2025-12-12,2435.58,2026-01-11
4050,484,2025-12-20,9268.95,2026-01-19
4051,165,2026-07-11,10667.54,2026-08-10
4052,699,2026-05-05,4348.0,2026-06-04
4053,383,2026-04-22,4791.42,2026-06-06
4054,209,2025-11-21,3936.2,2025-12-21
4055,739,2026-01-10,2585.48,2026-02-09
4056,432,2026-04-23,3001.8,2026-05-23
4057,389,2026-06-05,7438.98,2026-07-20
4058,560,2026-08-01,9914.46,2026-08-31
4059,224,2025-12-08,4942.58,2026-01-07
4060,3,2025-10-08,2228.55,2025-11-07
4061,372,2026-02-08,1998.59,2026-03-10
4062,687,2025-12-26,4593.05,2026-01-25
4063,446,2026-04-29,3278.42,2026-05-29
4064,611,2025-09-26,12915.25,2025-10-26
4065,116,2026-01-14,2850.83,2026-02-28
4066,270,2025-10-20,8063.45,2025-11-19
4067,447,2026-06-21,3043.31,2026-07-21
4068,368,2026-06-25,3985.41,2026-07-25
4069,253,2026-06-20,5738.25,2026-08-19
4070,317,2026-02-01,7576.9,2026-04-02
4071,415,2026-04-08,7011.04,2026-05-08
4072,95,2026-01-18,3194.83,2026-02-17
4073,785,2025-10-19,5417.94,2025-11-18
4074,892,2026-01-20,3704.72,2026-02-19
4075,24,2025-10-16,1591.09,2025-12-15
4076,628,2026-02-10,6004.92,2026-03-12
4077,663,2026-06-12,13730.25,2026-07-12
4078,850,2026-05-26,17197.86,2026-06-25
4079,50,2025-12-25,6445.26,2026-01-24
4080,502,2025-11-21,6116.43,2025-12-21
4081,718,2025-10-14,615.07,2025-11-13
4082,498,2026-03-13,44313.98,2026-04-12
4083,335,2026-05-16,15708.67,2026-06-15
4084,79,2026-05-31,9177.42,2026-06-30
4085,582,2026-06-01,5296.45,2026-07-01
4086,27,2026-06-05,839.26,2026-07-05
4087,271,2025-11-22,5785.08,2026-01-06
4088,562,2025-10-28,5128.7,2025-11-27
4089,804,2025-10-23,1619.36,2025-11-22
4090,247,2025-09-01,7156.12,2025-10-01
4091,776,2026-04-04,13446.64,2026-05-19
4092,591,2026-07-14,6565.89,2026-08-13
4093,387,2026-04-16,6548.72,2026-06-15
4094,702,2026-05-12,6893.87,2026-06-26
4095,559,2026-02-06,3862.14,2026-03-23
4096,973,2026-06-14,9171.56,2026-07-14
4097,361,2025-11-05,16919.62,2025-12-05
4098,866,2026-07-06,5167.8,2026-08-20
4099,984,2025-12-04,2732.29,2026-01-03
4100,488,2026-05-11,1650.39,2026-06-10
4101,352,2026-01-28,7464.78,2026-02-27
4102,701,2025-09-23,8172.81,2025-10-23
4103,928,2026-05-02,6689.87,2026-07-01
4104,256,2026-04-03,4141.01,2026-05-18
4105,222,2026-01-09,6241.0,2026-03-10
4106,884,2026-08-09,3257.47,2026-09-23
4107,753,2026-01-26,2831.51,2026-02-25
4108,781,2025-12-18,2253.31,2026-01-17
4109,1,2025-10-10,2272.15,2025-11-09
4110,546,2025-12-30,7643.01,2026-01-29
4111,446,2026-06-22,4031.03,2026-07-22
4112,79,2025-12-29,2898.89,2026-01-28
4113,236,2025-09-18,1681.87,2025-10-18
4114,334,2026-02-16,8553.04,2026-04-17
4115,889,2026-03-17,11766.23,2026-04-16
4116,349,2026-01-21,2203.68,2026-02-20
4117,98,2025-10-07,4525.43,2025-11-06
4118,82,2026-03-05,2371.18,2026-04-04
4119,502,2026-05-19,4463.84,2026-06-18
4120,967,2026-04-19,8131.65,2026-05-19
4121,477,2026-05-12,18248.96,2026-06-11
4122,927,2026-07-26,3496.67,2026-08-25
4123,704,2026-06-24,8752.75,2026-08-23
4124,765,2025-09-10,8925.4,2025-10-10
4125,921,2026-07-21,4430.59,
4126,550,2026-04-18,12648.24,2026-05-18
4127,14,2025-09-24,3846.9,
4128,392,2025-11-17,7083.44,2025-12-17
4129,347,2026-03-12,3159.9,2026-04-11
4130,310,2025-12-18,7649.57,2026-02-16
4131,386,2026-06-07,7059.73,2026-07-07
4132,209,2026-05-21,12927.11,2026-06-20
4133,357,2026-07-26,21712.69,2026-08-25
4134,974,2026-08-29,10403.04,2026-09-28
4135,601,2026-08-21,8550.3,2026-10-05
4136,568,2026-05-26,3657.91,2026-06-25
4137,94,2026-08-07,816.2,2026-09-06
4138,93,2026-05-17,14126.89,2026-07-16
4139,340,2026-08-01,22073.66,2026-08-31
4140,597,2025-11-24,6422.6,2025-12-24
4141,445,2025-09-10,2235.69,2025-10-10
4142,757,2026-06-16,15055.27,2026-07-16
4143,22,2026-06-29,12103.62,2026-08-13
4144,291,2025-10-29,979.79,2025-11-28
4145,485,2026-07-05,5594.4,2026-08-04
4146,784,2026-05-20,6071.95,2026-06-19
4147,306,2026-06-12,1385.28,2026-07-12
4148,634,2025-12-28,2109.27,2026-01-27
4149,128,2026-02-15,11973.39,2026-03-17
4150,625,2026-08-19,5286.86,2026-09-18
4151,939,2026-03-08,2338.44,2026-05-07
4152,273,2026-05-09,2926.8,2026-06-23
4153,848,2026-07-21,1912.76,2026-08-20
4154,442,2026-04-17,5310.96,2026-05-17
4155,503,2026-03-09,9127.4,2026-04-08
4156,130,2026-07-13,12817.05,2026-08-12
4157,132,2026-01-02,2930.14,2026-02-16
4158,597,2025-11-23,3767.5,2025-12-23
4159,935,2026-06-24,7466.04,2026-07-24
4160,482,2026-04-03,10713.71,2026-05-03
4161,862,2026-04-25,6726.55,2026-05-25
4162,390,2025-12-22,13783.39,2026-01-21
4163,593,2026-04-05,21390.83,2026-05-05
4164,999,2026-07-18,1357.2,2026-08-17
4165,985,2026-05-04,16855.07,2026-06-03
4166,325,2026-08-01,14129.9,2026-08-31
4167,69,2026-07-16,1952.28,2026-08-15
4168,660,2025-10-07,7246.09,2025-11-21
4169,448,2025-11-03,8316.3,2025-12-03
4170,528,2026-04-07,2090.88,2026-05-07
4171,819,2026-08-08,4761.53,2026-09-22
4172,617,2025-10-04,5666.42,2025-11-03
4173,165,2025-10-09,2107.48,2025-11-08
4174,488,2025-11-06,3812.57,2025-12-06
4175,713,2026-03-28,15338.71,2026-04-27
4176,709,2026-07-15,19222.8,2026-08-14
4177,426,2026-08-10,2067.98,2026-09-24
4178,697,2026-01-30,593.12,2026-03-01
4179,834,2026-08-31,13454.64,2026-09-30
4180,265,2026-03-18,21485.28,2026-04-17
4181,875,2025-11-28,10083.0,2026-01-12
4182,612,2026-05-06,3974.25,
4183,342,2026-07-20,2101.09,2026-08-19
4184,832,2025-11-18,8189.55,2025-12-18
4185,726,2026-06-12,11625.27,2026-07-12
4186,278,2026-07-27,2949.37,2026-08-26
4187,674,2025-10-02,6230.67,2025-11-16
4188,439,2025-11-26,3531.31,2025-12-26
4189,157,2025-10-09,9139.32,2025-11-08
4190,422,2025-12-10,963.06,2026-01-09
4191,251,2026-05-02,6867.33,2026-06-01
4192,878,2026-04-20,3731.01,2026-06-04
4193,609,2025-11-07,21651.9,2025-12-07
4194,530,2026-03-11,6417.51,2026-04-10
4195,327,2025-09-28,8807.74,2025-11-27
4196,961,2026-05-28,2351.18,2026-07-27
4197,895,2026-04-14,4188.3,2026-05-14
4198,97,2025-11-16,6855.45,2025-12-16
4199,513,2026-04-11,3750.54,2026-05-11
4200,216,2026-02-14,4119.07,2026-04-15
4201,132,2026-06-11,6170.68,2026-07-26
4202,260,2026-03-11,1269.77,2026-04-10
4203,125,2025-11-28,3286.77,2025-12-28
4204,82,2025-10-02,9397.79,2025-11-01
4205,283,2026-01-15,3649.25,2026-03-01
4206,683,2026-02-03,32417.41,2026-03-20
4207,59,2026-05-08,5376.48,2026-06-07
4208,544,2025-12-04,1136.35,2026-01-18
4209,161,2025-09-17,7131.62,2025-10-17
4210,284,2025-12-26,2148.35,2026-02-24
4211,106,2026-07-30,6562.9,2026-09-13
4212,105,2026-07-08,3179.92,2026-08-07
4213,439,2025-09-10,3353.14,2025-10-10
4214,228,2025-11-19,11445.13,2026-01-03
4215,700,2026-01-12,1408.67,2026-03-13
4216,582,2026-03-22,3391.37,2026-04-21
4217,318,2025-12-25,3101.3,2026-01-24
4218,464,2026-04-08,14571.52,2026-05-08
4219,802,2026-05-11,3782.2,2026-06-10
4220,599,2026-02-16,2354.14,2026-03-18
4221,882,2026-08-01,6016.06,2026-08-31
4222,874,2026-07-13,2444.91,2026-08-27
4223,472,2026-03-24,2745.44,2026-04-23
4224,56,2026-06-25,8684.44,2026-07-25
4225,625,2026-05-06,504.89,2026-06-05
4226,13,2026-08-31,2312.24,2026-09-30
4227,440,2025-11-10,2909.62,2025-12-25
4228,18,2026-02-03,17210.84,2026-03-05
4229,694,2025-12-11,7139.93,2026-01-10
4230,973,2025-09-13,4874.69,2025-10-13
4231,113,2026-05-29,4603.77,2026-07-13
4232,229,2026-06-19,5519.09,2026-07-19
4233,171,2026-04-08,6085.57,2026-05-08
4234,295,2025-09-15,5528.22,2025-10-15
4235,189,2026-04-26,23728.98,2026-05-26
4236,426,2025-12-26,3518.64,2026-02-09
4237,977,2026-07-28,5748.55,2026-09-11
4238,79,2025-10-26,5154.3,2025-11-25
4239,658,2026-08-17,10600.08,2026-09-16
4240,919,2026-01-10,2871.57,2026-02-09
4241,182,2026-04-14,3728.42,2026-05-14
4242,499,2026-07-05,1492.0,2026-08-04
4243,798,2026-04-10,11012.71,2026-05-10
4244,762,2026-02-20,1478.64,2026-04-06
4245,866,2026-08-06,7698.94,2026-09-20
4246,826,2026-06-12,19188.56,2026-07-12
4247,708,2026-07-06,23336.68,2026-08-20
4248,835,2026-02-04,3914.4,2026-03-06
4249,71,2026-01-29,3791.4,2026-02-28
4250,248,2026-03-04,4712.14,2026-04-03
4251,146,2026-02-25,10278.24,2026-04-11
4252,618,2025-09-21,4498.58,2025-10-21
4253,775,2025-12-21,4016.65,2026-01-20
4254,296,2026-02-18,11794.14,2026-04-04
4255,582,2026-01-16,5177.79,2026-02-15
4256,470,2026-04-21,4423.66,2026-06-05
4257,506,2026-07-29,2480.68,2026-08-28
4258,193,2025-09-30,11370.95,2025-10-30
4259,68,2026-07-04,6092.76,2026-08-03
4260,494,2026-02-08,4953.33,2026-03-10
4261,817,2025-11-17,1127.34,2025-12-17
4262,52,2026-06-05,10729.93,2026-07-05
4263,882,2026-07-17,-2017.86,2026-08-16
4264,363,2025-09-21,7177.66,2025-11-05
4265,797,2026-08-29,2682.13,2026-10-13
4266,917,2026-01-21,2119.03,2026-02-20
4267,474,2025-10-06,10506.13,2025-11-05
4268,846,2026-06-30,5423.62,2026-08-14
4269,521,2026-04-02,5166.89,2026-05-02
4270,763,2025-10-02,23803.81,2025-11-01
4271,431,2026-03-05,23510.96,2026-05-04
4272,844,2026-02-21,4103.64,2026-03-23
4273,298,2025-10-24,1757.2,2025-11-23
4274,435,2026-02-08,15494.53,2026-03-10
4275,696,2026-05-08,1705.32,2026-06-07
4276,691,2026-05-09,7312.59,2026-07-08
4277,198,2026-06-06,4035.47,2026-07-06
4278,128,2026-02-18,5313.43,2026-03-20
4279,532,2026-03-02,13336.05,2026-04-01
4280,984,2025-09-02,2664.36,2025-10-02
4281,411,2026-03-13,3073.78,2026-04-27
4282,934,2026-02-13,9169.47,2026-03-30
4283,840,2026-05-05,20915.54,2026-07-04
4284,65,2026-05-02,36189.79,2026-06-16
4285,694,2025-12-19,1566.41,2026-01-18
4286,241,2026-07-20,3574.23,2026-08-19
4287,369,2025-11-10,2190.66,2025-12-10
4288,536,2026-02-11,9842.2,2026-03-28
4289,384,2026-06-12,5249.49,2026-08-11
4290,431,2025-12-22,10091.24,2026-02-20
4291,967,2026-04-16,3644.96,2026-05-16
4292,83,2026-06-28,8750.06,2026-07-28
4293,982,2025-09-16,4333.11,2025-10-31
4294,831,2025-10-01,5602.55,2025-10-31
4295,697,2026-02-09,3153.29,2026-03-11
4296,951,2026-07-03,14842.18,2026-08-02
4297,828,2026-03-12,1820.78,2026-04-26
4298,611,2026-03-29,4565.16,2026-04-28
4299,574,2026-04-20,20783.2,2026-06-04
4300,286,2026-03-03,13876.87,2026-04-02
4301,989,2025-09-15,2546.87,2025-10-15
4302,534,2026-07-02,2652.62,2026-08-01
4303,459,2026-03-28,7543.59,2026-04-27
4304,212,2026-02-19,8409.69,2026-03-21
4305,126,2026-05-24,12953.43,2026-06-23
4306,413,2025-09-20,1619.36,2025-11-04
4307,499,2025-11-09,14325.95,2025-12-09
4308,425,2025-09-08,2430.98,2025-10-08
4309,554,2025-10-04,14543.98,2025-11-03
4310,610,2026-04-12,1373.14,2026-05-12
4311,961,2026-02-26,2050.89,2026-04-27
4312,543,2026-05-04,19811.26,2026-06-03
4313,158,2026-05-18,20702.78,2026-06-17
4314,112,2025-12-17,5417.89,2026-01-31
4315,402,2026-04-30,3842.05,2026-06-14
4316,759,2025-09-24,4936.2,2025-10-24
4317,122,2026-04-04,6967.25,2026-05-19
4318,273,2025-10-25,7487.89,2025-12-09
4319,294,2025-09-26,3949.75,2025-10-26
4320,398,2026-06-08,1062.96,2026-07-08
4321,471,2026-06-19,3236.44,
4322,985,2026-07-24,1441.14,2026-08-23
4323,207,2026-03-05,9226.56,2026-04-04
4324,110,2025-09-12,6716.4,2025-10-12
4325,440,2026-01-07,4574.23,2026-02-21
4326,278,2026-03-27,4091.14,2026-04-26
4327,963,2026-01-11,24102.64,2026-02-10
4328,568,2026-08-05,12510.31,2026-09-04
4329,887,2026-03-15,5892.58,2026-05-14
4330,915,2026-05-20,3251.12,2026-06-19
4331,569,2026-06-09,14033.34,2026-07-09
4332,940,2025-12-12,5462.13,2026-01-11
4333,482,2025-12-29,2976.58,2026-01-28
4334,803,2026-03-02,3117.31,2026-04-16
4335,114,2025-09-09,8490.33,2025-10-09
4336,893,2025-10-15,10711.24,2025-11-29
4337,897,2026-05-02,8313.81,2026-06-16
4338,820,2026-05-28,8461.14,2026-06-27
4339,853,2025-12-21,3919.72,2026-01-20
4340,477,2025-10-25,3235.21,2025-11-24
4341,710,2025-09-15,5631.09,2025-10-15
4342,933,2025-10-07,4682.43,2025-11-06
4343,321,2026-02-25,2245.22,2026-03-27
4344,179,2026-01-05,4872.65,2026-02-04
4345,897,2025-12-26,8683.39,2026-02-09
4346,219,2026-08-06,3658.78,2026-09-05
4347,789,2025-11-11,17800.73,2025-12-11
4348,949,2026-08-18,1836.73,2026-09-17
4349,528,2025-12-20,2586.01,2026-01-19
4350,492,2026-01-27,3162.01,2026-03-13
4351,891,2026-03-04,9654.56,2026-04-18
4352,61,2025-12-14,5925.96,2026-01-28
4353,54,2026-01-25,2461.07,2026-03-11
4354,680,2026-04-09,1118.09,2026-05-09
4355,538,2026-07-11,1934.88,2026-09-09
4356,848,2026-08-17,1229.75,2026-09-16
4357,988,2025-09-06,10056.49,2025-10-06
4358,65,2026-05-18,2142.92,2026-07-02
4359,612,2026-06-26,8618.3,2026-08-10
4360,586,2026-08-15,7725.14,2026-09-14
4361,704,2025-10-12,12970.9,2025-12-11
4362,171,2026-05-17,2822.75,2026-06-16
4363,273,2026-05-29,6911.72,2026-07-13
4364,889,2025-10-17,5511.21,2025-11-16
4365,699,2025-11-24,5523.5,2025-12-24
4366,535,2026-02-21,4924.51,2026-03-23
4367,391,2025-10-28,9805.76,2025-11-27
4368,940,2026-03-18,8984.4,2026-04-17
4369,693,2026-03-28,4989.93,2026-05-27
4370,327,2026-05-06,3462.25,2026-07-05
4371,108,2026-03-30,3158.02,2026-04-29
4372,847,2025-10-09,5143.74,2025-11-08
4373,162,2026-05-10,5970.89,2026-06-24
4374,814,2026-01-09,4647.22,2026-02-23
4375,452,2026-06-18,1778.91,2026-07-18
4376,206,2026-05-08,3918.51,2026-07-07
4377,590,2025-10-22,3279.77,2025-11-21
4378,16,2025-09-14,5060.68,2025-10-14
4379,327,2026-02-03,38029.58,2026-04-04
4380,608,2025-09-30,7053.76,2025-10-30
4381,659,2025-11-29,13725.16,2026-01-13
4382,2,2026-02-14,2892.64,2026-04-15
4383,10,2026-08-17,5088.32,2026-09-16
4384,434,2025-11-08,13361.52,2025-12-08
4385,125,2026-02-10,1412.11,2026-03-12
4386,81,2026-04-30,-4148.33,2026-05-30
4387,485,2025-10-22,8215.0,2025-11-21
4388,652,2026-01-20,4717.94,2026-02-19
4389,838,2025-11-02,3174.42,2025-12-17
4390,150,2026-06-19,3320.32,2026-07-19
4391,800,2025-11-30,6435.02,2025-12-30
4392,873,2026-01-30,1423.4,2026-03-01
4393,340,2026-02-04,5524.21,2026-03-06
4394,129,2026-07-06,8936.29,2026-08-05
4395,438,2026-08-31,3742.42,2026-10-15
4396,751,2026-01-28,1435.42,2026-02-27
4397,501,2026-07-25,3319.48,2026-08-24
4398,58,2026-05-29,4528.66,2026-06-28
4399,198,2025-11-08,2113.22,2025-12-08
4400,211,2025-12-25,5124.04,2026-01-24
4401,914,2026-03-11,5737.8,2026-04-10
4402,902,2025-09-04,13085.53,2025-10-04
4403,45,2025-11-14,4381.97,2025-12-14
4404,97,2026-06-25,5467.47,2026-07-25
4405,279,2026-04-29,3217.73,2026-06-13
4406,535,2025-09-30,3413.37,2025-10-30
4407,410,2026-01-21,8782.74,2026-03-07
4408,461,2026-07-23,4144.74,2026-08-22
4409,391,2026-03-02,9686.37,2026-04-01
4410,847,2025-09-16,4816.3,2025-10-16
4411,44,2025-12-20,2002.45,2026-02-03
4412,27,2026-08-26,2872.31,2026-09-25
4413,794,2026-03-20,34610.25,2026-05-04
4414,97,2025-12-16,4613.88,2026-01-15
4415,975,2026-02-09,1373.24,2026-03-11
4416,548,2026-06-10,2011.32,2026-08-09
4417,621,2026-05-27,2826.82,2026-06-26
4418,567,2026-02-02,2446.87,2026-03-04
4419,704,2025-11-12,2075.23,2026-01-11
4420,219,2026-03-16,16108.23,2026-04-15
4421,185,2026-05-01,8509.37,2026-05-31
4422,69,2025-11-25,4261.33,2025-12-25
4423,829,2026-06-14,3125.59,2026-08-13
4424,130,2026-05-17,4393.31,2026-06-16
4425,567,2026-06-13,20781.38,2026-07-13
4426,890,2026-01-27,2502.79,2026-03-13
4427,609,2026-08-21,1415.82,2026-09-20
4428,848,2026-03-09,8527.71,2026-04-08
4429,599,2026-04-05,11200.35,2026-05-05
4430,806,2026-08-21,15970.53,2026-09-20
4431,631,2025-11-25,3771.86,2025-12-25
4432,720,2026-04-04,3803.55,2026-05-04
4433,334,2026-07-17,25009.67,2026-09-15
4434,925,2025-12-27,8051.33,2026-01-26
4435,154,2025-11-26,4671.02,2025-12-26
4436,547,2025-10-10,7479.24,2025-11-09
4437,79,2026-02-08,3527.67,2026-03-10
4438,579,2026-03-10,6362.48,2026-04-09
4439,855,2025-09-25,6280.38,2025-10-25
4440,413,2026-01-30,9745.22,2026-03-16
4441,546,2025-12-04,2273.89,2026-01-03
4442,609,2025-10-16,6644.44,2025-11-15
4443,169,2026-01-16,1966.33,2026-03-02
4444,681,2026-06-15,22417.76,2026-07-15
4445,663,2026-08-19,3575.39,2026-09-18
4446,583,2026-02-11,1330.46,2026-03-28
4447,515,2025-09-16,46123.69,2025-10-31
4448,314,2025-09-18,3295.57,2025-10-18
4449,32,2026-01-14,5394.66,2026-02-13
4450,287,2026-05-05,1288.09,2026-06-04
4451,594,2026-05-06,4792.4,2026-06-05
4452,43,2026-07-28,19060.33,2026-08-27
4453,903,2026-03-17,8788.03,2026-05-01
4454,617,2025-09-01,1282.45,2025-10-01
4455,1,2026-03-09,2715.28,2026-04-08
4456,573,2026-06-21,10422.67,2026-07-21
4457,270,2025-10-15,8320.75,2025-11-14
4458,180,2026-08-03,3389.31,2026-09-02
4459,736,2025-10-02,6869.51,2025-11-01
4460,518,2025-12-27,1917.29,2026-01-26
4461,103,2026-06-23,1757.39,2026-07-23
4462,10,2026-03-03,680.32,2026-04-02
4463,583,2026-03-10,10482.92,2026-04-24
4464,90,2026-04-23,4596.51,2026-06-07
4465,226,2026-04-26,5016.92,2026-06-10
4466,670,2026-04-04,428.94,2026-05-04
4467,740,2025-11-13,4805.36,2025-12-28
4468,917,2025-12-20,7770.09,2026-01-19
4469,126,2025-12-12,939.77,2026-01-11
4470,956,2026-08-25,5179.96,2026-09-24
4471,209,2025-11-13,4740.93,2025-12-13
4472,97,2026-05-10,3445.94,2026-06-09
4473,74,2025-12-23,14232.61,2026-01-22
4474,627,2026-07-10,11746.79,2026-08-09
4475,191,2026-07-27,71064.47,2026-08-26
4476,682,2026-08-05,1894.77,2026-09-04
4477,819,2026-04-26,7045.23,2026-06-10
4478,960,2026-02-20,16598.9,2026-03-22
4479,716,2025-11-18,2873.93,2025-12-18
4480,56,2025-12-02,19345.17,2026-01-01
4481,720,2025-10-20,6695.0,2025-11-19
4482,553,2026-06-12,1236.25,2026-07-12
4483,32,2026-04-11,1787.36,2026-05-11
4484,527,2025-11-20,3142.93,2026-01-19
4485,574,2026-05-24,4659.24,2026-07-08
4486,667,2026-02-02,13466.31,2026-04-03
4487,284,2026-04-21,4653.88,2026-06-20
4488,721,2026-07-13,13051.1,2026-08-12
4489,832,2026-04-24,5451.0,2026-05-24
4490,494,2026-02-06,5049.76,2026-03-08
4491,187,2026-07-13,3958.57,2026-08-12
4492,498,2026-05-09,10968.83,2026-06-08
4493,442,2026-07-11,5545.68,2026-08-10
4494,130,2026-06-28,2782.62,2026-07-28
4495,639,2026-06-09,6521.48,2026-07-09
4496,292,2025-12-11,3468.0,2026-01-10
4497,114,2025-10-21,3318.02,2025-11-20
4498,199,2025-10-22,12878.47,2025-11-21
4499,13,2026-03-28,4401.5,2026-04-27
4500,271,2026-07-04,27580.65,2026-08-18
4501,601,2026-01-09,9003.82,2026-02-23
4502,215,2026-05-28,2709.64,2026-07-12
4503,444,2026-03-24,2564.84,2026-05-08
4504,790,2026-04-07,1853.04,2026-05-22
4505,512,2026-05-15,8118.88,2026-06-29
4506,447,2026-03-04,2519.71,2026-04-03
4507,986,2026-01-23,816.23,2026-03-09
4508,993,2026-02-25,1334.14,2026-04-26
4509,715,2025-09-14,2067.06,2025-10-14
4510,74,2026-05-04,6546.44,2026-06-03
4511,537,2026-03-06,4680.19,2026-04-05
4512,101,2026-08-03,10630.33,2026-09-02
4513,176,2026-05-17,2419.8,2026-07-16
4514,427,2026-08-20,3857.24,2026-09-19
4515,117,2025-10-10,20232.79,2025-11-09
4516,166,2025-11-28,3805.68,2025-12-28
4517,41,2026-01-03,5983.48,2026-02-17
4518,429,2026-08-17,2957.67,2026-10-16
4519,344,2025-09-09,4174.53,2025-10-24
4520,424,2026-08-16,7312.99,2026-09-15
4521,366,2025-11-23,8458.0,2025-12-23
4522,120,2025-09-21,5495.56,2025-11-05
4523,609,2026-06-08,4061.57,2026-07-08
4524,657,2026-08-24,5548.92,2026-09-23
4525,728,2026-02-19,2774.68,2026-04-05
4526,229,2025-09-25,4208.22,2025-10-25
4527,825,2025-12-12,-6522.84,2026-01-11
4528,130,2026-03-09,11012.5,2026-04-08
4529,352,2026-04-24,2411.44,2026-05-24
4530,889,2026-07-10,4339.14,2026-08-09
4531,318,2025-10-07,2237.53,2025-11-06
4532,984,2026-05-30,3503.92,2026-06-29
4533,649,2026-06-20,11132.19,2026-07-20
4534,836,2026-07-29,3255.08,2026-09-12
4535,337,2026-01-30,4630.39,2026-03-01
4536,273,2026-06-09,1858.93,2026-07-24
4537,117,2025-09-20,3191.66,2025-10-20
4538,818,2026-01-15,1448.81,2026-03-01
4539,368,2026-08-25,6249.02,2026-09-24
4540,94,2025-09-29,6712.11,2025-10-29
4541,168,2025-10-01,6546.62,2025-10-31
4542,954,2025-09-19,6891.71,2025-10-19
4543,715,2026-01-26,6556.18,2026-02-25
4544,341,2026-06-10,1474.63,2026-07-10
4545,661,2026-08-16,2662.35,2026-09-15
4546,914,2026-08-07,830.65,2026-09-06
4547,695,2026-06-27,3450.7,2026-07-27
4548,925,2026-02-10,2491.42,2026-03-12
4549,152,2025-12-22,4847.62,2026-01-21
4550,586,2026-01-28,35766.37,2026-02-27
4551,877,2026-07-27,9348.91,2026-08-26
4552,913,2026-05-13,16998.1,2026-06-12
4553,274,2025-11-26,9646.26,2025-12-26
4554,554,2026-08-16,4615.3,2026-09-15
4555,496,2025-12-07,4961.35,2026-01-06
4556,724,2026-01-10,9985.22,2026-02-09
4557,101,2026-07-09,6098.96,2026-08-08
4558,557,2025-12-06,3971.2,2026-01-05
4559,82,2025-12-07,15652.18,2026-01-06
4560,529,2026-06-17,7136.5,2026-07-17
4561,73,2026-08-22,1598.88,2026-09-21
4562,14,2026-04-15,4328.16,2026-05-15
4563,433,2026-01-23,5205.04,2026-03-09
4564,157,2026-02-03,3618.08,2026-03-05
4565,735,2026-05-28,3674.1,2026-06-27
4566,132,2026-02-09,3580.9,2026-03-26
4567,338,2025-12-21,1199.22,2026-01-20
4568,404,2026-07-28,1040.2,2026-08-27
4569,376,2026-03-04,2964.54,2026-04-03
4570,888,2026-03-24,3629.3,2026-04-23
4571,559,2025-12-06,1712.58,2026-01-20
4572,107,2025-10-25,2203.52,2025-12-24
4573,620,2025-12-26,4083.42,2026-02-09
4574,265,2025-12-02,11407.66,2026-01-01
4575,205,2026-06-20,10823.04,2026-07-20
4576,79,2026-03-23,11117.2,2026-04-22
4577,155,2026-06-09,2228.16,2026-07-24
4578,783,2026-03-08,4185.44,2026-04-22
4579,988,2026-07-20,13436.2,2026-08-19
4580,997,2025-11-23,1218.58,2025-12-23
4581,247,2026-02-27,3462.11,2026-03-29
4582,531,2026-06-01,5972.54,2026-07-01
4583,858,2026-02-28,1278.05,2026-04-14
4584,948,2026-02-28,7046.47,2026-03-30
4585,538,2026-06-10,17236.55,2026-08-09
4586,729,2026-06-14,13317.86,2026-07-14
4587,154,2025-12-15,4337.22,2026-01-14
4588,154,2026-01-07,9592.24,2026-02-06
4589,686,2026-05-20,1266.65,2026-07-04
4590,92,2025-09-11,6247.12,2025-10-11
4591,433,2026-02-09,3918.46,2026-03-26
4592,338,2026-02-28,4436.61,2026-03-30
4593,480,2026-04-01,5433.06,2026-05-01
4594,693,2026-06-01,6817.84,2026-07-31
4595,131,2025-09-21,1564.81,2025-10-21
4596,450,2026-06-02,2282.05,2026-07-02
4597,993,2026-05-18,4073.2,2026-07-17
4598,810,2026-07-30,1205.04,2026-08-29
4599,787,2025-12-25,5580.27,2026-02-23
4600,273,2025-09-25,9733.88,2025-11-09
4601,929,2026-07-30,15228.25,2026-08-29
4602,588,2026-05-12,5400.94,2026-06-11
4603,177,2026-03-30,22613.47,2026-04-29
4604,696,2026-07-02,4861.77,2026-08-01
4605,831,2026-07-18,1829.44,2026-08-17
4606,643,2026-08-05,4781.12,2026-09-04
4607,875,2026-05-15,4241.43,2026-06-29
4608,49,2026-02-15,7556.17,2026-03-17
4609,567,2026-08-03,6208.62,2026-09-02
4610,666,2025-09-21,5864.15,2025-10-21
4611,355,2025-11-25,10837.0,2025-12-25
4612,712,2025-09-15,3544.76,2025-10-15
4613,308,2025-10-20,7693.82,2025-11-19
4614,868,2026-07-01,6259.69,2026-08-15
4615,885,2026-07-02,5477.2,2026-08-16
4616,630,2026-03-15,4743.97,2026-04-14
4617,775,2026-08-30,1808.35,2026-09-29
4618,46,2026-06-28,4080.86,2026-07-28
4619,302,2026-06-15,4295.65,2026-07-15
4620,868,2026-05-03,2804.59,2026-06-17
4621,912,2026-08-19,1687.3,2026-09-18
4622,408,2026-03-20,3203.42,2026-05-04
4623,189,2026-03-12,3423.62,2026-04-11
4624,822,2026-08-02,1711.19,2026-09-01
4625,830,2026-01-24,1709.76,2026-03-10
4626,129,2026-07-07,937.9,2026-08-06
4627,561,2026-01-05,6331.24,2026-02-04
4628,537,2026-02-22,10933.89,2026-03-24
4629,266,2026-01-12,5064.83,2026-02-11
4630,118,2025-11-05,3618.23,2025-12-20
4631,464,2026-08-31,1644.49,2026-09-30
4632,144,2026-06-06,856.87,2026-07-06
4633,442,2026-05-04,4869.83,2026-06-03
4634,200,2026-08-29,8182.29,2026-09-28
4635,157,2026-04-25,2568.99,2026-05-25
4636,487,2026-02-18,11632.07,2026-03-20
4637,860,2025-10-21,2881.55,2025-11-20
4638,134,2026-07-25,11910.69,2026-09-23
4639,912,2026-08-25,2677.28,2026-09-24
4640,148,2026-01-31,593.98,2026-03-02
4641,336,2025-11-19,8252.55,
4642,71,2026-01-23,2389.68,2026-02-22
4643,233,2026-06-01,1455.67,2026-07-01
4644,334,2026-02-02,7350.09,2026-04-03
4645,811,2026-08-03,2454.55,2026-09-02
4646,666,2026-08-29,1614.65,2026-09-28
4647,90,2026-07-22,14275.79,2026-09-05
4648,334,2026-08-02,-4244.57,2026-10-01
4649,199,2026-01-21,1586.24,2026-02-20
4650,161,2026-06-25,3451.94,2026-07-25
4651,538,2025-10-04,27535.84,2025-12-03
4652,121,2026-07-01,5470.26,2026-07-31
4653,301,2026-04-27,2992.06,2026-05-27
4654,724,2026-01-16,7467.34,2026-02-15
4655,575,2026-05-12,3476.29,2026-06-11
4656,963,2025-09-05,3326.47,2025-10-05
4657,436,2026-02-23,2957.5,2026-04-09
4658,68,2026-04-02,9900.62,2026-05-02
4659,765,2026-08-30,5842.98,2026-09-29
4660,922,2025-09-23,15599.41,2025-10-23
4661,459,2026-07-15,6391.35,2026-08-14
4662,514,2025-09-13,16971.21,2025-10-13
4663,398,2026-04-29,8410.72,2026-05-29
4664,620,2026-06-03,4061.2,2026-07-18
4665,286,2025-12-01,4486.79,2025-12-31
4666,561,2025-12-17,21579.32,2026-01-16
4667,140,2026-04-17,14189.35,2026-05-17
4668,730,2026-01-30,17233.31,2026-03-01
4669,556,2025-12-17,2233.29,2026-01-31
4670,929,2026-06-16,1115.5,2026-07-16
4671,781,2026-02-23,2546.97,2026-03-25
4672,590,2026-07-17,5707.74,2026-08-16
4673,728,2026-06-13,2983.17,2026-07-28
4674,894,2026-08-30,5110.84,2026-09-29
4675,610,2026-07-26,3485.01,2026-08-25
4676,748,2026-08-31,1218.57,2026-10-15
4677,282,2026-04-29,7046.67,2026-06-13
4678,661,2026-01-23,5125.01,2026-02-22
4679,924,2026-08-22,14482.19,2026-09-21
4680,816,2025-09-14,5682.11,2025-10-14
4681,996,2026-06-02,9351.7,2026-07-02
4682,936,2025-11-10,2596.13,2025-12-10
4683,578,2026-07-12,6599.83,2026-08-11
4684,746,2026-03-14,9547.71,2026-04-13
4685,457,2026-08-19,7803.17,2026-10-18
4686,87,2026-06-27,4171.18,2026-08-26
4687,79,2025-09-11,6618.03,2025-10-11
4688,205,2025-12-15,8228.76,2026-01-14
4689,791,2026-05-16,13073.0,2026-06-30
4690,337,2026-03-15,3191.67,2026-04-14
4691,254,2026-01-23,2046.19,2026-02-22
4692,304,2026-04-08,2571.24,2026-05-08
4693,380,2026-08-16,5616.78,2026-09-15
4694,130,2026-02-21,5017.6,2026-03-23
4695,596,2026-04-04,8258.9,2026-06-03
4696,276,2025-12-02,9718.77,2026-01-01
4697,699,2026-05-18,1106.58,2026-06-17
4698,558,2025-11-02,3402.73,2025-12-17
4699,899,2025-09-29,5925.26,2025-10-29
4700,183,2026-06-02,12201.77,2026-07-02
4701,268,2026-08-13,4790.97,2026-09-12
4702,808,2026-06-12,14906.53,2026-08-11
4703,322,2025-11-09,7772.11,2025-12-09
4704,512,2026-06-06,6780.55,2026-07-21
4705,612,2026-04-19,4577.98,2026-06-03
4706,78,2026-06-29,4902.52,2026-07-29
4707,784,2026-05-13,6514.72,2026-06-12
4708,339,2026-02-19,4276.5,2026-03-21
4709,674,2026-02-27,12176.25,2026-04-13
4710,556,2026-05-22,10105.71,2026-07-06
4711,509,2026-03-02,13037.55,2026-04-01
4712,238,2026-07-19,2176.07,2026-08-18
4713,134,2026-03-24,2119.64,2026-05-23
4714,973,2026-05-07,7387.29,2026-06-06
4715,192,2026-04-01,4687.71,2026-05-01
4716,356,2026-02-06,6150.36,2026-03-08
4717,278,2025-12-09,2045.21,2026-01-08
4718,18,2026-07-14,1557.47,2026-08-13
4719,524,2025-12-21,6022.5,2026-01-20
4720,180,2026-07-05,2722.44,2026-08-04
4721,123,2026-02-13,8852.7,2026-03-15
4722,246,2025-10-06,3056.1,2025-12-05
4723,734,2025-12-21,2458.27,2026-01-20
4724,373,2025-11-26,815.56,2026-01-25
4725,51,2026-03-02,13564.76,2026-04-16
4726,1000,2025-11-24,8736.23,2025-12-24
4727,71,2026-05-27,1511.16,2026-06-26
4728,480,2026-02-12,1011.54,2026-03-14
4729,560,2026-06-30,3101.16,2026-07-30
4730,19,2025-11-29,10668.49,2025-12-29
4731,774,2026-04-26,3279.76,2026-06-10
4732,84,2025-09-22,4236.53,2025-10-22
4733,155,2026-02-14,11044.22,2026-03-31
4734,565,2026-04-03,2267.83,2026-05-03
4735,619,2025-10-28,2897.2,2025-12-27
4736,357,2025-09-30,5960.21,2025-10-30
4737,816,2025-12-15,3995.96,2026-01-14
4738,647,2026-07-27,2478.57,2026-09-10
4739,443,2026-02-14,8804.28,2026-03-31
4740,69,2026-08-16,7566.33,2026-09-15
4741,523,2026-02-01,9729.67,2026-03-18
4742,143,2026-07-24,4422.9,2026-08-23
4743,192,2025-09-07,1222.29,2025-10-07
4744,387,2026-03-16,5043.2,2026-05-15
4745,378,2026-07-18,1958.15,2026-08-17
4746,581,2025-10-16,987.97,2025-11-15
4747,535,2025-09-18,4013.51,2025-10-18
4748,693,2026-01-31,5424.08,2026-04-01
4749,293,2026-05-22,17958.44,2026-06-21
4750,9,2025-11-13,1905.9,2026-01-12
4751,271,2026-01-23,8594.14,2026-03-09
4752,387,2025-12-11,1391.39,2026-02-09
4753,93,2026-08-01,13811.85,2026-09-30
4754,966,2026-08-01,2854.57,2026-08-31
4755,529,2025-12-30,3825.06,2026-01-29
4756,154,2026-02-23,3864.46,2026-03-25
4757,405,2025-11-02,9176.13,2026-01-01
4758,840,2026-06-23,1566.84,2026-08-22
4759,149,2025-11-23,4338.44,2026-01-07
4760,889,2025-09-15,2993.33,2025-10-15
4761,267,2026-08-21,29016.84,2026-09-20
4762,422,2026-01-12,2098.99,2026-02-11
4763,840,2025-12-30,633.68,2026-02-28
4764,618,2026-07-16,19396.92,2026-08-15
4765,472,2026-01-06,7407.62,2026-02-05
4766,893,2026-06-15,2663.23,2026-07-30
4767,547,2026-06-28,4872.8,2026-07-28
4768,631,2026-02-27,2634.37,2026-03-29
4769,526,2025-11-21,1044.81,2025-12-21
4770,503,2025-09-13,4384.25,2025-10-13
4771,14,2025-09-24,4359.21,2025-10-24
4772,778,2026-02-15,6559.51,2026-03-17
4773,652,2026-05-28,2295.71,2026-06-27
4774,806,2025-11-09,2690.31,2025-12-09
4775,364,2026-07-15,3699.45,2026-08-14
4776,119,2025-11-28,2281.33,2025-12-28
4777,238,2026-03-08,12414.29,2026-04-07
4778,546,2026-05-15,9862.46,2026-06-14
4779,169,2026-04-05,3309.28,2026-05-20
4780,522,2025-10-02,7668.38,2025-11-16
4781,634,2026-01-19,1856.71,2026-02-18
4782,913,2026-02-08,3456.85,2026-03-10
4783,657,2025-10-02,16123.86,2025-11-01
4784,963,2026-07-09,8382.43,2026-08-08
4785,958,2026-01-30,6300.97,2026-03-01
4786,735,2026-08-13,3753.17,2026-09-12
4787,883,2026-05-18,4835.03,2026-06-17
4788,769,2026-04-04,1544.54,2026-05-19
4789,780,2026-06-06,3860.23,2026-07-06
4790,871,2026-06-12,6754.86,2026-07-12
4791,516,2025-12-07,4895.42,2026-01-06
4792,938,2025-09-30,4895.45,2025-10-30
4793,397,2025-11-29,2962.17,2025-12-29
4794,866,2026-01-26,2418.72,2026-03-12
4795,106,2026-01-22,2248.04,2026-03-08
4796,85,2025-11-06,4087.5,2025-12-06
4797,214,2026-08-23,8996.47,2026-09-22
4798,121,2025-10-28,2515.85,2025-11-27
4799,132,2026-06-08,5165.73,2026-07-23
4800,850,2026-06-06,5062.3,2026-07-06
4801,197,2026-04-24,10522.77,2026-05-24
4802,19,2026-08-19,5053.82,2026-09-18
4803,642,2026-01-06,1520.68,2026-02-05
4804,12,2026-08-03,27367.05,2026-09-02
4805,81,2026-03-28,10878.52,2026-04-27
4806,330,2026-03-05,7359.49,2026-04-04
4807,866,2026-02-16,3155.16,2026-04-02
4808,774,2026-02-19,3874.02,2026-04-05
4809,392,2026-05-18,1602.44,2026-06-17
4810,637,2026-03-24,3828.42,2026-05-08
4811,307,2026-01-13,5754.57,2026-02-12
4812,267,2025-10-16,4900.17,2025-11-15
4813,447,2025-09-09,20317.52,2025-10-09
4814,441,2026-02-08,8552.53,2026-03-25
4815,895,2026-06-16,10895.18,2026-07-16
4816,652,2026-08-06,7702.7,2026-09-05
4817,841,2026-07-18,5694.77,2026-08-17
4818,2,2025-12-15,7194.3,2026-02-13
4819,520,2026-06-17,1022.38,2026-08-01
4820,762,2026-08-07,4059.84,2026-09-21
4821,651,2025-11-27,1634.31,2025-12-27
4822,636,2026-03-11,1945.42,2026-05-10
4823,309,2026-01-31,12992.03,2026-03-02
4824,740,2026-07-08,2113.2,2026-08-22
4825,522,2026-01-15,1734.14,2026-03-01
4826,469,2026-05-31,6828.48,2026-06-30
4827,212,2026-01-27,4732.69,2026-02-26
4828,112,2026-03-07,7145.26,2026-04-21
4829,8,2026-01-19,20372.02,2026-03-05
4830,804,2026-01-09,7906.18,2026-02-08
4831,477,2025-09-04,1446.22,2025-10-04
4832,874,2026-05-21,10546.09,2026-07-05
4833,460,2025-09-26,4193.34,2025-10-26
4834,253,2025-09-24,5719.0,2025-11-23
4835,526,2026-05-24,1332.04,2026-06-23
4836,752,2026-04-17,7478.55,2026-05-17
4837,438,2026-05-27,1765.19,2026-07-11
4838,754,2026-01-03,7666.33,2026-02-02
4839,981,2026-02-19,2804.28,2026-04-20
4840,854,2026-04-22,8909.96,2026-06-06
4841,661,2026-06-22,1774.28,2026-07-22
4842,236,2026-06-02,1434.51,2026-07-02
4843,306,2025-11-15,3242.44,2025-12-15
4844,478,2026-07-05,6187.27,2026-09-03
4845,679,2026-04-02,2000.33,2026-05-02
4846,20,2026-02-05,5885.56,2026-03-07
4847,216,2026-06-29,10063.98,2026-08-28
4848,855,2026-03-23,1734.21,2026-04-22
4849,135,2026-01-27,5892.83,2026-03-13
4850,905,2025-11-14,7700.34,2025-12-14
4851,129,2026-04-17,4285.06,2026-05-17
4852,410,2026-07-01,4680.72,2026-08-15
4853,422,2025-11-01,1619.83,2025-12-01
4854,294,2025-10-28,7095.09,2025-11-27
4855,246,2026-06-01,5250.95,2026-07-31
4856,701,2025-12-17,5640.49,2026-01-16
4857,556,2026-03-06,26080.23,2026-04-20
4858,86,2026-04-17,4238.06,2026-05-17
4859,556,2025-10-18,6472.49,2025-12-02
4860,842,2026-07-16,14012.19,2026-08-15
4861,375,2026-05-26,4810.51,2026-07-10
4862,446,2026-04-03,2818.42,2026-05-03
4863,378,2026-06-17,6876.71,2026-07-17
4864,390,2026-05-12,2890.51,2026-06-11
4865,657,2026-08-24,13051.59,2026-09-23
4866,51,2025-11-26,7547.48,2026-01-10
4867,242,2026-02-28,2510.77,2026-04-14
4868,294,2025-09-25,1843.55,2025-10-25
4869,920,2026-04-10,5666.19,2026-05-10
4870,563,2025-10-19,6133.94,2025-12-03
4871,266,2026-07-31,1847.14,2026-08-30
4872,120,2026-02-22,9374.87,2026-04-08
4873,712,2026-07-08,8513.37,2026-08-07
4874,917,2026-06-01,6571.15,2026-07-01
4875,248,2025-10-05,9167.68,2025-11-04
4876,70,2026-04-05,2265.21,2026-05-05
4877,853,2026-03-28,2373.32,2026-04-27
4878,57,2026-02-07,4061.92,2026-03-09
4879,382,2025-09-07,3009.83,2025-10-07
4880,39,2026-05-27,7472.03,2026-07-11
4881,984,2026-01-04,9524.34,2026-02-03
4882,801,2026-07-22,2848.09,2026-08-21
4883,443,2026-08-22,2497.26,2026-10-06
4884,18,2025-11-29,9907.34,2025-12-29
4885,952,2025-10-12,2279.25,2025-11-11
4886,732,2026-08-31,3978.85,2026-09-30
4887,825,2026-02-06,2228.96,2026-03-08
4888,756,2026-03-21,3114.13,2026-04-20
4889,352,2026-06-09,1498.3,2026-07-09
4890,972,2026-07-29,13945.8,2026-09-12
4891,816,2026-06-15,11237.82,2026-07-15
4892,298,2025-11-30,2621.66,2025-12-30
4893,283,2026-01-03,7241.92,2026-02-17
4894,586,2026-01-04,1585.44,2026-02-03
4895,110,2025-10-22,8222.25,2025-11-21
4896,180,2025-12-12,2465.06,2026-01-11
4897,938,2026-08-27,13243.4,2026-09-26
4898,544,2026-03-06,7524.82,2026-04-20
4899,746,2026-03-24,3732.2,2026-04-23
4900,794,2025-09-14,-3607.02,2025-10-29
4901,25,2025-12-13,5612.67,2026-01-12
4902,843,2025-12-26,2387.63,2026-01-25
4903,791,2026-07-01,12297.12,2026-08-15
4904,738,2025-12-02,6386.74,2026-01-31
4905,57,2026-01-22,10814.94,2026-02-21
4906,180,2025-12-19,704.51,2026-01-18
4907,232,2026-02-10,5064.73,2026-03-12
4908,894,2025-10-23,6097.57,2025-11-22
4909,343,2025-09-03,4986.18,2025-10-03
4910,477,2025-11-07,5090.82,2025-12-07
4911,799,2026-05-04,3867.2,2026-06-03
4912,576,2026-01-16,30427.07,2026-03-02
4913,455,2026-07-05,6074.16,2026-09-03
4914,232,2026-08-18,5514.7,2026-09-17
4915,289,2026-06-14,10577.14,2026-07-14
4916,213,2025-11-05,3196.95,2025-12-20
4917,258,2026-08-13,1784.63,2026-10-12
4918,530,2026-07-22,10331.33,2026-08-21
4919,687,2026-02-02,3829.11,2026-03-04
4920,929,2025-11-26,14850.25,2025-12-26
4921,229,2025-10-03,14123.59,2025-11-02
4922,226,2025-11-07,779.83,2025-12-22
4923,596,2026-03-06,5297.87,2026-05-05
4924,803,2026-03-11,11831.0,2026-04-25
4925,435,2026-04-01,1227.81,2026-05-01
4926,882,2025-11-27,6701.19,2025-12-27
4927,758,2026-08-17,8463.44,2026-09-16
4928,402,2025-12-17,4785.66,2026-01-31
4929,622,2026-04-28,4813.4,2026-06-12
4930,766,2026-04-04,13040.88,2026-05-04
4931,88,2026-02-24,1512.58,2026-04-10
4932,584,2025-10-23,9721.36,2025-11-22
4933,893,2026-07-27,7220.03,2026-09-10
4934,542,2025-10-19,14165.54,2025-11-18
4935,684,2025-12-23,2341.81,2026-02-21
4936,309,2025-12-04,16294.18,2026-01-03
4937,906,2025-09-25,1646.57,2025-10-25
4938,343,2026-01-10,3838.64,2026-02-09
4939,436,2026-02-26,1971.69,2026-04-12
4940,177,2026-01-23,8928.3,2026-02-22
4941,139,2026-08-30,2717.99,2026-09-29
4942,194,2026-03-17,12394.04,2026-04-16
4943,186,2026-07-22,1295.57,2026-08-21
4944,218,2025-11-23,3501.63,2025-12-23
4945,164,2026-02-04,20867.9,2026-03-21
4946,161,2025-11-24,2720.64,2025-12-24
4947,943,2026-05-11,11668.7,2026-07-10
4948,525,2025-11-11,8727.56,2026-01-10
4949,808,2026-04-11,1756.76,2026-06-10
4950,601,2026-06-03,5921.15,2026-07-18
4951,836,2026-06-10,16985.83,2026-07-25
4952,42,2026-05-22,3601.83,2026-07-06
4953,915,2026-05-04,2879.13,2026-06-03
4954,210,2026-08-07,6502.63,2026-09-06
4955,741,2025-10-31,4210.67,2025-11-30
4956,862,2026-05-17,1510.84,2026-06-16
4957,275,2025-09-07,4187.04,2025-10-07
4958,954,2026-03-07,3391.22,2026-04-06
4959,279,2025-09-04,4491.57,2025-10-19
4960,251,2026-04-19,731.08,2026-05-19
4961,310,2026-01-11,6691.9,2026-03-12
4962,720,2026-01-03,1352.95,2026-02-02
4963,833,2025-09-15,9086.53,2025-10-15
4964,140,2025-09-13,11788.5,2025-10-13
4965,792,2025-12-27,1021.17,2026-01-26
4966,546,2026-04-28,14089.81,2026-05-28
4967,821,2026-05-21,4553.7,2026-06-20
4968,904,2026-08-26,11834.36,2026-09-25
4969,530,2025-09-06,10531.35,2025-10-06
4970,57,2026-07-17,1573.36,2026-08-16
4971,112,2026-04-19,2526.84,2026-06-03
4972,5,2025-09-30,18188.83,2025-10-30
4973,410,2025-09-22,1853.32,2025-11-06
4974,414,2026-02-03,6673.72,2026-03-05
4975,182,2025-12-27,2731.15,2026-01-26
4976,13,2026-08-06,2426.02,2026-09-05
4977,339,2026-03-12,4925.84,2026-04-11
4978,797,2026-08-12,28862.15,2026-09-26
4979,259,2026-03-14,9243.4,2026-04-13
4980,90,2026-02-15,2152.19,2026-04-01
4981,616,2026-04-27,5846.24,2026-05-27
4982,891,2026-08-28,1129.65,2026-10-12
4983,698,2026-05-02,823.38,2026-06-01
4984,250,2025-11-08,5724.41,2025-12-08
4985,255,2025-12-04,8858.66,2026-01-18
4986,588,2025-11-16,17431.04,2025-12-16
4987,898,2026-02-18,6738.06,2026-03-20
4988,971,2025-09-01,5025.64,2025-10-01
4989,108,2025-11-01,3812.64,2025-12-01
4990,668,2026-03-26,7626.87,2026-04-25
4991,594,2026-02-01,1890.21,2026-03-03
4992,589,2026-06-01,2906.11,
4993,485,2025-10-18,1942.56,2025-11-17
4994,982,2026-01-15,3287.39,2026-03-01
4995,972,2025-09-01,2800.02,2025-10-16
4996,258,2026-04-23,2652.34,2026-06-22
4997,639,2026-05-14,2996.78,2026-06-13
4998,997,2025-12-16,5918.5,2026-01-15
4999,903,2026-02-20,13799.53,2026-04-06
5000,282,2026-01-08,6296.87,2026-02-22
5001,986,2026-06-21,3160.8,2026-08-05
5002,88,2025-10-10,7098.22,2025-11-24
5003,204,2026-08-04,5460.97,2026-09-03
5004,16,2025-09-16,5725.06,2025-10-16
5005,151,2026-01-05,4908.28,2026-02-04
5006,936,2026-08-15,19886.31,2026-09-14
5007,254,2026-03-22,5411.22,2026-04-21
5008,188,2026-01-12,3191.07,2026-03-13
5009,329,2026-05-17,2684.99,2026-07-16
5010,544,2025-09-14,10283.85,2025-10-29
5011,783,2025-11-05,1935.3,2025-12-20
5012,997,2026-08-17,14805.98,2026-09-16
5013,397,2026-08-08,1079.08,2026-09-07
5014,517,2026-03-14,13335.96,2026-04-13
5015,459,2025-12-23,9461.42,2026-01-22
5016,330,2026-02-06,3517.63,2026-03-08
5017,820,2026-02-08,2743.62,2026-03-10
5018,845,2026-05-12,13398.69,2026-06-26
5019,169,2025-09-15,21094.76,2025-10-30
5020,693,2025-10-07,3060.44,2025-12-06
5021,366,2026-02-02,7954.9,2026-03-04
5022,178,2025-09-27,10946.67,2025-11-11
5023,655,2025-09-12,8099.37,2025-10-12
5024,362,2025-11-06,5222.04,2026-01-05
5025,760,2025-09-30,3660.41,2025-10-30
5026,639,2025-12-05,6245.41,2026-01-04
5027,775,2026-04-03,942.58,2026-05-03
5028,40,2026-03-13,14614.78,2026-04-12
5029,924,2026-01-13,1276.39,2026-02-12
5030,416,2026-06-17,2556.52,2026-07-17
5031,355,2025-10-02,3817.44,2025-11-01
5032,255,2025-10-09,2249.02,2025-11-23
5033,143,2026-08-18,2027.57,2026-09-17
5034,752,2026-03-25,15440.89,2026-04-24
5035,740,2025-10-13,21042.11,2025-11-27
5036,853,2026-08-03,17257.57,2026-09-02
5037,710,2026-05-17,9755.7,2026-06-16
5038,577,2026-05-07,35912.31,2026-06-06
5039,900,2025-11-13,4040.61,2025-12-13
5040,11,2026-07-16,3741.99,2026-09-14
5041,620,2026-06-23,5045.27,2026-08-07
5042,26,2026-06-01,15684.46,2026-07-31
5043,957,2026-07-20,7990.54,2026-09-18
5044,421,2026-08-25,19913.86,2026-10-09
5045,663,2026-03-09,5268.23,2026-04-08
5046,221,2026-01-16,1507.7,2026-02-15
5047,853,2026-06-29,2917.83,2026-07-29
5048,496,2026-07-08,11350.06,2026-08-07
5049,237,2026-07-28,3366.06,2026-08-27
5050,237,2026-08-19,5396.37,2026-09-18
5051,219,2026-06-09,6091.22,2026-07-09
5052,487,2026-02-13,21242.1,2026-03-15
5053,936,2026-06-05,10104.69,2026-07-05
5054,461,2025-09-26,8637.2,2025-10-26
5055,663,2025-11-12,5673.57,2025-12-12
5056,635,2025-12-24,2572.01,2026-02-22
5057,144,2025-10-21,6070.94,2025-11-20
5058,990,2026-02-18,28503.46,2026-03-20
5059,189,2026-05-26,7538.51,2026-06-25
5060,255,2025-09-03,3216.53,2025-10-18
5061,68,2026-03-29,3577.11,2026-04-28
5062,616,2026-08-04,15554.42,2026-09-03
5063,336,2026-06-28,3265.59,2026-08-27
5064,671,2026-08-08,4257.99,2026-09-07
5065,821,2025-12-24,2005.45,2026-01-23
5066,874,2026-02-14,4003.17,2026-03-31
5067,409,2026-05-23,7299.76,2026-06-22
5068,300,2026-04-15,3944.12,2026-05-15
5069,908,2026-01-29,5099.52,2026-03-30
5070,602,2026-05-26,1987.92,2026-06-25
5071,357,2025-12-25,3202.08,2026-01-24
5072,256,2025-11-27,27527.37,2026-01-11
5073,353,2026-07-15,4491.85,2026-09-13
5074,732,2026-04-30,6684.41,2026-05-30
5075,521,2026-08-26,2632.07,2026-09-25
5076,524,2026-07-26,5211.23,2026-08-25
5077,837,2026-07-30,4026.62,2026-08-29
5078,950,2025-10-10,12057.26,2025-11-09
5079,756,2026-03-01,11607.77,2026-03-31
5080,694,2026-03-28,12631.39,2026-04-27
5081,284,2026-05-31,5331.72,2026-07-30
5082,312,2025-12-28,25567.37,2026-01-27
5083,99,2025-09-24,9511.16,2025-11-08
5084,197,2026-05-16,1593.3,2026-06-15
5085,482,2025-12-01,17174.42,2025-12-31
5086,878,2026-02-08,4977.04,2026-03-25
5087,226,2026-01-27,12431.2,2026-03-13
5088,845,2025-12-26,2153.71,2026-02-09
5089,615,2025-10-23,4723.1,2025-11-22
5090,618,2026-06-29,9110.27,2026-07-29
5091,365,2025-10-15,6077.62,2025-11-14
5092,368,2026-05-23,4436.69,2026-06-22
5093,570,2026-05-20,699.6,2026-07-04
5094,590,2026-07-04,2766.43,2026-08-03
5095,75,2026-04-22,2287.99,2026-06-06
5096,42,2025-10-05,1127.86,2025-11-19
5097,422,2026-08-04,2834.6,2026-09-03
5098,836,2026-03-16,22118.4,2026-04-30
5099,181,2025-09-25,-12623.16,2025-10-25
5100,545,2026-03-21,2563.29,2026-04-20
5101,71,2026-05-31,3122.96,2026-06-30
5102,568,2025-10-06,3128.08,2025-11-05
5103,105,2026-04-11,9154.81,2026-05-11
5104,200,2026-08-18,6913.23,2026-09-17
5105,101,2026-06-04,2828.49,2026-07-04
5106,768,2025-09-18,3102.23,2025-10-18
5107,307,2026-03-07,11875.38,2026-04-06
5108,586,2026-05-15,16927.6,2026-06-14
5109,683,2026-01-20,2440.36,2026-03-06
5110,377,2026-01-14,4553.15,2026-02-28
5111,655,2026-07-04,5540.97,2026-08-03
5112,678,2025-11-18,4298.34,2025-12-18
5113,399,2026-06-19,12349.91,2026-08-03
5114,773,2025-11-01,4426.5,2025-12-31
5115,221,2026-01-07,23010.38,2026-02-06
5116,595,2026-08-07,13068.7,2026-09-06
5117,182,2026-06-25,2887.35,2026-07-25
5118,307,2026-05-15,5274.61,2026-06-14
5119,522,2026-03-31,2289.16,2026-05-15
5120,396,2025-10-24,3655.52,2025-11-23
5121,4,2026-02-22,10034.06,2026-03-24
5122,863,2025-12-09,6086.24,2026-01-08
5123,914,2025-10-09,27097.92,2025-11-08
5124,848,2026-05-21,1881.14,2026-06-20
5125,1000,2026-01-28,4869.86,2026-02-27
5126,804,2025-12-30,3336.17,2026-01-29
5127,281,2026-02-25,3882.76,2026-04-11
5128,215,2026-06-28,5170.46,2026-08-12
5129,972,2026-07-27,2909.23,2026-09-10
5130,610,2025-12-29,10759.23,2026-01-28
5131,420,2025-11-11,20298.92,2025-12-11
5132,101,2026-04-07,771.85,2026-05-07
5133,963,2026-06-29,15237.52,2026-07-29
5134,521,2026-01-01,37444.93,2026-01-31
5135,573,2026-05-02,5819.49,2026-06-01
5136,309,2025-11-14,-3067.73,2025-12-14
5137,658,2025-09-06,3163.55,2025-10-06
5138,939,2025-09-21,3908.7,2025-11-20
5139,931,2026-03-09,7055.2,2026-04-08
5140,510,2026-04-13,3551.96,2026-05-28
5141,63,2025-12-12,4690.55,2026-01-11
5142,633,2026-08-10,2327.32,2026-09-09
5143,226,2025-12-08,3469.47,2026-01-22
5144,105,2026-07-15,3595.43,2026-08-14
5145,974,2026-08-29,4859.27,2026-09-28
5146,772,2025-11-22,1560.88,2026-01-06
5147,861,2026-02-28,3840.31,2026-04-14
5148,425,2026-01-30,4211.65,2026-03-01
5149,255,2025-10-26,5796.53,2025-12-10
5150,429,2026-03-09,15306.38,2026-05-08
5151,434,2025-09-22,4610.61,2025-10-22
5152,207,2025-11-07,1888.21,2025-12-07
5153,28,2026-03-04,5557.21,2026-04-03
5154,682,2025-09-10,2836.04,2025-10-10
5155,336,2025-11-05,2777.91,2026-01-04
5156,588,2026-05-22,3946.0,2026-06-21
5157,628,2026-04-13,3299.84,2026-05-13
5158,69,2026-01-01,2132.73,2026-01-31
5159,866,2025-10-08,3391.52,2025-11-22
5160,746,2026-01-01,7199.39,2026-01-31
5161,513,2026-07-15,5164.8,2026-08-14
5162,167,2026-02-03,2259.83,2026-03-05
5163,864,2026-06-28,2512.03,2026-07-28
5164,730,2026-07-18,5518.15,2026-08-17
5165,785,2025-11-06,2269.81,2025-12-06
5166,368,2026-01-11,2440.01,2026-02-10
5167,251,2026-08-28,3166.49,2026-09-27
5168,859,2026-01-18,2297.8,2026-03-04
5169,856,2025-11-21,5419.61,2026-01-20
5170,931,2025-10-28,3909.06,2025-11-27
5171,686,2026-01-27,15376.36,2026-03-13
5172,170,2026-01-09,1973.84,2026-02-08
5173,758,2025-11-08,12554.24,2025-12-08
5174,935,2026-08-11,6045.46,2026-09-10
5175,90,2026-05-08,16482.21,2026-06-22
5176,561,2026-07-17,14786.66,2026-08-16
5177,446,2026-02-24,3552.95,2026-03-26
5178,294,2025-11-11,1619.87,2025-12-11
5179,919,2025-09-17,4443.31,2025-10-17
5180,150,2026-07-26,1028.52,2026-08-25
5181,132,2026-02-07,8475.38,2026-03-24
5182,433,2025-11-09,5644.55,2025-12-24
5183,59,2025-12-22,3096.55,2026-01-21
5184,969,2026-04-20,3489.6,2026-06-19
5185,836,2025-09-21,2207.24,2025-11-05
5186,199,2026-01-13,4873.63,2026-02-12
5187,215,2026-05-21,2261.16,2026-07-05
5188,898,2025-12-20,4853.74,2026-01-19
5189,561,2026-05-04,6632.08,2026-06-03
5190,472,2026-06-10,8410.32,2026-07-10
5191,744,2025-09-08,7140.72,2025-11-07
5192,247,2026-06-11,3938.77,2026-07-11
5193,382,2026-03-26,7132.93,2026-04-25
5194,991,2026-03-13,-5570.75,2026-04-12
5195,239,2025-10-17,5533.9,2025-11-16
5196,927,2026-08-08,2199.59,2026-09-07
5197,367,2026-04-30,1841.91,2026-05-30
5198,168,2025-09-10,6146.01,2025-10-10
5199,560,2026-06-16,7378.05,2026-07-16
5200,51,2026-01-09,3042.22,2026-02-23
5201,811,2026-05-28,12792.1,2026-06-27
5202,610,2026-06-29,29375.65,2026-07-29
5203,951,2025-10-31,20333.1,2025-11-30
5204,728,2026-02-11,4039.49,2026-03-28
5205,689,2025-09-13,3536.14,2025-10-13
5206,380,2026-05-30,9383.03,2026-06-29
5207,474,2026-03-27,8606.6,2026-04-26
5208,80,2026-05-04,2052.19,2026-06-03
5209,697,2026-01-11,4119.25,2026-02-10
5210,367,2026-05-02,8488.22,2026-06-01
5211,461,2026-06-21,2441.03,2026-07-21
5212,911,2025-10-08,2755.83,2025-11-07
5213,539,2026-08-25,3109.59,2026-10-09
5214,452,2025-10-26,3632.91,2025-11-25
5215,464,2026-07-16,1424.8,2026-08-15
5216,960,2025-10-18,8703.93,2025-11-17
5217,478,2025-12-14,2779.11,2026-02-12
5218,926,2025-10-29,5878.72,2025-11-28
5219,420,2025-11-16,5395.19,2025-12-16
5220,707,2026-04-06,2225.68,2026-06-05
5221,214,2025-10-25,1217.12,2025-11-24
5222,369,2025-10-25,5369.55,2025-11-24
5223,854,2026-01-07,3528.38,2026-02-21
5224,114,2025-11-24,7198.2,2025-12-24
5225,754,2026-04-02,9575.57,2026-05-02
5226,503,2025-12-24,978.68,2026-01-23
5227,636,2026-07-11,4156.14,2026-09-09
5228,817,2026-06-20,11505.65,2026-07-20
5229,588,2025-10-19,15788.1,2025-11-18
5230,311,2025-11-06,1154.4,2025-12-06
5231,469,2026-06-02,12566.25,2026-07-02
5232,824,2026-01-07,2229.63,2026-02-21
5233,708,2025-09-29,8795.04,2025-11-13
5234,863,2026-08-09,3222.99,
5235,44,2025-10-03,9086.49,2025-11-17
5236,415,2025-12-28,3743.52,2026-01-27
5237,698,2026-02-27,1581.94,2026-03-29
5238,855,2026-01-29,3140.22,2026-02-28
5239,246,2026-01-11,7702.81,2026-03-12
5240,949,2026-07-24,3566.25,2026-08-23
5241,84,2026-03-04,2118.84,2026-04-03
5242,207,2026-01-12,1808.2,2026-02-11
5243,151,2026-02-24,2616.78,2026-03-26
5244,668,2025-09-22,2598.74,2025-10-22
5245,528,2026-04-29,7915.33,2026-05-29
5246,165,2025-11-16,3644.42,2025-12-16
5247,917,2026-03-23,3937.27,2026-04-22
5248,975,2025-09-04,4330.04,2025-10-04
5249,145,2026-07-25,7702.31,2026-09-23
5250,37,2026-02-12,8324.24,2026-03-29
5251,333,2026-01-06,3280.25,2026-02-20
5252,403,2025-10-15,4048.17,2025-11-29
5253,414,2026-04-06,8359.71,2026-05-06
5254,45,2026-04-23,2865.6,2026-05-23
5255,402,2026-01-14,3226.75,2026-02-28
5256,206,2026-02-15,8345.8,2026-04-16
5257,62,2026-04-25,3159.03,2026-05-25
5258,420,2025-12-02,6095.15,2026-01-01
5259,868,2025-09-05,1413.02,2025-10-20
5260,468,2026-02-03,7976.03,2026-03-05
5261,820,2026-05-03,4257.81,2026-06-02
5262,19,2026-08-26,6923.3,2026-09-25
5263,365,2025-11-20,12242.95,2025-12-20
5264,300,2026-05-05,3828.52,2026-06-04
5265,7,2026-08-09,1465.99,2026-09-08
5266,761,2026-01-15,3743.17,2026-02-14
5267,428,2025-11-02,13211.55,2025-12-02
5268,117,2026-07-04,5727.7,2026-08-03
5269,580,2025-12-25,2133.75,2026-01-24
5270,507,2025-12-22,4282.07,2026-01-21
5271,546,2025-10-01,7386.71,2025-10-31
5272,706,2025-09-07,4522.42,2025-10-07
5273,325,2025-09-03,4425.13,2025-10-03
5274,55,2026-07-04,2824.96,2026-08-18
5275,778,2026-05-01,3012.32,2026-05-31
5276,992,2025-10-26,5973.93,2025-11-25
5277,42,2025-11-12,7414.34,2025-12-27
5278,297,2025-09-10,4352.67,2025-10-10
5279,973,2025-10-31,3367.86,2025-11-30
5280,231,2025-10-20,9157.08,2025-11-19
5281,453,2025-12-31,3562.59,2026-01-30
5282,890,2026-02-22,-6302.14,2026-04-08
5283,394,2025-09-01,7658.78,2025-10-16
5284,522,2025-10-08,1818.78,2025-11-22
5285,358,2026-03-09,5591.38,2026-04-08
5286,987,2025-11-18,577.79,2025-12-18
5287,444,2026-08-11,4606.85,2026-09-25
5288,128,2026-08-04,7948.93,2026-09-03
5289,691,2026-03-09,6546.79,2026-05-08
5290,405,2026-03-03,9482.44,2026-05-02
5291,392,2025-11-06,6618.06,2025-12-06
5292,193,2025-09-17,3239.98,2025-10-17
5293,604,2026-07-13,1459.46,2026-08-12
5294,881,2026-06-23,5473.73,2026-08-22
5295,743,2026-03-28,7333.71,2026-05-12
5296,78,2026-08-11,1225.56,2026-09-10
5297,85,2025-10-11,6907.15,2025-11-10
5298,30,2025-12-24,5363.57,2026-02-07
5299,725,2025-12-09,3734.79,2026-01-08
5300,49,2026-08-11,7108.19,2026-09-10
5301,777,2026-08-15,4011.39,2026-09-14
5302,145,2026-01-17,3810.89,2026-03-18
5303,69,2026-07-13,1808.33,2026-08-12
5304,58,2026-07-21,6911.71,2026-08-20
5305,697,2026-07-31,1758.7,2026-08-30
5306,574,2026-06-29,2892.61,2026-08-13
5307,479,2026-06-21,7199.92,2026-07-21
5308,820,2025-09-17,4373.0,2025-10-17
5309,445,2026-07-19,19622.97,2026-08-18
5310,296,2026-06-19,8034.33,2026-08-03
5311,678,2025-11-13,9120.34,2025-12-13
5312,171,2026-05-21,9900.54,2026-06-20
5313,575,2025-09-16,4122.22,2025-10-16
5314,147,2025-09-14,3267.32,2025-10-14
5315,484,2026-08-02,1893.38,2026-09-01
5316,306,2026-06-08,1562.94,2026-07-08
5317,673,2026-08-27,12520.19,2026-09-26
5318,653,2025-09-04,3039.43,2025-10-04
5319,846,2026-01-05,10222.28,2026-02-19
5320,609,2026-07-09,1540.24,2026-08-08
5321,446,2025-09-06,4320.27,2025-10-06
5322,221,2026-01-07,13785.27,2026-02-06
5323,555,2026-04-20,6186.07,2026-05-20
5324,945,2026-07-10,6318.25,2026-08-09
5325,804,2026-03-14,3128.02,2026-04-13
5326,378,2025-11-04,2428.51,2025-12-04
5327,620,2026-07-18,4823.34,2026-09-01
5328,266,2025-12-12,2031.75,2026-01-11
5329,95,2026-06-04,4588.13,2026-07-04
5330,262,2026-02-05,10961.92,2026-03-07
5331,825,2026-04-12,1814.48,2026-05-12
5332,897,2026-06-16,8357.68,2026-07-31
5333,71,2026-06-05,11091.35,2026-07-05
5334,954,2026-03-01,4060.28,2026-03-31
5335,219,2025-09-04,5135.25,2025-10-04
5336,533,2026-04-03,3407.06,2026-05-18
5337,92,2026-04-05,3901.67,2026-05-05
5338,127,2026-03-28,9620.86,2026-04-27
5339,80,2025-11-13,8930.17,2025-12-13
5340,824,2026-04-15,6849.57,2026-05-30
5341,238,2025-12-02,8131.73,2026-01-01
5342,983,2025-11-04,5867.69,2025-12-19
5343,372,2026-07-18,1873.75,2026-08-17
5344,916,2025-09-10,11712.26,2025-10-10
5345,486,2026-06-30,2446.46,2026-07-30
5346,694,2026-07-19,4615.06,2026-08-18
5347,25,2026-07-02,9895.09,2026-08-01
5348,156,2026-06-05,1629.79,2026-07-20
5349,517,2025-11-25,8240.55,2025-12-25
5350,632,2025-09-26,1926.58,2025-11-10
5351,789,2026-04-06,8046.45,2026-05-06
5352,530,2025-12-04,13086.38,2026-01-03
5353,943,2026-05-02,2771.57,2026-07-01
5354,710,2025-12-16,2497.67,2026-01-15
5355,57,2026-05-06,5313.59,2026-06-05
5356,605,2025-09-14,2435.7,2025-10-14
5357,19,2026-02-08,876.04,2026-03-10
5358,384,2025-11-10,4899.8,2026-01-09
5359,865,2026-01-30,6537.36,2026-03-31
5360,193,2025-11-14,3844.58,2025-12-14
5361,237,2026-04-03,5473.44,2026-05-03
5362,387,2025-10-21,11571.46,2025-12-20
5363,426,2026-01-21,3755.21,2026-03-07
5364,277,2025-10-06,4170.91,2025-11-05
5365,227,2026-02-14,4921.67,2026-04-15
5366,745,2026-04-24,3889.42,2026-06-23
5367,552,2026-05-18,3890.23,2026-06-17
5368,323,2026-03-11,19615.6,2026-04-10
5369,153,2026-03-21,5529.1,2026-05-20
5370,639,2026-05-20,3943.19,2026-06-19
5371,237,2026-03-04,15133.01,2026-04-03
5372,998,2026-02-05,11914.46,2026-04-06
5373,55,2026-05-04,8238.79,2026-06-18
5374,980,2025-12-19,3070.0,2026-01-18
5375,436,2025-12-08,44492.81,2026-01-22
5376,684,2026-04-29,1428.79,2026-06-28
5377,109,2026-03-21,1202.59,2026-05-05
5378,866,2025-12-31,6792.1,
5379,981,2025-12-26,3758.08,2026-02-24
5380,184,2025-12-05,689.2,2026-01-04
5381,951,2026-04-22,4467.41,2026-05-22
5382,368,2025-11-06,5325.68,2025-12-06
5383,983,2026-04-06,4370.32,2026-05-21
5384,198,2025-09-15,6367.56,2025-10-15
5385,371,2026-05-31,3433.62,2026-06-30
5386,373,2026-04-07,4475.11,2026-06-06
5387,973,2026-06-01,14238.4,2026-07-01
5388,497,2026-01-25,10767.21,2026-03-11
5389,599,2026-07-29,4231.43,2026-08-28
5390,201,2026-08-10,7752.54,2026-09-09
5391,849,2026-01-30,10057.7,2026-03-01
5392,509,2026-08-13,2361.73,
5393,322,2026-07-01,6512.83,2026-07-31
5394,275,2025-09-15,5666.06,2025-10-15
5395,211,2026-08-20,8461.64,2026-09-19
5396,504,2025-11-23,2349.62,2026-01-07
5397,903,2026-03-11,4865.09,2026-04-25
5398,118,2025-10-11,2734.6,2025-11-25
5399,703,2026-08-18,6521.28,2026-10-17
5400,554,2026-07-21,2583.82,2026-08-20
5401,42,2026-05-19,3232.3,2026-07-03
5402,315,2026-07-06,5515.42,2026-08-05
5403,788,2026-01-14,2356.65,2026-02-13
5404,329,2026-06-05,1372.74,2026-08-04
5405,17,2025-12-15,11481.99,2026-01-14
5406,283,2025-09-07,2988.33,2025-10-22
5407,943,2026-06-29,1631.69,2026-08-28
5408,258,2025-09-30,2059.66,2025-11-29
5409,575,2026-01-04,4616.49,2026-02-03
5410,574,2026-08-23,17656.49,2026-10-07
5411,612,2025-11-18,4471.28,2026-01-02
5412,19,2025-11-06,7970.39,2025-12-06
5413,529,2025-09-23,3676.93,2025-10-23
5414,837,2026-03-08,5801.53,2026-04-07
5415,423,2025-11-13,4237.97,2025-12-13
5416,466,2025-09-05,7889.31,2025-10-05
5417,373,2025-11-21,2020.57,2026-01-20
5418,758,2025-09-25,5310.04,2025-10-25
5419,763,2026-05-22,5654.18,2026-06-21
5420,967,2025-09-02,6863.16,2025-10-02
5421,81,2026-06-05,1703.69,2026-07-05
5422,551,2026-07-25,3416.7,2026-08-24
5423,548,2026-08-09,8086.88,2026-10-08
5424,424,2026-04-12,5990.06,2026-05-12
5425,429,2025-11-11,20015.38,2026-01-10
5426,388,2025-11-07,3273.8,2025-12-07
5427,998,2026-07-17,1019.86,2026-09-15
5428,921,2025-12-03,3443.11,2026-01-17
5429,709,2025-09-19,594.43,2025-10-19
5430,670,2026-01-06,8768.43,2026-02-05
5431,204,2026-08-09,4987.31,2026-09-08
5432,196,2025-11-21,6876.31,2025-12-21
5433,728,2026-05-12,7810.95,2026-06-26
5434,285,2026-04-09,11488.89,2026-05-09
5435,969,2026-08-09,629.17,
5436,196,2025-12-06,976.13,2026-01-05
5437,307,2025-10-22,2732.21,2025-11-21
5438,664,2026-02-22,3920.89,2026-03-24
5439,14,2026-08-04,5865.53,2026-09-03
5440,837,2026-03-01,5525.0,2026-03-31
5441,146,2026-08-19,5754.26,2026-10-03
5442,938,2025-12-24,1431.91,2026-01-23
5443,57,2026-08-14,2647.44,2026-09-13
5444,723,2025-09-01,3863.22,2025-10-01
5445,780,2025-11-02,4432.13,2025-12-02
5446,210,2026-05-06,3350.42,2026-06-05
5447,529,2026-04-19,6128.26,2026-05-19
5448,798,2026-04-14,2006.63,2026-05-14
5449,344,2025-09-19,3398.62,2025-11-03
5450,715,2025-10-01,7476.9,2025-10-31
5451,611,2026-07-30,5888.52,2026-08-29
5452,279,2025-12-30,3708.92,2026-02-13
5453,209,2025-09-24,3776.88,2025-10-24
5454,641,2026-07-22,3416.35,2026-08-21
5455,335,2026-03-30,3824.42,2026-04-29
5456,288,2026-02-08,3341.42,2026-03-10
5457,252,2026-05-13,3735.62,2026-06-12
5458,265,2025-10-29,6334.42,2025-11-28
5459,271,2025-12-23,6229.63,2026-02-06
5460,924,2026-02-07,1749.09,2026-03-09
5461,920,2026-04-08,20964.88,2026-05-08
5462,700,2026-08-23,3237.86,2026-10-22
5463,419,2026-02-16,7275.71,2026-03-18
5464,726,2025-09-12,2121.48,2025-10-12
5465,795,2026-04-30,16112.23,2026-05-30
5466,211,2026-01-17,7690.54,2026-02-16
5467,365,2025-12-06,6789.76,2026-01-05
5468,76,2026-01-25,4333.29,2026-02-24
5469,660,2026-03-01,1147.28,2026-04-15
5470,321,2025-10-27,18910.08,2025-11-26
5471,725,2025-10-12,9898.57,2025-11-11
5472,433,2026-08-20,3866.13,2026-10-04
5473,109,2026-03-18,7332.44,2026-05-02
5474,641,2025-10-01,1752.33,2025-10-31
5475,522,2026-02-27,1087.85,2026-04-13
5476,47,2025-09-02,5066.22,2025-10-17
5477,379,2026-06-15,2641.7,2026-07-30
5478,827,2026-01-16,3398.56,2026-03-17
5479,96,2025-12-14,4793.6,2026-01-13
5480,958,2026-04-06,1934.05,2026-05-06
5481,103,2026-04-10,4689.31,2026-05-10
5482,892,2026-07-28,2067.04,2026-08-27
5483,854,2025-12-14,11239.29,2026-01-28
5484,146,2026-01-05,4614.34,2026-02-19
5485,880,2026-05-23,7625.4,
5486,942,2026-03-19,1210.92,2026-04-18
5487,928,2026-05-10,8014.43,2026-07-09
5488,27,2025-09-15,16563.75,2025-10-15
5489,732,2026-04-14,5493.29,2026-05-14
5490,530,2026-08-19,7592.42,2026-09-18
5491,679,2025-12-14,4132.86,2026-01-13
5492,945,2026-04-21,6750.85,2026-05-21
5493,989,2026-07-16,18000.22,2026-08-15
5494,82,2026-04-07,30157.82,2026-05-07
5495,428,2026-06-04,6444.21,2026-07-04
5496,584,2026-05-19,2211.55,2026-06-18
5497,822,2026-08-07,8232.45,2026-09-06
5498,479,2026-08-02,1857.67,2026-09-01
5499,766,2026-03-09,3034.06,2026-04-08
5500,162,2026-03-17,3324.4,2026-05-01
5501,839,2026-08-19,25594.51,2026-09-18
5502,932,2026-06-04,15680.3,2026-07-04
5503,402,2026-08-02,13286.38,2026-09-16
5504,508,2025-10-09,9641.3,2025-11-08
5505,38,2026-02-09,2417.44,2026-03-11
5506,955,2025-12-30,6040.05,2026-01-29
5507,511,2026-05-20,21753.44,2026-06-19
5508,393,2026-04-04,7152.54,2026-05-04
5509,713,2026-07-09,11399.34,2026-08-08
5510,494,2025-10-19,1379.3,2025-11-18
5511,200,2025-12-01,8907.9,2025-12-31
5512,255,2026-01-07,2151.08,2026-02-21
5513,179,2026-07-18,4190.07,2026-08-17
5514,547,2025-09-28,15596.76,2025-10-28
5515,594,2026-08-22,6600.65,2026-09-21
5516,389,2026-01-26,9597.0,2026-03-12
5517,398,2026-07-25,4312.22,2026-08-24
5518,732,2025-11-04,1071.04,2025-12-04
5519,158,2026-04-06,2366.03,2026-05-06
5520,4,2025-10-21,8616.1,2025-11-20
5521,167,2026-07-02,6535.24,2026-08-01
5522,468,2025-11-13,18904.23,2025-12-13
5523,960,2026-03-18,5532.95,2026-04-17
5524,409,2026-03-11,2447.81,2026-04-10
5525,412,2026-03-08,4897.76,2026-04-07
5526,204,2025-09-12,11108.38,2025-10-12
5527,194,2026-04-27,1226.01,2026-05-27
5528,235,2026-08-26,6592.66,2026-09-25
5529,718,2025-11-20,1824.02,2025-12-20
5530,150,2026-05-28,5695.11,2026-06-27
5531,159,2026-06-17,8940.51,2026-07-17
5532,279,2025-10-18,7775.18,2025-12-02
5533,816,2026-07-14,14610.62,2026-08-13
5534,404,2026-03-28,6110.58,2026-04-27
5535,893,2025-10-05,7540.61,2025-11-19
5536,678,2025-12-28,7754.56,2026-01-27
5537,311,2025-11-04,2301.72,2025-12-04
5538,68,2026-07-12,4515.22,2026-08-11
5539,463,2026-04-30,699.25,2026-06-14
5540,88,2025-10-06,6759.46,2025-11-20
5541,217,2026-05-10,553.32,2026-06-09
5542,1,2026-05-01,9862.25,2026-05-31
5543,135,2025-10-12,18766.76,2025-11-26
5544,697,2025-11-08,7451.53,2025-12-08
5545,351,2025-12-16,8430.86,2026-01-15
5546,140,2025-10-09,13109.48,2025-11-08
5547,618,2025-11-08,3530.97,2025-12-08
5548,133,2026-02-27,1806.59,2026-03-29
5549,620,2025-09-12,4667.61,2025-10-27
5550,178,2026-08-05,2715.83,2026-09-19
5551,810,2026-03-23,5316.67,2026-04-22
5552,358,2025-10-06,6130.21,2025-11-05
5553,380,2026-01-04,3410.52,2026-02-03
5554,908,2025-11-02,2824.87,2026-01-01
5555,871,2026-07-29,892.38,2026-08-28
5556,658,2025-11-21,4368.35,2025-12-21
5557,450,2026-07-04,3525.28,2026-08-03
5558,586,2026-06-26,3731.04,2026-07-26
5559,463,2025-10-04,8977.72,2025-11-18
5560,990,2026-04-28,24086.66,2026-05-28
5561,108,2025-12-06,3758.18,2026-01-05
5562,122,2025-10-19,6809.24,2025-12-03
5563,17,2026-01-24,6126.78,2026-02-23
5564,196,2026-01-03,12393.32,2026-02-02
5565,327,2026-03-08,2410.94,2026-05-07
5566,318,2025-10-27,2354.68,2025-11-26
5567,809,2026-08-15,2584.71,2026-09-14
5568,479,2025-12-18,815.0,2026-01-17
5569,252,2025-09-05,4819.33,2025-10-05
5570,503,2025-09-24,2153.98,2025-10-24
5571,999,2026-04-09,6112.77,2026-05-09
5572,119,2026-07-12,737.5,2026-08-11
5573,674,2026-06-21,4777.09,2026-08-05
5574,710,2025-09-10,4073.5,2025-10-10
5575,498,2026-02-12,3233.19,2026-03-14
5576,486,2026-04-03,11111.74,2026-05-03
5577,45,2026-01-04,2626.76,2026-02-03
5578,314,2026-05-25,6375.25,2026-06-24
5579,179,2026-06-07,3016.13,2026-07-07
5580,894,2025-11-27,18852.98,2025-12-27
5581,418,2025-12-23,4481.11,2026-01-22
5582,556,2025-09-21,8585.58,2025-11-05
5583,783,2026-01-26,8143.26,2026-03-12
5584,78,2026-05-03,12502.65,2026-06-02
5585,326,2026-05-24,5619.85,2026-06-23
5586,690,2026-04-05,1742.76,2026-06-04
5587,357,2026-04-28,7126.52,2026-05-28
5588,416,2026-04-20,6241.05,2026-05-20
5589,963,2026-04-20,440.65,2026-05-20
5590,515,2026-04-30,1312.45,2026-06-14
5591,214,2026-03-09,8795.07,2026-04-08
5592,854,2026-04-17,15576.35,2026-06-01
5593,74,2025-11-05,4679.91,2025-12-05
5594,563,2026-06-06,9552.7,2026-07-21
5595,579,2026-05-27,5456.27,2026-06-26
5596,509,2026-03-28,5147.77,2026-04-27
5597,332,2025-09-16,4458.87,2025-10-16
5598,93,2026-06-24,5333.54,2026-08-23
5599,688,2026-04-08,6822.07,2026-06-07
5600,657,2026-05-15,3625.77,2026-06-14
5601,519,2026-05-26,13555.57,2026-06-25
5602,269,2026-04-17,2246.28,2026-05-17
5603,376,2025-12-28,19498.82,2026-01-27
5604,834,2026-02-25,4208.24,2026-03-27
5605,4,2025-09-20,4796.13,2025-10-20
5606,138,2025-10-06,3026.19,2025-11-20
5607,231,2026-08-01,6937.74,2026-08-31
5608,600,2025-12-17,3699.18,2026-01-31
5609,529,2026-03-08,3418.14,2026-04-07
5610,52,2026-02-25,8164.66,2026-03-27
5611,646,2025-12-05,12659.15,2026-01-04
5612,723,2026-07-12,2172.23,2026-08-11
5613,325,2025-09-20,9678.44,2025-10-20
5614,992,2026-02-11,13568.5,2026-03-13
5615,970,2025-12-06,1218.28,2026-01-05
5616,905,2026-01-21,2541.05,2026-02-20
5617,731,2025-11-01,13309.83,2025-12-01
5618,717,2026-04-30,6739.34,2026-06-14
5619,723,2026-04-26,19626.3,2026-05-26
5620,277,2026-01-09,4338.77,2026-02-08
5621,536,2025-12-02,3282.52,2026-01-16
5622,486,2025-11-30,14857.85,2025-12-30
5623,516,2026-01-11,2562.41,2026-02-10
5624,152,2026-01-01,4113.14,
5625,955,2026-08-08,7822.66,2026-09-07
5626,483,2025-12-27,8467.28,2026-02-10
5627,259,2026-03-17,2641.42,2026-04-16
5628,324,2026-06-09,6159.44,2026-07-24
5629,869,2025-09-01,3961.87,2025-10-01
5630,168,2026-03-30,1301.16,2026-04-29
5631,688,2026-05-21,3457.6,2026-07-20
5632,310,2026-07-29,1352.57,2026-09-27
5633,803,2026-03-31,2950.19,2026-05-15
5634,479,2025-11-26,1912.02,2025-12-26
5635,56,2026-01-31,9285.91,2026-03-02
5636,620,2026-08-16,6358.1,2026-09-30
5637,473,2026-03-06,17121.51,2026-05-05
5638,296,2025-10-31,2391.75,2025-12-15
5639,461,2026-06-12,5518.24,2026-07-12
5640,324,2025-12-04,2068.99,2026-01-18
5641,814,2026-06-01,3016.73,2026-07-16
5642,846,2025-10-11,3632.29,2025-11-25
5643,141,2026-01-25,24248.53,2026-02-24
5644,667,2026-05-04,6689.57,2026-07-03
5645,262,2026-01-10,4514.2,2026-02-09
5646,785,2026-06-24,11853.77,2026-07-24
5647,420,2026-01-01,8566.28,2026-01-31
5648,744,2026-01-21,4780.63,2026-03-22
5649,241,2026-03-01,8581.37,2026-03-31
5650,355,2026-03-11,3915.06,2026-04-10
5651,849,2026-03-26,54486.33,2026-04-25
5652,770,2026-04-19,13269.23,2026-05-19
5653,761,2025-09-22,3611.65,2025-10-22
5654,589,2025-11-19,9178.21,2025-12-19
5655,180,2026-01-08,7756.65,2026-02-07
5656,66,2026-06-19,6270.94,2026-07-19
5657,820,2026-06-03,7547.88,2026-07-03
5658,348,2026-07-20,2610.36,2026-08-19
5659,171,2025-10-25,3530.33,2025-11-24
5660,474,2025-11-05,18847.7,2025-12-05
5661,534,2026-04-15,5886.45,2026-05-15
5662,367,2025-09-26,2855.47,2025-10-26
5663,107,2026-05-11,4469.57,2026-07-10
5664,439,2026-03-16,3261.2,2026-04-15
5665,835,2026-01-08,10253.5,2026-02-07
5666,227,2026-05-01,3192.38,2026-06-30
5667,444,2026-07-09,5179.69,2026-08-23
5668,442,2026-03-31,2942.98,2026-04-30
5669,396,2026-03-09,29246.63,2026-04-08
5670,728,2026-06-17,8271.48,2026-08-01
5671,581,2026-04-14,8013.39,2026-05-14
5672,84,2026-05-04,8738.16,2026-06-03
5673,615,2025-10-26,3646.41,2025-11-25
5674,551,2025-10-25,16885.45,2025-11-24
5675,13,2026-06-03,4736.47,2026-07-03
5676,809,2026-07-03,20649.32,2026-08-02
5677,825,2026-08-06,3855.86,2026-09-05
5678,693,2026-01-31,8862.44,2026-04-01
5679,493,2025-10-23,5713.87,2025-12-07
5680,268,2025-12-20,6193.83,2026-01-19
5681,525,2026-03-23,1314.46,2026-05-22
5682,120,2025-12-21,2277.04,2026-02-04
5683,970,2026-07-22,16733.32,2026-08-21
5684,353,2026-05-16,1783.15,2026-07-15
5685,57,2025-09-16,10206.88,2025-10-16
5686,40,2026-08-16,40021.68,2026-09-15
5687,886,2026-02-13,7782.26,2026-03-15
5688,336,2026-06-28,27408.03,2026-08-27
5689,640,2026-06-07,8698.3,2026-08-06
5690,173,2026-02-05,6170.15,2026-03-07
5691,547,2026-05-07,6747.38,2026-06-06
5692,259,2026-02-28,4338.53,2026-03-30
5693,888,2026-03-10,4233.17,2026-04-09
5694,517,2026-01-17,3284.81,2026-02-16
5695,730,2025-11-17,7014.62,2025-12-17
5696,523,2026-08-02,29071.14,2026-09-16
5697,894,2025-10-20,15627.25,2025-11-19
5698,839,2025-11-24,5890.48,2025-12-24
5699,117,2026-03-02,8172.75,2026-04-01
5700,184,2026-03-02,4669.83,2026-04-01
5701,906,2025-09-04,15589.63,2025-10-04
5702,874,2026-07-14,1354.73,2026-08-28
5703,116,2025-12-20,23427.54,2026-02-03
5704,162,2026-07-31,3232.45,2026-09-14
5705,579,2026-08-05,3677.37,2026-09-04
5706,712,2026-05-09,1879.98,2026-06-08
5707,543,2026-01-11,5658.95,2026-02-10
5708,587,2025-12-09,2900.11,2026-01-08
5709,237,2026-02-19,12682.55,2026-03-21
5710,839,2026-06-14,8580.94,2026-07-14
5711,66,2025-12-28,2870.59,2026-01-27
5712,70,2026-08-16,2479.05,2026-09-15
5713,809,2026-02-22,2991.75,2026-03-24
5714,447,2025-09-30,2346.48,2025-10-30
5715,416,2025-10-25,3998.02,2025-11-24
5716,532,2026-08-27,2551.96,2026-09-26
5717,441,2026-03-15,12731.19,2026-04-29
5718,738,2025-10-11,3356.03,2025-12-10
5719,946,2026-02-20,7924.82,2026-04-06
5720,464,2026-07-27,7977.08,2026-08-26
5721,921,2026-04-07,1135.36,2026-05-22
5722,396,2026-03-27,8848.04,2026-04-26
5723,711,2026-02-05,1276.26,2026-03-22
5724,551,2026-07-30,2566.04,2026-08-29
5725,657,2026-04-16,8527.8,2026-05-16
5726,557,2025-11-24,5525.13,2025-12-24
5727,395,2026-02-20,3807.93,2026-03-22
5728,326,2026-05-03,1200.88,2026-06-02
5729,893,2026-08-26,10817.32,2026-10-10
5730,919,2026-02-20,7076.06,2026-03-22
5731,91,2026-08-01,2520.02,2026-08-31
5732,750,2026-03-31,2316.84,2026-04-30
5733,70,2025-11-23,11369.61,2025-12-23
5734,166,2026-02-20,6358.3,2026-03-22
5735,642,2026-03-02,1684.04,2026-04-01
5736,214,2026-01-11,2787.43,2026-02-10
5737,852,2026-06-15,23933.3,2026-07-30
5738,601,2026-05-20,11147.64,2026-07-04
5739,335,2026-08-16,5002.29,2026-09-15
5740,764,2026-06-09,5090.29,2026-08-08
5741,369,2026-06-20,877.33,2026-07-20
5742,861,2026-05-27,14221.25,2026-07-11
5743,584,2026-08-15,3484.42,2026-09-14
5744,677,2026-03-16,2618.24,2026-04-15
5745,49,2025-09-25,9110.4,2025-10-25
5746,52,2026-01-19,3020.66,2026-02-18
5747,289,2026-04-11,1163.07,2026-05-11
5748,790,2025-09-20,6939.89,2025-11-04
5749,626,2026-05-05,1487.46,2026-06-04
5750,239,2026-07-25,4770.27,2026-08-24
5751,133,2026-03-20,6446.42,2026-04-19
5752,999,2025-12-24,4003.49,2026-01-23
5753,786,2026-03-08,4017.84,2026-04-07
5754,166,2025-09-26,17290.84,2025-10-26
5755,374,2025-10-24,17490.83,2025-12-23
5756,373,2026-02-17,2399.85,
5757,805,2025-09-11,3106.92,2025-10-11
5758,478,2025-09-27,3246.39,2025-11-26
5759,755,2026-08-16,4875.81,2026-10-15
5760,479,2025-11-22,4682.59,2025-12-22
5761,832,2026-06-17,19749.02,2026-07-17
5762,650,2025-10-08,4310.32,2025-11-22
5763,591,2025-11-26,2192.9,2025-12-26
5764,682,2026-07-18,3123.72,2026-08-17
5765,635,2026-02-03,6740.55,2026-04-04
5766,688,2026-07-05,4070.39,2026-09-03
5767,300,2026-06-13,6425.8,2026-07-13
5768,82,2026-03-05,4112.77,2026-04-04
5769,87,2026-03-01,8928.75,2026-04-30
5770,225,2026-01-21,4659.12,2026-02-20
5771,16,2026-03-25,1889.51,2026-04-24
5772,822,2026-01-20,3788.44,2026-02-19
5773,358,2026-03-04,29328.58,2026-04-03
5774,163,2026-04-29,13442.45,2026-05-29
5775,610,2025-09-08,1974.08,2025-10-08
5776,668,2025-11-11,20741.82,2025-12-11
5777,514,2026-06-15,5579.62,2026-07-15
5778,350,2025-12-04,3382.89,2026-01-03
5779,909,2026-02-04,3991.52,2026-03-06
5780,681,2025-10-11,5232.53,2025-11-10
5781,464,2026-07-28,11901.8,2026-08-27
5782,827,2026-06-28,5820.94,2026-08-27
5783,837,2026-05-27,6528.39,2026-06-26
5784,375,2026-02-02,13177.38,2026-03-19
5785,92,2026-06-02,3633.39,2026-07-02
5786,181,2026-02-01,6368.62,2026-03-03
5787,743,2025-10-23,7103.15,2025-12-07
5788,301,2026-02-26,5569.03,2026-03-28
5789,660,2026-04-28,7453.17,2026-06-12
5790,792,2026-01-15,2876.21,2026-02-14
5791,189,2026-05-13,10951.06,2026-06-12
5792,859,2026-04-12,3210.27,2026-05-27
5793,862,2026-02-27,7193.39,2026-03-29
5794,314,2026-03-01,5916.53,2026-03-31
5795,493,2026-05-17,2886.8,2026-07-01
5796,923,2026-05-01,18309.26,2026-05-31
5797,922,2025-12-05,19740.82,2026-01-04
5798,128,2026-03-16,2393.53,2026-04-15
5799,519,2025-09-14,9477.05,2025-10-14
5800,426,2025-12-29,4533.11,2026-02-12
5801,559,2026-05-27,2916.47,2026-07-11
5802,565,2026-02-18,6714.34,2026-03-20
5803,187,2025-11-11,9742.24,
5804,550,2026-02-26,5687.69,2026-03-28
5805,453,2026-02-17,3738.33,2026-03-19
5806,471,2026-02-06,14483.02,2026-04-07
5807,988,2026-02-01,14905.89,2026-03-03
5808,738,2025-11-21,2895.4,2026-01-20
5809,565,2025-10-27,5377.1,2025-11-26
5810,911,2025-09-07,1413.78,2025-10-07
5811,224,2025-12-21,9754.33,2026-01-20
5812,154,2025-10-18,14460.75,2025-11-17
5813,560,2025-11-19,6828.28,2025-12-19
5814,351,2026-07-13,2183.93,2026-08-12
5815,147,2025-10-03,18204.62,2025-11-02
5816,905,2025-12-24,25375.17,2026-01-23
5817,576,2025-09-03,3539.33,2025-10-18
5818,349,2025-09-04,7140.67,2025-10-04
5819,182,2026-08-22,9609.74,2026-09-21
5820,637,2026-05-18,9387.13,2026-07-02
5821,179,2025-10-12,5196.54,2025-11-11
5822,39,2025-09-09,21067.62,2025-10-24
5823,772,2026-07-04,1429.32,2026-08-18
5824,894,2026-01-23,1444.04,2026-02-22
5825,3,2025-12-06,4937.65,2026-01-05
5826,64,2026-06-03,20171.85,2026-07-03
5827,29,2026-01-20,12644.12,2026-02-19
5828,372,2026-06-05,1514.03,2026-07-05
5829,523,2025-09-27,-48627.92,2025-11-11
5830,97,2025-10-13,7790.56,2025-11-12
5831,870,2026-01-09,1989.06,2026-03-10
5832,442,2026-04-04,4644.77,2026-05-04
5833,203,2025-12-03,10839.04,2026-01-02
5834,411,2025-09-08,13618.35,2025-10-23
5835,993,2025-11-25,4742.94,2026-01-24
5836,21,2026-08-11,7592.57,2026-09-25
5837,551,2026-01-16,4524.98,2026-02-15
5838,735,2026-05-04,4743.41,2026-06-03
5839,102,2025-09-21,8928.68,2025-11-20
5840,46,2026-05-23,15831.63,2026-06-22
5841,66,2026-01-26,2012.68,2026-02-25
5842,603,2026-03-03,4150.41,2026-05-02
5843,164,2026-04-15,3089.13,2026-05-30
5844,971,2026-06-19,2232.3,2026-07-19
5845,111,2025-10-06,2142.99,2025-12-05
5846,338,2026-05-04,5100.81,2026-06-03
5847,123,2025-11-12,2119.94,2025-12-12
5848,705,2026-01-28,2063.22,2026-03-29
5849,447,2025-09-01,4331.68,2025-10-01
5850,611,2025-11-08,2283.89,2025-12-08
5851,291,2026-06-20,7510.59,2026-07-20
5852,671,2026-04-18,3407.99,2026-05-18
5853,412,2026-03-30,1922.88,2026-04-29
5854,615,2025-11-11,32137.2,2025-12-11
5855,897,2026-08-29,907.77,2026-10-13
5856,281,2025-12-05,9919.29,2026-01-19
5857,43,2025-11-23,6595.05,2025-12-23
5858,486,2026-04-16,3392.75,2026-05-16
5859,596,2026-06-26,2418.79,2026-08-25
5860,963,2026-04-24,19928.95,2026-05-24
5861,703,2026-06-20,27345.55,2026-08-19
5862,51,2026-04-10,3955.83,2026-05-25
5863,898,2026-04-11,3521.37,2026-05-11
5864,210,2026-06-08,12334.93,2026-07-08
5865,126,2026-04-09,4106.77,2026-05-09
5866,492,2026-04-04,7974.12,2026-05-19
5867,509,2026-04-19,7813.48,2026-05-19
5868,960,2026-02-16,5151.55,2026-03-18
5869,970,2026-07-26,5705.99,2026-08-25
5870,581,2025-10-12,6720.17,2025-11-11
5871,777,2026-05-16,2092.94,2026-06-15
5872,258,2026-03-15,2902.73,2026-05-14
5873,930,2025-12-05,5989.73,2026-01-04
5874,188,2026-07-14,3476.46,2026-09-12
5875,230,2025-09-14,46123.38,2025-10-14
5876,189,2025-12-22,5559.46,2026-01-21
5877,415,2025-11-16,1244.68,2025-12-16
5878,10,2026-06-04,526.39,2026-07-04
5879,114,2026-07-17,9643.52,2026-08-16
5880,76,2026-02-07,5598.22,2026-03-09
5881,676,2026-07-10,15831.19,2026-08-09
5882,502,2025-12-28,2986.91,2026-01-27
5883,85,2026-02-08,4540.18,2026-03-10
5884,49,2026-07-05,6251.42,2026-08-04
5885,495,2026-08-17,4416.69,2026-09-16
5886,838,2026-01-24,4134.0,2026-03-10
5887,689,2026-02-10,8934.47,2026-03-12
5888,387,2026-02-26,2566.17,2026-04-27
5889,970,2025-11-28,7675.11,2025-12-28
5890,389,2026-04-11,21590.31,2026-05-26
5891,218,2026-05-24,18794.2,2026-06-23
5892,701,2026-04-27,1179.08,2026-05-27
5893,981,2026-07-05,3379.11,2026-09-03
5894,346,2025-10-04,6308.48,2025-11-03
5895,230,2026-02-14,13898.12,2026-03-16
5896,255,2026-01-03,5914.2,2026-02-17
5897,236,2026-04-12,13918.99,2026-05-12
5898,26,2026-01-28,2926.87,2026-03-29
5899,584,2026-03-08,6509.58,2026-04-07
5900,261,2025-10-13,6641.98,2025-11-12
5901,766,2025-09-29,14297.9,2025-10-29
5902,271,2026-08-28,10342.72,2026-10-12
5903,123,2025-12-29,8683.62,2026-01-28
5904,656,2026-08-03,9864.1,2026-10-02
5905,257,2025-10-01,-1899.82,2025-10-31
5906,656,2026-02-28,4359.11,2026-04-29
5907,421,2026-02-09,2237.84,2026-03-26
5908,259,2026-01-06,2965.19,2026-02-05
5909,948,2026-05-13,4351.16,2026-06-12
5910,47,2026-06-21,822.28,2026-08-05
5911,863,2026-08-23,4478.53,2026-09-22
5912,525,2026-05-12,2672.95,2026-07-11
5913,888,2026-01-08,2148.04,2026-02-07
5914,208,2025-09-12,5398.51,2025-10-12
5915,311,2025-10-05,3663.62,2025-11-04
5916,747,2026-03-17,6570.82,2026-04-16
5917,149,2026-05-06,2975.4,2026-06-20
5918,834,2025-12-19,4344.71,2026-01-18
5919,438,2026-07-25,35744.11,2026-09-08
5920,155,2026-05-03,8231.09,2026-06-17
5921,678,2026-05-08,2541.06,2026-06-07
5922,90,2026-07-14,13476.99,2026-08-28
5923,698,2026-02-10,17256.08,2026-03-12
5924,830,2025-10-18,8071.85,2025-12-02
5925,358,2025-11-10,2674.8,2025-12-10
5926,174,2026-01-12,11425.21,2026-02-11
5927,217,2026-04-27,3150.58,2026-05-27
5928,907,2025-11-07,14733.38,2025-12-22
5929,456,2026-06-05,4123.5,2026-07-05
5930,776,2025-10-02,3998.13,2025-11-16
5931,609,2026-01-01,7604.07,2026-01-31
5932,629,2025-09-22,15450.64,2025-10-22
5933,199,2026-02-02,33248.6,2026-03-04
5934,832,2025-12-19,5109.23,2026-01-18
5935,486,2026-05-29,3602.76,2026-06-28
5936,533,2026-06-27,2593.22,2026-08-11
5937,200,2025-12-24,1527.97,2026-01-23
5938,371,2026-04-08,2235.82,2026-05-08
5939,959,2026-04-18,6037.26,2026-05-18
5940,853,2026-05-10,11625.01,2026-06-09
5941,448,2026-05-07,2426.49,2026-06-06
5942,248,2025-09-09,9385.29,2025-10-09
5943,788,2025-10-04,2509.08,2025-11-03
5944,264,2026-04-16,2765.34,2026-05-16
5945,58,2025-11-12,2125.06,2025-12-12
5946,302,2026-06-28,14511.04,2026-07-28
5947,31,2026-03-31,18075.57,2026-04-30
5948,498,2025-11-11,2790.3,2025-12-11
5949,249,2025-10-28,2617.25,2025-11-27
5950,605,2026-04-08,8227.61,2026-05-08
5951,777,2026-06-02,19922.76,2026-07-02
5952,271,2026-05-07,18184.57,2026-06-21
5953,606,2025-09-16,3674.4,2025-10-31
5954,666,2025-11-14,4317.17,2025-12-14
5955,394,2025-12-15,1866.76,2026-01-29
5956,797,2026-01-14,3641.4,2026-02-28
5957,502,2025-11-13,5401.86,2025-12-13
5958,592,2026-05-12,1698.28,2026-06-11
5959,804,2025-09-18,3233.12,2025-10-18
5960,84,2025-10-13,5972.76,2025-11-12
5961,365,2025-10-20,1482.1,2025-11-19
5962,886,2025-09-03,7276.76,2025-10-03
5963,549,2026-04-20,11310.75,2026-05-20
5964,342,2026-04-07,7888.94,2026-05-07
5965,839,2025-10-29,3360.21,2025-11-28
5966,407,2026-06-11,12769.19,2026-07-11
5967,425,2026-06-29,15171.15,2026-07-29
5968,744,2025-11-03,6447.35,2026-01-02
5969,93,2025-11-09,5633.15,2026-01-08
5970,848,2026-06-30,3045.52,2026-07-30
5971,614,2026-01-20,3611.4,2026-02-19
5972,412,2026-03-21,11789.13,2026-04-20
5973,432,2026-03-26,21953.95,2026-04-25
5974,678,2026-04-09,3587.5,2026-05-09
5975,159,2026-08-28,4359.68,2026-09-27
5976,14,2026-05-04,2979.18,2026-06-03
5977,373,2025-11-20,3542.34,2026-01-19
5978,225,2026-05-09,1827.66,2026-06-08
5979,505,2025-10-21,7048.18,2025-11-20
5980,73,2026-06-12,1812.93,2026-07-12
5981,249,2026-08-12,3224.71,2026-09-11
5982,511,2026-03-23,4761.37,2026-04-22
5983,603,2025-09-25,1747.53,2025-11-24
5984,216,2025-10-11,2692.17,2025-12-10
5985,973,2025-11-08,2032.27,2025-12-08
5986,602,2025-09-04,12050.75,2025-10-04
5987,541,2026-04-28,15629.78,2026-06-12
5988,947,2026-08-27,2659.11,2026-10-11
5989,817,2025-10-01,45608.3,2025-10-31
5990,939,2025-12-26,2368.39,2026-02-24
5991,988,2026-03-14,3563.81,2026-04-13
5992,220,2025-11-29,7416.96,2025-12-29
5993,840,2026-02-25,7998.63,2026-04-26
5994,727,2026-01-23,3873.74,2026-03-09
5995,221,2026-03-21,11999.11,2026-04-20
5996,389,2026-07-19,13045.05,2026-09-02
5997,554,2026-08-10,4969.39,2026-09-09
5998,647,2026-03-22,4434.24,2026-05-06
5999,42,2025-09-24,3067.93,2025-11-08
6000,676,2026-08-21,2175.46,2026-09-20
6001,873,2025-12-14,2635.49,2026-01-13
6002,283,2026-06-02,7729.65,2026-07-17
6003,58,2026-07-19,5002.81,2026-08-18
6004,814,2025-10-30,4112.67,2025-12-14
6005,834,2025-09-15,3166.47,2025-10-15
6006,537,2025-11-24,3221.72,2025-12-24
6007,73,2026-03-16,4822.63,2026-04-15
6008,885,2026-04-23,4527.39,2026-06-07
6009,923,2026-08-10,4995.84,2026-09-09
6010,129,2026-05-21,3503.43,2026-06-20
6011,599,2025-09-06,2923.52,2025-10-06
6012,842,2026-06-16,5033.81,2026-07-16
6013,426,2025-10-28,8408.77,2025-12-12
6014,948,2026-01-23,3328.64,2026-02-22
6015,665,2025-10-12,740.49,2025-11-11
6016,694,2026-08-16,1674.41,2026-09-15
6017,125,2026-03-19,11808.73,2026-04-18
6018,67,2026-02-21,11072.1,2026-04-22
6019,6,2026-08-01,8388.35,2026-09-15
6020,637,2025-12-04,7535.08,2026-01-18
6021,314,2026-04-05,11286.47,2026-05-05
6022,326,2025-12-20,3799.65,2026-01-19
6023,565,2026-08-19,5587.71,2026-09-18
6024,578,2026-02-27,2696.7,2026-03-29
6025,826,2026-02-10,4345.63,2026-03-12
6026,506,2025-12-28,22792.79,2026-01-27
6027,82,2026-07-22,2580.9,2026-08-21
6028,599,2026-04-16,1968.57,2026-05-16
6029,2,2026-01-23,4282.48,2026-03-24
6030,204,2026-07-05,3631.08,2026-08-04
6031,662,2026-01-20,6185.58,2026-02-19
6032,805,2025-12-31,9428.47,2026-01-30
6033,404,2026-06-12,3705.49,2026-07-12
6034,103,2026-04-14,26973.66,2026-05-14
6035,536,2026-08-26,13383.14,2026-10-10
6036,368,2026-05-15,2714.52,2026-06-14
6037,212,2026-06-12,4693.45,2026-07-12
6038,577,2026-02-12,7630.55,2026-03-14
6039,961,2026-04-09,2576.18,2026-06-08
6040,209,2025-11-08,958.56,2025-12-08
6041,763,2026-07-06,23404.8,2026-08-05
6042,897,2026-04-12,2062.33,2026-05-27
6043,117,2026-01-02,9888.55,2026-02-01
6044,628,2026-08-10,8756.37,2026-09-09
6045,749,2026-08-05,2603.24,2026-09-04
6046,478,2025-09-12,23983.38,2025-11-11
6047,105,2025-10-22,5265.15,2025-11-21
6048,495,2026-01-07,5582.59,2026-02-06
6049,771,2026-01-13,1460.58,2026-02-12
6050,46,2026-01-23,922.97,2026-02-22
6051,823,2026-01-05,4118.04,2026-02-19
6052,331,2026-04-14,14115.14,2026-05-29
6053,216,2025-11-10,1127.47,2026-01-09
6054,982,2026-05-31,5616.57,2026-07-15
6055,960,2026-03-06,5337.31,2026-04-05
6056,492,2025-09-03,13494.2,2025-10-18
6057,813,2026-06-12,11275.38,2026-07-12
6058,922,2025-09-22,5593.82,2025-10-22
6059,845,2026-02-13,4639.41,2026-03-30
6060,449,2026-07-07,2811.03,2026-08-06
6061,536,2026-08-29,1999.88,2026-10-13
6062,511,2026-05-04,3029.26,2026-06-03
6063,458,2026-04-22,2062.64,2026-05-22
6064,547,2026-07-22,4596.78,2026-08-21
6065,536,2026-02-05,4862.98,2026-03-22
6066,540,2026-01-29,4013.62,2026-03-30
6067,484,2026-04-01,5457.11,2026-05-01
6068,976,2026-04-06,3462.83,2026-05-06
6069,1000,2026-05-04,9803.77,2026-06-03
6070,16,2026-06-30,6003.91,2026-07-30
6071,571,2026-06-03,3394.72,2026-07-03
6072,977,2026-01-29,1966.41,2026-03-15
6073,243,2026-03-15,4684.1,2026-04-14
6074,950,2025-09-21,12457.92,2025-10-21
6075,207,2026-05-15,8012.42,2026-06-14
6076,912,2025-09-17,9170.33,2025-10-17
6077,271,2025-10-21,8923.4,2025-12-05
6078,761,2026-05-28,13223.13,2026-06-27
6079,994,2026-07-12,9965.47,2026-08-11
6080,779,2025-11-22,5633.3,2025-12-22
6081,705,2026-07-03,3610.25,2026-09-01
6082,847,2026-01-02,10076.62,2026-02-01
6083,730,2026-06-17,721.92,2026-07-17
6084,115,2026-05-20,13781.84,2026-07-19
6085,580,2026-08-31,8683.69,2026-09-30
6086,299,2025-10-19,18547.19,2025-11-18
6087,837,2025-09-06,2041.66,2025-10-06
6088,483,2025-12-26,12667.78,2026-02-09
6089,397,2025-12-27,8501.87,2026-01-26
6090,394,2026-05-21,3075.48,2026-07-05
6091,75,2026-08-19,4483.28,2026-10-03
6092,978,2026-01-07,4239.4,2026-03-08
6093,482,2026-02-18,3733.94,2026-03-20
6094,103,2025-09-27,1699.81,2025-10-27
6095,297,2026-03-18,12793.11,2026-04-17
6096,178,2026-07-11,2345.2,2026-08-25
6097,215,2026-08-11,2158.98,2026-09-25
6098,967,2025-12-06,13049.75,2026-01-05
6099,315,2025-09-17,1627.87,2025-10-17
6100,39,2026-02-20,3924.86,2026-04-06
6101,259,2025-12-10,2256.97,2026-01-09
6102,716,2026-03-05,18519.46,2026-04-04
6103,7,2026-03-03,12483.93,2026-04-02
6104,49,2026-04-03,2591.13,2026-05-03
6105,538,2026-05-09,2251.97,2026-07-08
6106,161,2026-04-04,9237.11,2026-05-04
6107,869,2025-09-29,7071.82,2025-10-29
6108,176,2025-12-11,3766.6,2026-02-09
6109,591,2026-01-01,3498.0,2026-01-31
6110,2,2025-10-24,4146.8,2025-12-23
6111,895,2026-06-10,10288.06,2026-07-10
6112,455,2025-12-11,17566.68,2026-02-09
6113,928,2025-12-26,21490.59,2026-02-24
6114,644,2025-12-13,2778.42,2026-01-12
6115,276,2025-10-15,5237.55,2025-11-14
6116,498,2025-12-23,14647.19,2026-01-22
6117,629,2026-08-09,2491.75,2026-09-08
6118,676,2025-10-01,2897.29,2025-10-31
6119,800,2026-02-11,9458.69,2026-03-13
6120,28,2026-03-08,3436.63,2026-04-07
6121,333,2026-06-20,1535.89,2026-08-04
6122,1,2026-03-14,2580.3,2026-04-13
6123,188,2026-06-19,11041.68,2026-08-18
6124,56,2026-05-19,6102.29,2026-06-18
6125,547,2026-03-26,1432.82,2026-04-25
6126,112,2025-10-22,3071.88,2025-12-06
6127,798,2025-10-19,21490.64,2025-11-18
6128,310,2025-09-06,4729.63,2025-11-05
6129,36,2026-04-12,4115.33,2026-05-27
6130,439,2025-09-23,5032.94,2025-10-23
6131,729,2026-01-23,5891.69,2026-02-22
6132,592,2025-12-19,3657.52,2026-01-18
6133,826,2026-03-31,14612.38,2026-04-30
6134,595,2026-06-27,3430.37,2026-07-27
6135,577,2025-10-11,11072.35,2025-11-10
6136,325,2026-02-19,21485.83,2026-03-21
6137,640,2026-03-05,-6764.01,2026-05-04
6138,307,2026-04-02,2162.63,2026-05-02
6139,534,2026-07-03,5812.62,2026-08-02
6140,728,2025-10-22,3184.91,2025-12-06
6141,619,2025-11-09,10256.39,2026-01-08
6142,109,2026-03-15,5901.67,2026-04-29
6143,372,2026-01-29,4545.76,2026-02-28
6144,357,2025-12-18,2231.66,2026-01-17
6145,181,2025-12-27,1128.27,2026-01-26
6146,356,2026-08-31,2612.23,2026-09-30
6147,676,2025-12-04,8417.18,2026-01-03
6148,68,2026-05-14,12880.03,2026-06-13
6149,292,2025-10-14,3901.48,2025-11-13
6150,692,2025-11-06,2348.29,2025-12-21
6151,181,2026-02-03,5819.53,2026-03-05
6152,466,2026-07-20,8673.22,2026-08-19
6153,434,2026-03-25,9310.95,2026-04-24
6154,464,2026-06-01,5841.98,2026-07-01
6155,681,2026-02-02,26197.4,2026-03-04
6156,914,2026-02-26,13798.28,2026-03-28
6157,534,2025-10-30,1879.88,2025-11-29
6158,66,2025-11-13,1545.68,2025-12-13
6159,21,2025-10-19,2024.2,2025-12-03
6160,612,2026-05-29,12732.11,2026-07-13
6161,384,2025-11-12,1273.83,2026-01-11
6162,812,2026-03-15,7210.12,2026-04-14
6163,615,2026-02-26,4364.21,2026-03-28
6164,559,2025-10-18,1847.08,2025-12-02
6165,39,2025-11-11,6101.37,2025-12-26
6166,285,2025-12-22,4341.77,2026-01-21
6167,822,2026-05-03,9535.17,2026-06-02
6168,602,2026-07-06,1360.5,2026-08-05
6169,597,2026-02-06,2446.33,2026-03-08
6170,785,2026-06-01,2485.83,2026-07-01
6171,336,2026-05-26,8488.86,2026-07-25
6172,188,2026-07-01,4134.35,2026-08-30
6173,671,2025-09-30,12859.41,2025-10-30
6174,243,2025-12-06,3634.25,2026-01-05
6175,73,2026-05-09,5965.29,2026-06-08
6176,479,2025-09-07,16392.6,2025-10-07
6177,974,2025-12-01,1210.57,2025-12-31
6178,561,2025-12-22,5117.35,2026-01-21
6179,101,2026-05-17,4875.29,2026-06-16
6180,514,2025-12-16,2662.23,2026-01-15
6181,756,2025-11-02,4385.69,2025-12-02
6182,176,2026-08-24,6418.48,2026-10-23
6183,238,2026-05-29,2752.32,2026-06-28
6184,910,2026-03-18,5226.62,2026-04-17
6185,59,2026-08-13,2211.45,2026-09-12
6186,865,2026-08-03,4246.05,2026-10-02
6187,99,2026-01-24,10510.76,2026-03-10
6188,954,2025-10-31,10911.66,2025-11-30
6189,871,2025-12-29,12777.07,2026-01-28
6190,954,2025-10-31,4609.53,2025-11-30
6191,495,2026-07-06,3849.95,2026-08-05
6192,947,2025-09-26,9023.24,2025-11-10
6193,980,2025-12-24,12717.02,2026-01-23
6194,514,2025-10-10,5345.15,2025-11-09
6195,755,2026-08-10,16762.93,2026-10-09
6196,297,2025-12-25,8827.79,2026-01-24
6197,211,2026-01-14,3166.51,2026-02-13
6198,123,2026-06-04,3488.46,2026-07-04
6199,229,2026-06-26,4840.68,2026-07-26
6200,594,2025-09-21,1423.44,2025-10-21
6201,656,2025-10-01,3211.33,2025-11-30
6202,388,2026-05-05,12454.59,2026-06-04
6203,140,2025-09-27,14666.19,2025-10-27
6204,541,2025-11-12,6285.61,2025-12-27
6205,391,2025-12-06,7191.73,2026-01-05
6206,270,2026-02-08,3902.05,2026-03-10
6207,759,2026-08-12,2996.12,2026-09-11
6208,12,2026-06-27,7890.69,2026-07-27
6209,867,2026-06-26,3516.94,2026-08-10
6210,389,2026-06-14,19330.92,2026-07-29
6211,337,2026-03-31,6933.13,2026-04-30
6212,506,2025-11-15,7139.59,2025-12-15
6213,106,2026-01-21,2142.18,2026-03-07
6214,32,2025-10-04,782.36,2025-11-03
6215,74,2026-08-02,7138.77,2026-09-01
6216,171,2025-09-04,3359.92,2025-10-04
6217,849,2026-07-25,10985.92,2026-08-24
6218,69,2025-12-07,2409.07,2026-01-06
6219,813,2026-04-05,3268.95,2026-05-05
6220,362,2025-09-28,12243.61,2025-11-27
6221,649,2026-03-20,7091.33,2026-04-19
6222,433,2026-05-31,2244.27,2026-07-15
6223,929,2026-07-11,5137.9,2026-08-10
6224,996,2026-01-05,22929.45,2026-02-04
6225,100,2026-03-21,5608.83,2026-04-20
6226,658,2025-09-09,4441.56,2025-10-09
6227,9,2026-06-14,10233.07,2026-08-13
6228,574,2025-11-27,6627.69,2026-01-11
6229,697,2026-07-15,15869.05,2026-08-14
6230,29,2025-09-19,9147.82,2025-10-19
6231,893,2025-11-20,10326.08,2026-01-04
6232,114,2025-12-16,16498.75,2026-01-15
6233,462,2026-07-08,3936.12,2026-08-22
6234,921,2026-04-18,3096.98,2026-06-02
6235,143,2025-12-21,1703.79,2026-01-20
6236,390,2026-04-08,4223.9,2026-05-08
6237,632,2026-01-01,1755.14,2026-02-15
6238,682,2026-05-02,6698.12,2026-06-01
6239,157,2026-02-25,3060.71,2026-03-27
6240,335,2025-11-04,10797.4,2025-12-04
6241,861,2025-09-03,9322.03,2025-10-18
6242,260,2026-03-26,3661.08,2026-04-25
6243,82,2025-09-21,10918.64,
6244,754,2026-06-20,5634.04,2026-07-20
6245,441,2025-09-15,1212.19,2025-10-30
6246,945,2026-08-09,2267.17,2026-09-08
6247,172,2026-03-25,2801.37,2026-04-24
6248,231,2026-03-21,5041.14,2026-04-20
6249,720,2025-12-29,3547.32,2026-01-28
6250,75,2026-01-15,3274.79,2026-03-01
6251,270,2026-06-27,7958.29,2026-07-27
6252,899,2026-06-22,9383.67,2026-07-22
6253,626,2025-09-25,3048.34,2025-10-25
6254,62,2026-07-09,2533.62,2026-08-08
6255,874,2026-04-22,13746.7,2026-06-06
6256,320,2025-12-30,44269.73,2026-01-29
6257,102,2025-11-29,2353.53,2026-01-28
6258,429,2026-07-17,10199.61,2026-09-15
6259,874,2026-03-19,4473.71,2026-05-03
6260,722,2026-02-27,8586.8,2026-04-28
6261,954,2026-08-11,2332.82,2026-09-10
6262,255,2025-11-15,1836.83,2025-12-30
6263,532,2026-01-15,2036.52,2026-02-14
6264,570,2026-01-16,3183.97,
6265,112,2025-09-10,4144.04,2025-10-25
6266,985,2026-03-20,10649.79,2026-04-19
6267,313,2026-07-15,2566.82,2026-08-14
6268,998,2026-08-12,3001.69,2026-10-11
6269,461,2026-04-07,26412.91,2026-05-07
6270,708,2025-10-30,5218.13,2025-12-14
6271,887,2026-01-25,6282.02,2026-03-26
6272,462,2025-12-16,9076.45,2026-01-30
6273,865,2025-10-08,3288.29,2025-12-07
6274,92,2026-01-12,4927.16,2026-02-11
6275,52,2026-04-09,3863.11,2026-05-09
6276,805,2026-06-30,4678.64,2026-07-30
6277,520,2026-01-11,9816.18,2026-02-25
6278,812,2026-07-31,8577.74,2026-08-30
6279,98,2025-10-23,805.42,2025-11-22
6280,236,2025-11-01,11108.83,2025-12-01
6281,901,2025-09-23,3791.86,2025-11-07
6282,374,2025-10-14,6857.07,2025-12-13
6283,581,2026-07-05,3608.84,2026-08-04
6284,927,2025-10-16,4797.02,2025-11-15
6285,557,2026-01-25,14320.18,2026-02-24
6286,649,2026-04-04,6542.36,2026-05-04
6287,234,2026-08-06,13746.37,2026-09-05
6288,32,2025-10-17,4800.22,2025-11-16
6289,289,2026-08-13,4417.22,2026-09-12
6290,638,2026-07-05,5048.95,2026-09-03
6291,579,2025-09-24,1810.96,2025-10-24
6292,542,2026-01-23,580.79,2026-02-22
6293,114,2025-11-28,2677.41,2025-12-28
6294,204,2026-02-21,11372.8,2026-03-23
6295,29,2025-11-03,15578.13,2025-12-03
6296,643,2025-12-28,1007.58,2026-01-27
6297,474,2026-04-11,13996.11,2026-05-11
6298,697,2026-02-03,3112.97,2026-03-05
6299,253,2026-02-25,1597.31,
6300,798,2026-07-17,11667.64,2026-08-16
6301,905,2026-08-08,3337.04,2026-09-07
6302,922,2025-10-26,40522.85,2025-11-25
6303,386,2025-10-29,2917.84,2025-11-28
6304,62,2026-04-08,4008.25,2026-05-08
6305,515,2026-03-04,2289.3,2026-04-18
6306,430,2025-10-17,5637.04,2025-11-16
6307,580,2025-12-11,9460.17,2026-01-10
6308,537,2025-10-14,1252.6,
6309,691,2025-09-15,8449.24,2025-11-14
6310,141,2026-04-24,3605.67,2026-05-24
6311,743,2026-08-27,2511.08,2026-10-11
6312,300,2025-10-21,1629.8,2025-11-20
6313,675,2026-07-06,10939.03,2026-08-05
6314,311,2025-10-04,6288.91,2025-11-03
6315,471,2026-01-02,3138.59,2026-03-03
6316,393,2025-11-16,9327.86,2025-12-16
6317,642,2026-01-01,7639.25,2026-01-31
6318,445,2026-03-24,10011.31,2026-04-23
6319,758,2026-04-16,18576.87,2026-05-16
6320,809,2025-11-09,5950.37,2025-12-09
6321,172,2026-04-18,23460.98,2026-05-18
6322,576,2025-09-21,15666.14,2025-11-05
6323,31,2025-12-17,9357.62,2026-01-16
6324,47,2026-08-30,1292.34,2026-10-14
6325,130,2026-04-29,5459.03,2026-05-29
6326,352,2026-05-09,6089.09,2026-06-08
6327,978,2026-01-13,5941.1,2026-03-14
6328,845,2025-11-29,4579.51,2026-01-13
6329,622,2025-11-18,8383.6,2026-01-02
6330,581,2026-02-24,-9325.59,2026-03-26
6331,58,2026-06-25,1312.19,2026-07-25
6332,106,2026-07-05,14780.52,2026-08-19
6333,812,2025-12-11,1534.61,2026-01-10
6334,330,2026-08-27,3613.65,2026-09-26
6335,768,2026-08-01,2458.07,2026-08-31
6336,824,2025-12-21,2806.75,2026-02-04
6337,683,2026-02-28,11925.33,2026-04-14
6338,383,2025-12-13,5510.93,2026-01-27
6339,985,2025-09-16,8632.35,2025-10-16
6340,162,2025-12-05,8290.01,2026-01-19
6341,997,2026-06-20,1080.48,2026-07-20
6342,286,2026-01-24,3200.3,2026-02-23
6343,71,2026-06-29,9100.2,2026-07-29
6344,767,2025-09-02,8456.27,2025-10-02
6345,454,2025-12-28,1226.42,2026-02-11
6346,886,2026-08-09,11398.25,2026-09-08
6347,567,2025-12-03,8184.83,2026-01-02
6348,835,2026-03-10,2314.52,2026-04-09
6349,397,2025-09-03,6933.33,2025-10-03
6350,515,2025-12-20,4162.64,2026-02-03
6351,26,2026-02-24,7411.33,2026-04-25
6352,313,2026-05-15,1184.42,2026-06-14
6353,126,2026-08-27,3771.05,2026-09-26
6354,408,2025-09-22,12858.58,2025-11-06
6355,565,2026-04-08,7694.4,2026-05-08
6356,198,2026-02-20,9419.2,2026-03-22
6357,811,2026-04-12,4147.91,2026-05-12
6358,188,2025-11-04,7853.15,2026-01-03
6359,698,2026-06-04,4388.41,2026-07-04
6360,817,2026-05-07,2385.87,2026-06-06
6361,810,2026-05-18,4086.6,2026-06-17
6362,716,2026-01-09,16001.3,2026-02-08
6363,484,2025-12-22,12370.26,2026-01-21
6364,450,2026-06-13,2260.7,2026-07-13
6365,523,2026-06-14,3580.72,2026-07-29
6366,871,2026-03-30,2387.02,2026-04-29
6367,354,2025-09-20,5772.22,2025-10-20
6368,986,2026-04-03,11103.45,2026-05-18
6369,658,2026-07-07,25403.14,2026-08-06
6370,597,2026-05-09,1595.96,2026-06-08
6371,100,2026-05-29,9935.52,2026-06-28
6372,616,2026-02-27,4969.35,2026-03-29
6373,948,2026-03-13,3727.46,2026-04-12
6374,558,2026-07-10,2366.01,2026-08-24
6375,556,2025-11-18,20766.2,2026-01-02
6376,278,2026-02-27,1358.45,2026-03-29
6377,693,2026-02-10,3379.18,2026-04-11
6378,699,2026-03-21,6707.83,2026-04-20
6379,990,2025-09-14,7185.53,2025-10-14
6380,626,2026-08-13,13556.64,2026-09-12
6381,491,2026-05-04,2471.67,2026-06-18
6382,255,2025-09-14,8239.56,2025-10-29
6383,381,2025-12-08,4754.49,2026-01-22
6384,892,2025-10-03,5163.48,2025-11-02
6385,542,2026-05-15,3461.76,2026-06-14
6386,264,2025-10-04,5691.26,2025-11-03
6387,610,2025-09-19,4461.7,2025-10-19
6388,825,2026-01-30,3760.06,2026-03-01
6389,879,2026-05-18,3284.7,2026-06-17
6390,329,2026-02-11,6735.78,2026-04-12
6391,115,2025-11-16,1724.13,2026-01-15
6392,276,2026-07-11,4286.88,2026-08-10
6393,488,2026-01-15,2705.44,2026-02-14
6394,281,2026-08-25,4531.76,2026-10-09
6395,275,2026-03-27,4578.06,2026-04-26
6396,773,2026-04-30,10003.35,2026-06-29
6397,843,2025-11-06,8471.01,2025-12-06
6398,719,2025-12-25,6314.66,2026-01-24
6399,896,2026-03-21,5740.94,2026-04-20
6400,328,2026-05-08,4291.98,2026-06-07
6401,211,2026-06-05,4228.98,2026-07-05
6402,727,2025-12-21,1235.09,2026-02-04
6403,923,2026-07-28,8992.92,2026-08-27
6404,552,2026-04-22,6188.29,2026-05-22
6405,992,2026-02-23,13062.39,2026-03-25
6406,26,2026-01-21,3208.45,2026-03-22
6407,27,2025-10-02,13704.63,2025-11-01
6408,702,2026-02-28,4288.69,2026-04-14
6409,83,2025-11-06,3161.07,2025-12-06
6410,896,2025-09-04,17215.22,2025-10-04
6411,946,2026-06-13,6689.59,2026-07-28
6412,682,2026-05-27,19034.32,2026-06-26
6413,413,2026-04-24,5730.65,2026-06-08
6414,167,2026-06-04,9538.88,2026-07-04
6415,700,2025-10-11,11386.19,2025-12-10
6416,169,2025-12-30,3992.2,2026-02-13
6417,801,2026-06-02,6594.87,2026-07-02
6418,979,2026-04-19,5656.54,2026-05-19
6419,229,2026-07-01,9730.8,2026-07-31
6420,979,2025-11-25,2132.2,2025-12-25
6421,609,2025-11-02,8087.7,2025-12-02
6422,367,2026-03-11,10441.73,2026-04-10
6423,528,2026-06-20,2895.44,2026-07-20
6424,791,2025-10-01,2470.15,2025-11-15
6425,647,2026-07-27,1326.86,2026-09-10
6426,538,2026-01-24,26369.61,2026-03-25
6427,864,2025-12-16,2784.57,
6428,524,2026-08-25,15545.95,2026-09-24
6429,72,2025-12-19,4233.6,2026-01-18
6430,645,2026-06-03,12037.23,2026-07-03
6431,106,2026-03-29,7958.1,2026-05-13
6432,732,2026-01-17,26873.93,2026-02-16
6433,885,2025-11-25,15896.39,2026-01-09
6434,965,2025-10-14,5929.37,2025-11-13
6435,689,2025-11-21,6406.45,2025-12-21
6436,282,2025-11-03,8608.36,2025-12-18
6437,133,2026-08-09,42712.07,2026-09-08
6438,534,2026-07-18,5278.41,2026-08-17
6439,975,2025-10-25,1777.65,2025-11-24
6440,269,2025-11-13,6081.24,2025-12-13
6441,412,2026-01-07,2994.88,2026-02-06
6442,673,2026-05-14,5920.73,2026-06-13
6443,619,2026-04-19,12558.03,2026-06-18
6444,791,2026-01-15,7483.52,2026-03-01
6445,865,2026-08-17,3110.78,2026-10-16
6446,747,2026-08-21,4250.86,2026-09-20
6447,18,2025-12-21,2130.7,2026-01-20
6448,754,2026-07-05,13873.0,2026-08-04
6449,117,2026-01-24,9640.07,2026-02-23
6450,798,2025-10-03,2093.35,2025-11-02
6451,794,2026-05-18,37571.83,2026-07-02
6452,144,2025-11-26,4203.3,2025-12-26
6453,717,2026-07-28,6333.55,2026-09-11
6454,551,2026-05-23,3816.83,2026-06-22
6455,929,2026-07-17,6997.21,2026-08-16
6456,666,2025-09-30,5390.73,2025-10-30
6457,688,2026-04-20,1634.52,2026-06-19
6458,961,2025-11-15,12784.65,2026-01-14
6459,753,2026-01-07,2577.78,2026-02-06
6460,422,2026-05-29,10413.74,2026-06-28
6461,898,2025-11-28,4153.49,2025-12-28
6462,369,2026-02-17,5259.83,2026-03-19
6463,646,2026-01-06,7353.15,2026-02-05
6464,558,2026-02-21,5580.36,2026-04-07
6465,50,2025-09-26,9065.68,2025-10-26
6466,678,2025-10-31,2837.37,2025-11-30
6467,106,2025-11-06,11460.95,2025-12-21
6468,216,2025-09-26,2192.43,2025-11-25
6469,658,2025-11-22,2408.9,2025-12-22
6470,923,2026-08-30,7945.85,2026-09-29
6471,425,2025-10-30,11577.63,2025-11-29
6472,72,2025-10-09,6274.51,2025-11-08
6473,988,2026-01-01,16497.3,2026-01-31
6474,842,2026-06-19,2566.57,2026-07-19
6475,785,2026-06-04,1968.35,2026-07-04
6476,759,2026-07-01,9777.05,2026-07-31
6477,446,2026-06-09,5513.94,2026-07-09
6478,925,2026-03-10,9529.21,2026-04-09
6479,186,2026-06-19,2196.83,2026-07-19
6480,70,2026-01-30,3507.35,2026-03-01
6481,974,2026-04-21,20159.32,2026-05-21
6482,150,2026-01-24,4257.26,2026-02-23
6483,246,2026-05-29,15652.67,2026-07-28
6484,774,2026-08-01,9308.0,2026-09-15
6485,538,2026-01-12,3979.15,2026-03-13
6486,935,2026-02-18,-15469.1,2026-03-20
6487,652,2025-09-28,6491.68,2025-10-28
6488,99,2026-01-14,5054.41,2026-02-28
6489,910,2026-04-29,4690.53,2026-05-29
6490,278,2026-08-10,7102.89,2026-09-09
6491,563,2026-04-16,2027.47,2026-05-31
6492,663,2026-06-14,10264.07,2026-07-14
6493,944,2026-06-30,7117.59,2026-07-30
6494,455,2025-10-04,3166.09,2025-12-03
6495,104,2025-09-02,1812.41,2025-10-02
6496,946,2026-08-28,4091.45,2026-10-12
6497,601,2026-03-14,6107.84,2026-04-28
6498,653,2025-12-03,5664.49,2026-01-02
6499,725,2026-07-25,5636.64,2026-08-24
6500,233,2026-07-05,8571.81,2026-08-04
6501,394,2026-01-13,1991.5,2026-02-27
6502,501,2026-03-23,4745.08,2026-04-22
6503,695,2026-05-08,6345.27,2026-06-07
6504,251,2026-01-25,7228.26,2026-02-24
6505,521,2026-08-12,10262.6,2026-09-11
6506,79,2026-08-14,4248.81,2026-09-13
6507,52,2026-05-12,5217.83,2026-06-11
6508,898,2026-07-31,2762.68,2026-08-30
6509,921,2026-02-23,6821.19,2026-04-09
6510,781,2026-01-03,2491.98,2026-02-02
6511,226,2026-05-09,7912.29,2026-06-23
6512,51,2026-01-09,12862.95,2026-02-23
6513,186,2025-10-20,7272.25,2025-11-19
6514,34,2025-12-02,13958.33,2026-01-01
6515,803,2026-07-07,3478.68,2026-08-21
6516,742,2026-04-08,1916.44,2026-05-08
6517,131,2026-07-31,4393.01,2026-08-30
6518,632,2026-07-31,3059.36,2026-09-14
6519,443,2025-09-20,3369.25,2025-11-04
6520,838,2026-03-24,845.34,2026-05-08
6521,759,2025-11-30,5754.24,2025-12-30
6522,432,2026-08-21,5086.77,2026-09-20
6523,704,2026-02-20,9814.84,2026-04-21
6524,497,2026-03-08,7782.8,2026-04-22
6525,403,2026-07-09,4345.6,2026-08-23
6526,323,2025-09-02,10378.33,2025-10-02
6527,210,2026-08-27,10162.99,2026-09-26
6528,615,2026-02-15,3386.67,2026-03-17
6529,329,2025-09-24,5849.3,2025-11-23
6530,372,2026-08-31,16740.56,2026-09-30
6531,460,2025-11-07,6492.61,2025-12-07
6532,133,2026-03-13,2590.11,2026-04-12
6533,835,2025-11-23,2036.95,2025-12-23
6534,651,2026-03-26,1540.93,2026-04-25
6535,121,2025-10-19,971.65,2025-11-18
6536,606,2025-10-02,3394.56,2025-11-16
6537,452,2026-07-14,4348.31,2026-08-13
6538,965,2026-02-17,2289.6,2026-03-19
6539,129,2026-01-07,2892.3,2026-02-06
6540,91,2025-12-11,2330.74,2026-01-10
6541,604,2025-10-05,1412.7,2025-11-04
6542,575,2026-07-04,4364.65,2026-08-03
6543,29,2026-03-18,8536.84,2026-04-17
6544,722,2026-06-28,3324.96,2026-08-27
6545,524,2025-11-16,12407.72,2025-12-16
6546,333,2026-07-18,5651.63,2026-09-01
6547,297,2025-09-14,10214.88,2025-10-14
6548,130,2026-08-15,5128.4,2026-09-14
6549,293,2026-01-09,8553.87,2026-02-08
6550,173,2026-04-26,1617.2,2026-05-26
6551,720,2026-06-07,9810.04,2026-07-07
6552,944,2025-11-04,5026.08,2025-12-04
6553,24,2026-01-16,12034.51,2026-03-17
6554,99,2026-05-27,4086.3,2026-07-11
6555,406,2026-04-16,20141.76,2026-05-16
6556,356,2026-03-20,7663.02,2026-04-19
6557,139,2026-01-20,2423.53,2026-02-19
6558,503,2025-12-09,12328.8,2026-01-08
6559,826,2026-01-16,2145.04,2026-02-15
6560,174,2026-02-15,2051.19,2026-03-17
6561,29,2025-12-08,14019.53,2026-01-07
6562,931,2026-07-08,6539.1,2026-08-07
6563,496,2026-07-16,5298.12,2026-08-15
6564,655,2026-07-24,3341.03,2026-08-23
6565,828,2026-08-21,9725.95,2026-10-05
6566,351,2025-11-05,4023.05,2025-12-05
6567,554,2026-08-01,5875.24,2026-08-31
6568,299,2026-07-26,2029.21,2026-08-25
6569,720,2025-10-17,4774.56,2025-11-16
6570,842,2026-08-03,5752.53,2026-09-02
6571,945,2026-04-19,7666.72,2026-05-19
6572,192,2026-07-05,6551.29,2026-08-04
6573,672,2026-01-24,3829.0,2026-02-23
6574,64,2026-03-26,6279.04,2026-04-25
6575,755,2026-01-24,10957.32,2026-03-25
6576,770,2026-01-30,1525.25,2026-03-01
6577,664,2026-06-06,4380.04,2026-07-06
6578,215,2026-01-18,5908.64,2026-03-04
6579,834,2026-01-29,2390.8,2026-02-28
6580,166,2025-09-21,10519.3,2025-10-21
6581,543,2026-05-12,8077.15,2026-06-11
6582,883,2025-11-03,11110.99,2025-12-03
6583,232,2026-04-06,28140.03,2026-05-06
6584,794,2025-11-11,6511.36,
6585,541,2026-02-09,3986.45,2026-03-26
6586,195,2026-01-08,10594.11,2026-02-07
6587,506,2025-11-08,3123.85,2025-12-08
6588,334,2026-04-13,7248.07,2026-06-12
6589,768,2026-05-04,11460.43,2026-06-03
6590,793,2025-11-07,9729.78,2025-12-07
6591,304,2025-12-16,15414.58,2026-01-15
6592,833,2025-12-18,4018.33,2026-01-17
6593,437,2026-07-25,8817.01,2026-09-08
6594,323,2025-12-12,5385.36,2026-01-11
6595,502,2026-01-19,6122.86,2026-02-18
6596,858,2025-11-04,6123.1,2025-12-19
6597,914,2026-01-12,7694.97,2026-02-11
6598,393,2026-03-18,4868.08,2026-04-17
6599,806,2026-02-02,1604.94,2026-03-04
6600,599,2025-11-18,5656.53,2025-12-18
6601,149,2026-05-08,6678.19,2026-06-22
6602,761,2025-11-26,4835.31,2025-12-26
6603,833,2026-07-01,7083.9,2026-07-31
6604,405,2026-04-29,4529.69,2026-06-28
6605,283,2025-11-27,4025.0,2026-01-11
6606,362,2026-07-21,15215.39,2026-09-19
6607,379,2026-02-19,30419.07,2026-04-05
6608,198,2026-08-23,10105.97,2026-09-22
6609,556,2025-09-17,3157.51,2025-11-01
6610,356,2026-04-11,5986.1,2026-05-11
6611,540,2026-06-21,5637.71,2026-08-20
6612,429,2026-07-07,8550.71,2026-09-05
6613,17,2026-04-07,5812.23,2026-05-07
6614,639,2026-04-22,8178.23,2026-05-22
6615,379,2026-05-06,20908.32,2026-06-20
6616,680,2025-10-22,1144.27,2025-11-21
6617,506,2025-09-15,3334.83,2025-10-15
6618,756,2026-07-21,10772.22,
6619,899,2025-12-21,4826.24,2026-01-20
6620,76,2026-03-03,8033.78,2026-04-02
6621,231,2026-08-26,4295.63,2026-09-25
6622,716,2025-09-07,17419.2,2025-10-07
6623,962,2025-10-21,12660.13,2025-11-20
6624,248,2026-07-11,6349.61,2026-08-10
6625,302,2026-04-29,19083.23,2026-05-29
6626,726,2026-05-03,6405.58,2026-06-02
6627,215,2026-08-31,5272.09,2026-10-15
6628,158,2026-03-05,16209.06,2026-04-04
6629,69,2026-06-14,1632.43,2026-07-14
6630,393,2025-12-01,5718.56,2025-12-31
6631,85,2025-12-15,6632.39,2026-01-14
6632,267,2025-09-13,4184.31,2025-10-13
6633,69,2026-01-24,2753.92,2026-02-23
6634,611,2025-12-28,4720.51,2026-01-27
6635,347,2026-03-22,1493.59,2026-04-21
6636,962,2026-01-19,17325.3,2026-02-18
6637,728,2025-12-24,18032.38,2026-02-07
6638,927,2026-01-30,5302.01,2026-03-01
6639,673,2025-10-27,3898.77,2025-11-26
6640,423,2026-02-04,1533.86,2026-03-06
6641,606,2026-07-07,2963.62,2026-08-21
6642,174,2026-01-11,16374.98,2026-02-10
6643,677,2026-02-10,5032.58,2026-03-12
6644,115,2026-06-02,3314.87,2026-08-01
6645,220,2026-03-02,5189.55,2026-04-01
6646,956,2025-11-16,3247.63,2025-12-16
6647,31,2026-07-22,1416.52,2026-08-21
6648,523,2025-10-14,3912.93,2025-11-28
6649,343,2026-03-25,2167.07,2026-04-24
6650,377,2025-10-08,7041.67,2025-11-22
6651,130,2026-07-15,10507.16,2026-08-14
6652,1000,2025-09-22,2828.59,2025-10-22
6653,617,2025-11-12,5842.56,2025-12-12
6654,539,2026-04-29,4937.95,2026-06-13
6655,739,2026-02-01,2772.77,2026-03-03
6656,2,2026-04-25,808.44,2026-06-24
6657,871,2025-09-05,2202.8,2025-10-05
6658,101,2026-04-09,-2687.36,2026-05-09
6659,533,2026-07-07,5607.34,2026-08-21
6660,58,2025-11-25,6073.83,2025-12-25
6661,389,2026-02-24,13499.72,2026-04-10
6662,692,2026-05-17,2187.44,2026-07-01
6663,941,2026-04-08,2594.94,2026-05-08
6664,341,2025-10-08,2984.98,2025-11-07
6665,861,2026-01-20,4293.28,2026-03-06
6666,20,2026-04-23,5960.11,2026-05-23
6667,255,2026-03-22,7053.87,2026-05-06
6668,317,2026-07-26,1109.13,2026-09-24
6669,38,2026-06-21,13006.33,2026-07-21
6670,660,2026-02-19,7279.61,2026-04-05
6671,537,2026-01-03,10131.08,2026-02-02
6672,386,2026-07-23,739.58,2026-08-22
6673,633,2025-11-04,9727.49,2025-12-04
6674,928,2026-06-08,2255.53,2026-08-07
6675,26,2026-05-30,3486.36,2026-07-29
6676,454,2026-05-02,15746.89,2026-06-16
6677,681,2025-09-15,8461.4,2025-10-15
6678,323,2026-04-14,2909.81,2026-05-14
6679,737,2026-01-09,9453.55,2026-03-10
6680,513,2026-03-14,6673.08,2026-04-13
6681,819,2026-06-20,3609.43,2026-08-04
6682,773,2026-03-28,7316.03,2026-05-27
6683,13,2025-12-22,3694.7,2026-01-21
6684,915,2026-05-02,6813.96,2026-06-01
6685,908,2026-02-13,6744.84,2026-04-14
6686,560,2026-03-10,7479.64,2026-04-09
6687,921,2026-05-15,23310.57,2026-06-29
6688,825,2026-07-24,10650.9,2026-08-23
6689,371,2026-04-06,11127.53,2026-05-06
6690,291,2026-08-25,3280.23,2026-09-24
6691,332,2026-06-02,1485.17,2026-07-02
6692,606,2025-10-22,4302.88,2025-12-06
6693,261,2026-02-05,3388.32,2026-03-07
6694,994,2026-08-29,8077.86,2026-09-28
6695,790,2025-10-25,4268.71,2025-12-09
6696,871,2025-09-14,14446.0,2025-10-14
6697,205,2026-05-27,1243.71,2026-06-26
6698,697,2026-08-06,3998.68,2026-09-05
6699,687,2025-11-29,6737.38,2025-12-29
6700,950,2025-09-27,2291.02,2025-10-27
6701,387,2025-11-28,10313.83,2026-01-27
6702,892,2025-10-11,10047.6,2025-11-10
6703,821,2026-07-01,3541.13,2026-07-31
6704,468,2026-05-26,41618.71,2026-06-25
6705,415,2026-01-16,2044.58,2026-02-15
6706,69,2025-09-06,1702.9,2025-10-06
6707,472,2026-04-30,3421.4,2026-05-30
6708,104,2026-02-09,5822.16,2026-03-11
6709,758,2026-02-27,1375.53,2026-03-29
6710,161,2026-06-24,8205.8,2026-07-24
6711,200,2025-09-06,35790.15,2025-10-06
6712,216,2026-05-29,1640.55,2026-07-28
6713,946,2026-05-30,5850.76,2026-07-14
6714,212,2026-02-03,10759.62,2026-03-05
6715,508,2025-11-24,9225.61,2025-12-24
6716,16,2026-03-19,28111.05,2026-04-18
6717,498,2025-09-10,3434.73,2025-10-10
6718,884,2026-01-16,24489.04,2026-03-02
6719,332,2026-04-30,4764.67,2026-05-30
6720,717,2026-03-20,3324.31,2026-05-04
6721,877,2026-02-03,22482.7,2026-03-05
6722,551,2026-06-02,3725.74,2026-07-02
6723,601,2026-04-13,11779.52,2026-05-28
6724,942,2025-11-07,3371.31,2025-12-07
6725,256,2026-03-03,1804.34,2026-04-17
6726,992,2026-03-14,1808.39,2026-04-13
6727,766,2025-10-12,8792.74,2025-11-11
6728,728,2026-01-29,2134.64,2026-03-15
6729,880,2025-11-23,4226.47,2026-01-07
6730,815,2026-01-12,2973.66,2026-03-13
6731,172,2026-07-06,2475.39,2026-08-05
6732,649,2026-08-20,2729.03,2026-09-19
6733,1000,2026-06-25,5901.77,2026-07-25
6734,498,2025-09-30,461.67,2025-10-30
6735,471,2025-09-09,9822.74,2025-11-08
6736,384,2026-02-17,1774.44,2026-04-18
6737,690,2026-06-17,1965.02,2026-08-16
6738,589,2026-02-15,1574.97,2026-03-17
6739,700,2026-08-10,6201.4,2026-10-09
6740,507,2026-01-23,16128.03,2026-02-22
6741,992,2026-04-16,4485.84,2026-05-16
6742,527,2026-07-03,7091.85,2026-09-01
6743,804,2025-11-15,7694.56,2025-12-15
6744,831,2026-04-11,9046.66,2026-05-11
6745,325,2026-02-24,2240.23,2026-03-26
6746,214,2026-03-08,17889.31,2026-04-07
6747,208,2026-06-29,3827.72,2026-07-29
6748,169,2025-10-16,6260.66,2025-11-30
6749,330,2025-09-17,4434.69,2025-10-17
6750,280,2025-11-05,3501.03,2025-12-05
6751,978,2026-08-26,10602.53,2026-10-25
6752,305,2026-05-19,8310.56,2026-06-18
6753,146,2026-01-01,869.79,2026-02-15
6754,775,2026-04-19,6991.98,2026-05-19
6755,516,2026-01-03,26776.85,2026-02-02
6756,90,2025-12-21,5800.98,2026-02-04
6757,453,2026-05-30,3322.7,2026-06-29
6758,60,2025-11-20,3679.12,2025-12-20
6759,311,2026-05-04,3189.61,2026-06-03
6760,528,2026-08-13,1994.15,2026-09-12
6761,227,2026-07-25,4313.26,2026-09-23
6762,474,2026-04-03,4297.62,2026-05-03
6763,978,2026-08-18,8081.43,2026-10-17
6764,541,2026-04-23,3291.84,2026-06-07
6765,663,2025-11-21,24982.57,2025-12-21
6766,757,2026-06-21,2363.33,2026-07-21
6767,782,2026-07-07,5625.14,2026-08-06
6768,79,2025-11-15,2749.39,2025-12-15
6769,433,2025-09-15,3249.51,2025-10-30
6770,801,2026-04-08,3998.3,2026-05-08
6771,153,2026-04-18,5885.48,2026-06-17
6772,789,2026-05-23,9504.45,2026-06-22
6773,401,2026-05-22,3444.99,2026-06-21
6774,279,2025-12-19,1509.8,2026-02-02
6775,57,2026-07-04,14956.52,2026-08-03
6776,977,2026-03-19,2288.11,2026-05-03
6777,186,2026-04-14,4105.16,2026-05-14
6778,398,2026-03-04,5225.51,2026-04-03
6779,605,2025-10-01,4607.47,2025-10-31
6780,788,2025-12-11,1615.91,2026-01-10
6781,158,2026-05-17,9965.01,2026-06-16
6782,787,2025-12-08,524.57,2026-02-06
6783,693,2026-08-05,10949.24,2026-10-04
6784,359,2026-06-26,12610.54,2026-07-26
6785,440,2026-06-12,10298.5,2026-07-27
6786,589,2026-05-24,3919.82,2026-06-23
6787,466,2026-01-18,5545.38,2026-02-17
6788,663,2026-06-29,2927.12,2026-07-29
6789,446,2026-06-13,5282.37,2026-07-13
6790,750,2026-08-16,8271.06,2026-09-15
6791,801,2026-04-04,2082.16,2026-05-04
6792,743,2025-10-02,4490.7,2025-11-16
6793,488,2026-06-30,3413.3,2026-07-30
6794,530,2025-11-27,12778.09,2025-12-27
6795,73,2025-11-02,2355.13,2025-12-02
6796,929,2026-06-06,8251.24,2026-07-06
6797,928,2025-11-13,4793.34,2026-01-12
6798,701,2026-07-03,4526.86,2026-08-02
6799,950,2026-01-02,8451.14,2026-02-01
6800,17,2026-05-27,3677.55,2026-06-26
6801,531,2026-06-12,5430.62,2026-07-12
6802,731,2025-12-30,12162.06,2026-01-29
6803,326,2026-08-12,2685.48,2026-09-11
6804,995,2026-03-31,6210.36,2026-05-15
6805,632,2026-01-26,10120.03,2026-03-12
6806,613,2025-11-17,7264.42,2025-12-17
6807,546,2026-08-31,13934.74,2026-09-30
6808,596,2025-09-14,4542.89,2025-11-13
6809,921,2026-01-14,8555.57,2026-02-28
6810,708,2026-07-01,12080.7,2026-08-15
6811,842,2026-06-07,1291.97,2026-07-07
6812,202,2025-11-18,3611.11,2026-01-02
6813,344,2026-05-01,-6771.29,2026-06-15
6814,853,2026-03-12,10442.83,2026-04-11
6815,523,2026-04-30,6075.54,2026-06-14
6816,859,2025-10-21,15283.18,2025-12-05
6817,400,2026-04-20,3261.22,2026-06-19
6818,218,2026-05-17,1861.79,2026-06-16
6819,445,2026-04-06,9442.19,2026-05-06
6820,765,2026-03-25,4567.83,2026-04-24
6821,222,2026-07-11,2557.96,2026-09-09
6822,383,2026-07-08,19612.6,2026-08-22
6823,881,2025-12-29,9087.9,2026-02-27
6824,592,2025-11-19,8417.87,2025-12-19
6825,7,2025-10-12,17886.73,2025-11-11
6826,272,2025-09-21,3668.45,2025-10-21
6827,739,2025-09-10,15490.03,2025-10-10
6828,16,2026-07-10,6988.36,2026-08-09
6829,424,2026-01-31,3119.65,2026-03-02
6830,524,2026-07-09,4972.11,2026-08-08
6831,803,2026-06-21,5804.92,2026-08-05
6832,753,2025-11-25,12177.75,2025-12-25
6833,21,2025-12-22,1697.96,2026-02-05
6834,690,2026-03-08,1234.5,2026-05-07
6835,939,2025-12-21,2662.83,2026-02-19
6836,228,2026-02-22,4736.27,2026-04-08
6837,785,2026-07-07,8855.02,2026-08-06
6838,288,2026-06-29,3466.59,2026-07-29
6839,809,2025-09-04,6980.73,2025-10-04
6840,134,2026-04-10,18028.4,2026-06-09
6841,984,2026-04-09,1284.05,2026-05-09
6842,283,2026-02-18,4484.41,2026-04-04
6843,404,2026-07-15,34640.06,2026-08-14
6844,665,2026-04-01,2831.66,2026-05-01
6845,66,2026-05-11,2601.09,2026-06-10
6846,649,2026-01-02,7585.87,2026-02-01
6847,604,2026-01-06,3272.74,2026-02-05
6848,437,2026-04-01,11823.22,2026-05-16
6849,829,2025-12-21,36216.17,2026-02-19
6850,934,2025-11-24,5308.05,2026-01-08
6851,259,2025-09-04,44683.23,2025-10-04
6852,980,2025-11-04,3480.2,2025-12-04
6853,966,2026-07-15,4372.49,2026-08-14
6854,103,2026-08-12,2319.98,2026-09-11
6855,993,2025-12-29,3488.04,2026-02-27
6856,567,2026-05-01,4130.82,2026-05-31
6857,769,2026-01-15,6963.12,2026-03-01
6858,101,2026-05-05,1845.19,2026-06-04
6859,198,2025-10-15,3304.89,2025-11-14
6860,813,2026-01-24,3372.6,2026-02-23
6861,226,2026-02-23,10219.26,2026-04-09
6862,943,2025-10-12,5489.04,2025-12-11
6863,463,2026-06-24,5489.83,2026-08-08
6864,237,2025-11-28,5344.37,2025-12-28
6865,26,2026-04-06,1238.31,2026-06-05
6866,121,2026-04-16,18088.26,2026-05-16
6867,910,2026-06-25,2385.69,2026-07-25
6868,506,2026-06-18,10190.94,2026-07-18
6869,182,2025-11-06,4175.78,2025-12-06
6870,711,2026-05-09,3065.7,2026-06-23
6871,814,2025-10-11,-11523.64,2025-11-25
6872,767,2025-12-08,1924.17,2026-01-07
6873,634,2026-07-03,2058.92,2026-08-02
6874,543,2026-08-26,5671.3,2026-09-25
6875,984,2026-08-08,5808.0,2026-09-07
6876,315,2025-11-18,9631.5,2025-12-18
6877,991,2026-06-28,8870.09,2026-07-28
6878,797,2026-03-18,4730.14,2026-05-02
6879,618,2026-01-25,5435.82,2026-02-24
6880,736,2025-12-15,4451.42,2026-01-14
6881,273,2026-03-12,15544.57,2026-04-26
6882,910,2025-12-31,2279.14,2026-01-30
6883,232,2025-11-16,5128.2,2025-12-16
6884,420,2026-07-09,9254.02,2026-08-08
6885,768,2025-12-21,12151.03,2026-01-20
6886,442,2026-08-15,2930.73,2026-09-14
6887,496,2026-06-24,2300.25,2026-07-24
6888,24,2026-02-17,1852.03,2026-04-18
6889,109,2025-09-06,3800.28,2025-10-21
6890,703,2026-03-16,6127.47,2026-05-15
6891,502,2025-12-07,3427.03,2026-01-06
6892,859,2026-07-26,8747.77,2026-09-09
6893,25,2026-04-18,4744.53,2026-05-18
6894,187,2026-02-15,8142.04,2026-03-17
6895,288,2026-06-24,5624.77,2026-07-24
6896,628,2026-05-23,1298.53,2026-06-22
6897,338,2025-09-08,1992.84,2025-10-08
6898,878,2026-02-19,12618.05,2026-04-05
6899,914,2026-08-26,2362.88,2026-09-25
6900,37,2026-03-14,9884.73,2026-04-28
6901,794,2026-05-27,5531.36,2026-07-11
6902,137,2025-09-19,2274.59,2025-10-19
6903,508,2026-08-20,9108.01,2026-09-19
6904,227,2026-08-18,3412.0,2026-10-17
6905,320,2025-10-19,5644.53,2025-11-18
6906,840,2026-08-22,4227.26,2026-10-21
6907,916,2026-08-04,574.69,2026-09-03
6908,182,2026-02-05,8571.48,2026-03-07
6909,874,2025-11-05,9236.68,2025-12-20
6910,86,2026-08-13,3367.54,2026-09-12
6911,467,2025-10-29,8358.89,2025-11-28
6912,926,2026-07-06,2489.38,2026-08-05
6913,53,2026-07-05,2530.33,2026-08-04
6914,860,2026-08-03,6056.47,2026-09-02
6915,867,2026-02-06,2864.87,2026-03-23
6916,235,2026-05-29,4509.09,2026-06-28
6917,959,2025-12-30,2358.98,2026-01-29
6918,779,2026-05-12,1789.21,2026-06-11
6919,799,2026-05-19,5903.86,2026-06-18
6920,433,2026-01-13,5948.11,2026-02-27
6921,496,2026-06-01,5077.41,2026-07-01
6922,999,2025-10-26,3962.77,2025-11-25
6923,100,2026-07-28,2847.85,2026-08-27
6924,990,2025-12-05,2105.37,2026-01-04
6925,599,2025-12-23,2040.35,2026-01-22
6926,403,2026-08-23,3084.34,2026-10-07
6927,396,2025-09-28,11318.79,2025-10-28
6928,527,2026-07-03,-6014.9,2026-09-01
6929,415,2025-09-02,6670.12,2025-10-02
6930,939,2026-03-31,1831.01,2026-05-30
6931,613,2025-11-07,5800.88,2025-12-07
6932,677,2026-01-06,6547.56,2026-02-05
6933,463,2026-07-30,17780.98,2026-09-13
6934,541,2025-09-24,4925.43,2025-11-08
6935,626,2026-05-11,3648.83,2026-06-10
6936,619,2026-04-18,2708.3,2026-06-17
6937,922,2026-02-23,5244.78,2026-03-25
6938,364,2026-04-09,4278.14,2026-05-09
6939,130,2025-10-06,12272.99,2025-11-05
6940,84,2025-09-02,10288.59,2025-10-02
6941,271,2026-08-27,2255.51,2026-10-11
6942,244,2026-06-01,4912.02,2026-07-01
6943,388,2026-02-24,35425.15,2026-03-26
6944,214,2026-05-22,1547.75,2026-06-21
6945,818,2026-03-05,4306.07,2026-04-19
6946,166,2025-09-15,9128.83,2025-10-15
6947,791,2026-06-06,4134.47,2026-07-21
6948,59,2026-03-13,3864.46,2026-04-12
6949,602,2026-03-17,3434.1,2026-04-16
6950,883,2026-08-15,2134.72,2026-09-14
6951,843,2026-07-02,4367.53,2026-08-01
6952,924,2025-11-03,11361.81,2025-12-03
6953,504,2026-06-17,1807.55,2026-08-01
6954,706,2025-09-18,6189.14,2025-10-18
6955,123,2025-11-03,11853.64,2025-12-03
6956,648,2026-08-28,4918.07,2026-09-27
6957,413,2026-07-27,3569.6,2026-09-10
6958,139,2026-08-24,8575.47,2026-09-23
6959,229,2026-05-09,2433.22,2026-06-08
6960,274,2025-09-17,7007.34,2025-10-17
6961,439,2026-01-19,4376.32,2026-02-18
6962,562,2026-07-05,5256.95,2026-08-04
6963,910,2026-07-17,19118.65,2026-08-16
6964,118,2026-05-03,12608.71,2026-06-17
6965,714,2026-06-17,16357.16,2026-07-17
6966,995,2026-08-17,2598.86,2026-10-01
6967,905,2025-11-26,2207.9,2025-12-26
6968,483,2026-03-18,7263.29,2026-05-02
6969,395,2026-08-24,-6479.59,2026-09-23
6970,703,2026-02-08,1028.67,2026-04-09
6971,876,2026-01-18,6550.52,2026-02-17
6972,460,2025-11-15,25720.49,2025-12-15
6973,835,2025-09-19,22807.3,2025-10-19
6974,693,2026-07-27,2856.74,2026-09-25
6975,935,2025-10-20,8830.94,2025-11-19
6976,78,2026-04-20,2455.21,2026-05-20
6977,952,2026-06-22,4630.75,2026-07-22
6978,412,2025-09-12,2594.13,2025-10-12
6979,75,2026-08-01,1962.51,2026-09-15
6980,295,2025-09-15,10135.77,2025-10-15
6981,793,2025-09-28,6287.94,2025-10-28
6982,21,2026-06-19,7132.97,2026-08-03
6983,906,2026-07-18,8296.76,2026-08-17
6984,171,2026-05-08,5854.67,
6985,15,2025-12-07,2180.03,2026-01-21
6986,211,2026-06-30,5916.53,2026-07-30
6987,560,2026-08-03,4200.25,2026-09-02
6988,86,2025-10-09,4290.12,2025-11-08
6989,149,2025-10-08,2350.25,2025-11-22
6990,700,2026-06-27,1498.51,2026-08-26
6991,372,2026-02-26,3176.09,2026-03-28
6992,480,2025-12-06,7734.77,2026-01-05
6993,818,2026-06-09,4729.95,2026-07-24
6994,151,2026-04-26,20821.27,2026-05-26
6995,141,2026-02-11,4744.66,2026-03-13
6996,69,2025-12-06,5843.72,2026-01-05
6997,260,2026-05-15,5066.93,2026-06-14
6998,988,2026-07-06,2136.82,2026-08-05
6999,846,2026-05-20,4914.89,2026-07-04
7000,968,2026-06-20,2127.11,2026-07-20
7001,521,2026-05-16,4733.42,2026-06-15
7002,633,2026-05-07,1223.22,2026-06-06
7003,371,2026-05-03,4729.73,2026-06-02
7004,419,2026-05-09,5628.69,2026-06-08
7005,101,2026-01-01,5962.76,2026-01-31
7006,661,2026-07-22,1586.94,2026-08-21
7007,954,2026-02-16,7344.95,2026-03-18
7008,658,2026-02-22,8471.03,2026-03-24
7009,865,2026-05-27,2323.1,2026-07-26
7010,968,2026-03-23,10998.17,2026-04-22
7011,243,2026-07-22,5814.72,2026-08-21
7012,753,2025-11-05,4764.84,2025-12-05
7013,512,2026-07-12,7875.27,2026-08-26
7014,849,2026-07-21,18294.56,2026-08-20
7015,555,2025-10-29,4467.4,2025-11-28
7016,95,2026-04-07,3367.73,2026-05-07
7017,226,2026-05-24,26415.49,2026-07-08
7018,518,2026-01-19,4354.06,2026-02-18
7019,214,2026-04-24,6704.38,2026-05-24
7020,718,2026-04-06,4352.56,2026-05-06
7021,67,2025-09-15,1382.36,2025-11-14
7022,396,2026-06-29,3909.54,2026-07-29
7023,612,2026-01-16,12162.76,2026-03-02
7024,12,2026-04-20,2615.84,2026-05-20
7025,237,2025-11-28,14354.66,2025-12-28
7026,834,2025-11-16,9210.58,2025-12-16
7027,770,2026-01-14,2238.98,2026-02-13
7028,399,2025-12-19,1907.72,2026-02-02
7029,407,2026-08-19,1865.79,2026-09-18
7030,925,2026-06-28,3605.65,2026-07-28
7031,849,2025-11-30,2091.24,2025-12-30
7032,480,2026-03-09,13267.13,2026-04-08
7033,647,2025-11-12,1939.81,2025-12-27
7034,222,2026-02-20,2449.96,2026-04-21
7035,156,2025-10-05,16852.8,2025-11-19
7036,654,2026-03-29,4049.9,2026-04-28
7037,428,2026-06-25,7004.92,2026-07-25
7038,158,2026-01-11,7250.35,2026-02-10
7039,977,2026-06-10,1561.88,2026-07-25
7040,416,2026-03-17,9503.5,2026-04-16
7041,326,2025-10-02,8166.68,2025-11-01
7042,371,2026-01-14,8427.04,2026-02-13
7043,344,2026-05-06,2905.18,2026-06-20
7044,262,2026-08-25,6290.24,2026-09-24
7045,283,2026-08-07,4353.96,2026-09-21
7046,850,2026-01-24,5386.78,2026-02-23
7047,856,2026-07-31,2684.95,2026-09-29
7048,229,2026-01-21,4294.1,2026-02-20
7049,888,2026-04-22,10923.97,2026-05-22
7050,280,2025-10-14,1071.07,2025-11-13
7051,870,2025-10-02,3730.99,2025-12-01
7052,290,2026-04-19,8334.85,2026-06-03
7053,680,2025-09-28,2094.16,2025-10-28
7054,47,2026-02-07,6887.58,2026-03-24
7055,975,2026-07-30,7276.62,2026-08-29
7056,715,2026-03-26,-4423.43,2026-04-25
7057,214,2025-09-18,6362.59,2025-10-18
7058,758,2025-12-12,18400.04,2026-01-11
7059,24,2025-11-09,2919.9,2026-01-08
7060,321,2025-12-28,1647.35,2026-01-27
7061,274,2026-01-17,3560.33,2026-02-16
7062,556,2026-02-07,2256.55,2026-03-24
7063,844,2026-04-20,6803.64,2026-05-20
7064,313,2026-01-26,3473.04,2026-02-25
7065,363,2026-08-19,8165.58,2026-10-03
7066,668,2026-05-01,6311.58,2026-05-31
7067,1000,2025-10-05,2890.04,2025-11-04
7068,380,2026-07-22,2390.16,2026-08-21
7069,711,2026-08-21,1640.49,2026-10-05
7070,919,2026-04-27,11594.81,2026-05-27
7071,981,2026-07-31,7606.48,2026-09-29
7072,674,2026-01-27,3599.5,2026-03-13
7073,907,2025-12-20,8120.92,2026-02-03
7074,470,2025-09-17,2066.69,2025-11-01
7075,746,2026-04-14,2483.21,2026-05-14
7076,675,2026-01-18,2292.48,2026-02-17
7077,116,2026-01-22,6238.38,2026-03-08
7078,605,2026-05-18,3082.45,2026-06-17
7079,42,2026-04-05,1562.33,2026-05-20
7080,796,2026-02-09,5378.98,2026-03-11
7081,379,2025-12-01,7907.87,2026-01-15
7082,722,2026-02-21,4484.75,2026-04-22
7083,206,2026-07-28,12443.98,2026-09-26
7084,466,2026-03-24,9503.61,2026-04-23
7085,732,2026-01-31,12235.98,2026-03-02
7086,280,2025-12-12,9360.14,2026-01-11
7087,648,2026-03-21,6038.35,2026-04-20
7088,618,2026-06-07,1848.46,2026-07-07
7089,118,2025-11-04,3790.63,2025-12-19
7090,237,2025-12-26,3318.48,2026-01-25
7091,309,2026-01-31,2456.26,2026-03-02
7092,456,2026-02-03,3156.9,2026-03-05
7093,900,2026-02-11,1549.42,2026-03-13
7094,475,2025-11-21,10141.06,2025-12-21
7095,100,2025-09-06,2143.22,2025-10-06
7096,261,2026-07-19,9583.66,2026-08-18
7097,993,2025-11-06,14451.98,2026-01-05
7098,305,2026-04-26,2708.83,2026-05-26
7099,354,2025-11-11,3208.6,2025-12-11
7100,286,2025-12-04,7450.44,2026-01-03
7101,328,2026-07-01,3526.29,2026-07-31
7102,103,2026-07-23,2636.88,2026-08-22
7103,63,2025-11-17,7114.99,2025-12-17
7104,687,2025-11-06,2764.72,2025-12-06
7105,282,2026-02-23,27650.28,2026-04-09
7106,441,2026-07-18,7836.62,2026-09-01
7107,293,2026-02-19,8541.05,2026-03-21
7108,738,2026-05-13,4653.44,2026-07-12
7109,7,2025-11-02,22194.02,2025-12-02
7110,639,2026-06-29,2760.28,2026-07-29
7111,936,2026-05-04,9188.65,2026-06-03
7112,92,2026-03-11,1714.08,2026-04-10
7113,935,2026-07-26,31322.39,2026-08-25
7114,190,2025-11-10,9634.58,2025-12-10
7115,871,2026-04-17,2357.35,2026-05-17
7116,476,2025-11-02,7614.16,2025-12-02
7117,511,2026-06-24,11700.55,2026-07-24
7118,462,2026-05-03,2445.41,2026-06-17
7119,53,2025-09-07,3459.7,2025-10-07
7120,754,2026-05-18,2258.35,2026-06-17
7121,486,2025-11-28,7333.91,2025-12-28
7122,644,2026-02-24,5784.34,2026-03-26
7123,490,2026-03-23,5127.24,2026-04-22
7124,978,2026-01-12,2624.83,2026-03-13
7125,364,2025-11-21,4237.23,2025-12-21
7126,112,2025-09-21,-2820.35,2025-11-05
7127,409,2026-01-06,7368.36,2026-02-05
7128,7,2026-03-14,2153.6,2026-04-13
7129,742,2026-03-13,2638.69,2026-04-12
7130,668,2026-03-03,9599.26,2026-04-02
7131,197,2026-05-05,3516.71,
7132,835,2026-08-27,20453.77,2026-09-26
7133,876,2026-08-26,5849.12,2026-09-25
7134,735,2026-07-21,1172.15,2026-08-20
7135,367,2026-02-07,1733.23,2026-03-09
7136,250,2026-03-13,3118.04,2026-04-12
7137,916,2025-12-19,9057.5,2026-01-18
7138,595,2025-11-05,8350.79,2025-12-05
7139,240,2026-05-12,3395.75,2026-06-11
7140,380,2026-06-10,13401.06,2026-07-10
7141,907,2025-10-30,6504.04,2025-12-14
7142,872,2025-12-27,3873.4,2026-01-26
7143,835,2025-10-14,12780.48,
7144,471,2026-03-29,2620.89,2026-05-28
7145,775,2025-10-06,7795.39,2025-11-05
7146,919,2025-09-19,8458.54,2025-10-19
7147,701,2025-11-30,8200.43,2025-12-30
7148,455,2026-06-28,4414.84,2026-08-27
7149,366,2026-03-31,10036.17,2026-04-30
7150,290,2026-04-10,21817.31,2026-05-25
7151,874,2026-04-05,4415.86,2026-05-20
7152,403,2026-04-11,5277.45,2026-05-26
7153,58,2025-12-07,10480.69,2026-01-06
7154,521,2025-09-19,4042.58,2025-10-19
7155,304,2026-06-24,3955.22,2026-07-24
7156,115,2025-09-26,1976.55,2025-11-25
7157,210,2025-09-28,1258.75,2025-10-28
7158,41,2025-11-03,2016.94,2025-12-18
7159,816,2026-07-21,9970.42,2026-08-20
7160,173,2026-04-11,2197.39,2026-05-11
7161,234,2025-11-19,7378.86,2025-12-19
7162,793,2025-10-21,16406.96,2025-11-20
7163,884,2025-12-11,5676.64,2026-01-25
7164,590,2026-02-23,2468.3,2026-03-25
7165,620,2025-09-10,4497.87,2025-10-25
7166,793,2026-04-25,6775.4,2026-05-25
7167,403,2025-12-09,6803.36,2026-01-23
7168,39,2026-04-16,5490.86,2026-05-31
7169,119,2025-11-03,8287.72,2025-12-03
7170,335,2025-09-19,11124.11,2025-10-19
7171,336,2026-07-29,3406.14,2026-09-27
7172,539,2026-07-15,15382.46,
7173,616,2026-01-19,6508.62,2026-02-18
7174,74,2025-09-25,842.96,2025-10-25
7175,191,2026-04-16,4302.32,2026-05-16
7176,324,2025-11-28,4351.86,2026-01-12
7177,147,2025-12-01,11864.51,2025-12-31
7178,767,2025-10-12,3140.64,2025-11-11
7179,284,2026-06-22,5633.71,2026-08-21
7180,213,2025-11-20,1606.63,2026-01-04
7181,635,2025-12-16,2573.48,2026-02-14
7182,718,2025-12-20,9459.52,2026-01-19
7183,929,2026-06-04,1882.04,2026-07-04
7184,752,2026-04-02,10828.7,2026-05-02
7185,394,2026-04-19,12446.09,2026-06-03
7186,339,2026-07-03,13497.9,2026-08-02
7187,798,2025-12-30,17213.51,2026-01-29
7188,22,2026-01-12,9296.0,2026-02-26
7189,771,2026-07-03,7027.31,2026-08-02
7190,869,2026-03-27,8208.28,2026-04-26
7191,105,2026-05-15,5293.43,2026-06-14
7192,466,2026-03-04,3708.25,2026-04-03
7193,459,2026-06-13,9258.33,2026-07-13
7194,432,2026-08-29,7161.31,2026-09-28
7195,770,2026-02-27,10111.61,2026-03-29
7196,716,2025-10-18,4231.51,2025-11-17
7197,822,2025-11-26,4540.25,2025-12-26
7198,774,2025-09-19,5921.75,2025-11-03
7199,619,2025-10-16,4518.23,2025-12-15
7200,763,2025-10-26,48564.69,2025-11-25
7201,936,2026-04-17,23499.99,2026-05-17
7202,221,2026-01-23,5017.2,2026-02-22
7203,379,2025-12-01,4502.96,2026-01-15
7204,222,2025-11-21,7143.91,2026-01-20
7205,258,2026-04-13,3546.24,2026-06-12
7206,713,2025-11-18,3498.77,2025-12-18
7207,367,2026-01-28,5174.59,2026-02-27
7208,770,2026-08-27,3714.83,2026-09-26
7209,349,2026-06-10,5791.85,2026-07-10
7210,225,2026-07-08,6722.84,2026-08-07
7211,714,2026-02-07,392.04,2026-03-09
7212,738,2026-07-13,1070.71,2026-09-11
7213,236,2026-08-31,2537.74,2026-09-30
7214,183,2026-02-03,6253.7,2026-03-05
7215,712,2026-02-03,2698.98,2026-03-05
7216,869,2026-03-21,31738.12,2026-04-20
7217,758,2026-08-07,10228.11,2026-09-06
7218,444,2026-08-08,23952.26,2026-09-22
7219,865,2025-12-26,10273.6,2026-02-24
7220,623,2026-02-01,1408.28,2026-03-18
7221,6,2026-08-30,1967.91,2026-10-14
7222,236,2026-07-28,3321.17,2026-08-27
7223,127,2025-12-28,1920.61,2026-01-27
7224,104,2026-03-18,11874.86,2026-04-17
7225,749,2026-05-21,4404.52,2026-06-20
7226,915,2026-03-03,5891.49,2026-04-02
7227,480,2026-01-26,15039.62,2026-02-25
7228,155,2026-02-13,23355.08,2026-03-30
7229,257,2025-11-14,4024.21,2025-12-14
7230,235,2026-04-24,1678.29,2026-05-24
7231,500,2026-07-11,1932.53,2026-08-10
7232,289,2026-05-30,12540.5,2026-06-29
7233,510,2026-02-26,6183.73,2026-04-12
7234,552,2026-06-10,2453.24,2026-07-10
7235,800,2025-10-21,8809.22,2025-11-20
7236,709,2025-11-14,2113.74,2025-12-14
7237,785,2026-01-22,1211.1,2026-02-21
7238,894,2026-08-09,1003.27,2026-09-08
7239,776,2026-03-07,1572.5,2026-04-21
7240,569,2026-01-01,12620.1,2026-01-31
7241,298,2026-07-29,4252.0,2026-08-28
7242,610,2026-05-09,4866.61,2026-06-08
7243,137,2026-06-23,5806.7,2026-07-23
7244,376,2026-07-20,2227.88,2026-08-19
7245,87,2026-01-08,3406.56,2026-03-09
7246,419,2026-05-10,3679.23,2026-06-09
7247,754,2026-08-24,2374.19,2026-09-23
7248,199,2026-02-27,3389.79,2026-03-29
7249,463,2026-08-15,4536.31,2026-09-29
7250,437,2025-12-19,4100.65,2026-02-02
7251,310,2026-08-04,7070.9,2026-10-03
7252,596,2025-11-17,3390.35,2026-01-16
7253,754,2025-09-02,17206.96,2025-10-02
7254,281,2026-07-18,2188.56,2026-09-01
7255,323,2026-06-03,3271.37,2026-07-03
7256,764,2026-06-17,6852.7,2026-08-16
7257,702,2026-06-24,8195.01,2026-08-08
7258,951,2026-02-16,1905.07,2026-03-18
7259,942,2026-04-28,4605.5,2026-05-28
7260,152,2025-09-23,9478.87,2025-10-23
7261,994,2026-06-21,1387.31,2026-07-21
7262,302,2026-02-19,4660.8,2026-03-21
7263,278,2026-07-20,1521.81,2026-08-19
7264,651,2026-07-15,2609.32,2026-08-14
7265,688,2026-06-13,5354.24,2026-08-12
7266,8,2026-08-09,4202.05,2026-09-23
7267,807,2026-03-12,2007.62,2026-04-11
7268,235,2026-02-16,13284.01,2026-03-18
7269,675,2025-12-27,3828.65,2026-01-26
7270,561,2025-09-06,7762.85,2025-10-06
7271,302,2026-07-28,16624.02,2026-08-27
7272,38,2026-01-10,2910.44,2026-02-09
7273,136,2025-12-02,8181.91,2026-01-01
7274,822,2026-05-09,6969.68,2026-06-08
7275,421,2025-09-10,1645.1,2025-10-25
7276,219,2025-10-21,13134.3,2025-11-20
7277,348,2026-08-15,5420.51,2026-09-14
7278,808,2026-06-21,3264.71,2026-08-20
7279,546,2026-01-07,1368.53,2026-02-06
7280,864,2026-05-07,1804.01,2026-06-06
7281,79,2025-12-11,4584.24,2026-01-10
7282,748,2026-08-03,1714.55,2026-09-17
7283,895,2025-11-22,8294.85,2025-12-22
7284,273,2026-03-10,3692.19,2026-04-24
7285,161,2026-01-21,1433.77,2026-02-20
7286,687,2026-04-25,2941.97,
7287,878,2026-06-14,2136.41,2026-07-29
7288,308,2026-06-04,1877.85,2026-07-04
7289,374,2026-06-18,849.87,2026-08-17
7290,976,2026-02-16,5414.31,2026-03-18
7291,733,2026-01-22,2331.17,2026-02-21
7292,9,2026-03-03,22437.5,2026-05-02
7293,801,2025-10-15,11061.81,2025-11-14
7294,444,2026-05-01,18441.8,2026-06-15
7295,113,2026-07-12,8862.98,2026-08-26
7296,989,2026-05-26,3132.19,2026-06-25
7297,205,2026-05-11,6479.89,2026-06-10
7298,405,2026-06-16,3924.47,2026-08-15
7299,698,2026-03-31,6566.24,2026-04-30
7300,853,2026-02-24,10200.71,2026-03-26
7301,197,2025-09-21,8064.02,2025-10-21
7302,778,2026-07-13,5033.48,2026-08-12
7303,774,2025-10-22,5270.37,2025-12-06
7304,760,2026-04-21,5960.29,2026-05-21
7305,115,2026-01-01,12110.97,2026-03-02
7306,121,2026-08-28,3379.43,2026-09-27
7307,653,2025-12-09,4065.21,2026-01-08
7308,65,2026-04-02,3331.63,2026-05-17
7309,276,2026-07-24,5580.5,2026-08-23
7310,825,2026-01-13,8321.04,2026-02-12
7311,239,2026-07-15,6354.48,2026-08-14
7312,302,2026-04-06,4774.54,2026-05-06
7313,392,2025-11-27,11794.76,2025-12-27
7314,522,2026-06-07,2648.69,2026-07-22
7315,969,2025-10-10,1506.21,2025-12-09
7316,369,2026-04-28,6466.79,2026-05-28
7317,233,2026-07-29,4841.53,2026-08-28
7318,195,2026-01-14,4374.26,2026-02-13
7319,907,2026-03-01,1739.97,2026-04-15
7320,12,2026-05-23,5861.0,2026-06-22
7321,906,2026-05-17,21020.47,2026-06-16
7322,921,2026-03-01,1723.24,2026-04-15
7323,689,2025-09-21,4409.48,2025-10-21
7324,177,2026-08-17,5311.28,2026-09-16
7325,217,2026-03-15,3505.35,2026-04-14
7326,11,2026-03-31,5702.82,2026-05-30
7327,446,2025-09-16,3496.68,2025-10-16
7328,630,2026-03-21,5653.71,2026-04-20
7329,164,2026-08-29,4077.66,2026-10-13
7330,551,2026-04-06,3251.7,2026-05-06
7331,53,2025-12-02,4701.01,2026-01-01
7332,218,2026-01-11,7348.14,2026-02-10
7333,718,2026-01-17,1438.31,2026-02-16
7334,999,2026-02-04,8710.76,2026-03-06
7335,824,2026-08-01,2797.82,2026-09-15
7336,360,2025-11-09,8200.35,2025-12-09
7337,385,2026-07-01,2925.93,2026-07-31
7338,56,2025-09-15,8847.21,2025-10-15
7339,118,2026-04-23,4807.98,2026-06-07
7340,900,2026-03-31,2377.16,2026-04-30
7341,253,2026-06-17,3519.83,2026-08-16
7342,798,2025-10-30,12992.49,2025-11-29
7343,780,2026-05-10,5211.67,2026-06-09
7344,803,2025-09-02,3466.03,2025-10-17
7345,845,2026-04-24,12451.83,2026-06-08
7346,180,2026-08-02,9910.27,2026-09-01
7347,415,2025-09-19,2552.97,2025-10-19
7348,870,2025-10-19,4245.44,2025-12-18
7349,235,2025-11-17,1220.71,2025-12-17
7350,855,2025-09-28,10044.25,2025-10-28
7351,708,2025-10-18,5016.29,2025-12-02
7352,820,2025-12-05,8546.88,2026-01-04
7353,80,2026-02-12,1065.83,2026-03-14
7354,647,2026-08-31,3993.84,2026-10-15
7355,22,2026-02-23,5717.37,2026-04-09
7356,477,2025-11-12,918.37,2025-12-12
7357,843,2026-08-22,8452.99,2026-09-21
7358,440,2025-09-29,3860.0,2025-11-13
7359,737,2026-02-04,1228.34,2026-04-05
7360,570,2026-07-11,3312.93,2026-08-25
7361,93,2026-07-01,7205.06,2026-08-30
7362,192,2026-06-06,2408.37,2026-07-06
7363,103,2026-06-10,4820.61,2026-07-10
7364,396,2025-09-07,3535.77,2025-10-07
7365,7,2026-07-02,1014.26,2026-08-01
7366,640,2026-03-01,8235.93,2026-04-30
7367,567,2025-12-18,9541.27,2026-01-17
7368,231,2026-07-21,12533.73,2026-08-20
7369,874,2026-03-25,5036.18,2026-05-09
7370,574,2026-04-22,7367.81,2026-06-06
7371,240,2026-03-06,1374.66,2026-04-05
7372,90,2026-07-26,6058.96,2026-09-09
7373,232,2026-08-23,3877.06,2026-09-22
7374,457,2025-09-08,4701.46,2025-11-07
7375,233,2025-10-23,2045.34,2025-11-22
7376,354,2026-03-18,12275.05,2026-04-17
7377,333,2026-01-15,1334.64,2026-03-01
7378,439,2026-05-17,6215.51,2026-06-16
7379,375,2026-07-31,2399.91,2026-09-14
7380,292,2026-02-19,27229.95,2026-03-21
7381,345,2025-11-25,8720.97,2026-01-09
7382,664,2025-10-16,4887.3,2025-11-15
7383,428,2026-08-12,2197.02,2026-09-11
7384,657,2026-03-05,10190.56,2026-04-04
7385,130,2026-02-03,367.05,2026-03-05
7386,141,2025-09-09,6798.99,2025-10-09
7387,415,2025-12-24,7521.32,2026-01-23
7388,93,2026-02-01,7176.61,2026-04-02
7389,626,2026-01-08,9773.9,2026-02-07
7390,284,2026-07-28,3181.84,2026-09-26
7391,956,2025-11-20,7759.28,2025-12-20
7392,923,2026-06-17,2925.44,2026-07-17
7393,655,2026-01-25,2573.15,2026-02-24
7394,223,2026-06-22,2189.25,2026-08-06
7395,744,2026-05-27,4087.18,2026-07-26
7396,463,2026-01-11,12163.23,2026-02-25
7397,545,2025-10-20,19717.35,2025-11-19
7398,276,2025-09-23,4027.32,2025-10-23
7399,682,2025-11-27,2984.59,2025-12-27
7400,140,2025-12-21,14483.11,2026-01-20
7401,357,2025-12-20,7072.26,2026-01-19
7402,713,2025-11-11,5117.6,2025-12-11
7403,23,2026-02-01,2064.34,2026-03-03
7404,968,2025-10-27,15717.89,2025-11-26
7405,736,2026-05-15,5389.14,2026-06-14
7406,880,2026-02-03,5000.64,2026-03-20
7407,270,2025-12-22,7712.0,2026-01-21
7408,859,2026-07-15,5088.36,2026-08-29
7409,665,2025-10-17,16267.14,2025-11-16
7410,333,2026-04-26,11233.26,2026-06-10
7411,85,2026-07-31,3191.12,2026-08-30
7412,621,2025-12-15,5359.97,2026-01-14
7413,31,2026-03-06,3130.22,2026-04-05
7414,741,2026-02-06,22667.43,2026-03-08
7415,240,2026-03-17,2804.25,2026-04-16
7416,890,2026-02-24,4545.85,2026-04-10
7417,363,2026-05-19,6689.77,2026-07-03
7418,822,2026-06-14,7493.33,2026-07-14
7419,389,2026-06-20,8577.15,
7420,653,2026-08-01,9489.74,2026-08-31
7421,668,2026-01-21,8703.51,2026-02-20
7422,299,2026-07-05,3536.22,2026-08-04
7423,857,2026-03-16,3229.58,2026-04-15
7424,371,2026-04-13,5155.28,2026-05-13
7425,99,2025-10-13,3215.81,2025-11-27
7426,47,2026-01-29,2954.3,2026-03-15
7427,999,2026-06-23,3567.58,2026-07-23
7428,839,2025-11-02,26873.63,
7429,422,2026-01-08,17192.89,2026-02-07
7430,480,2026-05-13,4129.24,2026-06-12
7431,579,2026-08-09,957.17,2026-09-08
7432,62,2026-04-02,3118.04,2026-05-02
7433,109,2025-11-12,10109.29,2025-12-27
7434,679,2025-12-13,1429.05,2026-01-12
7435,549,2026-02-05,8105.25,2026-03-07
7436,119,2026-05-30,7699.91,2026-06-29
7437,598,2026-07-12,5069.78,
7438,382,2026-04-26,4851.82,2026-05-26
7439,392,2026-06-30,2424.87,2026-07-30
7440,977,2026-02-05,8731.15,2026-03-22
7441,52,2025-12-18,6406.86,2026-01-17
7442,603,2025-09-09,3403.95,2025-11-08
7443,289,2026-07-18,2668.26,2026-08-17
7444,337,2025-10-29,1924.56,2025-11-28
7445,810,2026-08-24,6730.54,2026-09-23
7446,204,2026-03-11,4253.08,2026-04-10
7447,880,2026-01-14,4296.67,2026-02-28
7448,238,2026-05-09,1434.04,2026-06-08
7449,382,2026-01-24,2081.94,2026-02-23
7450,667,2026-08-13,1908.44,2026-10-12
7451,752,2026-08-18,9248.29,2026-09-17
7452,136,2025-10-28,5736.21,2025-11-27
7453,407,2026-02-24,3987.05,2026-03-26
7454,508,2026-06-15,12108.25,2026-07-15
7455,362,2026-05-03,10812.89,2026-07-02
7456,381,2025-10-18,12107.03,2025-12-02
7457,881,2026-06-28,4119.79,2026-08-27
7458,576,2026-08-22,1612.75,2026-10-06
7459,635,2025-12-09,19582.52,2026-02-07
7460,254,2026-04-01,7604.99,2026-05-01
7461,477,2026-06-29,7732.13,2026-07-29
7462,114,2026-02-12,8586.0,2026-03-14
7463,20,2026-01-04,45615.01,2026-02-03
7464,528,2026-06-29,4613.96,2026-07-29
7465,145,2025-12-30,15778.12,2026-02-28
7466,208,2025-11-27,2527.79,2025-12-27
7467,531,2026-04-05,9598.66,2026-05-05
7468,376,2025-10-31,20825.78,2025-11-30
7469,504,2026-06-29,4815.64,2026-08-13
7470,904,2026-02-26,1077.13,2026-03-28
7471,166,2026-03-09,7869.92,2026-04-08
7472,550,2026-02-10,4203.47,2026-03-12
7473,181,2025-11-20,9824.16,2025-12-20
7474,861,2026-02-17,3442.88,2026-04-03
7475,617,2026-06-28,33767.65,2026-07-28
7476,612,2026-03-15,5444.38,2026-04-29
7477,602,2026-03-22,9414.97,2026-04-21
7478,927,2025-10-17,2247.2,2025-11-16
7479,812,2026-02-05,1953.03,2026-03-07
7480,444,2026-03-13,1771.7,2026-04-27
7481,332,2026-06-06,1781.26,2026-07-06
7482,503,2026-07-14,8603.84,2026-08-13
7483,913,2026-05-27,3086.47,2026-06-26
7484,79,2026-03-18,1810.16,2026-04-17
7485,585,2026-04-12,2863.62,2026-05-12
7486,935,2026-05-21,8778.88,2026-06-20
7487,938,2026-02-13,8605.38,2026-03-15
7488,688,2026-02-27,11100.16,2026-04-28
7489,396,2026-03-11,3991.69,2026-04-10
7490,608,2026-04-04,24708.19,2026-05-04
7491,857,2026-06-11,11882.28,2026-07-11
7492,103,2026-08-18,1954.46,2026-09-17
7493,402,2025-12-16,9574.94,2026-01-30
7494,975,2025-12-07,5077.02,2026-01-06
7495,224,2026-04-18,4381.44,2026-05-18
7496,518,2026-05-15,5039.53,2026-06-14
7497,634,2025-10-13,2934.9,2025-11-12
7498,236,2026-04-30,11208.08,2026-05-30
7499,427,2025-10-12,3148.26,2025-11-11
7500,116,2025-12-04,3194.1,2026-01-18
7501,163,2026-05-12,9185.19,2026-06-11
7502,226,2026-03-07,28383.81,2026-04-21
7503,230,2026-07-04,3359.86,2026-08-03
7504,182,2026-02-14,1844.52,2026-03-16
7505,249,2026-05-29,12444.93,2026-06-28
7506,318,2026-01-03,5844.33,2026-02-02
7507,965,2026-02-08,7473.16,2026-03-10
7508,210,2025-11-26,5139.22,2025-12-26
7509,656,2026-07-06,8039.07,2026-09-04
7510,392,2026-04-14,6689.56,2026-05-14
7511,857,2026-01-23,3289.28,2026-02-22
7512,96,2026-08-11,8780.56,2026-09-10
7513,894,2026-05-06,7459.72,2026-06-05
7514,858,2026-08-28,3715.37,2026-10-12
7515,756,2025-09-06,4353.69,2025-10-06
7516,86,2025-10-01,2666.4,2025-10-31
7517,415,2026-03-16,-7235.13,2026-04-15
7518,394,2026-04-20,7298.72,2026-06-04
7519,696,2026-06-23,4847.4,2026-07-23
7520,633,2026-07-22,2010.65,2026-08-21
7521,844,2026-01-13,991.45,2026-02-12
7522,501,2025-09-13,4155.05,2025-10-13
7523,604,2025-09-04,6041.97,2025-10-04
7524,582,2026-02-25,8374.4,2026-03-27
7525,916,2026-04-22,12375.06,2026-05-22
7526,133,2026-05-17,3757.49,2026-06-16
7527,791,2026-01-18,1410.26,2026-03-04
7528,649,2025-11-04,3315.13,2025-12-04
7529,314,2026-06-10,28675.73,2026-07-10
7530,699,2026-08-29,18630.96,2026-09-28
7531,221,2026-07-03,7042.12,2026-08-02
7532,976,2026-03-24,3540.09,2026-04-23
7533,438,2025-09-17,4647.9,2025-11-01
7534,46,2026-03-19,19711.41,2026-04-18
7535,790,2025-10-02,5914.64,2025-11-16
7536,192,2026-03-31,3687.81,2026-04-30
7537,520,2026-05-31,14446.29,2026-07-15
7538,379,2026-06-17,1052.64,2026-08-01
7539,788,2026-06-18,2238.46,2026-07-18
7540,691,2026-04-22,2626.04,2026-06-21
7541,334,2026-03-01,11142.19,2026-04-30
7542,39,2026-01-24,3192.53,2026-03-10
7543,293,2025-10-20,1210.48,2025-11-19
7544,690,2025-12-12,2873.96,
7545,162,2025-10-03,3430.39,2025-11-17
7546,331,2025-11-28,4737.18,2026-01-12
7547,886,2026-08-07,5540.16,2026-09-06
7548,104,2026-07-12,10843.62,2026-08-11
7549,161,2026-04-29,3895.46,2026-05-29
7550,799,2026-05-24,3136.89,2026-06-23
7551,635,2026-04-11,5190.32,2026-06-10
7552,54,2026-04-24,6071.2,2026-06-08
7553,940,2026-01-31,3090.63,2026-03-02
7554,34,2025-10-27,1280.21,2025-11-26
7555,242,2026-07-19,3378.79,2026-09-02
7556,967,2025-12-21,9538.98,2026-01-20
7557,890,2025-09-15,4694.47,2025-10-30
7558,113,2026-05-27,13524.71,2026-07-11
7559,318,2025-12-23,7474.38,2026-01-22
7560,23,2026-05-10,3277.57,2026-06-09
7561,558,2026-01-20,16194.45,2026-03-06
7562,824,2025-12-23,2494.76,2026-02-06
7563,647,2026-06-17,1309.06,2026-08-01
7564,118,2026-08-23,6584.38,2026-10-07
7565,985,2025-09-25,2670.69,2025-10-25
7566,701,2026-07-07,4778.36,2026-08-06
7567,643,2026-05-13,2120.94,2026-06-12
7568,934,2026-05-26,5018.2,2026-07-10
7569,212,2026-01-04,7368.94,2026-02-03
7570,418,2026-05-08,8293.74,2026-06-07
7571,113,2026-06-14,2011.37,2026-07-29
7572,44,2026-07-31,1692.39,2026-09-14
7573,128,2025-10-23,6871.78,2025-11-22
7574,876,2025-10-13,3690.56,2025-11-12
7575,158,2026-02-13,3202.81,2026-03-15
7576,785,2025-10-12,4551.05,2025-11-11
7577,827,2026-02-23,4362.79,2026-04-24
7578,394,2025-11-06,6743.64,2025-12-21
7579,867,2025-11-05,7384.97,2025-12-20
7580,852,2025-11-22,10985.23,2026-01-06
7581,512,2026-08-16,4066.8,2026-09-30
7582,914,2025-12-14,11090.13,2026-01-13
7583,45,2026-06-14,8000.08,2026-07-14
7584,108,2026-03-05,10052.86,2026-04-04
7585,219,2026-06-11,2062.71,2026-07-11
7586,443,2025-09-04,4604.3,2025-10-19
7587,830,2026-01-16,22774.21,2026-03-02
7588,315,2026-02-26,1669.44,2026-03-28
7589,177,2026-04-25,20961.08,2026-05-25
7590,228,2025-09-18,20231.98,2025-11-02
7591,703,2026-06-30,8980.07,2026-08-29
7592,983,2025-09-09,1702.4,2025-10-24
7593,672,2025-09-29,4204.57,2025-10-29
7594,906,2026-01-22,9426.18,2026-02-21
7595,267,2026-08-14,1731.16,2026-09-13
7596,870,2026-01-27,8588.49,2026-03-28
7597,838,2025-11-03,5451.17,2025-12-18
7598,379,2026-03-06,3171.61,2026-04-20
7599,489,2026-04-15,2042.28,2026-05-15
7600,702,2025-12-27,16065.56,2026-02-10
7601,687,2026-08-22,9307.85,2026-09-21
7602,290,2026-05-12,4381.9,2026-06-26
7603,996,2025-10-01,5141.25,2025-10-31
7604,357,2026-02-08,4035.68,2026-03-10
7605,657,2026-04-03,1177.35,2026-05-03
7606,744,2026-02-16,14016.42,2026-04-17
7607,872,2025-11-20,5956.67,2025-12-20
7608,950,2025-10-16,10728.92,2025-11-15
7609,204,2025-10-19,3476.6,2025-11-18
7610,213,2026-06-25,5382.48,2026-08-09
7611,552,2026-06-10,6458.37,2026-07-10
7612,787,2025-11-27,11408.56,2026-01-26
7613,323,2025-12-30,20985.57,2026-01-29
7614,594,2025-09-03,3782.7,2025-10-03
7615,181,2026-07-13,3786.13,2026-08-12
7616,499,2026-04-15,4107.73,2026-05-15
7617,320,2025-11-18,3103.09,2025-12-18
7618,83,2026-01-23,41538.0,2026-02-22
7619,303,2026-04-30,1302.35,2026-05-30
7620,262,2025-10-02,42886.46,2025-11-01
7621,784,2026-05-21,8334.26,2026-06-20
7622,200,2026-03-30,4680.36,2026-04-29
7623,240,2025-11-10,2558.27,2025-12-10
7624,914,2026-03-16,4840.73,2026-04-15
7625,692,2025-10-28,3184.96,2025-12-12
7626,944,2025-12-21,15085.37,2026-01-20
7627,683,2025-10-18,8283.46,2025-12-02
7628,295,2026-03-04,19032.94,2026-04-03
7629,512,2026-07-24,3963.44,2026-09-07
7630,689,2026-02-12,5598.57,2026-03-14
7631,881,2026-04-03,4625.18,2026-06-02
7632,396,2026-07-28,3707.62,2026-08-27
7633,749,2026-07-27,2195.05,2026-08-26
7634,138,2025-12-30,8890.09,2026-02-13
7635,839,2026-04-01,6568.34,2026-05-01
7636,878,2026-07-08,4814.58,2026-08-22
7637,823,2025-10-11,7476.71,2025-11-25
7638,129,2026-08-19,3595.65,2026-09-18
7639,49,2026-06-16,5061.17,2026-07-16
7640,676,2026-02-15,9964.85,2026-03-17
7641,789,2025-10-04,11115.67,2025-11-03
7642,293,2026-07-15,16979.18,2026-08-14
7643,628,2026-06-02,2058.12,2026-07-02
7644,536,2026-03-16,2314.83,2026-04-30
7645,311,2026-03-10,1989.53,2026-04-09
7646,537,2026-04-09,2976.85,
7647,903,2025-09-10,3823.93,2025-10-25
7648,639,2025-12-29,7092.84,2026-01-28
7649,234,2026-01-01,12693.34,2026-01-31
7650,209,2026-05-05,3648.63,2026-06-04
7651,605,2026-08-26,7913.86,2026-09-25
7652,94,2026-04-09,13899.24,2026-05-09
7653,327,2026-05-19,3473.74,2026-07-18
7654,225,2025-10-28,3992.43,2025-11-27
7655,967,2026-07-12,5271.58,2026-08-11
7656,890,2026-01-06,1308.58,2026-02-20
7657,792,2026-03-06,7526.85,2026-04-05
7658,11,2026-03-24,1907.05,2026-05-23
7659,329,2025-11-25,9404.64,2026-01-24
7660,12,2025-12-13,3541.97,2026-01-12
7661,35,2026-01-21,3323.84,2026-02-20
7662,447,2026-03-24,2285.34,2026-04-23
7663,452,2026-01-07,7707.84,2026-02-06
7664,740,2026-05-04,7667.72,2026-06-18
7665,220,2025-10-08,3474.03,2025-11-07
7666,441,2026-08-29,21063.79,2026-10-13
7667,653,2025-12-18,5139.09,2026-01-17
7668,535,2026-07-06,4944.48,2026-08-05
7669,595,2025-10-22,5242.94,2025-11-21
7670,229,2025-09-01,2901.37,2025-10-01
7671,935,2025-09-11,2257.73,2025-10-11
7672,344,2026-07-11,3708.45,2026-08-25
7673,80,2026-04-23,8303.07,2026-05-23
7674,353,2026-01-06,1136.99,2026-03-07
7675,396,2026-04-02,1506.54,2026-05-02
7676,290,2026-05-01,3075.28,2026-06-15
7677,455,2025-10-14,1190.26,2025-12-13
7678,843,2025-09-06,1609.74,2025-10-06
7679,671,2026-02-03,9554.46,2026-03-05
7680,989,2025-09-08,3521.29,2025-10-08
7681,128,2025-09-05,2541.41,2025-10-05
7682,702,2026-08-28,5592.37,2026-10-12
7683,909,2026-03-01,5481.78,
7684,543,2025-12-21,12693.89,2026-01-20
7685,898,2026-05-31,1204.19,2026-06-30
7686,359,2026-05-23,2382.83,2026-06-22
7687,527,2026-03-31,3101.32,2026-05-30
7688,313,2025-11-17,6836.99,2025-12-17
7689,75,2026-05-28,50549.55,2026-07-12
7690,546,2026-02-01,7992.81,2026-03-03
7691,871,2026-04-09,4041.99,2026-05-09
7692,196,2026-08-13,1894.23,2026-09-12
7693,843,2025-09-25,1713.78,2025-10-25
7694,29,2026-08-20,10298.05,2026-09-19
7695,706,2026-03-27,2647.5,2026-04-26
7696,16,2025-09-03,3766.59,2025-10-03
7697,423,2026-04-03,18826.27,2026-05-03
7698,589,2025-12-21,1268.38,2026-01-20
7699,805,2026-03-11,6207.91,2026-04-10
7700,593,2025-10-17,2426.69,2025-11-16
7701,405,2026-04-09,18512.66,2026-06-08
7702,940,2026-03-06,2359.8,2026-04-05
7703,636,2025-10-20,8538.38,2025-12-19
7704,531,2026-03-16,1176.91,2026-04-15
7705,967,2026-04-04,17323.44,2026-05-04
7706,614,2026-04-09,10435.54,2026-05-09
7707,904,2025-11-29,3204.27,2025-12-29
7708,77,2026-04-20,6847.09,2026-06-04
7709,229,2026-07-20,10754.23,2026-08-19
7710,962,2026-05-16,5650.27,2026-06-15
7711,297,2026-01-31,3664.16,2026-03-02
7712,510,2026-05-14,4622.65,2026-06-28
7713,715,2026-05-16,5460.05,2026-06-15
7714,984,2025-11-04,5230.53,2025-12-04
7715,966,2026-03-09,7078.44,2026-04-08
7716,573,2025-11-30,2208.78,2025-12-30
7717,538,2026-02-20,2976.88,2026-04-21
7718,583,2026-05-05,3659.42,2026-06-19
7719,615,2026-05-14,7288.08,2026-06-13
7720,979,2025-12-25,1472.54,2026-01-24
7721,326,2025-10-19,5655.11,2025-11-18
7722,363,2026-04-15,9337.75,2026-05-30
7723,669,2025-11-08,5197.4,2025-12-08
7724,875,2026-01-04,5310.09,2026-02-18
7725,359,2026-04-01,3925.27,2026-05-01
7726,706,2025-10-23,5255.26,2025-11-22
7727,787,2025-12-21,3513.29,2026-02-19
7728,324,2026-02-06,4376.86,2026-03-23
7729,698,2026-04-28,3511.75,2026-05-28
7730,326,2026-01-28,4331.59,2026-02-27
7731,625,2026-01-17,3878.19,2026-02-16
7732,825,2025-12-22,1943.49,2026-01-21
7733,165,2026-01-21,1499.24,2026-02-20
7734,573,2026-01-16,5327.17,2026-02-15
7735,604,2026-07-01,8105.49,2026-07-31
7736,798,2025-10-01,17336.84,2025-10-31
7737,455,2026-06-20,12031.06,2026-08-19
7738,969,2025-12-17,10306.86,2026-02-15
7739,153,2026-06-11,6006.33,2026-08-10
7740,737,2026-02-06,5500.43,2026-04-07
7741,127,2026-07-23,2659.42,2026-08-22
7742,193,2025-09-14,2429.4,2025-10-14
7743,627,2025-12-31,5823.18,2026-01-30
7744,774,2026-04-03,2563.68,2026-05-18
7745,530,2026-05-30,4650.49,2026-06-29
7746,10,2025-09-25,677.89,2025-10-25
7747,92,2026-07-19,7265.59,2026-08-18
7748,139,2026-06-21,2185.06,2026-07-21
7749,481,2026-02-16,1595.54,2026-03-18
7750,449,2025-12-12,8912.05,2026-01-11
7751,333,2026-08-20,10803.8,2026-10-04
7752,869,2025-10-10,4673.29,2025-11-09
7753,340,2026-04-23,2817.2,2026-05-23
7754,961,2026-07-17,8882.32,2026-09-15
7755,52,2025-11-28,2702.66,2025-12-28
7756,707,2025-12-09,4407.59,2026-02-07
7757,466,2026-01-22,14703.5,2026-02-21
7758,718,2025-11-21,6750.73,2025-12-21
7759,799,2025-11-16,4818.74,2025-12-16
7760,475,2025-10-29,4009.73,2025-11-28
7761,401,2026-04-17,5178.42,2026-05-17
7762,439,2025-11-30,6185.72,2025-12-30
7763,878,2026-08-20,2032.0,2026-10-04
7764,605,2025-09-01,13145.03,2025-10-01
7765,932,2026-05-27,3465.74,2026-06-26
7766,997,2026-06-13,4245.32,2026-07-13
7767,922,2026-03-16,-9586.3,2026-04-15
7768,821,2026-06-01,4464.96,2026-07-01
7769,657,2025-11-17,10117.42,2025-12-17
7770,598,2026-01-19,4815.39,2026-02-18
7771,509,2026-06-15,5413.55,2026-07-15
7772,153,2025-11-10,5940.16,2026-01-09
7773,514,2025-10-20,6743.39,2025-11-19
7774,503,2025-11-19,7822.79,2025-12-19
7775,854,2026-04-23,11600.33,2026-06-07
7776,901,2026-06-14,11062.24,2026-07-29
7777,772,2026-07-04,2650.68,2026-08-18
7778,676,2026-02-02,16003.37,2026-03-04
7779,6,2025-10-30,1282.78,2025-12-14
7780,500,2025-10-03,3017.64,2025-11-02
7781,661,2026-01-05,4478.14,2026-02-04
7782,717,2026-04-09,1966.84,2026-05-24
7783,118,2026-03-19,6254.47,2026-05-03
7784,485,2026-01-04,9036.99,2026-02-03
7785,601,2025-10-11,2827.35,2025-11-25
7786,666,2026-06-02,7244.17,2026-07-02
7787,951,2026-06-24,9766.09,2026-07-24
7788,679,2025-11-24,1062.92,2025-12-24
7789,468,2025-11-28,5747.89,2025-12-28
7790,161,2025-10-12,6740.17,2025-11-11
7791,270,2025-12-29,2400.48,2026-01-28
7792,56,2026-06-06,1922.24,2026-07-06
7793,228,2025-10-03,2884.12,2025-11-17
7794,849,2026-06-03,4305.06,2026-07-03
7795,149,2026-01-31,2742.6,2026-03-17
7796,46,2025-11-29,7798.21,2025-12-29
7797,144,2025-12-13,7031.12,2026-01-12
7798,750,2025-09-12,6754.3,2025-10-12
7799,784,2026-02-07,13680.8,2026-03-09
7800,632,2026-03-15,8379.56,2026-04-29
7801,340,2026-07-04,6272.33,2026-08-03
7802,413,2026-05-20,1877.1,2026-07-04
7803,732,2025-11-30,12621.87,2025-12-30
7804,520,2026-03-16,13773.86,2026-04-30
7805,344,2025-11-08,3842.68,2025-12-23
7806,387,2026-04-08,2616.88,2026-06-07
7807,473,2026-04-02,9144.03,2026-06-01
7808,275,2026-01-24,1165.52,2026-02-23
7809,353,2026-04-21,6876.59,2026-06-20
7810,66,2026-04-22,16558.0,2026-05-22
7811,79,2026-04-02,3685.89,2026-05-02
7812,598,2025-10-31,6069.02,2025-11-30
7813,636,2026-08-29,5420.9,2026-10-28
7814,202,2025-11-17,11520.1,2026-01-01
7815,978,2025-12-04,5443.02,2026-02-02
7816,662,2026-07-27,3801.01,2026-08-26
7817,558,2026-04-04,1483.01,2026-05-19
7818,113,2026-04-01,5391.56,
7819,91,2026-07-01,4728.4,2026-07-31
7820,141,2026-03-19,981.95,2026-04-18
7821,289,2026-08-18,2234.74,2026-09-17
7822,901,2025-10-01,3099.77,2025-11-15
7823,730,2026-06-17,3100.29,2026-07-17
7824,589,2026-08-09,4888.4,2026-09-08
7825,411,2026-01-13,4579.64,2026-02-27
7826,377,2025-11-22,4755.18,2026-01-06
7827,384,2025-10-17,30481.04,2025-12-16
7828,846,2026-03-25,3512.4,2026-05-09
7829,152,2025-11-16,2494.13,2025-12-16
7830,835,2026-05-17,17514.57,2026-06-16
7831,751,2025-12-01,16128.55,2025-12-31
7832,627,2025-12-09,2103.62,2026-01-08
7833,319,2026-03-14,13199.51,2026-04-13
7834,369,2026-03-11,1141.22,2026-04-10
7835,606,2025-11-07,49687.32,2025-12-22
7836,995,2026-04-30,20815.72,2026-06-14
7837,560,2025-11-29,7652.14,2025-12-29
7838,703,2026-08-11,9937.29,2026-10-10
7839,462,2025-09-10,7130.71,2025-10-25
7840,12,2026-05-22,2951.2,2026-06-21
7841,156,2026-05-26,13013.26,2026-07-10
7842,684,2026-07-17,14796.11,2026-09-15
7843,477,2025-12-27,2794.44,2026-01-26
7844,939,2026-05-08,4873.6,2026-07-07
7845,401,2025-10-29,1864.31,2025-11-28
7846,808,2026-03-14,4812.99,2026-05-13
7847,177,2025-10-20,4036.38,2025-11-19
7848,341,2026-06-23,13618.5,2026-07-23
7849,57,2025-12-06,17995.3,2026-01-05
7850,855,2026-01-05,2135.1,2026-02-04
7851,852,2026-05-04,9251.15,2026-06-18
7852,448,2025-11-26,10106.35,2025-12-26
7853,203,2025-11-16,1235.09,2025-12-16
7854,697,2026-03-23,10820.49,2026-04-22
7855,633,2026-01-24,1532.56,2026-02-23
7856,738,2026-01-27,3321.64,2026-03-28
7857,202,2025-12-20,2431.8,2026-02-03
7858,330,2026-01-07,1422.69,2026-02-06
7859,363,2026-05-11,12091.12,2026-06-25
7860,892,2026-02-13,2352.96,2026-03-15
7861,454,2026-06-24,3641.54,2026-08-08
7862,356,2026-01-15,4972.79,2026-02-14
7863,216,2026-06-06,9059.63,2026-08-05
7864,972,2026-07-31,2303.73,2026-09-14
7865,555,2025-09-11,7384.84,2025-10-11
7866,887,2025-11-10,4156.42,2026-01-09
7867,23,2026-02-06,2232.18,2026-03-08
7868,155,2026-04-04,11311.77,2026-05-19
7869,186,2025-09-26,26369.36,2025-10-26
7870,249,2026-06-13,5886.09,2026-07-13
7871,749,2026-02-09,3071.8,2026-03-11
7872,805,2025-12-11,2775.62,2026-01-10
7873,134,2025-11-08,9531.27,2026-01-07
7874,321,2026-01-11,5054.38,2026-02-10
7875,390,2026-03-08,2137.37,2026-04-07
7876,434,2026-03-30,1290.31,2026-04-29
7877,22,2026-05-01,6782.93,2026-06-15
7878,873,2026-02-13,1816.97,2026-03-15
7879,600,2025-10-31,3623.3,2025-12-15
7880,665,2026-08-28,18401.07,2026-09-27
7881,125,2026-06-06,2571.6,2026-07-06
7882,79,2025-12-22,11616.01,2026-01-21
7883,858,2025-09-30,2208.86,2025-11-14
7884,968,2026-07-20,10066.25,2026-08-19
7885,51,2026-02-08,7921.24,2026-03-25
7886,728,2026-04-22,7388.91,2026-06-06
7887,176,2026-08-05,3072.56,2026-10-04
7888,870,2026-02-17,8322.38,2026-04-18
7889,253,2026-07-15,6747.03,2026-09-13
7890,966,2026-03-05,22641.68,2026-04-04
7891,246,2025-10-27,3054.68,2025-12-26
7892,739,2026-04-28,13988.43,2026-05-28
7893,106,2026-05-15,2432.54,2026-06-29
7894,193,2026-08-24,4130.51,2026-09-23
7895,316,2026-03-20,3000.06,2026-04-19
7896,302,2026-07-22,3363.84,2026-08-21
7897,548,2026-07-12,4408.5,2026-09-10
7898,954,2026-06-29,15844.72,2026-07-29
7899,716,2025-12-15,7204.83,2026-01-14
7900,934,2026-06-17,13419.38,2026-08-01
7901,779,2025-12-10,5058.64,2026-01-09
7902,268,2025-12-06,13952.05,2026-01-05
7903,170,2026-01-31,5995.72,2026-03-02
7904,551,2025-09-29,2659.22,2025-10-29
7905,455,2026-01-31,11637.57,2026-04-01
7906,651,2025-11-12,16388.17,2025-12-12
7907,292,2026-05-12,8331.9,2026-06-11
7908,564,2025-09-04,9719.57,
7909,799,2026-04-25,13912.12,2026-05-25
7910,801,2025-10-08,4028.52,2025-11-07
7911,141,2025-09-20,2815.34,2025-10-20
7912,146,2025-12-22,6683.19,2026-02-05
7913,425,2025-09-23,19897.59,2025-10-23
7914,314,2026-01-14,6362.3,2026-02-13
7915,184,2026-05-06,8274.7,2026-06-05
7916,664,2026-06-28,5308.04,2026-07-28
7917,713,2025-12-06,6328.71,2026-01-05
7918,128,2025-10-03,3277.31,2025-11-02
7919,287,2026-01-13,7752.78,2026-02-12
7920,823,2026-05-13,10091.22,2026-06-27
7921,253,2026-06-05,1502.94,2026-08-04
7922,778,2026-01-11,1504.6,2026-02-10
7923,700,2026-04-26,1229.18,2026-06-25
7924,386,2025-09-15,16277.82,2025-10-15
7925,230,2026-06-04,2385.96,2026-07-04
7926,271,2026-01-04,6624.8,2026-02-18
7927,771,2026-08-11,20852.02,2026-09-10
7928,811,2025-09-17,6523.8,2025-10-17
7929,415,2026-07-09,7544.91,2026-08-08
7930,198,2025-10-20,2547.05,2025-11-19
7931,323,2026-01-13,6527.39,2026-02-12
7932,56,2025-12-27,2255.48,2026-01-26
7933,831,2026-07-03,1090.67,2026-08-02
7934,203,2025-10-30,5213.81,2025-11-29
7935,783,2026-01-03,6462.98,2026-02-17
7936,621,2025-12-25,3276.35,2026-01-24
7937,628,2026-02-20,2751.48,2026-03-22
7938,604,2026-03-06,4215.18,2026-04-05
7939,138,2025-11-27,2795.61,2026-01-11
7940,422,2026-03-22,9053.93,2026-04-21
7941,815,2026-08-27,7148.59,2026-10-26
7942,57,2026-07-08,18391.17,2026-08-07
7943,562,2026-07-17,3762.3,2026-08-16
7944,71,2026-03-01,5287.24,2026-03-31
7945,911,2026-08-18,5744.84,2026-09-17
7946,914,2026-02-15,3710.04,2026-03-17
7947,594,2026-02-28,1022.91,2026-03-30
7948,372,2026-06-27,7131.7,2026-07-27
7949,617,2026-01-08,32372.05,2026-02-07
7950,600,2026-01-27,11121.97,2026-03-13
7951,514,2026-07-03,23950.45,2026-08-02
7952,872,2026-03-28,10245.87,2026-04-27
7953,84,2025-12-20,4427.63,2026-01-19
7954,994,2026-01-15,8090.61,2026-02-14
7955,43,2026-08-21,11767.63,2026-09-20
7956,666,2026-03-30,1389.46,2026-04-29
7957,839,2026-01-24,7137.02,2026-02-23
7958,934,2025-11-23,4621.37,2026-01-07
7959,606,2025-09-30,16303.73,2025-11-14
7960,810,2025-11-04,6734.87,2025-12-04
7961,133,2025-09-24,698.51,2025-10-24
7962,395,2026-03-30,7108.9,2026-04-29
7963,65,2026-04-10,960.75,2026-05-25
7964,290,2025-11-29,13856.09,2026-01-13
7965,376,2025-12-15,2705.07,2026-01-14
7966,769,2026-02-19,2023.53,2026-04-05
7967,467,2026-04-18,2698.24,2026-05-18
7968,898,2025-11-16,2446.11,2025-12-16
7969,213,2025-11-07,4414.39,2025-12-22
7970,148,2026-08-31,2511.88,2026-09-30
7971,573,2026-08-19,3930.54,2026-09-18
7972,471,2025-12-01,1455.89,2026-01-30
7973,149,2025-11-27,4088.27,2026-01-11
7974,88,2025-10-20,15603.7,2025-12-04
7975,324,2025-12-12,3492.33,2026-01-26
7976,895,2025-10-16,8237.98,2025-11-15
7977,396,2026-02-26,1830.16,2026-03-28
7978,790,2026-05-25,7950.18,2026-07-09
7979,404,2026-05-26,12422.45,2026-06-25
7980,82,2026-07-17,15636.49,2026-08-16
7981,641,2025-09-08,5871.07,2025-10-08
7982,286,2026-05-23,8555.65,2026-06-22
7983,382,2025-11-17,1795.03,2025-12-17
7984,865,2026-04-28,3679.25,2026-06-27
7985,792,2026-05-16,2635.86,2026-06-15
7986,270,2026-03-15,6502.59,2026-04-14
7987,292,2026-07-27,3276.79,2026-08-26
7988,453,2026-01-09,8661.33,2026-02-08
7989,715,2026-08-09,36028.5,2026-09-08
7990,24,2026-05-19,8221.05,2026-07-18
7991,956,2026-04-30,15467.86,2026-05-30
7992,863,2026-02-18,1938.27,2026-03-20
7993,311,2026-01-25,4671.41,2026-02-24
7994,461,2026-05-28,5947.21,2026-06-27
7995,208,2026-01-27,5267.11,2026-02-26
7996,792,2026-06-26,21847.86,2026-07-26
7997,717,2025-09-28,2757.51,2025-11-12
7998,664,2026-01-27,6474.93,2026-02-26
7999,438,2026-06-07,716.53,2026-07-22
8000,538,2026-03-01,7022.9,2026-04-30
8001,706,2026-02-13,7494.51,2026-03-15
8002,336,2025-09-17,4795.3,2025-11-16
8003,422,2026-01-28,6859.81,2026-02-27
8004,750,2026-08-05,3183.07,2026-09-04
8005,321,2025-10-15,1881.79,2025-11-14
8006,497,2026-07-27,2267.34,2026-09-10
8007,587,2026-03-08,2527.89,2026-04-07
8008,947,2026-01-17,1778.12,2026-03-03
8009,163,2025-10-31,1722.85,2025-11-30
8010,811,2026-06-21,2573.81,2026-07-21
8011,541,2026-07-19,3760.51,2026-09-02
8012,165,2025-10-03,5556.34,2025-11-02
8013,849,2026-06-26,1878.2,2026-07-26
8014,698,2025-12-21,2368.72,2026-01-20
8015,566,2026-06-18,3058.81,2026-07-18
8016,295,2025-10-07,7091.81,2025-11-06
8017,42,2025-12-09,1921.93,2026-01-23
8018,924,2025-09-23,3305.63,2025-10-23
8019,285,2026-04-06,10884.75,2026-05-06
8020,939,2025-11-28,2647.83,2026-01-27
8021,387,2026-03-28,1843.41,2026-05-27
8022,138,2026-05-29,4663.02,2026-07-13
8023,187,2026-04-25,2571.45,2026-05-25
8024,910,2026-03-28,548.75,2026-04-27
8025,716,2026-06-05,5863.08,2026-07-05
8026,431,2026-03-25,10030.47,2026-05-24
8027,554,2025-11-17,4911.36,2025-12-17
8028,862,2026-07-25,11518.99,2026-08-24
8029,416,2025-12-07,8370.04,2026-01-06
8030,800,2026-08-12,2523.18,2026-09-11
8031,426,2026-08-31,25765.68,2026-10-15
8032,416,2026-08-16,6464.68,2026-09-15
8033,26,2026-08-02,7040.51,2026-10-01
8034,371,2025-12-03,2258.42,2026-01-02
8035,385,2025-11-19,1451.73,2025-12-19
8036,56,2025-10-08,2101.65,2025-11-07
8037,253,2026-04-16,10438.69,2026-06-15
8038,634,2026-01-12,19645.27,2026-02-11
8039,106,2026-03-15,6299.3,2026-04-29
8040,130,2026-06-09,5384.14,2026-07-09
8041,849,2025-12-10,10839.85,2026-01-09
8042,670,2025-11-14,15095.14,2025-12-14
8043,376,2026-06-21,1564.84,2026-07-21
8044,743,2026-03-27,18389.6,2026-05-11
8045,967,2025-11-22,3687.85,2025-12-22
8046,308,2026-01-21,11900.99,2026-02-20
8047,91,2025-10-26,2128.32,2025-11-25
8048,393,2026-08-27,11429.98,2026-09-26
8049,534,2026-06-14,1588.01,2026-07-14
8050,802,2026-03-30,12261.79,2026-04-29
8051,110,2026-02-26,8365.49,2026-03-28
8052,561,2025-10-28,1421.63,2025-11-27
8053,641,2025-11-12,13870.56,2025-12-12
8054,585,2026-04-03,2290.24,2026-05-03
8055,340,2026-05-24,12475.55,2026-06-23
8056,565,2025-11-12,5612.64,2025-12-12
8057,979,2026-05-29,1844.89,2026-06-28
8058,356,2026-08-20,2223.01,2026-09-19
8059,892,2026-04-22,113485.71,2026-05-22
8060,168,2026-07-16,31668.28,2026-08-15
8061,557,2025-09-19,4224.48,2025-10-19
8062,452,2025-12-22,7022.71,2026-01-21
8063,905,2025-11-02,13090.22,2025-12-02
8064,105,2026-03-03,1778.8,2026-04-02
8065,150,2026-06-04,8683.17,2026-07-04
8066,146,2026-02-09,11014.06,2026-03-26
8067,716,2026-05-01,6678.64,2026-05-31
8068,874,2026-01-23,15213.67,2026-03-09
8069,299,2026-01-24,5649.42,2026-02-23
8070,167,2025-11-20,12105.69,2025-12-20
8071,713,2026-07-19,6040.45,2026-08-18
8072,646,2026-07-18,1465.92,2026-08-17
8073,723,2025-10-13,10597.39,2025-11-12
8074,48,2026-07-10,14168.13,2026-08-09
8075,638,2026-06-20,4430.34,2026-08-19
8076,239,2026-02-23,1712.86,2026-03-25
8077,7,2025-11-08,10013.13,2025-12-08
8078,464,2025-10-26,6440.58,2025-11-25
8079,453,2025-12-28,6341.07,2026-01-27
8080,784,2026-03-23,5816.24,2026-04-22
8081,897,2025-10-25,11196.56,2025-12-09
8082,371,2025-10-08,6295.2,2025-11-07
8083,549,2026-05-01,3419.52,2026-05-31
8084,487,2026-03-20,1373.32,2026-04-19
8085,211,2026-04-24,3456.36,2026-05-24
8086,165,2025-09-15,10351.02,2025-10-15
8087,125,2026-01-22,3825.27,2026-02-21
8088,337,2025-11-16,10336.87,2025-12-16
8089,192,2026-07-06,1612.91,2026-08-05
8090,730,2026-05-21,2225.79,2026-06-20
8091,214,2026-03-04,2124.8,2026-04-03
8092,574,2025-10-25,5571.91,2025-12-09
8093,328,2026-07-05,20969.07,
8094,957,2025-09-04,30110.63,2025-11-03
8095,381,2026-06-26,11651.89,2026-08-10
8096,673,2025-10-10,1044.05,2025-11-09
8097,578,2026-04-18,2739.49,2026-05-18
8098,798,2026-06-13,439.71,2026-07-13
8099,239,2026-01-16,5706.47,2026-02-15
8100,532,2025-12-12,18344.74,2026-01-11
8101,700,2025-09-07,9600.77,2025-11-06
8102,82,2026-02-11,1217.82,2026-03-13
8103,363,2026-08-31,15186.64,2026-10-15
8104,505,2026-06-03,13103.27,2026-07-03
8105,202,2025-10-19,17183.34,2025-12-03
8106,920,2025-12-05,12142.66,2026-01-04
8107,504,2025-10-29,3282.25,2025-12-13
8108,644,2026-04-19,1133.72,2026-05-19
8109,37,2026-02-24,12758.26,2026-04-10
8110,644,2025-11-29,9306.54,2025-12-29
8111,589,2026-06-09,1032.41,2026-07-09
8112,601,2025-10-06,2311.74,2025-11-20
8113,973,2026-02-18,2364.28,2026-03-20
8114,402,2026-01-04,8947.86,2026-02-18
8115,765,2026-06-26,4938.38,2026-07-26
8116,856,2026-08-21,4049.09,2026-10-20
8117,706,2026-03-23,3574.6,2026-04-22
8118,176,2026-06-16,2031.76,2026-08-15
8119,545,2026-08-22,10823.76,2026-09-21
8120,570,2025-12-06,-2795.26,2026-01-20
8121,467,2026-04-26,12671.29,2026-05-26
8122,201,2026-02-20,1640.51,2026-03-22
8123,540,2026-06-28,3373.2,2026-08-27
8124,547,2025-11-27,24078.14,2025-12-27
8125,999,2026-08-17,6032.34,2026-09-16
8126,637,2025-09-17,3377.04,
8127,394,2026-01-18,3025.17,2026-03-04
8128,833,2026-05-12,2494.09,2026-06-11
8129,42,2026-06-05,7187.87,2026-07-20
8130,597,2026-01-29,10260.64,2026-02-28
8131,393,2026-08-12,6113.35,2026-09-11
8132,700,2026-07-31,4768.65,2026-09-29
8133,623,2026-01-18,8090.52,2026-03-04
8134,783,2025-12-23,1625.46,2026-02-06
8135,995,2025-11-07,6765.96,2025-12-22
8136,441,2026-02-26,7079.2,2026-04-12
8137,837,2026-01-03,6192.39,2026-02-02
8138,617,2026-07-10,3206.74,2026-08-09
8139,506,2026-07-08,2689.63,2026-08-07
8140,918,2026-08-04,1766.1,2026-09-18
8141,320,2026-08-29,16214.46,2026-09-28
8142,553,2026-08-24,4782.18,2026-09-23
8143,215,2026-04-21,3562.28,2026-06-05
8144,71,2026-01-25,3295.16,2026-02-24
8145,568,2025-12-20,2326.22,2026-01-19
8146,919,2026-08-29,3257.22,2026-09-28
8147,236,2026-08-24,13176.32,2026-09-23
8148,281,2026-04-26,7963.01,2026-06-10
8149,987,2025-09-03,9701.04,2025-10-03
8150,617,2026-03-30,10771.1,2026-04-29
8151,902,2025-09-25,29058.24,2025-10-25
8152,887,2026-07-28,5112.12,2026-09-26
8153,162,2026-03-03,3550.35,2026-04-17
8154,191,2025-10-31,7093.51,2025-11-30
8155,9,2026-01-01,8401.24,2026-03-02
8156,60,2025-10-25,4865.65,2025-11-24
8157,893,2026-02-10,2445.54,2026-03-27
8158,817,2026-03-06,5802.19,2026-04-05
8159,225,2025-10-09,7729.39,2025-11-08
8160,819,2026-03-04,6601.84,2026-04-18
8161,700,2025-11-22,1149.5,2026-01-21
8162,582,2026-03-14,1401.25,2026-04-13
8163,805,2025-10-04,8871.69,2025-11-03
8164,287,2025-12-22,3712.07,2026-01-21
8165,994,2026-04-18,29639.15,2026-05-18
8166,169,2026-06-10,14619.65,2026-07-25
8167,62,2026-06-14,1812.91,2026-07-14
8168,349,2026-02-02,11366.27,2026-03-04
8169,442,2026-02-12,17991.5,2026-03-14
8170,14,2026-03-01,3501.6,2026-03-31
8171,164,2026-04-27,4666.9,
8172,420,2026-01-15,3225.24,2026-02-14
8173,757,2026-08-05,2036.66,2026-09-04
8174,847,2026-05-24,17655.02,2026-06-23
8175,520,2026-03-06,629.68,2026-04-20
8176,666,2025-10-10,2914.72,2025-11-09
8177,548,2026-07-07,3566.09,2026-09-05
8178,560,2026-02-14,5670.0,2026-03-16
8179,597,2026-05-18,1854.62,2026-06-17
8180,28,2026-01-21,14781.63,2026-02-20
8181,708,2026-03-23,1151.1,2026-05-07
8182,446,2026-02-23,1164.65,2026-03-25
8183,208,2026-05-20,5237.69,2026-06-19
8184,470,2026-05-10,1785.82,2026-06-24
8185,716,2026-07-26,5904.08,2026-08-25
8186,976,2026-03-19,2765.89,2026-04-18
8187,819,2026-03-18,9538.67,2026-05-02
8188,104,2026-03-15,2380.1,2026-04-14
8189,742,2026-07-11,15880.29,2026-08-10
8190,426,2025-11-16,8272.72,2025-12-31
8191,101,2025-09-19,2726.34,2025-10-19
8192,541,2025-11-01,8238.64,2025-12-16
8193,639,2026-07-24,5619.54,2026-08-23
8194,850,2026-06-08,9373.12,2026-07-08
8195,522,2026-05-08,8076.78,2026-06-22
8196,106,2026-04-15,6664.98,2026-05-30
8197,679,2026-01-05,5265.41,2026-02-04
8198,978,2025-10-28,10309.0,2025-12-27
8199,769,2026-03-23,12754.9,2026-05-07
8200,807,2026-05-01,5577.23,2026-05-31
8201,277,2026-07-29,8120.22,2026-08-28
8202,65,2026-07-23,10582.95,2026-09-06
8203,783,2026-05-10,18083.13,2026-06-24
8204,900,2026-07-19,15723.19,2026-08-18
8205,188,2026-03-18,11396.69,2026-05-17
8206,317,2026-08-09,3589.96,2026-10-08
8207,916,2026-04-28,1749.16,2026-05-28
8208,138,2026-01-17,7821.49,2026-03-03
8209,343,2025-12-31,7774.27,2026-01-30
8210,105,2025-10-19,3639.64,2025-11-18
8211,546,2026-07-01,1719.51,2026-07-31
8212,380,2025-12-24,18804.06,2026-01-23
8213,110,2026-08-09,7028.08,2026-09-08
8214,944,2026-05-09,1901.88,2026-06-08
8215,545,2025-09-07,4517.03,2025-10-07
8216,354,2026-04-07,1706.58,2026-05-07
8217,743,2025-11-16,8626.73,2025-12-31
8218,317,2026-02-26,21966.16,2026-04-27
8219,266,2026-01-23,4308.63,2026-02-22
8220,694,2026-02-01,4643.41,2026-03-03
8221,852,2025-12-30,4008.47,2026-02-13
8222,65,2026-01-02,4178.37,2026-02-16
8223,333,2026-01-28,2687.73,2026-03-14
8224,513,2026-05-26,15105.7,2026-06-25
8225,133,2026-07-24,5844.26,2026-08-23
8226,592,2025-09-01,5260.07,2025-10-01
8227,783,2026-02-08,4172.83,2026-03-25
8228,753,2026-05-02,1806.01,2026-06-01
8229,540,2026-05-09,10592.47,2026-07-08
8230,735,2025-11-03,15608.33,2025-12-03
8231,535,2026-06-26,1127.79,2026-07-26
8232,496,2026-05-06,8819.77,2026-06-05
8233,621,2026-06-24,9968.18,2026-07-24
8234,619,2025-12-24,13968.46,2026-02-22
8235,657,2026-06-22,13115.7,2026-07-22
8236,369,2025-09-01,41185.24,2025-10-01
8237,866,2025-10-11,6887.07,2025-11-25
8238,909,2026-02-20,11062.72,2026-03-22
8239,910,2025-11-27,5049.98,2025-12-27
8240,651,2025-12-07,2630.49,2026-01-06
8241,796,2025-11-27,8811.49,2025-12-27
8242,810,2026-05-09,11072.59,
8243,992,2026-08-01,6572.31,2026-08-31
8244,99,2026-01-19,1324.77,2026-03-05
8245,317,2025-11-10,1568.74,2026-01-09
8246,123,2026-01-15,9237.52,2026-02-14
8247,320,2025-12-08,3731.64,2026-01-07
8248,799,2026-01-29,6647.98,2026-02-28
8249,593,2026-02-22,7356.55,2026-03-24
8250,495,2026-02-14,4562.65,2026-03-16
8251,457,2026-08-09,4073.78,2026-10-08
8252,522,2026-05-15,4505.16,2026-06-29
8253,520,2026-04-12,8025.55,2026-05-27
8254,917,2026-07-27,7340.72,2026-08-26
8255,717,2025-11-04,2638.63,2025-12-19
8256,315,2025-11-08,4941.01,2025-12-08
8257,946,2025-11-06,2140.14,2025-12-21
8258,709,2025-10-20,7545.28,2025-11-19
8259,710,2026-07-11,3445.28,2026-08-10
8260,542,2026-07-06,8892.92,2026-08-05
8261,479,2025-11-30,4125.12,2025-12-30
8262,913,2025-12-24,12486.43,2026-01-23
8263,971,2025-10-27,14525.21,2025-11-26
8264,20,2026-08-08,7133.48,2026-09-07
8265,560,2025-09-18,3727.15,2025-10-18
8266,969,2026-05-30,2362.22,2026-07-29
8267,130,2026-01-08,10791.34,2026-02-07
8268,293,2026-05-27,4742.11,2026-06-26
8269,897,2025-11-19,5196.36,2026-01-03
8270,132,2026-06-26,3664.59,2026-08-10
8271,356,2026-07-07,1654.01,2026-08-06
8272,54,2026-03-21,11810.92,2026-05-05
8273,890,2026-04-13,4672.37,2026-05-28
8274,793,2026-02-06,1127.09,2026-03-08
8275,387,2026-03-23,4477.28,2026-05-22
8276,265,2026-01-15,1691.61,2026-02-14
8277,982,2025-11-12,8018.42,2025-12-27
8278,215,2025-10-18,7183.89,2025-12-02
8279,460,2025-09-18,16710.57,2025-10-18
8280,458,2026-05-25,1534.45,
8281,802,2026-08-06,15787.28,2026-09-05
8282,43,2025-09-19,7575.4,2025-10-19
8283,586,2025-12-09,1675.16,2026-01-08
8284,862,2025-12-25,21564.57,2026-01-24
8285,278,2026-08-12,4526.14,2026-09-11
8286,838,2025-11-13,1927.94,2025-12-28
8287,754,2026-06-07,11485.72,2026-07-07
8288,130,2026-05-27,2092.4,2026-06-26
8289,350,2026-01-03,12609.05,2026-02-02
8290,706,2025-12-25,4288.22,2026-01-24
8291,544,2026-02-21,3781.27,2026-04-07
8292,106,2026-02-28,1764.95,2026-04-14
8293,912,2026-04-14,2169.65,2026-05-14
8294,716,2026-02-04,5684.88,2026-03-06
8295,1,2026-02-11,1347.27,2026-03-13
8296,757,2025-11-10,8678.23,2025-12-10
8297,584,2026-04-10,3285.72,2026-05-10
8298,432,2026-01-04,3641.25,2026-02-03
8299,306,2026-01-23,7972.27,2026-02-22
8300,909,2026-02-23,4246.86,2026-03-25
8301,527,2026-01-30,13381.84,2026-03-31
8302,53,2026-03-01,969.62,2026-03-31
8303,940,2026-08-13,9485.84,2026-09-12
8304,520,2025-11-24,5097.29,2026-01-08
8305,330,2026-08-30,2953.92,2026-09-29
8306,558,2025-12-30,10682.76,2026-02-13
8307,325,2026-01-07,7995.64,2026-02-06
8308,114,2025-09-06,6002.1,2025-10-06
8309,147,2026-07-31,4083.58,2026-08-30
8310,166,2026-03-02,2843.58,2026-04-01
8311,379,2025-10-08,2109.15,2025-11-22
8312,139,2025-12-25,14912.3,2026-01-24
8313,629,2025-12-11,9687.41,2026-01-10
8314,299,2025-09-08,7880.26,2025-10-08
8315,276,2026-04-06,3553.17,2026-05-06
8316,916,2026-03-26,25445.84,2026-04-25
8317,789,2025-11-17,2868.76,2025-12-17
8318,850,2025-10-25,3695.0,2025-11-24
8319,825,2026-07-01,21323.32,2026-07-31
8320,178,2026-04-16,4794.7,2026-05-31
8321,842,2025-11-27,20084.04,2025-12-27
8322,354,2025-09-10,6768.73,2025-10-10
8323,154,2026-07-05,3312.21,2026-08-04
8324,926,2026-06-17,4275.03,2026-07-17
8325,201,2026-02-11,2817.9,2026-03-13
8326,878,2026-04-27,8706.8,2026-06-11
8327,115,2026-07-14,13299.8,2026-09-12
8328,671,2026-01-22,7266.67,2026-02-21
8329,554,2026-08-01,6273.55,2026-08-31
8330,759,2025-09-18,2177.22,2025-10-18
8331,68,2025-11-10,11990.95,2025-12-10
8332,445,2026-02-22,9789.94,2026-03-24
8333,445,2026-08-08,6245.82,2026-09-07
8334,326,2026-06-15,3928.82,2026-07-15
8335,846,2026-06-26,5178.74,2026-08-10
8336,708,2026-08-05,2414.58,2026-09-19
8337,602,2026-05-06,1537.23,2026-06-05
8338,623,2026-03-12,3933.62,2026-04-26
8339,880,2026-07-22,2512.85,2026-09-05
8340,359,2026-07-03,3331.19,2026-08-02
8341,145,2026-05-26,3384.06,2026-07-25
8342,275,2026-03-23,4697.44,2026-04-22
8343,509,2026-08-07,4457.03,2026-09-06
8344,179,2026-01-01,434.71,2026-01-31
8345,753,2025-10-28,6604.53,2025-11-27
8346,838,2026-08-05,5554.65,2026-09-19
8347,831,2026-03-20,10787.15,2026-04-19
8348,477,2025-12-21,4213.91,2026-01-20
8349,843,2026-01-06,11905.31,2026-02-05
8350,976,2025-10-06,4423.86,2025-11-05
8351,414,2026-04-22,6563.35,2026-05-22
8352,153,2026-07-07,2400.63,2026-09-05
8353,104,2025-10-17,12407.51,2025-11-16
8354,75,2025-12-24,14146.06,2026-02-07
8355,128,2026-05-13,22558.02,2026-06-12
8356,711,2026-04-11,3239.71,2026-05-26
8357,666,2026-01-02,7638.39,2026-02-01
8358,568,2026-02-07,1580.28,2026-03-09
8359,790,2025-12-05,1104.79,2026-01-19
8360,345,2025-12-16,7847.43,2026-01-30
8361,531,2025-12-29,4568.41,2026-01-28
8362,159,2025-12-10,1788.48,2026-01-09
8363,538,2025-12-12,5770.41,2026-02-10
8364,426,2026-02-13,10552.37,2026-03-30
8365,681,2026-03-05,5258.87,2026-04-04
8366,996,2025-10-02,13359.39,2025-11-01
8367,23,2025-11-05,2947.13,2025-12-05
8368,47,2026-02-26,11889.23,2026-04-12
8369,525,2026-05-25,3678.19,2026-07-24
8370,729,2025-10-07,13377.45,2025-11-06
8371,834,2026-03-20,1808.48,2026-04-19
8372,706,2026-08-24,6013.62,2026-09-23
8373,144,2025-10-19,6003.45,2025-11-18
8374,585,2026-06-02,7323.81,2026-07-02
8375,668,2026-02-15,3774.63,2026-03-17
8376,589,2026-05-21,7062.36,2026-06-20
8377,419,2026-01-11,4266.56,2026-02-10
8378,681,2026-06-25,3281.08,2026-07-25
8379,973,2026-08-10,15498.02,2026-09-09
8380,799,2026-02-23,-5322.08,2026-03-25
8381,85,2025-09-11,1489.4,2025-10-11
8382,416,2026-03-20,2918.34,2026-04-19
8383,694,2026-06-24,15968.66,2026-07-24
8384,482,2025-09-03,2417.06,2025-10-03
8385,456,2026-04-02,7706.88,2026-05-02
8386,827,2026-06-23,2868.54,2026-08-22
8387,297,2026-07-04,1582.29,2026-08-03
8388,112,2025-10-02,7343.4,2025-11-16
8389,962,2025-10-18,3844.21,2025-11-17
8390,230,2026-07-24,17818.92,2026-08-23
8391,96,2026-05-10,12303.37,2026-06-09
8392,950,2026-03-18,13758.33,2026-04-17
8393,680,2025-11-28,11731.85,2025-12-28
8394,378,2025-12-18,8680.23,2026-01-17
8395,156,2026-06-18,1676.64,2026-08-02
8396,421,2025-12-17,4146.54,2026-01-31
8397,105,2025-10-10,8551.76,2025-11-09
8398,705,2025-10-22,3963.44,2025-12-21
8399,330,2025-12-21,4881.44,2026-01-20
8400,439,2026-06-22,8927.42,2026-07-22
8401,132,2025-11-07,11638.09,2025-12-22
8402,867,2026-03-08,2390.17,2026-04-22
8403,382,2026-07-29,8546.06,2026-08-28
8404,138,2026-03-28,7857.02,2026-05-12
8405,943,2025-11-04,2266.74,2026-01-03
8406,843,2025-11-01,3611.96,2025-12-01
8407,270,2026-05-16,5636.06,2026-06-15
8408,550,2026-01-12,15201.54,2026-02-11
8409,396,2025-12-31,3588.15,2026-01-30
8410,557,2026-07-28,6983.58,2026-08-27
8411,913,2026-02-18,12736.24,2026-03-20
8412,464,2026-03-29,22047.13,2026-04-28
8413,675,2026-06-23,5994.85,2026-07-23
8414,450,2025-11-28,917.32,2025-12-28
8415,331,2026-02-14,10466.4,2026-03-31
8416,253,2025-09-28,5919.75,2025-11-27
8417,681,2026-04-26,2543.41,2026-05-26
8418,963,2026-08-02,8831.18,2026-09-01
8419,285,2025-11-02,22235.79,2025-12-02
8420,274,2026-05-13,5909.9,2026-06-12
8421,20,2025-10-11,1366.14,2025-11-10
8422,239,2025-09-29,15874.46,2025-10-29
8423,270,2026-06-06,5091.4,2026-07-06
8424,418,2025-11-19,8841.68,2025-12-19
8425,945,2025-10-21,5254.31,2025-11-20
8426,310,2025-12-21,7202.1,2026-02-19
8427,31,2026-08-27,8516.32,2026-09-26
8428,826,2026-06-28,9535.27,2026-07-28
8429,104,2025-11-29,5622.45,2025-12-29
8430,682,2026-04-17,2720.94,2026-05-17
8431,186,2026-01-28,5837.96,2026-02-27
8432,128,2026-05-01,9395.85,2026-05-31
8433,210,2026-01-16,2736.15,2026-02-15
8434,414,2026-01-13,2062.91,2026-02-12
8435,281,2025-11-28,14524.84,2026-01-12
8436,959,2025-09-15,19350.21,2025-10-15
8437,253,2026-07-30,5155.87,2026-09-28
8438,19,2026-08-28,8088.26,2026-09-27
8439,712,2026-02-21,6753.51,2026-03-23
8440,732,2025-11-29,874.14,2025-12-29
8441,136,2026-04-01,5899.22,2026-05-01
8442,223,2026-08-09,16154.79,2026-09-23
8443,3,2025-10-31,1954.12,2025-11-30
8444,963,2026-08-30,1816.24,2026-09-29
8445,236,2026-04-08,2787.54,2026-05-08
8446,854,2025-10-31,3421.67,2025-12-15
8447,465,2026-07-04,8526.27,2026-08-03
8448,228,2026-02-13,14381.61,2026-03-30
8449,913,2025-09-12,14114.22,2025-10-12
8450,654,2026-04-04,8436.74,2026-05-04
8451,499,2025-11-16,1400.14,2025-12-16
8452,521,2026-04-20,1395.56,2026-05-20
8453,702,2025-12-21,8996.02,2026-02-04
8454,862,2025-11-05,1404.73,2025-12-05
8455,917,2026-03-01,7796.87,2026-03-31
8456,972,2026-03-23,6242.84,2026-05-07
8457,677,2026-03-25,3451.02,2026-04-24
8458,992,2026-06-13,652.03,2026-07-13
8459,139,2025-12-14,5875.92,2026-01-13
8460,276,2026-04-30,7530.21,2026-05-30
8461,291,2026-04-23,3204.49,2026-05-23
8462,53,2026-02-23,2087.34,2026-03-25
8463,687,2026-03-30,6322.45,2026-04-29
8464,110,2025-10-01,1564.59,2025-10-31
8465,715,2026-04-23,8190.1,2026-05-23
8466,948,2026-04-30,11636.1,2026-05-30
8467,648,2026-01-31,1042.19,2026-03-02
8468,4,2026-03-15,-3277.0,2026-04-14
8469,667,2026-05-27,4808.68,2026-07-26
8470,684,2026-02-17,4923.0,2026-04-18
8471,936,2026-08-23,2475.01,2026-09-22
8472,870,2026-07-20,1716.74,2026-09-18
8473,47,2026-08-02,3460.2,2026-09-16
8474,94,2026-04-20,8370.66,2026-05-20
8475,940,2026-03-03,7891.77,2026-04-02
8476,560,2026-08-25,7969.32,2026-09-24
8477,752,2026-06-02,13602.18,2026-07-02
8478,859,2025-10-02,2163.15,2025-11-16
8479,213,2026-02-24,3695.28,2026-04-10
8480,436,2025-11-04,4312.72,2025-12-19
8481,852,2026-03-17,498.3,2026-05-01
8482,508,2025-09-27,5982.46,2025-10-27
8483,836,2026-01-29,4882.73,2026-03-15
8484,651,2026-06-30,2014.47,2026-07-30
8485,205,2026-05-26,10038.95,2026-06-25
8486,381,2025-11-24,9544.08,2026-01-08
8487,73,2025-11-05,6884.7,2025-12-05
8488,516,2026-01-11,1274.27,2026-02-10
8489,76,2025-11-21,2295.68,2025-12-21
8490,841,2026-07-16,6376.8,2026-08-15
8491,77,2026-07-25,3253.96,2026-09-08
8492,816,2025-12-07,4156.93,2026-01-06
8493,768,2025-11-12,2072.0,2025-12-12
8494,410,2026-07-24,5829.69,2026-09-07
8495,614,2025-09-30,16664.33,2025-10-30
8496,106,2026-01-03,6478.11,2026-02-17
8497,845,2026-03-29,10874.65,2026-05-13
8498,551,2026-05-30,10089.83,2026-06-29
8499,476,2026-04-01,3754.24,2026-05-01
8500,826,2026-01-11,4310.22,2026-02-10
8501,275,2026-02-04,16216.03,2026-03-06
8502,88,2025-10-17,8984.21,2025-12-01
8503,723,2026-08-23,10784.76,2026-09-22
8504,881,2026-08-29,5712.86,2026-10-28
8505,77,2025-09-22,3654.18,2025-11-06
8506,77,2025-11-22,4027.87,2026-01-06
8507,442,2026-04-22,15048.26,2026-05-22
8508,540,2025-10-30,4996.76,2025-12-29
8509,245,2026-03-07,13565.87,2026-04-06
8510,578,2025-10-28,15387.36,2025-11-27
8511,778,2026-05-17,10442.93,2026-06-16
8512,382,2026-02-09,9510.11,2026-03-11
8513,982,2026-06-28,19432.78,2026-08-12
8514,717,2026-07-03,2541.99,2026-08-17
8515,570,2025-09-02,3595.24,2025-10-17
8516,713,2026-05-29,1825.68,2026-06-28
8517,737,2026-01-21,1509.05,2026-03-22
8518,142,2026-03-07,4825.84,2026-04-21
8519,893,2026-08-18,6198.42,2026-10-02
8520,368,2026-08-07,7491.18,2026-09-06
8521,84,2026-04-12,2862.26,2026-05-12
8522,143,2026-02-27,3593.03,2026-03-29
8523,352,2025-09-23,9843.68,2025-10-23
8524,545,2026-08-21,1554.31,2026-09-20
8525,913,2025-10-07,5050.96,2025-11-06
8526,152,2025-12-16,14213.48,2026-01-15
8527,158,2026-06-24,4042.87,2026-07-24
8528,446,2026-04-17,3569.8,2026-05-17
8529,653,2026-07-10,13513.72,2026-08-09
8530,958,2025-12-06,1613.57,2026-01-05
8531,763,2026-06-08,2627.98,2026-07-08
8532,303,2025-12-19,2710.01,2026-01-18
8533,624,2025-10-07,8712.94,2025-11-21
8534,656,2025-10-10,1385.68,2025-12-09
8535,450,2025-11-24,13414.44,2025-12-24
8536,721,2026-06-29,4894.68,2026-07-29
8537,224,2026-03-07,11542.95,2026-04-06
8538,43,2026-04-28,13492.01,2026-05-28
8539,264,2026-08-24,2667.01,2026-09-23
8540,756,2026-08-20,5073.89,2026-09-19
8541,3,2025-09-19,4166.1,2025-10-19
8542,637,2026-08-13,4744.95,2026-09-27
8543,268,2026-07-22,3170.08,2026-08-21
8544,596,2026-05-19,12191.88,2026-07-18
8545,16,2026-02-05,4308.5,2026-03-07
8546,334,2026-07-01,3827.2,2026-08-30
8547,464,2025-12-21,12283.73,2026-01-20
8548,59,2026-01-22,9760.81,2026-02-21
8549,177,2026-05-14,6293.23,2026-06-13
8550,63,2025-09-18,3652.92,2025-10-18
8551,958,2026-03-03,16137.19,2026-04-02
8552,561,2026-06-14,2146.76,2026-07-14
8553,307,2026-01-09,11791.09,2026-02-08
8554,246,2026-06-08,8253.19,2026-08-07
8555,289,2026-05-03,1815.42,2026-06-02
8556,798,2025-09-08,5304.53,2025-10-08
8557,955,2026-03-12,1738.19,2026-04-11
8558,332,2026-07-15,3785.27,2026-08-14
8559,527,2025-09-07,6256.15,2025-11-06
8560,850,2026-01-14,2221.08,2026-02-13
8561,255,2025-09-19,764.31,2025-11-03
8562,604,2026-01-17,4514.23,2026-02-16
8563,510,2026-02-24,5936.28,2026-04-10
8564,791,2025-09-11,3698.24,2025-10-26
8565,718,2025-10-11,4938.82,2025-11-10
8566,606,2025-12-23,4330.77,2026-02-06
8567,737,2026-02-27,2215.11,2026-04-28
8568,813,2026-03-13,23739.31,2026-04-12
8569,830,2026-03-15,6443.22,2026-04-29
8570,463,2026-08-14,3556.49,2026-09-28
8571,199,2026-04-13,2584.7,2026-05-13
8572,271,2026-07-28,3637.83,2026-09-11
8573,746,2026-07-20,3733.96,2026-08-19
8574,558,2026-05-19,5154.96,2026-07-03
8575,64,2025-12-25,12508.43,2026-01-24
8576,230,2026-01-28,2626.84,2026-02-27
8577,942,2025-12-27,5763.92,2026-01-26
8578,952,2026-02-12,9479.66,2026-03-14
8579,249,2026-05-10,2916.43,2026-06-09
8580,246,2026-05-25,2903.05,2026-07-24
8581,940,2025-10-14,1495.04,2025-11-13
8582,587,2026-02-28,19190.33,2026-03-30
8583,157,2025-11-16,7506.57,2025-12-16
8584,735,2025-12-25,3168.1,2026-01-24
8585,702,2025-11-06,3060.23,2025-12-21
8586,985,2025-09-13,2190.94,2025-10-13
8587,564,2025-12-01,5669.6,2025-12-31
8588,950,2026-05-04,3802.72,2026-06-03
8589,88,2026-05-25,2400.15,2026-07-09
8590,313,2026-01-17,2696.75,2026-02-16
8591,851,2026-08-07,8935.32,2026-10-06
8592,66,2026-05-02,3685.07,2026-06-01
8593,662,2026-08-07,1871.98,2026-09-06
8594,20,2026-05-31,5265.53,2026-06-30
8595,33,2026-07-01,2887.65,2026-07-31
8596,840,2026-03-10,8383.75,2026-05-09
8597,793,2025-12-06,16693.03,2026-01-05
8598,558,2026-07-28,1061.28,2026-09-11
8599,73,2026-03-24,2840.23,2026-04-23
8600,866,2026-01-15,5585.93,2026-03-01
8601,825,2025-11-16,4703.35,2025-12-16
8602,343,2025-10-07,13611.55,2025-11-06
8603,133,2026-06-13,4923.39,2026-07-13
8604,55,2026-06-30,5888.01,2026-08-14
8605,61,2026-01-13,7057.58,2026-02-27
8606,857,2026-01-20,2900.15,2026-02-19
8607,520,2026-05-12,7550.36,2026-06-26
8608,272,2025-10-18,6916.42,2025-11-17
8609,246,2026-05-13,5430.3,2026-07-12
8610,176,2026-01-12,1078.13,2026-03-13
8611,628,2026-06-17,2720.01,2026-07-17
8612,317,2026-03-27,5800.93,2026-05-26
8613,783,2025-12-10,4633.63,2026-01-24
8614,705,2025-10-16,9103.19,2025-12-15
8615,662,2025-11-09,9161.57,2025-12-09
8616,131,2026-01-14,6587.08,2026-02-13
8617,102,2026-06-07,9162.7,2026-08-06
8618,310,2025-11-06,7459.68,2026-01-05
8619,782,2025-09-04,3281.82,2025-10-04
8620,292,2026-04-12,4976.75,2026-05-12
8621,722,2025-09-01,2075.81,2025-10-31
8622,495,2026-06-17,16513.09,2026-07-17
8623,361,2025-12-18,1832.83,2026-01-17
8624,338,2026-05-23,-943.79,2026-06-22
8625,579,2025-11-02,27274.98,2025-12-02
8626,10,2026-05-24,4642.04,2026-06-23
8627,49,2026-01-16,10229.15,2026-02-15
8628,487,2025-10-14,8987.09,2025-11-13
8629,623,2026-05-20,11539.28,2026-07-04
8630,321,2026-04-04,8023.26,2026-05-04
8631,731,2025-12-30,8063.48,2026-01-29
8632,569,2026-01-30,769.07,2026-03-01
8633,795,2026-04-01,2312.99,2026-05-01
8634,971,2026-04-22,610.89,2026-05-22
8635,625,2026-08-17,2594.78,2026-09-16
8636,133,2025-12-20,3264.15,2026-01-19
8637,583,2026-08-27,4554.77,2026-10-11
8638,83,2026-07-17,2342.58,2026-08-16
8639,57,2026-04-10,3771.59,2026-05-10
8640,376,2026-04-14,3303.97,2026-05-14
8641,349,2026-03-29,6591.42,2026-04-28
8642,271,2025-11-10,9177.35,2025-12-25
8643,483,2026-08-26,5934.63,2026-10-10
8644,111,2025-11-28,8278.71,2026-01-27
8645,869,2026-05-20,5824.71,2026-06-19
8646,887,2026-03-07,12923.41,2026-05-06
8647,76,2025-12-21,22214.73,2026-01-20
8648,158,2026-04-27,706.4,2026-05-27
8649,532,2026-05-14,12379.0,2026-06-13
8650,933,2026-01-28,1782.04,2026-02-27
8651,643,2026-01-05,5801.27,2026-02-04
8652,329,2026-07-16,6162.74,2026-09-14
8653,122,2026-06-01,8135.09,2026-07-16
8654,41,2026-07-30,4800.35,2026-09-13
8655,167,2026-01-17,4980.52,2026-02-16
8656,922,2025-12-12,6580.79,2026-01-11
8657,642,2026-04-30,3790.6,2026-05-30
8658,23,2025-12-26,1094.04,2026-01-25
8659,279,2026-04-02,4992.99,2026-05-17
8660,763,2025-09-17,2746.63,2025-10-17
8661,469,2026-02-26,2565.13,2026-03-28
8662,400,2026-04-12,2373.07,2026-06-11
8663,9,2026-05-28,1032.97,2026-07-27
8664,13,2026-07-10,3631.7,2026-08-09
8665,924,2026-08-15,5003.19,2026-09-14
8666,923,2026-01-12,9242.81,2026-02-11
8667,819,2025-12-23,3116.95,2026-02-06
8668,832,2026-01-10,17662.63,2026-02-09
8669,52,2026-01-17,7976.06,2026-02-16
8670,209,2026-08-31,2039.22,2026-09-30
8671,550,2026-04-20,3383.16,2026-05-20
8672,612,2025-12-01,25195.69,2026-01-15
8673,705,2026-05-25,9183.42,2026-07-24
8674,402,2025-12-08,3280.29,2026-01-22
8675,191,2026-03-26,10211.99,2026-04-25
8676,51,2025-09-08,1822.97,2025-10-23
8677,393,2026-07-18,3213.29,2026-08-17
8678,653,2025-12-02,775.29,2026-01-01
8679,680,2026-02-05,8104.36,2026-03-07
8680,823,2026-08-26,1967.95,2026-10-10
8681,621,2025-12-08,4687.86,2026-01-07
8682,719,2026-04-13,1451.05,2026-05-13
8683,939,2026-08-06,5869.51,2026-10-05
8684,300,2026-03-27,4712.0,2026-04-26
8685,622,2025-11-12,1537.82,2025-12-27
8686,196,2025-10-29,3412.92,2025-11-28
8687,417,2026-06-14,5562.21,2026-08-13
8688,664,2025-11-03,7139.07,2025-12-03
8689,420,2026-05-14,17744.56,2026-06-13
8690,755,2025-10-18,13246.56,2025-12-17
8691,640,2026-06-06,2867.38,2026-08-05
8692,617,2026-03-17,2839.53,2026-04-16
8693,522,2026-02-05,1591.9,2026-03-22
8694,356,2026-07-08,2229.21,2026-08-07
8695,148,2025-09-07,9949.9,2025-10-07
8696,365,2026-05-06,1402.34,2026-06-05
8697,364,2026-04-20,4417.15,2026-05-20
8698,971,2025-12-15,3928.27,2026-01-14
8699,652,2025-12-07,2726.91,2026-01-06
8700,702,2026-05-26,1764.0,2026-07-10
8701,402,2025-10-30,1098.51,2025-12-14
8702,606,2026-07-05,1776.73,2026-08-19
8703,492,2026-01-18,4678.39,2026-03-04
8704,229,2026-07-25,8065.24,2026-08-24
8705,575,2026-03-09,18155.67,2026-04-08
8706,852,2026-01-03,6534.03,2026-02-17
8707,537,2026-02-10,8033.81,2026-03-12
8708,268,2025-10-30,18101.79,2025-11-29
8709,405,2025-10-01,6554.17,2025-11-30
8710,793,2026-07-30,10978.08,2026-08-29
8711,11,2025-11-15,3690.51,2026-01-14
8712,320,2026-05-01,8903.45,2026-05-31
8713,713,2026-07-14,5914.67,2026-08-13
8714,126,2026-05-16,4120.45,2026-06-15
8715,306,2026-03-09,17239.44,2026-04-08
8716,702,2026-07-12,1909.74,2026-08-26
8717,511,2026-06-23,2513.08,2026-07-23
8718,89,2026-02-24,12826.61,2026-04-10
8719,355,2026-06-15,10873.81,2026-07-15
8720,628,2026-06-21,5051.05,2026-07-21
8721,352,2026-08-14,6561.33,2026-09-13
8722,689,2026-03-26,7563.58,2026-04-25
8723,14,2026-04-03,6695.6,2026-05-03
8724,257,2026-08-10,6063.96,2026-09-09
8725,209,2026-01-19,2552.47,2026-02-18
8726,281,2025-11-24,13464.05,2026-01-08
8727,443,2026-03-01,4246.93,2026-04-15
8728,840,2026-07-29,2263.64,2026-09-27
8729,837,2026-01-06,5566.22,2026-02-05
8730,389,2026-05-27,6579.83,2026-07-11
8731,617,2025-10-09,6860.1,2025-11-08
8732,483,2025-09-23,10888.05,2025-11-07
8733,147,2026-04-30,3689.87,2026-05-30
8734,279,2025-12-16,4746.05,2026-01-30
8735,521,2026-08-14,2545.37,2026-09-13
8736,630,2026-01-20,6027.98,2026-02-19
8737,606,2026-01-23,2515.62,2026-03-09
8738,434,2026-06-07,3118.98,2026-07-07
8739,144,2026-05-03,10981.36,2026-06-02
8740,289,2026-03-10,5576.84,2026-04-09
8741,386,2026-06-17,15628.41,2026-07-17
8742,14,2026-02-26,12817.51,2026-03-28
8743,257,2025-12-21,5941.92,2026-01-20
8744,346,2026-04-02,6635.32,2026-05-02
8745,698,2026-01-16,4131.5,2026-02-15
8746,345,2026-03-19,11525.52,2026-05-03
8747,400,2025-09-07,6685.48,2025-11-06
8748,207,2026-08-12,10351.04,2026-09-11
8749,858,2025-09-13,2980.07,2025-10-28
8750,943,2025-11-19,1683.0,2026-01-18
8751,172,2026-06-13,7472.59,2026-07-13
8752,464,2026-02-06,8772.94,2026-03-08
8753,270,2026-05-30,5309.99,2026-06-29
8754,221,2026-03-20,7943.32,2026-04-19
8755,152,2026-01-28,2529.04,2026-02-27
8756,623,2026-06-23,10600.24,2026-08-07
8757,183,2026-06-20,12766.35,2026-07-20
8758,399,2026-07-31,11313.35,2026-09-14
8759,851,2026-05-30,5521.3,2026-07-29
8760,72,2025-10-13,12918.15,2025-11-12
8761,418,2026-07-16,2004.0,2026-08-15
8762,898,2025-09-15,7910.69,2025-10-15
8763,283,2026-05-06,8869.32,2026-06-20
8764,74,2026-02-19,7466.54,2026-03-21
8765,355,2026-04-06,2356.42,2026-05-06
8766,727,2026-01-15,6006.99,2026-03-01
8767,497,2026-07-18,4073.72,2026-09-01
8768,328,2026-04-15,1044.48,2026-05-15
8769,988,2025-10-14,1948.9,2025-11-13
8770,535,2025-09-20,12659.96,2025-10-20
8771,580,2025-12-28,3636.81,2026-01-27
8772,910,2026-04-22,11638.78,2026-05-22
8773,447,2026-08-02,12482.89,2026-09-01
8774,373,2026-08-22,7740.22,2026-10-21
8775,362,2026-05-20,3058.4,2026-07-19
8776,93,2025-11-22,10642.18,2026-01-21
8777,321,2025-10-01,5931.53,2025-10-31
8778,324,2026-07-19,5181.9,2026-09-02
8779,384,2026-06-01,2411.27,2026-07-31
8780,575,2026-04-22,3349.5,2026-05-22
8781,736,2025-09-28,2439.5,2025-10-28
8782,737,2026-05-10,10769.76,2026-07-09
8783,881,2026-07-21,17063.36,2026-09-19
8784,346,2026-05-11,10468.66,2026-06-10
8785,849,2026-04-27,5862.5,2026-05-27
8786,103,2026-07-11,3911.68,2026-08-10
8787,215,2026-02-22,7319.71,2026-04-08
8788,192,2026-03-13,3581.48,2026-04-12
8789,672,2026-02-27,4876.11,2026-03-29
8790,884,2026-06-22,2591.57,2026-08-06
8791,719,2026-04-03,8414.45,2026-05-03
8792,781,2026-03-22,8759.73,2026-04-21
8793,194,2026-05-08,10345.2,2026-06-07
8794,380,2026-08-28,7812.04,2026-09-27
8795,403,2026-05-15,7387.68,2026-06-29
8796,664,2025-11-14,2169.25,2025-12-14
8797,749,2026-08-10,2097.82,2026-09-09
8798,600,2026-03-21,6516.14,2026-05-05
8799,11,2026-01-20,12063.16,2026-03-21
8800,187,2026-03-25,4037.61,2026-04-24
8801,726,2026-03-18,5022.49,2026-04-17
8802,15,2026-02-18,5064.4,2026-04-04
8803,778,2026-07-13,1144.32,2026-08-12
8804,297,2026-04-16,6060.41,2026-05-16
8805,411,2026-02-26,3220.56,2026-04-12
8806,956,2026-06-02,8152.32,2026-07-02
8807,585,2025-11-01,4876.21,2025-12-01
8808,52,2026-07-24,4331.99,2026-08-23
8809,640,2026-03-23,4408.15,2026-05-22
8810,28,2026-01-11,3849.03,2026-02-10
8811,577,2025-11-11,1682.36,2025-12-11
8812,17,2025-11-17,10720.06,2025-12-17
8813,351,2026-03-08,3011.13,2026-04-07
8814,428,2026-08-22,3439.19,2026-09-21
8815,650,2025-11-10,5326.48,2025-12-25
8816,831,2026-05-21,2048.27,2026-06-20
8817,229,2026-07-03,3354.07,2026-08-02
8818,766,2025-10-16,23164.76,2025-11-15
8819,989,2026-04-12,6545.81,2026-05-12
8820,210,2026-07-25,2517.32,2026-08-24
8821,431,2026-05-08,945.89,2026-07-07
8822,294,2025-11-15,11140.12,2025-12-15
8823,743,2025-11-13,2225.03,2025-12-28
8824,753,2026-01-20,3238.6,2026-02-19
8825,582,2025-11-12,3583.9,2025-12-12
8826,104,2025-12-11,2408.33,2026-01-10
8827,204,2025-12-03,4704.17,2026-01-02
8828,53,2025-11-08,3216.55,2025-12-08
8829,974,2025-11-04,8152.67,2025-12-04
8830,940,2026-03-12,5595.03,2026-04-11
8831,375,2025-11-01,15723.25,2025-12-16
8832,842,2025-09-20,15979.7,2025-10-20
8833,54,2026-04-29,2329.34,2026-06-13
8834,276,2026-03-22,3849.05,2026-04-21
8835,335,2026-06-27,28018.99,
8836,31,2026-03-14,1979.16,2026-04-13
8837,135,2025-11-01,9464.41,2025-12-16
8838,58,2025-12-16,7751.11,2026-01-15
8839,105,2026-01-03,2535.21,2026-02-02
8840,266,2026-06-28,2634.99,2026-07-28
8841,522,2026-05-25,21876.06,2026-07-09
8842,496,2026-03-21,21528.98,2026-04-20
8843,253,2026-02-09,7052.42,2026-04-10
8844,295,2026-08-10,1649.5,2026-09-09
8845,668,2026-06-29,13666.18,2026-07-29
8846,158,2025-12-21,1643.93,2026-01-20
8847,549,2026-08-03,8860.45,2026-09-02
8848,631,2025-10-02,1368.93,2025-11-01
8849,67,2025-12-07,5030.57,2026-02-05
8850,754,2026-05-05,10149.48,2026-06-04
8851,299,2026-05-19,521.6,2026-06-18
8852,463,2026-03-10,3276.37,2026-04-24
8853,725,2025-09-29,5652.44,2025-10-29
8854,820,2025-10-18,3796.55,2025-11-17
8855,101,2026-05-08,2922.91,2026-06-07
8856,56,2026-04-14,4493.62,2026-05-14
8857,332,2026-05-30,11466.81,2026-06-29
8858,836,2026-01-31,14948.36,2026-03-17
8859,751,2026-07-25,8788.59,2026-08-24
8860,393,2026-06-12,17324.59,2026-07-12
8861,743,2026-02-27,3259.63,2026-04-13
8862,874,2026-06-29,8059.61,2026-08-13
8863,381,2026-01-31,2213.03,2026-03-17
8864,92,2026-04-22,52161.12,2026-05-22
8865,791,2025-09-23,5417.07,2025-11-07
8866,447,2025-12-03,9513.61,2026-01-02
8867,109,2026-05-03,1220.75,2026-06-17
8868,317,2026-06-17,9341.86,2026-08-16
8869,168,2026-02-07,5476.12,2026-03-09
8870,812,2026-06-12,7247.97,2026-07-12
8871,982,2025-09-09,5054.58,2025-10-24
8872,920,2026-03-04,4543.06,2026-04-03
8873,435,2026-06-22,3907.58,2026-07-22
8874,442,2026-01-13,4653.93,2026-02-12
8875,218,2025-12-19,16184.57,2026-01-18
8876,222,2025-11-08,3726.73,2026-01-07
8877,673,2026-01-14,30461.54,2026-02-13
8878,528,2025-12-05,5251.63,2026-01-04
8879,278,2025-12-28,15323.87,2026-01-27
8880,569,2026-06-01,12485.64,2026-07-01
8881,574,2026-08-24,1431.45,2026-10-08
8882,875,2026-08-04,1695.44,2026-09-18
8883,466,2026-02-24,2906.22,2026-03-26
8884,839,2026-08-27,1454.25,2026-09-26
8885,754,2026-04-25,3593.0,2026-05-25
8886,602,2026-05-30,5113.75,2026-06-29
8887,584,2026-06-04,8400.79,2026-07-04
8888,838,2026-01-16,5777.08,2026-03-02
8889,30,2026-08-28,5021.0,2026-10-12
8890,359,2026-01-10,11341.07,2026-02-09
8891,919,2025-10-14,10189.36,2025-11-13
8892,288,2026-01-01,23004.98,2026-01-31
8893,86,2026-01-14,5805.1,2026-02-13
8894,234,2026-01-04,726.63,2026-02-03
8895,747,2026-06-02,7037.1,2026-07-02
8896,313,2025-11-03,30712.29,2025-12-03
8897,365,2026-06-23,11361.46,2026-07-23
8898,777,2026-04-20,13649.16,2026-05-20
8899,799,2025-10-21,5394.08,2025-11-20
8900,839,2026-01-15,10380.69,2026-02-14
8901,905,2026-02-05,14236.1,2026-03-07
8902,269,2025-10-26,3826.83,2025-11-25
8903,698,2025-11-20,3349.5,2025-12-20
8904,131,2026-04-20,7193.66,2026-05-20
8905,803,2026-07-23,10857.4,2026-09-06
8906,993,2026-01-06,551.64,2026-03-07
8907,789,2026-01-04,4278.55,2026-02-03
8908,832,2026-07-14,1047.78,2026-08-13
8909,351,2025-11-19,4532.96,2025-12-19
8910,180,2026-08-23,19319.78,
8911,802,2026-07-30,3035.04,2026-08-29
8912,480,2026-02-22,3977.17,2026-03-24
8913,889,2026-01-23,8490.83,2026-02-22
8914,163,2026-01-04,11072.52,2026-02-03
8915,783,2026-03-01,10744.26,2026-04-15
8916,888,2026-04-07,5151.52,2026-05-07
8917,96,2026-06-05,7891.7,2026-07-05
8918,774,2025-11-22,7619.45,2026-01-06
8919,510,2026-01-19,2847.5,2026-03-05
8920,365,2026-07-31,1231.95,2026-08-30
8921,981,2025-12-04,2439.56,2026-02-02
8922,353,2026-08-31,15806.52,2026-10-30
8923,800,2026-03-13,29371.02,2026-04-12
8924,436,2025-12-19,4648.87,2026-02-02
8925,83,2025-10-22,15326.48,2025-11-21
8926,225,2025-12-12,3941.33,2026-01-11
8927,412,2025-12-10,6610.53,2026-01-09
8928,735,2026-01-20,3058.96,2026-02-19
8929,981,2026-03-20,11257.97,2026-05-19
8930,118,2026-07-16,2999.8,2026-08-30
8931,482,2026-03-18,2448.19,2026-04-17
8932,192,2026-06-11,5190.55,2026-07-11
8933,591,2026-04-05,9610.45,2026-05-05
8934,590,2025-10-16,5699.4,2025-11-15
8935,659,2025-09-28,3435.69,2025-11-12
8936,107,2025-09-02,2434.39,2025-11-01
8937,382,2025-09-17,1296.83,2025-10-17
8938,783,2026-07-12,3470.97,2026-08-26
8939,390,2025-11-16,4424.28,2025-12-16
8940,244,2026-02-12,7788.17,2026-03-14
8941,585,2025-12-06,1965.51,2026-01-05
8942,869,2025-12-14,8533.4,2026-01-13
8943,468,2025-09-24,3108.41,2025-10-24
8944,866,2026-03-19,3314.88,2026-05-03
8945,934,2025-10-05,13577.5,2025-11-19
8946,538,2025-09-02,689.05,2025-11-01
8947,210,2026-06-16,1873.81,2026-07-16
8948,604,2026-07-29,5185.96,2026-08-28
8949,637,2026-08-08,4980.16,2026-09-22
8950,947,2026-01-16,1281.27,2026-03-02
8951,73,2026-08-03,3367.17,2026-09-02
8952,992,2025-11-01,10760.16,2025-12-01
8953,635,2026-06-26,1972.25,2026-08-25
8954,309,2026-03-16,11870.3,2026-04-15
8955,696,2025-10-29,2819.36,2025-11-28
8956,699,2026-05-23,1117.51,2026-06-22
8957,710,2026-07-30,9628.3,2026-08-29
8958,590,2026-03-07,6110.39,2026-04-06
8959,860,2025-11-02,1547.57,2025-12-02
8960,186,2026-07-05,3238.84,2026-08-04
8961,856,2026-06-06,19873.92,2026-08-05
8962,253,2025-09-30,8466.52,2025-11-29
8963,13,2026-02-18,12203.79,2026-03-20
8964,299,2025-09-21,2011.31,2025-10-21
8965,76,2026-06-26,13325.25,2026-07-26
8966,51,2026-03-20,1600.44,2026-05-04
8967,787,2026-01-13,1641.45,2026-03-14
8968,149,2026-05-30,9752.59,2026-07-14
8969,731,2025-09-23,1723.87,
8970,122,2025-11-26,16835.45,2026-01-10
8971,211,2025-10-01,1835.85,2025-10-31
8972,280,2025-12-30,2297.42,2026-01-29
8973,538,2025-11-08,12578.33,2026-01-07
8974,685,2026-01-12,3042.98,2026-02-26
8975,156,2026-07-12,9445.72,2026-08-26
8976,238,2026-01-24,2051.82,2026-02-23
8977,376,2026-07-30,4007.46,2026-08-29
8978,82,2026-05-21,9044.26,2026-06-20
8979,492,2026-06-20,2541.76,2026-08-04
8980,356,2025-11-25,11331.87,2025-12-25
8981,925,2025-09-16,3747.95,2025-10-16
8982,273,2026-04-04,5504.2,2026-05-19
8983,580,2025-12-25,2241.86,2026-01-24
8984,44,2025-12-27,2699.72,2026-02-10
8985,573,2026-05-28,2544.98,2026-06-27
8986,123,2026-08-09,3071.79,2026-09-08
8987,349,2026-02-09,17225.66,2026-03-11
8988,708,2026-03-07,12256.66,2026-04-21
8989,330,2025-12-13,7176.97,2026-01-12
8990,409,2026-01-19,2952.18,2026-02-18
8991,991,2026-02-14,2549.19,2026-03-16
8992,323,2026-06-27,2301.93,2026-07-27
8993,111,2025-09-28,3921.09,2025-11-27
8994,770,2026-05-30,6256.0,2026-06-29
8995,89,2025-10-20,8173.16,2025-12-04
8996,433,2026-02-03,5057.97,2026-03-20
8997,710,2026-07-21,7860.08,2026-08-20
8998,794,2026-08-14,10571.89,2026-09-28
8999,712,2025-12-30,3713.72,2026-01-29
9000,99,2026-01-18,12038.89,2026-03-04
9001,539,2025-09-16,2276.07,2025-10-31
9002,601,2026-07-06,7992.82,2026-08-20
9003,146,2025-10-19,5129.51,2025-12-03
9004,694,2026-02-11,5752.75,2026-03-13
9005,257,2025-11-01,3725.48,2025-12-01
9006,189,2026-08-06,13562.31,2026-09-05
9007,240,2026-02-01,3083.45,2026-03-03
9008,871,2026-07-09,15171.28,2026-08-08
9009,899,2026-08-12,15251.28,2026-09-11
9010,503,2026-01-28,7173.03,2026-02-27
9011,708,2025-11-12,3892.96,
9012,809,2025-11-08,2557.98,2025-12-08
9013,677,2026-02-24,1014.04,2026-03-26
9014,819,2026-08-20,7700.92,2026-10-04
9015,271,2025-09-02,2054.93,2025-10-17
9016,520,2026-07-06,2298.49,2026-08-20
9017,550,2025-12-28,7769.8,2026-01-27
9018,114,2025-09-07,3544.97,2025-10-07
9019,339,2026-05-13,5950.75,2026-06-12
9020,568,2025-11-14,7227.58,2025-12-14
9021,943,2026-08-17,18050.94,2026-10-16
9022,986,2026-03-14,5860.86,2026-04-28
9023,359,2026-03-06,3221.17,2026-04-05
9024,650,2025-09-03,4708.53,2025-10-18
9025,614,2026-03-03,3149.18,2026-04-02
9026,334,2026-08-01,22493.84,2026-09-30
9027,689,2026-05-31,6734.37,2026-06-30
9028,169,2025-10-22,7981.86,2025-12-06
9029,339,2026-05-21,14752.9,2026-06-20
9030,798,2026-01-11,2537.85,2026-02-10
9031,261,2026-04-13,1597.19,2026-05-13
9032,887,2026-07-07,4909.86,2026-09-05
9033,735,2025-10-31,1600.79,2025-11-30
9034,199,2026-08-31,3598.63,2026-09-30
9035,211,2025-09-16,874.86,2025-10-16
9036,287,2026-04-17,1695.69,2026-05-17
9037,692,2026-03-14,13300.24,2026-04-28
9038,762,2026-05-09,6911.23,2026-06-23
9039,743,2026-06-30,21063.87,2026-08-14
9040,472,2025-10-18,4876.99,2025-11-17
9041,482,2026-04-23,4729.47,2026-05-23
9042,23,2025-12-30,5940.64,2026-01-29
9043,560,2026-07-17,88268.47,2026-08-16
9044,109,2025-10-20,11605.99,2025-12-04
9045,296,2025-10-11,2552.2,2025-11-25
9046,6,2025-09-22,6926.2,2025-11-06
9047,550,2026-03-01,5649.07,2026-03-31
9048,681,2025-09-05,8900.98,2025-10-05
9049,868,2026-01-23,22376.56,2026-03-09
9050,795,2026-08-23,8001.73,2026-09-22
9051,203,2025-11-17,3716.68,2025-12-17
9052,325,2026-04-19,22218.32,2026-05-19
9053,825,2026-06-24,1758.99,2026-07-24
9054,785,2026-08-14,4024.94,2026-09-13
9055,244,2026-03-28,10284.16,2026-04-27
9056,327,2026-02-10,2656.57,2026-04-11
9057,987,2026-02-15,4797.13,2026-03-17
9058,47,2026-06-05,2853.02,2026-07-20
9059,761,2026-04-25,4848.97,2026-05-25
9060,591,2026-02-23,2856.96,2026-03-25
9061,622,2025-10-23,5326.39,2025-12-07
9062,13,2026-08-15,3841.03,2026-09-14
9063,907,2025-09-10,14457.75,2025-10-25
9064,380,2026-01-24,6806.22,2026-02-23
9065,365,2026-04-15,9024.49,2026-05-15
9066,602,2026-04-24,5611.88,2026-05-24
9067,342,2026-04-30,-3532.13,2026-05-30
9068,860,2026-07-02,6535.69,2026-08-01
9069,792,2025-11-10,5880.68,2025-12-10
9070,221,2026-02-05,720.58,2026-03-07
9071,73,2025-09-19,5136.03,2025-10-19
9072,746,2025-10-25,8559.2,2025-11-24
9073,772,2026-04-03,2819.5,2026-05-18
9074,625,2026-03-28,10008.7,2026-04-27
9075,46,2025-09-21,6645.31,2025-10-21
9076,504,2026-06-09,3640.11,2026-07-24
9077,274,2026-05-07,7713.41,2026-06-06
9078,555,2025-09-28,3723.13,2025-10-28
9079,208,2026-06-23,6239.35,2026-07-23
9080,929,2026-03-30,4061.29,2026-04-29
9081,861,2026-06-12,7757.36,2026-07-27
9082,615,2025-09-20,14686.04,2025-10-20
9083,124,2025-09-20,3527.34,2025-10-20
9084,10,2026-07-27,10290.48,2026-08-26
9085,329,2025-12-29,3936.41,2026-02-27
9086,187,2025-12-06,3961.17,2026-01-05
9087,543,2025-12-29,3644.53,2026-01-28
9088,668,2025-09-25,1295.68,2025-10-25
9089,60,2026-01-31,7461.25,2026-03-02
9090,761,2026-05-03,6275.64,2026-06-02
9091,899,2026-05-18,5696.19,2026-06-17
9092,886,2025-09-04,17340.66,2025-10-04
9093,951,2026-01-21,18937.32,2026-02-20
9094,782,2026-06-09,14236.32,2026-07-09
9095,442,2026-08-01,4141.99,2026-08-31
9096,217,2026-08-12,3977.27,2026-09-11
9097,911,2026-04-08,2214.25,2026-05-08
9098,2,2026-07-24,5253.57,2026-09-22
9099,536,2026-02-07,5033.12,
9100,718,2025-11-15,7692.1,2025-12-15
9101,832,2025-12-08,2126.25,2026-01-07
9102,711,2026-02-27,3706.28,2026-04-13
9103,356,2026-01-05,1288.5,2026-02-04
9104,626,2025-10-02,2819.63,2025-11-01
9105,792,2026-05-23,10211.82,
9106,667,2026-07-31,2071.55,2026-09-29
9107,165,2025-09-13,20178.56,2025-10-13
9108,998,2026-08-18,11207.24,2026-10-17
9109,734,2026-08-05,7466.53,2026-09-04
9110,91,2026-03-21,14530.75,2026-04-20
9111,167,2025-09-18,4538.57,2025-10-18
9112,959,2025-12-02,2771.58,2026-01-01
9113,207,2026-06-07,4630.59,2026-07-07
9114,282,2026-08-24,1264.1,2026-10-08
9115,65,2026-07-13,12962.08,2026-08-27
9116,888,2025-10-30,3782.28,2025-11-29
9117,516,2026-04-02,2732.65,2026-05-02
9118,157,2025-12-09,2997.57,2026-01-08
9119,761,2025-09-01,5066.75,2025-10-01
9120,769,2025-10-13,5502.14,2025-11-27
9121,747,2026-07-08,4448.45,2026-08-07
9122,306,2026-02-15,4432.65,2026-03-17
9123,878,2026-03-11,7762.04,2026-04-25
9124,982,2025-10-04,2076.11,2025-11-18
9125,395,2025-10-04,5987.0,2025-11-03
9126,74,2026-02-23,3877.33,2026-03-25
9127,187,2026-03-15,1011.11,
9128,574,2026-02-05,2101.8,2026-03-22
9129,337,2026-05-03,2653.43,2026-06-02
9130,676,2026-08-06,19024.97,2026-09-05
9131,568,2026-08-12,7181.02,2026-09-11
9132,623,2026-08-01,6210.43,2026-09-15
9133,730,2025-11-10,3386.72,2025-12-10
9134,240,2026-07-24,3318.65,2026-08-23
9135,533,2025-12-23,1940.87,2026-02-06
9136,141,2026-06-12,3850.91,2026-07-12
9137,265,2026-01-21,15028.15,2026-02-20
9138,139,2025-12-06,1741.84,2026-01-05
9139,459,2026-07-06,3127.69,2026-08-05
9140,70,2026-07-17,10489.63,2026-08-16
9141,385,2026-03-31,10466.9,2026-04-30
9142,630,2026-07-14,2809.5,2026-08-13
9143,198,2026-03-04,12683.91,2026-04-03
9144,205,2026-03-24,3531.35,2026-04-23
9145,726,2026-08-30,1993.78,2026-09-29
9146,568,2026-04-04,16578.18,2026-05-04
9147,799,2026-05-04,5381.71,2026-06-03
9148,982,2026-04-27,4371.69,2026-06-11
9149,805,2026-06-20,5750.59,2026-07-20
9150,687,2025-09-08,2301.36,2025-10-08
9151,859,2025-11-17,3189.66,2026-01-01
9152,882,2026-07-21,15783.41,2026-08-20
9153,974,2026-06-04,22125.79,2026-07-04
9154,640,2026-03-21,2052.18,2026-05-20
9155,431,2026-04-02,3661.79,2026-06-01
9156,890,2025-12-03,5017.58,2026-01-17
9157,325,2025-11-14,5870.81,2025-12-14
9158,442,2026-02-04,2337.61,2026-03-06
9159,804,2026-01-31,8413.1,2026-03-02
9160,288,2026-01-20,8937.26,2026-02-19
9161,226,2025-11-17,9871.85,2026-01-01
9162,64,2026-07-19,9128.57,2026-08-18
9163,967,2026-03-01,5335.72,2026-03-31
9164,938,2026-03-14,11043.95,2026-04-13
9165,560,2026-02-05,7726.77,2026-03-07
9166,714,2026-01-24,1525.52,2026-02-23
9167,498,2025-10-24,1534.13,2025-11-23
9168,849,2026-08-22,6400.0,2026-09-21
9169,926,2026-06-04,13986.5,2026-07-04
9170,917,2026-07-06,7144.01,2026-08-05
9171,60,2025-11-22,8005.19,2025-12-22
9172,397,2026-02-03,2142.91,2026-03-05
9173,257,2025-09-04,5276.76,2025-10-04
9174,577,2026-07-08,12467.47,2026-08-07
9175,239,2026-05-29,7142.67,2026-06-28
9176,801,2025-11-03,5436.59,2025-12-03
9177,38,2025-12-21,8042.49,2026-01-20
9178,25,2026-04-27,5993.47,2026-05-27
9179,410,2026-01-22,12795.18,2026-03-08
9180,461,2025-09-20,5989.86,2025-10-20
9181,571,2025-11-03,4878.51,2025-12-03
9182,988,2026-06-16,2163.11,2026-07-16
9183,417,2025-11-20,13209.7,2026-01-19
9184,357,2026-03-16,2356.32,2026-04-15
9185,383,2025-11-08,6046.14,2025-12-23
9186,809,2026-03-05,9489.66,2026-04-04
9187,158,2026-02-14,20924.2,2026-03-16
9188,569,2026-03-24,5993.89,2026-04-23
9189,433,2026-02-11,15217.89,2026-03-28
9190,48,2025-12-03,5110.75,2026-01-02
9191,328,2026-05-07,3193.43,2026-06-06
9192,433,2025-11-07,45721.8,2025-12-22
9193,431,2026-08-09,1886.96,2026-10-08
9194,56,2025-09-21,51753.78,2025-10-21
9195,577,2026-07-16,18395.97,2026-08-15
9196,268,2025-11-24,3156.92,2025-12-24
9197,69,2025-09-24,8409.12,2025-10-24
9198,728,2025-12-20,1634.33,2026-02-03
9199,902,2026-08-17,8035.46,2026-09-16
9200,601,2025-11-22,6469.62,2026-01-06
9201,449,2026-08-24,10000.32,2026-09-23
9202,793,2025-11-17,3619.21,2025-12-17
9203,257,2026-01-18,5678.33,2026-02-17
9204,672,2026-05-29,7318.88,2026-06-28
9205,490,2026-08-05,3382.68,2026-09-04
9206,746,2026-02-16,15399.18,2026-03-18
9207,643,2026-03-16,5548.62,2026-04-15
9208,49,2026-05-20,6585.94,2026-06-19
9209,659,2026-04-03,2568.23,2026-05-18
9210,316,2025-11-06,1334.24,2025-12-06
9211,413,2026-04-17,1702.96,2026-06-01
9212,434,2026-02-08,8056.58,2026-03-10
9213,2,2025-12-31,2657.02,2026-03-01
9214,841,2026-01-27,8957.94,2026-02-26
9215,952,2026-08-06,18788.24,2026-09-05
9216,145,2026-03-12,9264.77,2026-05-11
9217,956,2026-04-19,7032.11,2026-05-19
9218,366,2025-12-20,8448.46,2026-01-19
9219,420,2026-01-23,12093.36,2026-02-22
9220,573,2026-04-09,6416.12,2026-05-09
9221,785,2025-11-03,8502.79,2025-12-03
9222,561,2026-01-04,3180.71,2026-02-03
9223,844,2026-04-06,2289.81,2026-05-06
9224,444,2026-06-11,3336.1,2026-07-26
9225,916,2026-08-20,3851.07,2026-09-19
9226,434,2026-04-24,3727.38,2026-05-24
9227,643,2025-09-13,12512.8,2025-10-13
9228,555,2026-01-31,569.4,2026-03-02
9229,57,2026-04-27,4214.17,2026-05-27
9230,562,2026-03-09,9061.75,2026-04-08
9231,964,2026-01-29,8800.85,2026-02-28
9232,977,2025-11-25,2596.83,2026-01-09
9233,178,2025-09-21,20093.82,2025-11-05
9234,293,2026-03-01,1652.74,2026-03-31
9235,46,2026-07-16,3779.02,2026-08-15
9236,170,2026-02-05,3902.34,2026-03-07
9237,271,2025-11-15,3871.17,2025-12-30
9238,417,2026-07-26,14838.1,2026-09-24
9239,848,2026-03-22,5064.26,2026-04-21
9240,139,2026-04-17,6457.6,2026-05-17
9241,247,2026-01-30,10103.6,2026-03-01
9242,148,2026-05-21,2997.48,2026-06-20
9243,230,2025-11-11,4417.85,2025-12-11
9244,792,2026-04-13,19111.54,2026-05-13
9245,637,2026-01-09,6766.83,2026-02-23
9246,704,2026-08-26,2082.27,2026-10-25
9247,374,2025-09-28,2520.23,2025-11-27
9248,80,2026-06-26,10206.09,2026-07-26
9249,606,2025-12-06,2025.59,2026-01-20
9250,738,2025-10-16,3424.81,2025-12-15
9251,65,2025-09-01,5883.08,2025-10-16
9252,88,2026-02-13,5054.78,2026-03-30
9253,88,2026-05-03,16379.2,2026-06-17
9254,713,2026-04-07,703.94,2026-05-07
9255,726,2025-12-11,7352.17,2026-01-10
9256,204,2026-06-18,3988.33,2026-07-18
9257,913,2026-03-23,14339.88,2026-04-22
9258,382,2026-03-21,4141.0,2026-04-20
9259,601,2025-10-24,4238.11,2025-12-08
9260,476,2026-06-07,4983.72,2026-07-07
9261,573,2026-06-05,2946.23,2026-07-05
9262,783,2025-09-16,3116.49,2025-10-31
9263,606,2025-09-13,4438.31,2025-10-28
9264,819,2026-08-22,18641.98,2026-10-06
9265,539,2026-08-22,3374.87,2026-10-06
9266,214,2026-07-15,2884.76,2026-08-14
9267,74,2025-11-26,3630.32,2025-12-26
9268,61,2025-11-17,5013.6,2026-01-01
9269,698,2025-11-06,20976.31,2025-12-06
9270,543,2026-08-13,2713.96,2026-09-12
9271,219,2026-03-30,36918.48,2026-04-29
9272,12,2026-04-02,7179.84,2026-05-02
9273,814,2026-03-04,2246.06,2026-04-18
9274,415,2025-10-03,3227.26,2025-11-02
9275,32,2025-12-24,1062.13,2026-01-23
9276,160,2026-06-02,5445.47,2026-07-02
9277,237,2026-03-17,11596.07,2026-04-16
9278,739,2026-01-21,5125.92,2026-02-20
9279,181,2026-04-16,9503.73,2026-05-16
9280,829,2025-12-29,7044.36,2026-02-27
9281,558,2026-08-19,13164.79,2026-10-03
9282,341,2025-09-24,2283.36,2025-10-24
9283,458,2025-09-27,10132.46,2025-10-27
9284,80,2025-11-14,22620.55,2025-12-14
9285,647,2026-04-29,38926.58,2026-06-13
9286,772,2025-09-23,15575.5,2025-11-07
9287,987,2026-02-08,5735.16,2026-03-10
9288,820,2025-10-11,2309.93,2025-11-10
9289,759,2026-04-26,2601.63,2026-05-26
9290,473,2026-04-27,4353.14,2026-06-26
9291,671,2025-10-26,22139.78,2025-11-25
9292,715,2025-12-07,3271.15,2026-01-06
9293,112,2026-01-24,5772.56,2026-03-10
9294,980,2026-05-20,10612.67,2026-06-19
9295,292,2025-10-10,360.92,2025-11-09
9296,950,2026-03-12,2135.52,2026-04-11
9297,822,2026-04-27,23854.55,2026-05-27
9298,631,2025-10-12,11516.26,2025-11-11
9299,383,2026-04-10,11578.54,2026-05-25
9300,17,2026-03-15,2358.07,2026-04-14
9301,493,2026-06-15,15968.84,2026-07-30
9302,331,2025-09-10,2600.97,2025-10-25
9303,926,2026-04-23,5379.93,2026-05-23
9304,739,2026-07-22,8716.27,2026-08-21
9305,873,2026-05-23,9735.19,2026-06-22
9306,486,2025-11-08,7420.72,2025-12-08
9307,406,2026-01-17,4257.55,2026-02-16
9308,117,2026-08-21,1140.39,2026-09-20
9309,555,2026-04-07,5340.5,2026-05-07
9310,880,2026-03-15,882.18,2026-04-29
9311,115,2025-11-13,7873.49,2026-01-12
9312,795,2025-12-12,2285.33,2026-01-11
9313,549,2026-04-13,4400.93,2026-05-13
9314,814,2026-01-01,3320.82,2026-02-15
9315,625,2025-12-11,7863.63,2026-01-10
9316,547,2026-05-22,2657.42,2026-06-21
9317,644,2026-02-08,6137.44,2026-03-10
9318,336,2026-04-21,5795.47,2026-06-20
9319,336,2026-06-02,5270.12,2026-08-01
9320,981,2026-05-16,6845.41,2026-07-15
9321,922,2026-07-08,1910.66,2026-08-07
9322,889,2026-01-17,1967.43,2026-02-16
9323,740,2026-04-15,15740.21,2026-05-30
9324,147,2026-05-31,1458.69,2026-06-30
9325,122,2026-07-14,28290.22,2026-08-28
9326,81,2025-11-25,4478.23,2025-12-25
9327,685,2026-06-18,2532.11,2026-08-02
9328,666,2026-04-05,9957.81,2026-05-05
9329,662,2026-08-25,3188.82,2026-09-24
9330,375,2025-11-05,6553.47,2025-12-20
9331,570,2026-05-15,13516.39,2026-06-29
9332,63,2026-01-13,8846.68,2026-02-12
9333,504,2025-10-25,7033.14,2025-12-09
9334,668,2026-08-22,8441.36,2026-09-21
9335,449,2026-05-01,5162.89,2026-05-31
9336,428,2026-05-10,9566.94,2026-06-09
9337,868,2025-09-21,2119.57,2025-11-05
9338,427,2026-07-04,16066.41,2026-08-03
9339,421,2026-02-10,4412.64,2026-03-27
9340,322,2026-08-22,5761.42,2026-09-21
9341,913,2026-05-22,3890.73,2026-06-21
9342,680,2025-11-07,8119.97,2025-12-07
9343,166,2025-12-16,11620.11,2026-01-15
9344,597,2025-11-06,2260.94,2025-12-06
9345,957,2026-03-18,4730.41,2026-05-17
9346,649,2026-03-11,5727.75,2026-04-10
9347,461,2025-09-02,7088.66,2025-10-02
9348,459,2026-05-15,3959.79,2026-06-14
9349,189,2025-09-01,3539.1,2025-10-01
9350,464,2026-08-24,10158.59,2026-09-23
9351,912,2025-12-24,7510.85,2026-01-23
9352,379,2025-11-27,5940.6,2026-01-11
9353,2,2026-03-16,13584.94,2026-05-15
9354,618,2025-12-01,1714.73,2025-12-31
9355,364,2026-06-01,9470.67,2026-07-01
9356,72,2026-08-10,6741.89,2026-09-09
9357,427,2026-02-07,1561.27,2026-03-09
9358,638,2026-02-20,12711.41,2026-04-21
9359,170,2025-10-03,8015.11,2025-11-02
9360,205,2025-11-12,8918.35,2025-12-12
9361,825,2026-03-15,3921.65,2026-04-14
9362,337,2026-06-11,9202.81,2026-07-11
9363,999,2025-11-26,-2786.22,2025-12-26
9364,472,2026-07-06,1704.21,2026-08-05
9365,195,2026-04-12,4948.05,2026-05-12
9366,670,2025-10-14,8580.1,2025-11-13
9367,653,2026-08-02,11261.37,2026-09-01
9368,275,2026-01-16,5640.6,2026-02-15
9369,7,2026-05-28,5302.96,2026-06-27
9370,905,2026-08-25,11255.92,2026-09-24
9371,979,2025-10-06,3827.79,2025-11-05
9372,566,2025-10-04,3189.1,2025-11-03
9373,616,2025-11-27,18247.52,2025-12-27
9374,854,2026-01-24,4003.74,2026-03-10
9375,850,2025-09-16,10409.61,2025-10-16
9376,573,2026-04-21,14837.27,2026-05-21
9377,599,2025-10-11,5914.71,2025-11-10
9378,770,2026-05-13,6175.07,2026-06-12
9379,178,2026-06-08,21066.44,2026-07-23
9380,242,2026-01-04,1756.04,2026-02-18
9381,203,2025-09-08,1732.37,2025-10-08
9382,543,2026-08-16,9601.02,2026-09-15
9383,801,2026-08-06,3605.4,2026-09-05
9384,462,2026-07-21,9960.57,2026-09-04
9385,80,2026-02-23,4779.31,2026-03-25
9386,523,2026-04-16,9734.3,2026-05-31
9387,417,2026-07-20,2470.13,2026-09-18
9388,766,2025-09-18,8165.64,2025-10-18
9389,384,2025-10-26,3349.01,2025-12-25
9390,391,2025-10-05,8896.18,2025-11-04
9391,896,2025-12-27,33152.4,2026-01-26
9392,799,2026-06-09,2627.0,2026-07-09
9393,688,2026-05-12,3766.58,2026-07-11
9394,126,2026-04-01,4514.27,2026-05-01
9395,494,2025-10-31,6472.99,2025-11-30
9396,47,2025-11-27,799.6,2026-01-11
9397,718,2026-05-29,5134.74,2026-06-28
9398,476,2026-08-13,4198.18,2026-09-12
9399,949,2025-10-02,4221.9,2025-11-01
9400,619,2026-01-11,6328.51,2026-03-12
9401,464,2025-11-03,6637.24,2025-12-03
9402,787,2026-03-18,6555.5,2026-05-17
9403,849,2026-05-14,2112.35,2026-06-13
9404,123,2026-08-08,4092.37,2026-09-07
9405,474,2026-02-02,3957.22,2026-03-04
9406,134,2026-04-19,7623.78,2026-06-18
9407,619,2026-06-28,2308.43,2026-08-27
9408,817,2025-10-05,5836.51,2025-11-04
9409,841,2025-09-26,18111.09,2025-10-26
9410,562,2025-09-23,594.97,
9411,849,2026-01-19,4364.53,2026-02-18
9412,607,2026-06-12,1021.81,2026-07-27
9413,780,2026-07-17,5001.1,2026-08-16
9414,23,2026-02-03,9755.28,2026-03-05
9415,566,2025-12-22,3322.47,2026-01-21
9416,886,2026-01-17,10488.57,2026-02-16
9417,766,2026-03-28,14851.62,2026-04-27
9418,965,2026-07-20,6895.42,2026-08-19
9419,235,2026-08-30,3311.69,2026-09-29
9420,996,2025-11-25,7677.1,2025-12-25
9421,59,2026-06-12,19185.42,2026-07-12
9422,164,2025-10-30,1723.79,2025-12-14
9423,771,2025-10-24,12133.39,2025-11-23
9424,826,2025-12-02,1783.01,2026-01-01
9425,216,2026-07-22,1484.95,2026-09-20
9426,183,2026-05-23,1863.81,2026-06-22
9427,569,2026-04-01,4844.91,2026-05-01
9428,657,2026-07-30,13733.4,2026-08-29
9429,935,2025-09-10,1000.58,2025-10-10
9430,90,2026-08-24,11034.98,2026-10-08
9431,964,2026-03-22,4423.6,2026-04-21
9432,311,2026-03-15,2069.13,2026-04-14
9433,557,2025-10-28,8026.1,2025-11-27
9434,972,2026-05-14,3419.77,2026-06-28
9435,257,2026-04-11,30464.44,2026-05-11
9436,533,2026-02-27,7449.95,2026-04-13
9437,979,2026-08-28,5228.9,2026-09-27
9438,533,2025-10-05,8398.16,2025-11-19
9439,52,2026-08-25,14647.31,2026-09-24
9440,338,2025-12-12,15833.09,2026-01-11
9441,171,2026-02-08,10505.18,2026-03-10
9442,948,2026-03-19,15042.47,2026-04-18
9443,67,2026-02-07,13092.64,2026-04-08
9444,625,2026-03-02,10348.8,2026-04-01
9445,300,2026-08-19,3647.29,2026-09-18
9446,672,2026-01-14,13670.33,2026-02-13
9447,778,2026-04-14,3548.5,2026-05-14
9448,832,2026-05-01,6173.67,
9449,232,2025-12-15,3700.66,2026-01-14
9450,975,2025-11-10,8573.05,2025-12-10
9451,837,2025-11-16,13916.68,2025-12-16
9452,68,2025-10-24,3610.86,2025-11-23
9453,506,2026-06-04,1616.16,2026-07-04
9454,28,2025-12-20,11221.92,2026-01-19
9455,949,2026-04-12,11449.17,2026-05-12
9456,628,2025-11-14,17479.17,2025-12-14
9457,51,2025-09-14,10222.1,2025-10-29
9458,693,2026-05-16,10412.57,2026-07-15
9459,260,2026-03-08,2816.52,2026-04-07
9460,591,2026-08-30,9016.54,2026-09-29
9461,785,2026-04-27,27851.87,2026-05-27
9462,620,2026-07-31,3212.48,2026-09-14
9463,963,2026-07-01,1887.12,2026-07-31
9464,586,2025-11-30,5595.08,2025-12-30
9465,687,2026-03-03,10584.49,2026-04-02
9466,184,2025-09-17,5945.58,2025-10-17
9467,23,2025-09-12,20831.26,2025-10-12
9468,786,2026-02-13,2512.14,2026-03-15
9469,129,2026-01-24,1487.34,2026-02-23
9470,291,2026-06-09,15683.96,2026-07-09
9471,832,2025-10-07,1621.07,2025-11-06
9472,501,2025-11-09,6443.91,2025-12-09
9473,186,2026-02-16,15346.61,2026-03-18
9474,479,2026-08-01,5944.53,2026-08-31
9475,571,2026-02-17,2860.82,2026-03-19
9476,492,2026-05-11,13835.95,2026-06-25
9477,513,2026-08-12,5732.0,2026-09-11
9478,643,2026-06-24,4190.16,2026-07-24
9479,67,2026-01-20,18620.14,2026-03-21
9480,805,2026-05-31,3700.7,2026-06-30
9481,467,2026-04-13,3095.56,2026-05-13
9482,285,2026-03-02,2428.43,2026-04-01
9483,601,2026-04-09,13227.14,2026-05-24
9484,417,2025-10-23,7039.63,2025-12-22
9485,100,2025-12-27,3385.36,2026-01-26
9486,189,2026-08-31,1581.31,2026-09-30
9487,989,2026-02-06,15431.58,2026-03-08
9488,890,2026-01-14,3425.4,2026-02-28
9489,858,2025-11-16,1166.59,2025-12-31
9490,388,2026-08-02,5361.88,2026-09-01
9491,241,2025-10-15,11422.45,2025-11-14
9492,782,2025-09-18,8895.48,2025-10-18
9493,731,2026-08-21,5335.57,2026-09-20
9494,417,2026-03-24,3511.35,2026-05-23
9495,918,2026-07-21,3192.91,2026-09-04
9496,176,2025-11-22,13876.8,2026-01-21
9497,387,2025-10-20,1048.32,2025-12-19
9498,471,2026-06-08,2339.87,2026-08-07
9499,853,2026-02-13,4631.0,2026-03-15
9500,233,2026-05-01,1014.08,2026-05-31
9501,663,2026-02-11,4199.97,2026-03-13
9502,452,2026-07-21,1873.61,2026-08-20
9503,277,2025-10-26,7310.21,2025-11-25
9504,229,2025-10-09,3160.98,2025-11-08
9505,171,2026-07-16,3631.54,2026-08-15
9506,735,2026-01-06,2989.18,2026-02-05
9507,213,2025-12-31,8588.43,2026-02-14
9508,282,2026-05-05,4731.81,
9509,41,2026-03-05,10657.68,2026-04-19
9510,122,2026-03-27,13141.88,2026-05-11
9511,227,2026-07-12,3974.12,2026-09-10
9512,294,2026-07-01,2862.66,2026-07-31
9513,600,2026-04-27,3576.11,2026-06-11
9514,267,2026-04-03,42051.58,2026-05-03
9515,541,2026-06-19,3050.96,2026-08-03
9516,759,2026-04-12,4347.71,2026-05-12
9517,828,2025-11-27,5935.84,2026-01-11
9518,451,2025-09-25,7742.25,2025-10-25
9519,449,2026-04-08,5431.05,2026-05-08
9520,756,2026-06-02,20668.09,2026-07-02
9521,61,2026-01-13,6038.85,2026-02-27
9522,502,2026-04-21,4437.14,2026-05-21
9523,147,2025-11-05,10741.78,2025-12-05
9524,686,2025-11-19,2459.93,2026-01-03
9525,945,2026-05-13,7696.71,2026-06-12
9526,790,2026-01-03,3716.49,2026-02-17
9527,334,2026-01-24,13984.5,2026-03-25
9528,881,2025-12-12,14872.83,2026-02-10
9529,953,2026-06-04,4349.97,2026-07-04
9530,891,2026-01-02,2492.1,2026-02-16
9531,142,2026-05-25,1127.11,2026-07-09
9532,44,2026-06-05,5987.09,2026-07-20
9533,144,2025-12-20,907.86,2026-01-19
9534,865,2026-07-10,4671.14,2026-09-08
9535,333,2025-11-28,3192.07,2026-01-12
9536,998,2026-02-05,7813.77,2026-04-06
9537,497,2026-04-04,4945.73,2026-05-19
9538,396,2026-06-28,3178.35,2026-07-28
9539,55,2025-10-06,9862.05,2025-11-20
9540,307,2025-11-26,2088.4,2025-12-26
9541,870,2025-12-27,7845.17,2026-02-25
9542,423,2026-07-25,26028.15,2026-08-24
9543,417,2026-03-01,10825.4,2026-04-30
9544,673,2025-11-07,3614.97,2025-12-07
9545,797,2026-08-25,2213.95,2026-10-09
9546,325,2026-02-06,10560.97,2026-03-08
9547,710,2026-06-12,1877.59,2026-07-12
9548,671,2026-02-11,5024.12,2026-03-13
9549,80,2026-08-27,8926.68,2026-09-26
9550,31,2025-11-12,2230.61,2025-12-12
9551,985,2025-12-28,2134.28,2026-01-27
9552,112,2026-08-07,1742.19,2026-09-21
9553,558,2026-03-14,17904.12,2026-04-28
9554,865,2025-11-28,19457.73,2026-01-27
9555,717,2026-08-11,19227.33,2026-09-25
9556,564,2025-11-15,21399.62,2025-12-15
9557,650,2026-04-09,3013.22,2026-05-24
9558,472,2026-01-17,1172.7,2026-02-16
9559,74,2026-04-29,19531.65,2026-05-29
9560,553,2026-02-01,10514.76,2026-03-03
9561,479,2025-10-23,9859.73,2025-11-22
9562,589,2026-01-20,2175.85,2026-02-19
9563,387,2026-07-17,5403.67,2026-09-15
9564,699,2025-10-01,5679.43,2025-10-31
9565,882,2026-04-11,4753.72,2026-05-11
9566,564,2026-06-19,2532.55,2026-07-19
9567,930,2026-05-24,1092.76,2026-06-23
9568,433,2026-06-09,2738.22,2026-07-24
9569,412,2026-06-03,502.71,2026-07-03
9570,467,2025-10-14,3593.53,2025-11-13
9571,599,2025-11-01,3057.02,2025-12-01
9572,621,2026-03-20,1964.54,2026-04-19
9573,992,2026-08-01,6890.41,2026-08-31
9574,909,2025-09-09,3799.01,2025-10-09
9575,737,2025-11-10,4024.96,2026-01-09
9576,994,2025-11-29,15214.23,2025-12-29
9577,993,2025-09-24,3867.38,2025-11-23
9578,248,2026-01-18,7188.26,2026-02-17
9579,581,2026-07-13,2102.11,2026-08-12
9580,120,2026-08-06,6133.61,2026-09-20
9581,67,2025-11-17,4606.17,2026-01-16
9582,573,2026-04-02,5384.26,2026-05-02
9583,956,2025-09-16,1876.78,2025-10-16
9584,327,2025-09-29,2025.16,2025-11-28
9585,920,2026-06-18,3790.51,2026-07-18
9586,703,2025-10-13,14497.11,2025-12-12
9587,470,2026-08-18,1579.69,2026-10-02
9588,493,2025-10-23,19179.63,2025-12-07
9589,701,2026-06-03,2841.12,2026-07-03
9590,663,2026-04-20,5343.66,2026-05-20
9591,286,2026-03-31,11150.89,2026-04-30
9592,956,2025-09-08,3761.83,2025-10-08
9593,914,2025-12-31,4114.61,2026-01-30
9594,608,2025-10-12,15905.33,2025-11-11
9595,312,2026-07-30,12022.0,2026-08-29
9596,309,2026-04-21,8757.78,2026-05-21
9597,775,2025-11-09,4448.94,2025-12-09
9598,97,2025-09-16,4703.52,2025-10-16
9599,965,2025-11-08,2120.38,2025-12-08
9600,113,2025-10-23,3983.38,2025-12-07
9601,988,2026-02-20,5276.93,2026-03-22
9602,637,2026-05-20,4867.43,2026-07-04
9603,456,2026-06-16,6336.45,2026-07-16
9604,463,2025-09-15,12165.66,2025-10-30
9605,948,2026-05-28,1492.34,2026-06-27
9606,132,2026-02-14,3012.71,2026-03-31
9607,930,2025-11-02,12490.81,2025-12-02
9608,965,2026-05-19,35959.84,2026-06-18
9609,929,2025-12-30,2117.98,2026-01-29
9610,121,2026-08-12,3031.75,2026-09-11
9611,197,2026-04-28,1755.11,2026-05-28
9612,806,2025-12-16,980.4,
9613,482,2026-02-27,6227.8,2026-03-29
9614,634,2025-09-16,8043.25,2025-10-16
9615,794,2026-08-21,3934.31,2026-10-05
9616,897,2026-07-06,3962.97,2026-08-20
9617,772,2026-04-03,4574.75,2026-05-18
9618,39,2025-11-16,3172.58,2025-12-31
9619,566,2026-04-13,4828.68,2026-05-13
9620,512,2025-12-02,15164.43,2026-01-16
9621,474,2026-02-28,2579.34,2026-03-30
9622,161,2026-02-21,3986.86,2026-03-23
9623,289,2026-08-20,4514.63,2026-09-19
9624,200,2026-08-20,3175.4,2026-09-19
9625,788,2026-04-07,5279.22,2026-05-07
9626,528,2026-01-21,676.7,2026-02-20
9627,917,2026-07-12,7907.16,2026-08-11
9628,685,2026-06-09,2297.16,2026-07-24
9629,503,2026-05-17,2552.11,2026-06-16
9630,248,2026-08-22,4372.96,2026-09-21
9631,383,2025-10-17,1644.9,2025-12-01
9632,218,2025-09-05,14503.69,2025-10-05
9633,87,2025-11-01,2586.64,2025-12-31
9634,82,2025-11-23,41082.86,2025-12-23
9635,62,2026-01-11,8277.97,2026-02-10
9636,799,2026-08-02,3173.4,2026-09-01
9637,500,2025-11-02,3913.06,2025-12-02
9638,42,2026-06-08,5631.13,2026-07-23
9639,12,2025-10-14,19461.04,2025-11-13
9640,833,2026-01-31,10693.83,2026-03-02
9641,746,2026-05-28,10070.81,2026-06-27
9642,841,2026-08-08,3915.65,2026-09-07
9643,643,2026-02-18,3176.87,2026-03-20
9644,115,2026-02-03,8325.82,2026-04-04
9645,218,2026-06-02,14531.15,2026-07-02
9646,649,2026-08-24,4477.27,2026-09-23
9647,106,2025-09-20,2891.29,2025-11-04
9648,691,2026-04-02,2187.59,2026-06-01
9649,528,2025-11-18,1310.79,2025-12-18
9650,472,2026-01-17,3497.31,2026-02-16
9651,754,2025-12-07,4079.3,2026-01-06
9652,846,2026-01-30,4920.38,2026-03-16
9653,893,2026-03-17,7711.78,2026-05-01
9654,387,2026-05-31,3436.4,2026-07-30
9655,226,2026-02-03,21024.02,2026-03-20
9656,481,2025-10-20,2010.7,2025-11-19
9657,754,2026-04-16,8633.53,2026-05-16
9658,408,2025-09-10,1884.74,2025-10-25
9659,457,2026-01-27,2532.16,2026-03-28
9660,653,2025-10-28,6260.37,2025-11-27
9661,898,2026-02-09,11523.37,2026-03-11
9662,711,2026-08-17,3998.04,2026-10-01
9663,624,2025-12-16,5350.17,2026-01-30
9664,639,2026-06-16,13730.56,2026-07-16
9665,21,2026-03-05,1880.85,2026-04-19
9666,659,2025-10-16,9256.67,2025-11-30
9667,601,2026-01-07,2881.14,2026-02-21
9668,815,2026-07-15,6073.38,2026-09-13
9669,918,2025-11-26,7700.05,2026-01-10
9670,203,2026-05-07,1951.98,2026-06-06
9671,417,2026-07-26,2751.62,2026-09-24
9672,416,2026-05-15,8517.51,2026-06-14
9673,448,2026-06-04,4060.68,2026-07-04
9674,512,2026-06-05,2825.0,2026-07-20
9675,85,2025-09-04,5842.88,2025-10-04
9676,167,2025-11-04,2108.35,2025-12-04
9677,384,2026-03-21,1941.24,2026-05-20
9678,468,2025-11-02,739.88,2025-12-02
9679,72,2026-01-21,6667.67,2026-02-20
9680,810,2026-05-02,5129.62,2026-06-01
9681,997,2026-06-19,7705.31,2026-07-19
9682,521,2026-06-12,13288.85,2026-07-12
9683,793,2026-02-27,4122.21,2026-03-29
9684,473,2026-02-21,4729.42,2026-04-22
9685,993,2026-07-22,6579.82,2026-09-20
9686,258,2025-12-20,3168.87,2026-02-18
9687,275,2026-02-22,1557.79,2026-03-24
9688,750,2026-01-31,1990.04,2026-03-02
9689,20,2026-08-22,4843.24,2026-09-21
9690,490,2026-04-05,11125.85,2026-05-05
9691,745,2026-06-24,17519.19,2026-08-23
9692,490,2026-04-28,3981.57,2026-05-28
9693,733,2026-04-14,5718.55,2026-05-14
9694,326,2026-03-05,22333.4,2026-04-04
9695,529,2025-10-18,7560.18,2025-11-17
9696,892,2026-03-27,5580.13,2026-04-26
9697,89,2026-02-04,5915.44,2026-03-21
9698,486,2026-04-13,7964.6,2026-05-13
9699,708,2026-01-22,1883.63,2026-03-08
9700,350,2025-12-20,9187.76,2026-01-19
9701,84,2026-07-15,7104.52,2026-08-14
9702,387,2026-08-29,11941.59,2026-10-28
9703,87,2026-08-28,7424.13,2026-10-27
9704,307,2026-01-10,11318.48,2026-02-09
9705,850,2025-12-22,2389.63,2026-01-21
9706,154,2026-07-21,3102.77,2026-08-20
9707,440,2025-11-28,5649.71,2026-01-12
9708,740,2026-02-08,2741.4,2026-03-25
9709,960,2026-07-31,9912.8,2026-08-30
9710,264,2025-11-14,1611.25,2025-12-14
9711,977,2026-06-08,4400.69,2026-07-23
9712,735,2025-09-07,3177.97,2025-10-07
9713,421,2025-12-22,2760.75,2026-02-05
9714,493,2025-10-06,1669.71,2025-11-20
9715,633,2026-05-24,5170.03,2026-06-23
9716,993,2025-12-22,4678.38,2026-02-20
9717,411,2026-06-19,22941.47,2026-08-03
9718,173,2026-04-11,36589.97,2026-05-11
9719,4,2026-03-30,2127.75,2026-04-29
9720,854,2025-09-18,1090.93,2025-11-02
9721,640,2026-04-29,1913.46,2026-06-28
9722,986,2026-01-12,4758.58,
9723,992,2026-04-08,12299.7,2026-05-08
9724,472,2025-12-11,3401.68,2026-01-10
9725,110,2026-01-18,7941.17,2026-02-17
9726,867,2026-02-16,2638.49,2026-04-02
9727,37,2026-03-10,3386.31,2026-04-24
9728,992,2025-09-25,-5713.75,2025-10-25
9729,583,2025-10-03,4955.66,2025-11-17
9730,801,2026-08-09,4857.83,2026-09-08
9731,31,2026-07-26,2104.33,2026-08-25
9732,951,2025-09-06,13331.81,2025-10-06
9733,381,2026-03-13,13251.4,2026-04-27
9734,268,2026-04-18,13430.19,2026-05-18
9735,11,2026-01-15,2908.56,2026-03-16
9736,344,2026-07-20,5501.11,2026-09-03
9737,840,2026-04-04,3285.56,2026-06-03
9738,544,2026-08-15,2292.55,2026-09-29
9739,569,2026-08-30,6280.24,2026-09-29
9740,166,2026-03-02,915.36,2026-04-01
9741,700,2026-02-15,9844.47,2026-04-16
9742,342,2026-06-09,1972.46,2026-07-09
9743,482,2025-10-08,3892.4,2025-11-07
9744,19,2026-02-10,813.95,2026-03-12
9745,628,2026-01-20,21234.86,2026-02-19
9746,980,2026-05-06,8465.66,2026-06-05
9747,184,2025-12-12,5355.56,2026-01-11
9748,782,2026-03-18,2883.29,2026-04-17
9749,545,2026-03-19,2131.57,2026-04-18
9750,10,2025-10-12,4259.66,2025-11-11
9751,592,2026-01-25,6367.5,2026-02-24
9752,192,2025-11-05,4160.2,2025-12-05
9753,320,2026-03-12,7645.93,2026-04-11
9754,702,2026-06-25,22065.64,2026-08-09
9755,580,2025-10-08,2118.94,2025-11-07
9756,475,2026-01-19,6041.35,2026-02-18
9757,860,2025-12-15,20134.01,2026-01-14
9758,637,2026-01-30,3899.45,2026-03-16
9759,427,2026-08-18,4473.65,2026-09-17
9760,848,2026-07-23,7231.5,2026-08-22
9761,59,2025-10-08,8587.57,2025-11-07
9762,436,2025-12-06,11579.7,2026-01-20
9763,97,2025-12-17,5456.79,2026-01-16
9764,496,2025-12-28,2647.33,2026-01-27
9765,787,2026-01-29,7830.67,2026-03-30
9766,661,2025-11-13,2306.9,2025-12-13
9767,278,2025-10-27,6520.85,2025-11-26
9768,265,2026-08-01,5318.75,2026-08-31
9769,9,2026-05-10,5215.47,2026-07-09
9770,457,2026-06-19,4681.41,2026-08-18
9771,795,2026-07-10,11144.68,2026-08-09
9772,273,2026-05-13,8197.84,2026-06-27
9773,940,2026-05-12,8715.41,2026-06-11
9774,813,2026-05-17,3450.5,2026-06-16
9775,8,2026-05-28,1344.17,2026-07-12
9776,208,2025-10-04,3639.11,2025-11-03
9777,914,2026-07-23,7085.44,2026-08-22
9778,637,2026-07-22,5131.28,2026-09-05
9779,123,2026-04-26,3536.79,2026-05-26
9780,33,2026-02-26,5969.02,2026-03-28
9781,513,2025-12-13,4037.74,2026-01-12
9782,204,2025-09-29,5199.06,2025-10-29
9783,518,2026-04-15,1018.56,2026-05-15
9784,809,2026-04-20,9236.41,2026-05-20
9785,951,2026-07-01,8163.69,2026-07-31
9786,517,2026-08-16,27091.97,2026-09-15
9787,443,2026-08-01,2828.91,2026-09-15
9788,592,2025-12-26,3343.05,2026-01-25
9789,786,2026-03-26,5747.98,2026-04-25
9790,689,2026-03-04,4865.41,2026-04-03
9791,850,2026-01-16,17695.87,2026-02-15
9792,833,2026-07-20,3606.63,2026-08-19
9793,339,2026-02-11,4421.41,2026-03-13
9794,438,2025-11-14,3188.86,2025-12-29
9795,445,2026-04-21,16917.29,2026-05-21
9796,136,2026-06-11,7383.11,2026-07-11
9797,387,2026-05-13,17569.19,2026-07-12
9798,25,2025-09-09,51495.2,2025-10-09
9799,506,2026-03-22,2716.07,2026-04-21
9800,325,2026-07-02,11846.03,2026-08-01
9801,695,2025-11-30,4071.65,2025-12-30
9802,680,2026-07-29,2884.42,2026-08-28
9803,979,2026-01-28,1547.15,2026-02-27
9804,338,2026-08-26,27443.55,2026-09-25
9805,690,2026-02-23,11145.83,2026-04-24
9806,885,2025-10-03,4174.92,2025-11-17
9807,95,2026-03-03,8223.41,2026-04-02
9808,545,2026-02-04,1176.16,2026-03-06
9809,623,2025-10-23,4636.38,2025-12-07
9810,146,2026-06-23,2718.02,2026-08-07
9811,893,2026-03-21,15893.25,2026-05-05
9812,953,2026-06-01,16771.3,2026-07-01
9813,231,2026-02-22,10194.0,2026-03-24
9814,784,2026-05-02,10668.85,2026-06-01
9815,848,2026-05-27,2972.92,2026-06-26
9816,495,2025-11-13,8872.9,2025-12-13
9817,38,2025-12-05,1658.53,2026-01-04
9818,425,2026-08-27,1489.0,2026-09-26
9819,647,2026-02-20,4595.39,2026-04-06
9820,846,2026-02-02,7641.51,2026-03-19
9821,747,2026-03-02,8068.33,2026-04-01
9822,437,2026-07-20,1829.09,2026-09-03
9823,831,2026-06-16,1445.1,2026-07-16
9824,368,2026-05-16,3484.07,2026-06-15
9825,345,2025-11-14,2480.13,2025-12-29
9826,160,2026-02-21,8158.43,2026-03-23
9827,550,2026-07-27,2223.65,2026-08-26
9828,662,2026-04-19,23685.89,2026-05-19
9829,912,2026-05-05,6681.39,2026-06-04
9830,820,2026-02-08,4445.52,2026-03-10
9831,541,2026-03-05,1996.86,2026-04-19
9832,144,2026-01-21,1737.65,2026-02-20
9833,588,2026-06-09,3867.87,2026-07-09
9834,657,2026-01-06,3146.74,2026-02-05
9835,741,2026-02-13,1251.04,2026-03-15
9836,576,2025-09-27,14980.42,2025-11-11
9837,859,2026-05-04,2065.27,2026-06-18
9838,345,2026-01-13,6629.5,2026-02-27
9839,269,2026-03-21,7122.1,2026-04-20
9840,840,2025-09-21,1369.39,2025-11-20
9841,696,2025-11-18,3675.41,2025-12-18
9842,773,2026-02-05,1618.87,2026-04-06
9843,268,2025-12-03,6927.62,2026-01-02
9844,169,2025-09-08,5256.43,2025-10-23
9845,771,2026-08-05,4700.23,2026-09-04
9846,739,2026-05-17,2594.26,2026-06-16
9847,33,2025-10-25,12861.87,2025-11-24
9848,377,2025-10-06,3695.72,2025-11-20
9849,214,2025-09-06,1533.51,2025-10-06
9850,562,2025-10-12,2349.03,2025-11-11
9851,440,2025-10-20,1003.76,2025-12-04
9852,492,2025-12-21,2962.29,2026-02-04
9853,393,2026-01-24,2416.2,2026-02-23
9854,489,2026-04-18,8715.48,2026-05-18
9855,722,2026-03-30,7902.82,2026-05-29
9856,946,2026-07-03,5927.29,2026-08-17
9857,29,2025-09-30,10666.78,2025-10-30
9858,39,2026-06-22,1947.83,2026-08-06
9859,859,2025-12-25,6450.09,2026-02-08
9860,612,2026-04-14,1582.55,2026-05-29
9861,173,2025-10-29,3414.26,2025-11-28
9862,17,2025-11-15,6569.16,2025-12-15
9863,56,2026-04-04,3267.51,2026-05-04
9864,226,2026-01-10,18468.03,2026-02-24
9865,558,2026-07-01,3784.86,2026-08-15
9866,67,2025-11-20,9488.39,2026-01-19
9867,197,2026-07-02,4046.35,2026-08-01
9868,654,2025-11-06,5555.41,2025-12-06
9869,835,2026-04-18,3733.75,2026-05-18
9870,23,2026-07-30,5761.25,2026-08-29
9871,999,2026-06-04,19900.73,2026-07-04
9872,606,2026-08-27,17183.75,2026-10-11
9873,754,2025-11-11,3386.18,2025-12-11
9874,237,2026-03-28,4162.99,2026-04-27
9875,957,2026-05-30,5207.55,2026-07-29
9876,919,2026-01-22,8357.07,2026-02-21
9877,923,2026-05-09,22043.69,2026-06-08
9878,566,2026-06-11,13987.89,2026-07-11
9879,138,2026-02-26,4039.14,2026-04-12
9880,473,2025-11-19,6902.23,2026-01-18
9881,845,2025-10-27,5989.55,2025-12-11
9882,784,2026-07-05,3079.68,2026-08-04
9883,553,2026-02-21,11248.93,2026-03-23
9884,610,2026-04-26,669.13,2026-05-26
9885,695,2026-02-13,11182.4,2026-03-15
9886,640,2025-11-23,6951.33,2026-01-22
9887,229,2025-10-18,1178.53,2025-11-17
9888,317,2026-01-05,2172.81,2026-03-06
9889,598,2026-02-16,957.65,2026-03-18
9890,768,2026-08-20,19430.79,2026-09-19
9891,721,2026-08-15,2261.72,2026-09-14
9892,727,2025-11-06,10356.3,2025-12-21
9893,886,2026-07-27,10656.23,2026-08-26
9894,612,2026-08-06,4539.88,2026-09-20
9895,561,2026-03-13,2938.15,
9896,201,2026-02-02,7535.69,2026-03-04
9897,948,2026-02-07,5940.41,2026-03-09
9898,258,2026-03-03,10574.32,2026-05-02
9899,480,2026-05-24,1955.79,2026-06-23
9900,888,2026-02-15,11329.2,2026-03-17
9901,178,2026-01-23,14696.1,2026-03-09
9902,757,2026-03-05,4071.55,2026-04-04
9903,123,2026-08-19,2327.16,2026-09-18
9904,342,2026-05-20,3396.72,2026-06-19
9905,171,2026-06-01,2996.17,2026-07-01
9906,845,2026-07-25,4326.54,2026-09-08
9907,648,2026-08-11,2770.24,2026-09-10
9908,59,2026-04-11,7204.06,2026-05-11
9909,705,2025-10-12,8321.07,2025-12-11
9910,465,2025-09-04,3751.81,2025-10-04
9911,780,2026-06-03,1046.92,2026-07-03
9912,260,2026-06-11,7126.77,2026-07-11
9913,373,2026-03-12,1536.24,2026-05-11
9914,973,2025-12-13,6105.0,2026-01-12
9915,95,2026-05-05,5295.9,2026-06-04
9916,125,2026-06-27,3843.03,2026-07-27
9917,41,2025-09-23,8375.44,2025-11-07
9918,891,2026-06-30,6687.83,2026-08-14
9919,254,2025-09-13,6818.12,2025-10-13
9920,7,2026-01-22,9643.22,2026-02-21
9921,471,2026-04-06,3593.69,2026-06-05
9922,728,2026-03-02,3553.78,2026-04-16
9923,511,2026-08-17,11836.84,2026-09-16
9924,581,2026-04-30,8355.8,2026-05-30
9925,69,2026-03-12,3433.85,2026-04-11
9926,81,2026-05-30,1006.47,2026-06-29
9927,542,2026-02-12,6841.94,2026-03-14
9928,585,2026-02-27,7375.5,2026-03-29
9929,262,2025-12-26,1895.58,2026-01-25
9930,89,2026-05-24,2536.05,2026-07-08
9931,915,2025-10-08,3608.08,2025-11-07
9932,208,2025-10-14,7179.99,2025-11-13
9933,213,2026-08-17,36463.03,2026-10-01
9934,834,2025-11-13,12226.53,2025-12-13
9935,266,2026-04-14,1495.83,2026-05-14
9936,912,2026-07-04,3527.07,2026-08-03
9937,293,2026-07-05,4635.81,2026-08-04
9938,207,2026-08-14,7473.79,2026-09-13
9939,333,2026-07-12,2610.27,2026-08-26
9940,77,2025-09-13,7980.99,2025-10-28
9941,288,2025-09-12,3316.81,2025-10-12
9942,47,2025-10-20,7970.8,2025-12-04
9943,622,2026-07-10,-5312.55,2026-08-24
9944,200,2026-05-07,25681.85,2026-06-06
9945,427,2025-12-28,10940.76,2026-01-27
9946,210,2025-10-27,14304.13,2025-11-26
9947,888,2026-03-01,2145.37,2026-03-31
9948,420,2026-05-22,3266.64,2026-06-21
9949,154,2025-12-15,6495.94,2026-01-14
9950,522,2026-03-10,1863.99,2026-04-24
9951,415,2026-01-15,11539.14,2026-02-14
9952,353,2026-03-07,5550.12,2026-05-06
9953,157,2025-12-29,12053.81,2026-01-28
9954,261,2026-04-30,7354.38,2026-05-30
9955,77,2026-07-16,5182.71,2026-08-30
9956,769,2025-11-11,4532.59,2025-12-26
9957,983,2026-05-01,2702.98,2026-06-15
9958,488,2026-01-09,2577.31,2026-02-08
9959,131,2026-05-27,10179.45,2026-06-26
9960,579,2025-10-22,8532.25,2025-11-21
9961,455,2025-11-01,13419.3,2025-12-31
9962,740,2025-12-28,3231.35,2026-02-11
9963,163,2026-08-31,12274.32,2026-09-30
9964,15,2026-05-22,4341.31,2026-07-06
9965,232,2026-04-27,7951.7,2026-05-27
9966,195,2026-08-17,14050.59,2026-09-16
9967,861,2026-05-13,26213.35,2026-06-27
9968,542,2026-02-20,11791.45,2026-03-22
9969,359,2026-07-06,5880.79,2026-08-05
9970,850,2026-04-25,7831.89,2026-05-25
9971,331,2026-07-16,13580.62,2026-08-30
9972,427,2025-12-04,8822.97,2026-01-03
9973,497,2026-08-03,3632.92,2026-09-17
9974,828,2025-10-27,8176.54,2025-12-11
9975,486,2025-11-06,14187.36,2025-12-06
9976,808,2025-10-16,21314.38,2025-12-15
9977,449,2025-12-03,5254.83,2026-01-02
9978,413,2026-01-16,2046.29,2026-03-02
9979,330,2025-12-02,1204.06,2026-01-01
9980,732,2026-04-20,9449.37,2026-05-20
9981,889,2025-10-19,1466.23,2025-11-18
9982,991,2025-09-23,6458.97,2025-10-23
9983,147,2025-11-01,11841.14,2025-12-01
9984,259,2026-05-25,4388.09,2026-06-24
9985,292,2026-07-26,1510.87,2026-08-25
9986,811,2025-12-27,1824.83,2026-01-26
9987,143,2025-11-27,2395.48,2025-12-27
9988,993,2025-11-28,4527.6,2026-01-27
9989,937,2025-10-25,13101.88,2025-11-24
9990,747,2026-01-31,5047.25,2026-03-02
9991,627,2026-04-27,27996.41,2026-05-27
9992,365,2026-05-23,11497.63,2026-06-22
9993,90,2026-05-26,6333.31,2026-07-10
9994,720,2025-12-22,4721.81,2026-01-21
9995,164,2026-02-13,3357.86,2026-03-30
9996,481,2026-02-03,5634.29,2026-03-05
9997,84,2025-09-08,7716.22,2025-10-08
9998,77,2026-03-21,6465.03,2026-05-05
9999,673,2026-04-05,3355.33,2026-05-05
10000,517,2026-06-19,2190.0,2026-07-19
10001,485,2025-10-20,22186.64,2025-11-19
10002,590,2025-12-16,8304.82,2026-01-15
10003,603,2025-09-09,6644.84,2025-11-08
10004,599,2026-04-21,7497.34,2026-05-21
10005,782,2026-03-07,12067.64,2026-04-06
10006,104,2026-07-20,3438.88,2026-08-19
10007,452,2026-07-06,4507.39,2026-08-05
10008,487,2026-08-04,2738.57,2026-09-03
10009,339,2025-12-19,4971.33,2026-01-18
10010,687,2026-01-23,2911.54,2026-02-22
10011,566,2026-04-16,2235.22,2026-05-16
10012,900,2026-07-06,1368.47,2026-08-05
10013,478,2025-12-23,18837.83,2026-02-21
10014,723,2025-11-02,3825.94,2025-12-02
10015,607,2026-06-02,7380.51,2026-07-17
10016,223,2026-01-02,5400.68,2026-02-16
10017,9,2025-11-25,7442.59,2026-01-24
10018,53,2025-11-09,1006.65,2025-12-09
10019,77,2025-10-17,3433.32,2025-12-01
10020,718,2026-03-18,12642.59,2026-04-17
10021,503,2026-08-30,23662.52,2026-09-29
10022,316,2026-03-20,3735.29,2026-04-19
10023,814,2026-06-03,4096.08,2026-07-18
10024,822,2025-10-07,11734.94,2025-11-06
10025,842,2026-03-22,7113.69,2026-04-21
10026,624,2026-01-08,5119.97,2026-02-22
10027,863,2026-06-19,4748.35,2026-07-19
10028,165,2025-11-03,3167.86,2025-12-03
10029,279,2026-05-21,3080.45,
10030,27,2025-12-29,5557.07,2026-01-28
10031,70,2026-06-05,6441.53,2026-07-05
10032,218,2026-03-21,6715.39,2026-04-20
10033,962,2025-10-16,2889.44,2025-11-15
10034,365,2026-02-15,14519.84,2026-03-17
10035,701,2025-12-19,1366.72,2026-01-18
10036,845,2025-10-16,7637.96,2025-11-30
10037,947,2026-03-31,3246.22,2026-05-15
10038,306,2025-09-28,2501.09,2025-10-28
10039,124,2025-11-26,3855.79,2025-12-26
10040,19,2026-06-18,1399.55,2026-07-18
10041,257,2026-02-04,6638.31,2026-03-06
10042,296,2026-05-23,18192.79,2026-07-07
10043,928,2026-05-23,2986.24,2026-07-22
10044,22,2025-09-22,32790.2,2025-11-06
10045,880,2026-05-14,2511.17,2026-06-28
10046,989,2026-03-10,3563.88,2026-04-09
10047,450,2026-04-20,14839.41,2026-05-20
10048,552,2026-03-05,1918.87,2026-04-04
10049,550,2026-07-23,4170.94,2026-08-22
10050,48,2026-03-02,19780.16,2026-04-01
10051,695,2026-03-21,1947.02,2026-04-20
10052,587,2025-11-04,8019.53,2025-12-04
10053,721,2025-10-13,7522.56,2025-11-12
10054,183,2026-04-09,1073.85,2026-05-09
10055,435,2025-09-17,3055.63,2025-10-17
10056,107,2026-07-21,33603.52,2026-09-19
10057,188,2026-06-12,5980.32,2026-08-11
10058,776,2026-03-02,6797.17,2026-04-16
10059,86,2025-10-14,6048.36,2025-11-13
10060,836,2026-03-07,25627.83,2026-04-21
10061,843,2026-05-21,2294.27,2026-06-20
10062,456,2026-02-21,2905.69,2026-03-23
10063,137,2025-10-24,4576.04,2025-11-23
10064,858,2026-04-08,7799.23,2026-05-23
10065,898,2025-10-16,5654.23,2025-11-15
10066,336,2026-05-18,5783.62,2026-07-17
10067,607,2026-03-14,3214.55,2026-04-28
10068,838,2026-08-13,8126.47,2026-09-27
10069,757,2025-10-31,1100.34,2025-11-30
10070,469,2026-02-13,3226.48,2026-03-15
10071,602,2026-02-07,2592.16,2026-03-09
10072,571,2026-01-29,2071.86,2026-02-28
10073,403,2025-12-20,1203.1,2026-02-03
10074,540,2025-10-07,6022.19,2025-12-06
10075,72,2025-09-03,7050.6,2025-10-03
10076,782,2025-09-13,7090.94,2025-10-13
10077,24,2026-02-09,10617.24,2026-04-10
10078,624,2026-08-10,12204.72,2026-09-24
10079,812,2026-07-29,978.24,2026-08-28
10080,485,2026-05-22,8282.82,2026-06-21
10081,56,2025-11-22,5785.95,2025-12-22
10082,986,2026-05-23,5734.64,2026-07-07
10083,223,2026-07-31,4528.3,2026-09-14
10084,632,2026-04-07,3219.17,
10085,179,2026-01-24,7627.37,2026-02-23
10086,800,2026-06-25,2282.17,2026-07-25
10087,434,2026-06-24,12082.07,2026-07-24
10088,937,2026-02-08,3357.87,2026-03-10
10089,450,2026-04-17,976.68,2026-05-17
10090,793,2026-04-22,5471.35,2026-05-22
10091,884,2025-11-28,1949.38,2026-01-12
10092,492,2026-07-30,1917.22,2026-09-13
10093,189,2026-07-07,8640.63,2026-08-06
10094,578,2026-04-03,10561.31,2026-05-03
10095,810,2025-12-06,4582.39,2026-01-05
10096,961,2026-04-01,999.18,2026-05-31
10097,420,2026-08-20,7648.99,2026-09-19
10098,249,2026-07-09,3872.11,2026-08-08
10099,588,2025-12-09,15060.08,2026-01-08
10100,649,2026-01-23,24122.47,2026-02-22
10101,164,2025-09-10,1500.83,2025-10-25
10102,745,2025-10-14,36143.79,2025-12-13
10103,255,2026-05-09,1437.4,2026-06-23
10104,476,2026-04-15,3250.3,2026-05-15
10105,806,2026-05-07,11364.25,2026-06-06
10106,417,2026-02-16,2807.0,2026-04-17
10107,170,2026-01-08,2608.49,2026-02-07
10108,317,2025-09-19,1276.7,2025-11-18
10109,174,2026-08-02,1717.58,2026-09-01
10110,470,2026-04-23,2606.39,2026-06-07
10111,345,2026-08-11,9290.19,2026-09-25
10112,445,2025-09-01,19148.99,2025-10-01
10113,18,2026-01-08,2725.28,2026-02-07
10114,70,2025-09-27,3628.5,2025-10-27
10115,338,2025-09-02,2257.69,2025-10-02
10116,628,2026-05-08,1472.35,2026-06-07
10117,592,2026-04-10,1475.53,2026-05-10
10118,527,2026-01-16,1802.24,2026-03-17
10119,688,2026-06-02,4803.62,2026-08-01
10120,456,2026-01-19,3024.33,2026-02-18
10121,269,2026-05-14,3697.44,2026-06-13
10122,631,2026-07-09,6868.08,2026-08-08
10123,811,2025-12-04,4643.31,2026-01-03
10124,188,2026-02-20,1969.5,2026-04-21
10125,569,2025-10-27,10753.8,2025-11-26
10126,711,2025-12-11,992.4,2026-01-25
10127,529,2026-02-16,2692.01,2026-03-18
10128,434,2025-11-09,19829.6,2025-12-09
10129,288,2026-08-04,6565.56,2026-09-03
10130,918,2025-10-19,1186.32,2025-12-03
10131,567,2026-08-13,1408.87,2026-09-12
10132,499,2025-09-05,3809.49,2025-10-05
10133,441,2026-03-21,3387.67,2026-05-05
10134,781,2026-03-21,8817.12,2026-04-20
10135,303,2026-02-26,12354.71,2026-03-28
10136,87,2025-10-27,3309.99,2025-12-26
10137,830,2026-03-05,4595.89,2026-04-19
10138,438,2025-12-01,2188.87,2026-01-15
10139,541,2026-06-19,4406.9,2026-08-03
10140,22,2026-04-15,2202.1,2026-05-30
10141,833,2025-12-21,5098.47,2026-01-20
10142,797,2026-01-26,3029.07,2026-03-12
10143,560,2026-05-27,8247.81,2026-06-26
10144,517,2026-03-22,11576.35,2026-04-21
10145,762,2026-08-31,14077.66,2026-10-15
10146,675,2026-08-14,5146.45,2026-09-13
10147,503,2026-08-24,-8126.59,2026-09-23
10148,714,2025-10-26,3352.65,2025-11-25
10149,467,2026-06-28,2551.71,2026-07-28
10150,101,2026-07-13,1674.44,2026-08-12
10151,583,2026-03-04,6661.22,2026-04-18
10152,942,2025-10-24,969.48,2025-11-23
10153,675,2025-10-07,10052.29,2025-11-06
10154,685,2026-03-30,3752.4,2026-05-14
10155,141,2026-06-20,3956.24,2026-07-20
10156,138,2026-05-28,8573.13,2026-07-12
10157,578,2026-08-17,1153.04,2026-09-16
10158,710,2026-04-08,4186.37,2026-05-08
10159,840,2026-04-16,17675.56,2026-06-15
10160,228,2026-08-24,3984.19,2026-10-08
10161,281,2026-03-30,1734.87,2026-05-14
10162,684,2026-06-25,3789.36,2026-08-24
10163,828,2025-09-01,14247.28,2025-10-16
10164,431,2025-09-23,2711.09,2025-11-22
10165,40,2026-06-11,1458.64,2026-07-11
10166,519,2026-03-07,3441.57,2026-04-06
10167,686,2025-09-18,1625.22,
10168,663,2025-10-19,822.36,2025-11-18
10169,211,2025-10-17,9137.39,2025-11-16
10170,302,2025-12-24,11563.77,2026-01-23
10171,86,2025-10-09,6991.15,2025-11-08
10172,397,2026-04-05,10218.75,2026-05-05
10173,253,2026-03-29,3612.31,2026-05-28
10174,533,2026-05-20,14744.08,2026-07-04
10175,769,2026-03-30,3024.52,2026-05-14
10176,891,2025-10-23,-5002.06,2025-12-07
10177,915,2026-06-08,2545.95,2026-07-08
10178,381,2026-08-21,1628.64,2026-10-05
10179,444,2026-07-18,3006.43,2026-09-01
10180,33,2026-01-11,29749.48,2026-02-10
10181,260,2026-05-22,17049.54,2026-06-21
10182,234,2026-06-22,9295.54,2026-07-22
10183,515,2025-12-20,3548.75,2026-02-03
10184,859,2025-10-13,3484.9,2025-11-27
10185,308,2026-08-04,19689.33,2026-09-03
10186,739,2026-04-26,5090.05,2026-05-26
10187,796,2026-05-05,9411.75,2026-06-04
10188,70,2025-09-04,3210.61,2025-10-04
10189,454,2026-08-30,3941.59,2026-10-14
10190,439,2026-08-15,9336.89,2026-09-14
10191,825,2026-08-16,2776.29,2026-09-15
10192,364,2026-07-09,6606.5,2026-08-08
10193,983,2026-02-20,2855.31,2026-04-06
10194,766,2026-03-12,7520.13,2026-04-11
10195,481,2025-09-03,2787.58,2025-10-03
10196,144,2026-06-05,20317.65,2026-07-05
10197,24,2025-10-26,4749.52,2025-12-25
10198,965,2026-06-01,9290.86,2026-07-01
10199,425,2026-02-23,4918.04,2026-03-25
10200,746,2025-12-25,3347.93,2026-01-24
10201,845,2025-11-23,7915.96,2026-01-07
10202,175,2026-02-06,12584.67,2026-03-08
10203,844,2026-06-13,1569.5,2026-07-13
10204,325,2025-11-19,5552.6,2025-12-19
10205,869,2025-11-05,4585.81,2025-12-05
10206,671,2026-03-28,5913.6,2026-04-27
10207,860,2025-09-10,14768.79,2025-10-10
10208,348,2026-03-18,9606.69,2026-04-17
10209,798,2025-10-29,12613.37,2025-11-28
10210,18,2026-04-22,6171.37,2026-05-22
10211,44,2026-07-04,3534.39,2026-08-18
10212,155,2026-05-02,718.64,2026-06-16
10213,867,2025-10-24,15513.27,2025-12-08
10214,922,2026-08-03,676.6,2026-09-02
10215,377,2025-09-09,17805.25,2025-10-24
10216,743,2025-12-10,9044.71,2026-01-24
10217,883,2026-06-22,-24149.91,2026-07-22
10218,828,2026-03-22,6184.26,2026-05-06
10219,402,2026-01-31,7460.91,2026-03-17
10220,225,2025-12-19,4311.26,2026-01-18
10221,217,2026-07-19,5312.55,2026-08-18
10222,568,2026-05-24,2800.09,2026-06-23
10223,31,2026-01-30,4551.7,2026-03-01
10224,869,2025-11-22,2540.17,2025-12-22
10225,59,2026-01-12,5188.36,2026-02-11
10226,892,2026-07-23,4898.46,2026-08-22
10227,898,2026-02-07,4919.95,2026-03-09
10228,353,2025-10-09,4651.55,2025-12-08
10229,935,2026-02-23,3049.53,2026-03-25
10230,445,2025-09-13,7823.06,2025-10-13
10231,235,2026-07-12,6432.52,2026-08-11
10232,107,2025-11-06,6236.73,2026-01-05
10233,191,2026-05-06,2353.76,2026-06-05
10234,992,2025-10-11,8568.6,2025-11-10
10235,530,2026-03-03,2713.95,2026-04-02
10236,913,2025-10-05,3291.11,2025-11-04
10237,738,2026-08-03,5380.79,2026-10-02
10238,679,2026-06-17,12548.01,2026-07-17
10239,583,2025-11-15,1902.52,2025-12-30
10240,874,2025-11-09,2267.12,2025-12-24
10241,566,2026-04-22,1039.9,2026-05-22
10242,245,2025-09-11,7496.28,2025-10-11
10243,995,2026-06-10,3817.58,2026-07-25
10244,862,2026-07-01,7021.44,2026-07-31
10245,76,2025-09-24,6553.71,2025-10-24
10246,547,2026-06-01,9392.05,2026-07-01
10247,267,2025-09-27,5005.76,2025-10-27
10248,317,2025-10-24,2834.87,2025-12-23
10249,812,2025-10-25,6019.77,2025-11-24
10250,121,2026-04-21,6966.29,2026-05-21
10251,836,2026-06-04,3783.9,2026-07-19
10252,25,2025-12-29,5376.86,2026-01-28
10253,432,2026-04-13,1704.77,2026-05-13
10254,160,2025-10-28,1806.6,2025-11-27
10255,596,2026-05-13,1324.57,2026-07-12
10256,114,2026-02-23,6298.33,2026-03-25
10257,735,2025-10-24,9037.75,2025-11-23
10258,900,2026-01-24,1598.35,2026-02-23
10259,502,2026-05-17,5687.83,2026-06-16
10260,166,2026-01-30,7150.39,2026-03-01
10261,703,2026-05-20,3632.76,2026-07-19
10262,175,2025-09-19,18005.5,2025-10-19
10263,1,2026-08-08,1558.51,2026-09-07
10264,899,2026-02-18,3696.52,2026-03-20
10265,741,2026-03-16,486.58,2026-04-15
10266,86,2025-11-12,6592.55,2025-12-12
10267,574,2026-06-30,2784.02,2026-08-14
10268,320,2025-11-24,1029.29,2025-12-24
10269,401,2026-06-11,8041.74,2026-07-11
10270,382,2026-06-29,4410.32,2026-07-29
10271,718,2026-01-10,3911.25,2026-02-09
10272,617,2025-12-29,12322.03,2026-01-28
10273,318,2026-04-04,2676.35,2026-05-04
10274,803,2026-01-14,8369.55,2026-02-28
10275,250,2025-12-25,9401.58,2026-01-24
10276,525,2025-10-31,3188.14,2025-12-30
10277,675,2025-09-17,5033.99,2025-10-17
10278,555,2025-10-04,19152.49,2025-11-03
10279,898,2025-09-20,2229.12,2025-10-20
10280,952,2026-03-27,7794.22,2026-04-26
10281,623,2026-02-09,5254.72,2026-03-26
10282,717,2026-06-26,13818.19,2026-08-10
10283,896,2025-09-10,4866.87,2025-10-10
10284,256,2025-12-03,8654.16,2026-01-17
10285,307,2025-12-16,1389.61,2026-01-15
10286,950,2025-12-14,899.52,2026-01-13
10287,144,2025-11-10,2159.87,2025-12-10
10288,658,2025-11-23,3512.05,2025-12-23
10289,391,2026-03-28,3766.32,2026-04-27
10290,813,2026-05-17,11980.27,2026-06-16
10291,676,2026-04-27,3651.17,2026-05-27
10292,169,2026-06-29,5096.22,2026-08-13
10293,990,2026-04-20,5590.6,2026-05-20
10294,298,2026-06-09,3016.92,2026-07-09
10295,233,2026-03-25,4927.31,2026-04-24
10296,903,2026-05-22,11592.6,2026-07-06
10297,271,2026-07-08,6352.13,2026-08-22
10298,60,2026-08-13,8036.58,2026-09-12
10299,296,2026-03-04,6527.44,2026-04-18
10300,467,2025-12-23,18674.09,2026-01-22
10301,235,2025-11-18,2154.41,2025-12-18
10302,677,2026-08-23,36963.53,2026-09-22
10303,706,2026-08-08,11095.19,2026-09-07
10304,234,2026-06-28,12832.09,2026-07-28
10305,368,2025-10-20,14259.19,2025-11-19
10306,695,2026-07-17,11455.99,2026-08-16
10307,845,2025-12-04,1781.31,2026-01-18
10308,232,2026-05-16,2019.87,2026-06-15
10309,873,2026-08-17,8747.83,2026-09-16
10310,491,2025-11-01,7936.73,2025-12-16
10311,619,2026-01-20,10156.15,2026-03-21
10312,503,2026-07-27,5190.11,2026-08-26
10313,890,2026-04-10,1743.0,2026-05-25
10314,735,2026-08-22,4578.34,2026-09-21
10315,592,2025-12-20,9047.87,2026-01-19
10316,746,2025-12-13,4083.28,2026-01-12
10317,381,2025-09-15,4981.01,2025-10-30
10318,696,2026-05-28,5121.67,2026-06-27
10319,428,2026-02-06,3293.11,2026-03-08
10320,697,2026-02-04,2607.29,2026-03-06
10321,646,2025-09-27,27008.14,2025-10-27
10322,732,2025-11-24,17397.35,2025-12-24
10323,800,2025-09-09,11769.97,2025-10-09
10324,364,2026-06-03,6968.94,2026-07-03
10325,202,2026-04-15,2238.21,2026-05-30
10326,882,2026-03-05,10168.35,2026-04-04
10327,146,2025-11-18,12203.05,2026-01-02
10328,836,2026-04-04,3795.66,2026-05-19
10329,639,2025-10-27,2128.2,2025-11-26
10330,457,2026-01-22,7035.54,2026-03-23
10331,135,2026-08-22,11749.02,2026-10-06
10332,626,2026-07-28,2996.38,2026-08-27
10333,264,2025-11-06,7632.43,2025-12-06
10334,64,2026-06-02,2419.32,2026-07-02
10335,491,2025-12-14,2013.94,2026-01-28
10336,647,2026-03-07,5890.44,2026-04-21
10337,41,2026-02-11,2606.29,2026-03-28
10338,296,2026-05-25,7053.38,2026-07-09
10339,3,2025-10-21,1373.13,2025-11-20
10340,913,2026-01-04,2518.87,2026-02-03
10341,706,2025-11-19,11389.85,2025-12-19
10342,975,2026-03-02,8701.11,2026-04-01
10343,110,2026-07-07,6991.33,2026-08-06
10344,221,2025-09-17,3501.01,2025-10-17
10345,370,2026-02-17,5055.14,2026-03-19
10346,368,2026-06-07,4177.15,2026-07-07
10347,436,2026-07-01,32344.94,2026-08-15
10348,918,2026-08-06,6440.37,2026-09-20
10349,4,2026-04-02,2707.84,2026-05-02
10350,244,2026-03-17,4686.6,2026-04-16
10351,902,2025-09-07,1303.44,2025-10-07
10352,166,2025-09-11,1090.26,2025-10-11
10353,26,2025-09-12,16112.72,2025-11-11
10354,395,2025-12-19,6223.85,2026-01-18
10355,474,2026-01-11,3483.95,2026-02-10
10356,17,2026-01-06,4895.03,2026-02-05
10357,728,2026-01-26,4600.22,2026-03-12
10358,92,2025-10-24,5277.8,2025-11-23
10359,483,2026-07-08,12523.87,2026-08-22
10360,543,2025-11-18,7673.61,2025-12-18
10361,205,2026-08-12,3603.01,2026-09-11
10362,502,2025-12-06,1234.09,2026-01-05
10363,931,2026-05-07,2242.49,2026-06-06
10364,400,2026-01-05,9172.44,2026-03-06
10365,207,2025-09-30,17446.1,2025-10-30
10366,619,2025-09-24,2477.08,2025-11-23
10367,146,2026-03-20,2194.93,2026-05-04
10368,879,2026-01-09,3537.89,2026-02-08
10369,101,2025-12-31,20841.85,2026-01-30
10370,880,2026-08-22,5627.13,2026-10-06
10371,830,2026-07-24,2717.27,2026-09-07
10372,880,2026-01-28,3745.41,2026-03-14
10373,241,2025-09-14,3276.87,2025-10-14
10374,923,2026-07-01,8782.35,2026-07-31
10375,759,2025-09-29,23860.47,2025-10-29
10376,163,2025-10-20,5551.7,2025-11-19
10377,884,2026-04-28,11994.43,2026-06-12
10378,173,2026-06-10,1703.33,2026-07-10
10379,502,2026-08-01,32532.59,2026-08-31
10380,547,2026-08-18,1712.88,2026-09-17
10381,284,2026-02-03,13182.83,2026-04-04
10382,359,2026-01-15,6555.7,2026-02-14
10383,381,2026-07-24,1827.51,2026-09-07
10384,870,2026-08-02,9747.39,2026-10-01
10385,905,2026-02-01,4885.02,2026-03-03
10386,972,2025-11-20,2411.04,2026-01-04
10387,911,2025-11-26,5043.12,2025-12-26
10388,533,2026-05-22,1335.83,2026-07-06
10389,820,2026-05-16,3399.24,2026-06-15
10390,163,2026-03-04,2311.49,2026-04-03
10391,609,2026-02-27,4321.17,2026-03-29
10392,307,2026-03-05,1252.09,2026-04-04
10393,339,2026-01-01,1193.22,2026-01-31
10394,55,2025-12-05,2534.92,2026-01-19
10395,983,2025-12-02,4849.09,2026-01-16
10396,333,2025-09-03,2295.23,2025-10-18
10397,127,2025-09-02,7233.15,2025-10-02
10398,940,2026-07-02,8768.0,2026-08-01
10399,705,2026-08-23,2544.99,2026-10-22
10400,243,2026-01-26,15207.88,
10401,861,2026-06-12,3924.02,2026-07-27
10402,600,2026-01-23,21642.62,2026-03-09
10403,848,2026-07-27,4062.26,2026-08-26
10404,409,2026-08-27,2038.33,2026-09-26
10405,503,2026-05-20,13355.27,2026-06-19
10406,727,2025-11-01,2173.45,2025-12-16
10407,604,2026-04-14,12423.64,2026-05-14
10408,303,2025-10-01,5506.55,2025-10-31
10409,464,2026-03-09,3205.05,2026-04-08
10410,235,2026-05-26,2703.9,2026-06-25
10411,696,2025-09-12,4666.65,2025-10-12
10412,38,2026-03-10,8613.38,2026-04-09
10413,139,2025-09-25,4842.18,2025-10-25
10414,195,2025-11-30,16330.67,2025-12-30
10415,527,2025-11-27,1951.94,2026-01-26
10416,769,2026-07-29,4628.1,2026-09-12
10417,647,2026-06-01,12060.87,2026-07-16
10418,1,2026-06-28,1908.5,2026-07-28
10419,561,2025-12-20,11491.98,2026-01-19
10420,96,2025-11-19,5079.81,2025-12-19
10421,713,2026-07-21,5460.46,2026-08-20
10422,413,2026-01-18,3810.63,2026-03-04
10423,538,2026-04-02,1900.79,2026-06-01
10424,855,2025-09-18,4694.49,2025-10-18
10425,429,2025-10-24,3205.32,2025-12-23
10426,235,2025-12-06,16926.54,2026-01-05
10427,349,2026-06-10,7521.58,2026-07-10
10428,756,2026-04-22,5139.92,2026-05-22
10429,870,2026-04-28,14348.27,2026-06-27
10430,481,2026-07-31,4780.51,2026-08-30
10431,839,2026-08-10,8773.56,2026-09-09
10432,396,2025-10-24,12689.91,2025-11-23
10433,351,2025-11-26,4021.38,2025-12-26
10434,416,2026-05-19,7080.83,2026-06-18
10435,886,2026-04-24,3525.72,2026-05-24
10436,916,2026-01-01,12508.2,2026-01-31
10437,887,2025-10-24,4892.2,2025-12-23
10438,51,2026-04-04,14968.29,2026-05-19
10439,81,2026-03-16,5862.19,2026-04-15
10440,36,2025-10-09,38325.97,2025-11-23
10441,67,2026-08-31,2839.75,2026-10-30
10442,641,2026-04-16,9946.29,2026-05-16
10443,882,2026-04-25,4830.33,2026-05-25
10444,667,2026-01-10,4175.98,2026-03-11
10445,757,2026-07-27,1095.28,2026-08-26
10446,623,2026-07-18,5299.77,
10447,680,2026-02-15,2293.37,2026-03-17
10448,481,2025-10-07,3902.78,2025-11-06
10449,468,2025-11-06,2366.64,2025-12-06
10450,142,2025-12-20,2634.02,2026-02-03
10451,356,2026-04-07,2119.75,2026-05-07
10452,709,2026-03-28,2137.32,2026-04-27
10453,471,2025-11-26,1400.04,2026-01-25
10454,621,2026-06-30,6755.85,2026-07-30
10455,888,2026-02-26,5072.92,2026-03-28
10456,591,2025-09-13,8808.1,2025-10-13
10457,902,2026-06-27,3654.37,2026-07-27
10458,673,2026-01-03,2949.5,2026-02-02
10459,439,2026-04-21,4660.6,2026-05-21
10460,531,2026-05-09,8765.27,2026-06-08
10461,127,2026-01-04,6355.43,2026-02-03
10462,205,2026-04-23,5052.03,2026-05-23
10463,29,2026-01-16,8507.47,2026-02-15
10464,445,2025-10-19,5020.24,2025-11-18
10465,966,2026-03-05,3114.96,2026-04-04
10466,719,2026-03-24,10334.32,2026-04-23
10467,464,2025-11-17,1841.81,2025-12-17
10468,280,2026-03-13,1605.05,2026-04-12
10469,151,2025-12-12,4901.22,2026-01-11
10470,240,2025-12-14,5355.4,2026-01-13
10471,266,2026-06-14,6024.63,2026-07-14
10472,694,2026-07-21,3847.21,2026-08-20
10473,105,2026-03-30,14759.78,2026-04-29
10474,937,2026-05-08,1507.73,2026-06-07
10475,433,2026-06-20,5570.17,2026-08-04
10476,913,2026-03-20,9173.83,2026-04-19
10477,497,2025-09-24,15133.63,2025-11-08
10478,440,2026-06-27,14539.95,2026-08-11
10479,748,2025-11-22,2080.25,2026-01-06
10480,685,2026-06-24,6680.2,2026-08-08
10481,158,2026-02-26,4213.11,2026-03-28
10482,172,2026-06-25,4924.78,2026-07-25
10483,494,2026-08-30,12386.19,2026-09-29
10484,970,2026-03-25,22859.84,2026-04-24
10485,311,2025-10-10,6160.55,2025-11-09
10486,403,2026-07-01,1021.07,2026-08-15
10487,669,2025-12-22,1316.16,2026-01-21
10488,770,2026-08-06,4817.42,2026-09-05
10489,676,2025-09-04,11106.04,2025-10-04
10490,659,2025-12-17,2667.36,2026-01-31
10491,903,2026-07-13,4290.9,2026-08-27
10492,666,2025-12-23,18242.69,2026-01-22
10493,463,2026-02-14,3640.98,2026-03-31
10494,367,2026-05-19,20322.28,2026-06-18
10495,550,2025-12-15,3543.86,2026-01-14
10496,643,2026-04-12,10307.32,2026-05-12
10497,870,2026-05-20,5317.06,2026-07-19
10498,255,2026-05-09,9306.8,2026-06-23
10499,208,2025-09-14,24936.95,2025-10-14
10500,450,2026-03-17,6994.85,2026-04-16
10501,95,2026-01-04,13712.35,2026-02-03
10502,860,2026-03-25,2444.24,2026-04-24
10503,839,2026-01-18,2373.33,2026-02-17
10504,478,2025-11-01,1354.58,2025-12-31
10505,683,2026-06-10,2148.82,2026-07-25
10506,762,2025-10-24,16831.48,2025-12-08
10507,190,2026-08-12,6518.26,2026-09-11
10508,711,2025-09-12,4037.06,2025-10-27
10509,484,2026-01-14,5887.28,2026-02-13
10510,733,2026-07-27,8615.78,2026-08-26
10511,536,2026-01-22,9320.75,2026-03-08
10512,756,2026-06-09,5955.41,2026-07-09
10513,423,2026-01-14,15113.85,2026-02-13
10514,836,2026-06-28,2299.82,2026-08-12
10515,640,2026-04-09,3776.91,2026-06-08
10516,605,2026-08-06,12751.49,2026-09-05
10517,812,2026-03-28,10745.89,2026-04-27
10518,133,2026-08-25,6726.81,2026-09-24
10519,55,2026-01-01,3238.48,2026-02-15
10520,989,2025-12-25,9388.56,2026-01-24
10521,510,2026-02-04,2415.99,2026-03-21
10522,670,2026-05-28,12871.95,2026-06-27
10523,541,2025-09-17,16891.6,2025-11-01
10524,410,2026-05-27,3153.6,2026-07-11
10525,211,2026-08-15,39650.41,2026-09-14
10526,666,2026-04-07,2251.44,2026-05-07
10527,293,2026-07-16,4298.28,2026-08-15
10528,987,2026-04-26,4214.47,2026-05-26
10529,734,2025-10-03,4601.52,2025-11-02
10530,115,2026-06-12,15631.71,2026-08-11
10531,949,2025-10-07,7096.64,2025-11-06
10532,670,2025-12-12,2571.05,2026-01-11
10533,259,2026-03-30,5455.73,2026-04-29
10534,763,2026-06-07,8499.51,2026-07-07
10535,122,2026-01-20,7584.42,2026-03-06
10536,299,2026-04-27,13292.28,2026-05-27
10537,775,2026-04-17,5370.65,2026-05-17
10538,381,2026-01-11,9479.34,2026-02-25
10539,561,2026-01-03,4461.84,2026-02-02
10540,889,2025-10-23,2980.32,2025-11-22
10541,841,2025-11-27,2006.4,2025-12-27
10542,501,2025-12-07,17507.46,2026-01-06
10543,297,2025-12-04,1495.36,2026-01-03
10544,362,2026-03-07,6126.81,2026-05-06
10545,589,2026-05-14,6938.97,2026-06-13
10546,463,2025-11-12,2281.62,2025-12-27
10547,438,2026-08-28,10279.98,2026-10-12
10548,127,2026-06-09,1697.33,2026-07-09
10549,197,2025-09-18,3144.61,2025-10-18
10550,221,2026-02-11,10817.77,2026-03-13
10551,995,2026-01-24,1766.2,2026-03-10
10552,91,2026-07-11,9612.09,2026-08-10
10553,411,2026-05-11,12207.67,2026-06-25
10554,8,2026-02-07,11798.08,2026-03-24
10555,544,2026-08-15,6745.93,2026-09-29
10556,468,2025-10-19,2556.4,2025-11-18
10557,320,2026-02-23,2264.27,2026-03-25
10558,394,2026-07-24,3342.57,2026-09-07
10559,269,2025-11-04,430.41,2025-12-04
10560,191,2026-06-16,5093.72,2026-07-16
10561,861,2025-10-20,4560.08,2025-12-04
10562,675,2025-09-04,5312.95,2025-10-04
10563,61,2025-12-28,4125.83,2026-02-11
10564,438,2026-08-06,5759.17,2026-09-20
10565,264,2026-02-11,5327.34,2026-03-13
10566,797,2026-04-11,1554.84,2026-05-26
10567,95,2026-08-24,6255.13,2026-09-23
10568,553,2026-02-03,4916.35,2026-03-05
10569,926,2026-05-20,1257.07,2026-06-19
10570,470,2026-02-20,10229.73,2026-04-06
10571,661,2025-09-23,3938.51,2025-10-23
10572,716,2025-10-31,8314.01,2025-11-30
10573,779,2026-08-22,4825.94,2026-09-21
10574,514,2026-07-18,1203.55,2026-08-17
10575,690,2026-01-12,6109.55,2026-03-13
10576,937,2025-09-24,7437.72,2025-10-24
10577,194,2026-06-20,12754.37,2026-07-20
10578,482,2025-10-15,10429.02,2025-11-14
10579,899,2026-02-26,13040.91,2026-03-28
10580,336,2026-08-22,9011.62,2026-10-21
10581,435,2026-08-24,3374.08,2026-09-23
10582,196,2025-11-02,3438.43,2025-12-02
10583,855,2025-09-29,11029.66,2025-10-29
10584,249,2026-08-23,3664.6,2026-09-22
10585,498,2026-08-31,7639.31,2026-09-30
10586,212,2025-12-05,19627.08,
10587,665,2026-05-24,3049.88,2026-06-23
10588,670,2026-06-18,8953.81,2026-07-18
10589,466,2025-10-25,2630.07,2025-11-24
10590,874,2026-01-31,7992.95,2026-03-17
10591,651,2026-04-07,18181.28,2026-05-07
10592,221,2026-02-20,14591.63,2026-03-22
10593,273,2025-12-05,3674.28,2026-01-19
10594,154,2026-01-01,17609.25,2026-01-31
10595,249,2025-09-12,4177.17,2025-10-12
10596,279,2025-09-04,31193.76,2025-10-19
10597,440,2026-08-28,5131.38,2026-10-12
10598,948,2026-08-12,8496.91,2026-09-11
10599,816,2025-11-06,8292.8,2025-12-06
10600,276,2026-01-23,2084.03,2026-02-22
10601,514,2025-11-04,15036.05,2025-12-04
10602,88,2025-11-21,5960.02,2026-01-05
10603,799,2025-12-14,3205.02,2026-01-13
10604,923,2026-02-28,2741.22,2026-03-30
10605,642,2026-08-06,3087.26,2026-09-05
10606,505,2025-12-14,4701.48,2026-01-13
10607,590,2026-04-14,2129.05,2026-05-14
10608,772,2025-09-28,2602.13,2025-11-12
10609,241,2025-09-16,1254.72,2025-10-16
10610,653,2026-06-04,2616.95,2026-07-04
10611,740,2026-07-30,14893.71,2026-09-13
10612,675,2026-06-25,13071.72,2026-07-25
10613,236,2025-10-24,6205.81,2025-11-23
10614,128,2026-06-15,26963.64,2026-07-15
10615,503,2025-12-23,13214.43,2026-01-22
10616,200,2025-10-08,7079.49,2025-11-07
10617,962,2026-04-18,7723.3,2026-05-18
10618,902,2026-02-13,5368.09,2026-03-15
10619,543,2026-03-01,1825.68,2026-03-31
10620,502,2026-03-24,4039.95,2026-04-23
10621,650,2026-05-03,627.36,2026-06-17
10622,492,2026-08-25,2083.26,2026-10-09
10623,21,2026-07-30,15177.72,2026-09-13
10624,234,2026-07-06,5319.48,2026-08-05
10625,714,2025-12-30,2130.91,2026-01-29
10626,791,2026-05-17,7622.19,2026-07-01
10627,643,2026-03-29,8108.64,2026-04-28
10628,416,2026-07-07,17168.73,2026-08-06
10629,148,2026-06-23,20739.97,2026-07-23
10630,970,2026-03-13,9341.03,2026-04-12
10631,29,2025-11-07,1488.45,2025-12-07
10632,361,2025-12-23,30991.92,2026-01-22
10633,308,2026-04-08,14763.32,2026-05-08
10634,883,2026-04-08,9863.06,2026-05-08
10635,942,2026-04-06,4933.75,2026-05-06
10636,162,2026-04-25,1447.1,2026-06-09
10637,869,2026-06-25,3194.45,2026-07-25
10638,852,2025-12-03,4800.44,2026-01-17
10639,61,2026-05-11,3628.12,2026-06-25
10640,125,2026-08-23,11991.56,2026-09-22
10641,456,2026-04-03,4703.1,2026-05-03
10642,71,2026-05-16,2686.14,2026-06-15
10643,838,2026-08-13,7463.45,2026-09-27
10644,907,2026-04-28,2575.54,2026-06-12
10645,876,2026-07-12,1355.34,2026-08-11
10646,466,2026-04-02,7515.64,2026-05-02
10647,243,2025-12-07,4718.26,2026-01-06
10648,490,2025-09-16,5668.32,2025-10-16
10649,761,2026-02-01,15035.68,2026-03-03
10650,221,2025-09-16,6111.82,2025-10-16
10651,473,2026-03-17,7883.67,2026-05-16
10652,959,2025-12-17,5069.11,2026-01-16
10653,533,2025-09-23,9558.4,2025-11-07
10654,494,2025-10-12,908.1,2025-11-11
10655,899,2025-10-07,2691.12,2025-11-06
10656,82,2026-07-25,3671.16,2026-08-24
10657,856,2026-02-12,3407.2,2026-04-13
10658,879,2025-12-25,2654.21,2026-01-24
10659,998,2026-01-28,4682.58,2026-03-29
10660,522,2025-09-06,4485.7,2025-10-21
10661,923,2025-10-02,4680.68,2025-11-01
10662,12,2026-01-23,5869.71,2026-02-22
10663,263,2026-06-21,7445.95,2026-07-21
10664,657,2026-06-20,2687.66,2026-07-20
10665,449,2026-02-24,3292.22,2026-03-26
10666,192,2026-02-24,10460.66,2026-03-26
10667,762,2025-10-31,2353.45,2025-12-15
10668,114,2025-11-16,2619.76,2025-12-16
10669,26,2025-11-25,2694.1,2026-01-24
10670,783,2026-03-10,4261.12,2026-04-24
10671,499,2025-09-07,11111.12,2025-10-07
10672,508,2025-11-24,7603.11,2025-12-24
10673,545,2026-05-20,2487.04,2026-06-19
10674,62,2026-05-17,21328.08,2026-06-16
10675,229,2025-10-17,2866.01,2025-11-16
10676,815,2026-08-07,1366.78,2026-10-06
10677,607,2025-12-03,21515.84,2026-01-17
10678,35,2026-04-12,2559.87,2026-05-12
10679,705,2026-06-06,4575.5,
10680,456,2025-09-03,4491.79,2025-10-03
10681,588,2026-01-07,7963.28,2026-02-06
10682,891,2026-07-20,1150.11,2026-09-03
10683,502,2026-05-07,3930.98,2026-06-06
10684,761,2026-04-17,3728.56,2026-05-17
10685,595,2026-07-24,15493.29,2026-08-23
10686,25,2026-01-09,3236.82,2026-02-08
10687,569,2026-04-16,3868.42,2026-05-16
10688,32,2026-02-24,9184.94,2026-03-26
10689,831,2026-07-20,7527.46,2026-08-19
10690,12,2026-07-08,2801.64,2026-08-07
10691,319,2025-10-01,7043.91,2025-10-31
10692,845,2025-11-05,2771.91,2025-12-20
10693,604,2026-03-25,9506.96,2026-04-24
10694,1,2025-12-10,4398.48,2026-01-09
10695,435,2026-07-17,1829.64,2026-08-16
10696,838,2025-10-01,900.13,2025-11-15
10697,136,2026-03-10,3701.08,2026-04-09
10698,196,2025-11-05,2671.07,2025-12-05
10699,133,2026-06-30,4127.79,2026-07-30
10700,985,2026-04-23,4806.85,2026-05-23
10701,86,2026-06-05,1081.6,2026-07-05
10702,476,2026-03-21,2788.6,2026-04-20
10703,807,2026-08-16,4508.41,2026-09-15
10704,791,2026-04-13,5416.64,2026-05-28
10705,324,2025-11-22,9468.97,2026-01-06
10706,180,2025-10-16,10868.56,2025-11-15
10707,516,2025-11-28,4130.99,2025-12-28
10708,638,2026-03-05,4442.14,2026-05-04
10709,175,2026-03-08,3403.81,2026-04-07
10710,763,2026-05-04,8448.93,2026-06-03
10711,21,2025-10-16,3676.01,2025-11-30
10712,997,2026-05-15,2307.08,2026-06-14
10713,952,2026-08-18,1322.38,2026-09-17
10714,105,2025-10-31,2343.0,2025-11-30
10715,578,2025-12-14,4042.01,2026-01-13
10716,443,2026-08-03,10947.2,2026-09-17
10717,775,2025-09-14,5185.41,2025-10-14
10718,49,2026-06-28,5479.56,2026-07-28
10719,528,2025-11-16,5013.51,2025-12-16
10720,145,2026-04-18,13919.51,2026-06-17
10721,340,2026-02-14,7506.19,2026-03-16
10722,762,2025-11-05,4941.5,
10723,855,2025-10-02,3097.22,2025-11-01
10724,354,2025-12-05,1824.02,2026-01-04
10725,75,2025-10-28,18753.88,2025-12-12
10726,802,2025-12-13,9509.89,2026-01-12
10727,929,2026-07-09,4283.28,2026-08-08
10728,794,2026-01-12,21001.71,2026-02-26
10729,578,2026-04-05,4969.58,2026-05-05
10730,637,2025-11-06,2601.38,2025-12-21
10731,319,2026-02-25,13286.75,2026-03-27
10732,87,2026-05-05,1794.35,2026-07-04
10733,553,2026-06-21,3628.14,2026-07-21
10734,982,2026-04-23,1913.46,2026-06-07
10735,698,2026-01-09,2637.83,2026-02-08
10736,866,2025-12-21,5866.76,2026-02-04
10737,892,2025-10-24,6548.2,2025-11-23
10738,847,2026-06-17,2070.28,2026-07-17
10739,778,2026-04-27,21258.7,2026-05-27
10740,783,2026-04-28,940.0,2026-06-12
10741,42,2026-06-22,5546.1,2026-08-06
10742,93,2025-12-21,5660.77,2026-02-19
10743,697,2025-11-27,6173.24,2025-12-27
10744,727,2026-04-16,10103.69,2026-05-31
10745,507,2026-07-01,435.98,2026-07-31
10746,529,2026-07-02,2691.77,2026-08-01
10747,956,2026-06-17,5643.21,2026-07-17
10748,265,2026-03-27,19528.98,2026-04-26
10749,626,2026-08-22,3139.24,2026-09-21
10750,292,2026-06-01,4286.69,2026-07-01
10751,969,2025-11-09,8933.47,2026-01-08
10752,464,2026-04-08,1899.87,2026-05-08
10753,804,2026-04-19,5090.59,2026-05-19
10754,560,2026-06-17,4596.66,2026-07-17
10755,819,2026-07-04,3071.17,2026-08-18
10756,97,2026-08-27,7477.29,2026-09-26
10757,887,2026-08-15,28077.54,2026-10-14
10758,95,2026-05-13,5745.44,2026-06-12
10759,326,2026-01-20,836.54,2026-02-19
10760,74,2025-11-08,2490.65,2025-12-08
10761,336,2025-11-28,16328.07,2026-01-27
10762,68,2026-08-25,4128.05,2026-09-24
10763,758,2026-01-14,1956.39,2026-02-13
10764,918,2026-01-21,9143.81,2026-03-07
10765,77,2026-08-05,2999.68,2026-09-19
10766,208,2026-03-06,5142.21,2026-04-05
10767,884,2025-09-11,2021.98,2025-10-26
10768,766,2026-01-26,3578.67,2026-02-25
10769,221,2026-06-19,4880.83,2026-07-19
10770,262,2026-08-04,4612.66,2026-09-03
10771,410,2025-10-08,6747.39,2025-11-22
10772,331,2026-08-11,5873.22,2026-09-25
10773,344,2026-03-27,2213.69,2026-05-11
10774,989,2026-03-29,19261.18,2026-04-28
10775,771,2025-09-01,4410.65,2025-10-01
10776,820,2026-08-26,1697.25,2026-09-25
10777,74,2025-11-04,845.0,2025-12-04
10778,637,2025-09-01,5309.96,2025-10-16
10779,700,2026-05-01,2383.16,2026-06-30
10780,254,2026-07-13,7906.47,2026-08-12
10781,959,2025-09-25,5197.23,2025-10-25
10782,833,2026-08-13,116773.98,2026-09-12
10783,820,2025-10-20,1823.48,2025-11-19
10784,747,2026-08-14,11653.28,2026-09-13
10785,986,2026-04-29,2091.24,2026-06-13
10786,762,2025-10-02,9720.17,2025-11-16
10787,332,2025-10-03,15610.36,2025-11-02
10788,398,2026-03-19,3795.92,2026-04-18
10789,345,2026-04-22,2790.1,2026-06-06
10790,584,2025-09-26,4411.31,2025-10-26
10791,747,2025-10-12,2759.46,2025-11-11
10792,836,2025-10-31,18136.57,2025-12-15
10793,668,2025-10-11,4268.98,2025-11-10
10794,455,2026-01-08,7106.88,2026-03-09
10795,906,2026-08-21,7275.76,2026-09-20
10796,115,2026-08-20,10208.17,2026-10-19
10797,313,2026-03-17,3482.77,2026-04-16
10798,228,2026-06-14,9238.18,2026-07-29
10799,834,2026-01-29,14161.63,2026-02-28
10800,858,2026-03-23,4414.5,2026-05-07
10801,245,2026-03-01,1721.23,2026-03-31
10802,818,2026-03-26,14944.06,2026-05-10
10803,526,2026-01-25,5745.12,2026-02-24
10804,528,2026-03-23,5016.82,2026-04-22
10805,950,2025-10-18,8592.14,2025-11-17
10806,427,2026-05-16,15686.23,2026-06-15
10807,42,2026-01-17,4186.46,2026-03-03
10808,465,2026-02-19,13652.89,2026-03-21
10809,622,2025-12-10,5296.89,2026-01-24
10810,278,2026-03-06,8235.72,2026-04-05
10811,836,2026-07-12,3076.78,2026-08-26
10812,19,2026-06-21,4081.15,2026-07-21
10813,66,2026-08-29,11907.63,2026-09-28
10814,167,2025-09-21,1038.68,2025-10-21
10815,585,2026-06-25,8756.5,2026-07-25
10816,403,2025-09-10,6773.75,2025-10-25
10817,912,2026-03-06,18882.89,2026-04-05
10818,822,2026-01-11,11182.12,2026-02-10
10819,409,2025-10-03,5759.9,2025-11-02
10820,112,2025-11-08,1807.54,2025-12-23
10821,274,2025-11-19,3142.36,2025-12-19
10822,407,2026-03-10,4169.94,2026-04-09
10823,373,2025-12-10,16495.01,2026-02-08
10824,597,2026-06-12,9488.23,2026-07-12
10825,651,2026-04-09,2646.96,2026-05-09
10826,39,2025-10-23,6901.13,2025-12-07
10827,105,2026-02-07,3464.0,2026-03-09
10828,324,2025-10-12,2982.57,2025-11-26
10829,793,2025-10-17,8267.18,2025-11-16
10830,959,2026-02-06,4454.47,2026-03-08
10831,992,2026-03-03,1969.99,2026-04-02
10832,414,2026-05-04,9688.93,2026-06-03
10833,429,2025-09-11,5646.52,2025-11-10
10834,635,2026-02-01,3729.8,2026-04-02
10835,730,2026-04-08,16500.89,2026-05-08
10836,889,2026-02-02,11713.44,2026-03-04
10837,61,2026-08-05,5510.83,2026-09-19
10838,612,2026-08-31,1271.11,2026-10-15
10839,307,2026-06-10,12156.42,2026-07-10
10840,354,2026-03-06,3396.35,2026-04-05
10841,393,2025-11-01,4406.77,2025-12-01
10842,204,2026-01-26,3924.57,2026-02-25
10843,258,2026-01-22,1773.49,2026-03-23
10844,486,2025-12-12,7181.03,2026-01-11
10845,517,2026-06-27,2547.98,2026-07-27
10846,446,2025-12-02,6889.42,2026-01-01
10847,709,2026-06-13,2364.53,2026-07-13
10848,180,2025-12-28,3476.28,2026-01-27
10849,342,2025-09-29,6696.14,2025-10-29
10850,133,2025-09-30,5519.49,2025-10-30
10851,443,2026-08-26,8221.9,2026-10-10
10852,836,2026-06-15,8733.92,2026-07-30
10853,253,2026-01-16,14516.71,2026-03-17
10854,265,2025-10-21,4997.02,2025-11-20
10855,93,2026-06-19,13131.6,2026-08-18
10856,662,2026-04-22,3863.27,2026-05-22
10857,411,2025-10-25,9315.95,2025-12-09
10858,138,2026-06-19,12283.9,2026-08-03
10859,208,2026-04-28,12246.94,2026-05-28
10860,637,2026-07-09,1556.42,2026-08-23
10861,746,2025-10-06,403.92,2025-11-05
10862,573,2025-11-28,7795.16,2025-12-28
10863,307,2026-03-31,5010.07,2026-04-30
10864,266,2026-07-15,6257.44,2026-08-14
10865,646,2026-08-31,5380.46,2026-09-30
10866,318,2026-05-03,3811.59,2026-06-02
10867,113,2025-11-26,7905.08,2026-01-10
10868,901,2026-04-28,6557.39,2026-06-12
10869,378,2026-07-17,4597.88,2026-08-16
10870,454,2026-03-07,5117.1,2026-04-21
10871,191,2025-10-27,8190.33,2025-11-26
10872,891,2025-12-22,3108.36,2026-02-05
10873,440,2026-04-11,2054.56,2026-05-26
10874,187,2025-11-09,2029.38,2025-12-09
10875,831,2026-04-15,3328.71,2026-05-15
10876,367,2026-05-14,16395.28,2026-06-13
10877,89,2026-02-27,5560.31,2026-04-13
10878,187,2026-03-03,2904.39,2026-04-02
10879,819,2026-03-10,5878.37,2026-04-24
10880,946,2026-04-20,2168.43,2026-06-04
10881,132,2026-06-03,4309.28,2026-07-18
10882,872,2026-04-21,3600.6,2026-05-21
10883,635,2025-10-24,1734.67,2025-12-23
10884,560,2026-05-15,11989.39,2026-06-14
10885,800,2025-11-29,3699.27,2025-12-29
10886,376,2026-04-14,4848.6,2026-05-14
10887,691,2026-05-05,8731.08,2026-07-04
10888,692,2026-01-29,6625.1,2026-03-15
10889,99,2025-12-22,5318.55,2026-02-05
10890,842,2026-05-27,4132.99,2026-06-26
10891,34,2026-02-04,8953.02,2026-03-06
10892,932,2026-08-13,4971.21,2026-09-12
10893,582,2026-08-17,5611.32,2026-09-16
10894,171,2026-06-26,12179.34,2026-07-26
10895,366,2026-02-06,12743.97,2026-03-08
10896,784,2026-07-27,6199.16,2026-08-26
10897,59,2026-04-13,5436.45,2026-05-13
10898,181,2025-09-14,8449.38,2025-10-14
10899,19,2026-08-21,4088.23,2026-09-20
10900,226,2025-12-18,4096.82,2026-02-01
10901,473,2025-12-05,4755.44,2026-02-03
10902,95,2026-03-14,2213.71,2026-04-13
10903,881,2025-10-28,33093.77,2025-12-27
10904,297,2026-08-18,3631.62,2026-09-17
10905,593,2026-06-21,7268.45,2026-07-21
10906,175,2026-02-01,4932.73,2026-03-03
10907,222,2025-11-03,8669.41,2026-01-02
10908,615,2026-02-05,3677.34,2026-03-07
10909,54,2026-05-23,5946.99,2026-07-07
10910,695,2025-12-30,2532.64,2026-01-29
10911,863,2026-06-15,13207.67,2026-07-15
10912,403,2025-09-11,8488.27,2025-10-26
10913,318,2026-04-02,1610.18,2026-05-02
10914,867,2026-02-09,5056.87,2026-03-26
10915,349,2025-12-14,1643.87,2026-01-13
10916,443,2026-01-25,2637.53,2026-03-11
10917,833,2026-03-01,10446.07,2026-03-31
10918,580,2026-08-04,684.27,2026-09-03
10919,540,2025-10-07,11537.99,2025-12-06
10920,786,2025-11-21,6769.82,2025-12-21
10921,282,2025-09-12,4689.58,2025-10-27
10922,360,2025-09-04,10092.09,2025-10-04
10923,915,2025-10-13,43453.01,2025-11-12
10924,823,2025-10-21,1726.43,2025-12-05
10925,631,2026-05-19,19380.13,2026-06-18
10926,892,2026-01-12,10832.64,2026-02-11
10927,953,2025-11-26,2845.13,2025-12-26
10928,646,2026-08-28,7608.52,2026-09-27
10929,641,2025-10-26,2053.89,2025-11-25
10930,8,2026-04-05,3371.47,2026-05-20
10931,993,2025-11-07,928.12,2026-01-06
10932,563,2026-08-18,1699.91,2026-10-02
10933,491,2025-10-14,6785.56,2025-11-28
10934,341,2026-01-21,7283.53,2026-02-20
10935,472,2026-08-12,7219.31,2026-09-11
10936,793,2025-10-12,8317.67,2025-11-11
10937,687,2026-01-17,5496.99,2026-02-16
10938,695,2025-11-12,8603.1,2025-12-12
10939,704,2026-05-25,11797.83,2026-07-24
10940,249,2026-03-13,6089.47,2026-04-12
10941,235,2026-02-02,3532.26,2026-03-04
10942,83,2026-05-04,4451.01,2026-06-03
10943,93,2026-07-11,2561.1,2026-09-09
10944,885,2026-04-06,9880.4,2026-05-21
10945,394,2026-05-11,1384.14,2026-06-25
10946,824,2026-06-04,4401.52,2026-07-19
10947,268,2026-06-04,7883.3,2026-07-04
10948,417,2025-11-11,2210.85,2026-01-10
10949,632,2026-01-07,1634.01,2026-02-21
10950,583,2026-08-24,807.13,2026-10-08
10951,529,2026-03-05,3982.76,2026-04-04
10952,253,2025-09-13,2002.97,2025-11-12
10953,957,2026-07-26,10082.87,2026-09-24
10954,122,2026-04-08,1445.11,2026-05-23
10955,892,2025-09-06,7632.21,2025-10-06
10956,10,2026-04-27,1764.39,2026-05-27
10957,799,2025-12-21,1490.27,2026-01-20
10958,316,2026-04-16,1909.11,2026-05-16
10959,838,2025-09-17,11818.96,2025-11-01
10960,273,2025-11-12,1910.14,2025-12-27
10961,306,2025-09-12,12465.64,2025-10-12
10962,805,2025-11-25,5880.01,2025-12-25
10963,210,2026-02-27,3302.69,2026-03-29
10964,958,2025-12-31,2154.64,2026-01-30
10965,730,2026-03-23,22942.31,2026-04-22
10966,753,2025-11-09,3122.88,2025-12-09
10967,886,2025-12-17,3133.31,2026-01-16
10968,464,2026-03-20,15964.55,2026-04-19
10969,712,2025-10-22,18396.52,2025-11-21
10970,728,2025-10-07,4470.41,2025-11-21
10971,717,2025-12-26,12894.82,2026-02-09
10972,925,2026-05-17,3063.05,2026-06-16
10973,416,2026-05-22,30175.06,2026-06-21
10974,216,2026-06-30,1751.42,2026-08-29
10975,80,2025-11-03,2406.52,2025-12-03
10976,779,2025-10-12,14290.98,2025-11-11
10977,480,2025-10-13,3967.05,2025-11-12
10978,902,2026-01-03,14986.78,2026-02-02
10979,891,2026-05-28,3443.48,
10980,547,2026-08-13,8472.7,2026-09-12
10981,801,2026-04-21,2872.1,2026-05-21
10982,18,2026-01-10,4706.02,2026-02-09
10983,165,2025-09-02,1795.06,2025-10-02
10984,525,2025-12-24,4812.18,2026-02-22
10985,202,2025-09-01,2477.34,2025-10-16
10986,741,2026-07-28,26245.08,2026-08-27
10987,346,2025-11-04,3868.57,2025-12-04
10988,366,2026-01-03,1918.05,2026-02-02
10989,977,2026-05-14,8696.42,2026-06-28
10990,448,2026-07-19,1902.43,2026-08-18
10991,513,2026-01-21,10084.73,2026-02-20
10992,319,2026-07-25,3199.88,2026-08-24
10993,217,2026-05-04,4851.38,2026-06-03
10994,34,2025-12-25,4295.83,2026-01-24
10995,871,2026-06-30,4081.36,2026-07-30
10996,266,2025-11-29,5255.24,2025-12-29
10997,640,2026-06-23,2941.33,2026-08-22
10998,724,2025-10-12,2087.21,2025-11-11
10999,775,2025-10-05,5157.79,2025-11-04
11000,824,2025-10-11,3637.3,2025-11-25
11001,80,2026-08-07,1797.27,2026-09-06
11002,677,2026-01-02,8173.16,2026-02-01
11003,413,2025-10-27,4935.05,2025-12-11
11004,252,2026-06-21,2096.13,2026-07-21
11005,12,2026-04-23,4134.07,2026-05-23
11006,401,2025-12-05,4453.98,2026-01-04
11007,816,2026-07-16,2191.99,2026-08-15
11008,724,2026-08-09,62763.38,2026-09-08
11009,282,2026-01-10,4968.94,2026-02-24
11010,112,2026-02-23,4193.36,2026-04-09
11011,723,2025-10-22,35126.07,2025-11-21
11012,378,2025-10-08,7204.5,2025-11-07
11013,751,2026-08-09,13150.15,2026-09-08
11014,268,2025-09-05,5391.79,2025-10-05
11015,917,2026-04-01,5263.65,2026-05-01
11016,298,2025-12-29,2522.36,2026-01-28
11017,317,2026-07-23,8538.17,2026-09-21
11018,570,2026-03-28,21941.79,2026-05-12
11019,509,2026-04-05,17656.79,2026-05-05
11020,950,2025-09-24,1898.32,2025-10-24
11021,546,2026-08-08,22133.38,2026-09-07
11022,775,2026-03-24,2579.35,2026-04-23
11023,365,2026-04-14,2355.94,2026-05-14
11024,547,2026-04-06,2461.44,2026-05-06
11025,271,2026-03-30,3656.9,2026-05-14
11026,961,2025-09-26,1065.34,2025-11-25
11027,474,2026-05-10,5215.49,2026-06-09
11028,739,2025-09-03,4062.47,2025-10-03
11029,537,2025-09-02,5168.86,2025-10-02
11030,234,2025-12-01,3362.34,2025-12-31
11031,59,2025-09-02,1399.12,2025-10-02
11032,251,2026-01-28,4059.66,2026-02-27
11033,847,2025-11-10,13273.39,2025-12-10
11034,86,2025-09-04,2228.44,2025-10-04
11035,763,2025-10-08,2478.38,2025-11-07
11036,390,2026-08-25,7194.67,2026-09-24
11037,180,2025-11-09,1857.11,2025-12-09
11038,719,2026-03-20,5989.98,2026-04-19
11039,856,2026-07-05,7132.57,2026-09-03
11040,149,2026-05-10,3186.81,2026-06-24
11041,583,2026-06-14,2744.61,2026-07-29
11042,121,2026-06-19,1619.63,2026-07-19
11043,765,2026-02-01,2655.38,2026-03-03
11044,605,2026-01-11,7874.68,2026-02-10
11045,256,2025-11-13,9777.09,2025-12-28
11046,766,2026-06-01,5261.29,2026-07-01
11047,864,2026-05-29,3058.35,2026-06-28
11048,800,2026-03-04,5302.01,2026-04-03
11049,309,2026-08-19,2598.1,2026-09-18
11050,59,2025-09-05,5770.24,2025-10-05
11051,69,2026-06-20,9087.75,2026-07-20
11052,446,2026-08-26,3445.79,2026-09-25
11053,388,2025-11-25,2629.94,2025-12-25
11054,86,2026-04-02,3384.69,2026-05-02
11055,786,2025-09-15,11934.66,2025-10-15
11056,227,2026-05-31,46642.02,2026-07-30
11057,593,2025-10-21,8400.61,2025-11-20
11058,626,2026-05-11,4715.77,2026-06-10
11059,184,2025-10-15,2294.76,2025-11-14
11060,792,2026-03-10,2183.62,2026-04-09
11061,322,2025-12-31,7039.67,2026-01-30
11062,909,2026-03-06,2679.41,2026-04-05
11063,318,2026-04-02,11329.67,2026-05-02
11064,566,2026-01-27,3085.73,2026-02-26
11065,399,2026-02-17,15609.65,2026-04-03
11066,709,2026-03-28,3603.75,2026-04-27
11067,899,2025-11-21,12381.34,2025-12-21
11068,293,2026-03-15,8566.44,2026-04-14
11069,293,2026-05-04,9845.21,2026-06-03
11070,485,2026-08-11,4733.25,2026-09-10
11071,899,2026-08-23,2938.97,2026-09-22
11072,447,2025-10-10,11212.64,
11073,803,2026-02-15,20988.0,2026-04-01
11074,692,2025-10-13,2242.39,2025-11-27
11075,983,2026-07-26,7314.64,2026-09-09
11076,892,2026-03-30,7292.46,2026-04-29
11077,412,2026-02-26,5709.21,2026-03-28
11078,508,2025-09-23,15710.67,2025-10-23
11079,734,2025-12-04,2688.54,2026-01-03
11080,786,2026-02-07,12038.74,2026-03-09
11081,890,2026-05-02,4005.03,2026-06-16
11082,244,2025-09-17,771.26,2025-10-17
11083,420,2025-12-21,1558.11,2026-01-20
11084,929,2025-12-12,5144.82,2026-01-11
11085,960,2026-07-11,13269.97,2026-08-10
11086,154,2025-11-25,11875.69,2025-12-25
11087,816,2025-10-05,5439.76,2025-11-04
11088,424,2025-09-30,2000.11,2025-10-30
11089,273,2026-03-11,1902.86,2026-04-25
11090,936,2026-02-26,6999.68,2026-03-28
11091,647,2025-12-13,4833.73,2026-01-27
11092,825,2026-02-12,10872.17,2026-03-14
11093,520,2025-12-31,3833.5,2026-02-14
11094,128,2026-01-12,2696.28,2026-02-11
11095,373,2026-06-17,4002.32,2026-08-16
11096,568,2026-07-09,4947.93,2026-08-08
11097,638,2026-04-12,983.39,2026-06-11
11098,159,2025-09-25,7299.33,2025-10-25
11099,571,2025-09-13,5604.66,2025-10-13
11100,570,2026-07-16,10666.02,2026-08-30
11101,652,2026-04-18,9331.92,2026-05-18
11102,176,2025-12-11,11894.46,2026-02-09
11103,927,2026-03-22,19182.46,2026-04-21
11104,620,2026-05-25,5590.59,2026-07-09
11105,211,2026-08-31,855.66,2026-09-30
11106,447,2026-04-10,9958.55,2026-05-10
11107,586,2025-12-13,13049.5,2026-01-12
11108,167,2025-12-20,4168.3,2026-01-19
11109,460,2025-11-08,996.21,2025-12-08
11110,916,2026-08-24,11488.21,2026-09-23
11111,357,2026-05-16,4923.22,2026-06-15
11112,304,2026-02-15,1719.03,2026-03-17
11113,233,2026-06-20,4036.86,2026-07-20
11114,327,2025-10-19,4980.39,2025-12-18
11115,884,2026-05-08,4035.79,2026-06-22
11116,182,2026-07-28,3336.87,2026-08-27
11117,634,2025-11-14,10708.02,2025-12-14
11118,334,2026-03-20,14736.9,2026-05-19
11119,715,2025-10-04,23452.64,2025-11-03
11120,967,2026-07-11,2239.96,2026-08-10
11121,29,2025-12-20,14154.92,2026-01-19
11122,714,2026-08-18,5824.98,2026-09-17
11123,93,2026-07-13,6753.56,2026-09-11
11124,841,2026-04-25,13209.88,2026-05-25
11125,868,2025-10-02,4804.35,2025-11-16
11126,688,2026-03-28,4320.71,2026-05-27
11127,330,2026-01-10,2870.86,2026-02-09
11128,723,2025-12-15,1966.26,2026-01-14
11129,184,2025-10-03,3014.7,2025-11-02
11130,95,2025-10-13,5733.45,2025-11-12
11131,785,2025-12-16,4802.83,2026-01-15
11132,649,2026-05-23,3687.48,2026-06-22
11133,749,2026-04-14,3779.65,2026-05-14
11134,353,2026-02-26,11594.29,2026-04-27
11135,930,2026-04-10,5754.29,2026-05-10
11136,941,2026-01-03,2258.57,2026-02-02
11137,984,2026-06-03,5237.05,2026-07-03
11138,265,2026-02-14,8185.1,2026-03-16
11139,647,2026-01-29,10746.64,2026-03-15
11140,656,2025-10-11,7851.85,2025-12-10
11141,19,2026-06-27,9857.82,2026-07-27
11142,743,2025-10-05,7495.37,2025-11-19
11143,646,2026-07-11,1003.94,2026-08-10
11144,626,2026-07-01,4398.27,2026-07-31
11145,499,2026-04-19,4651.69,2026-05-19
11146,139,2026-04-03,25557.44,2026-05-03
11147,637,2026-07-11,9179.2,2026-08-25
11148,716,2025-12-10,3961.73,2026-01-09
11149,573,2025-10-27,2694.67,2025-11-26
11150,762,2026-04-03,3796.97,2026-05-18
11151,810,2026-02-03,2618.82,2026-03-05
11152,525,2025-11-03,28597.31,2026-01-02
11153,908,2025-11-01,4939.3,2025-12-31
11154,255,2026-08-05,9672.65,2026-09-19
11155,85,2025-11-01,7551.2,2025-12-01
11156,458,2025-12-03,8459.63,2026-01-02
11157,532,2026-08-07,2471.74,2026-09-06
11158,562,2025-09-26,14574.26,2025-10-26
11159,676,2025-12-30,4658.91,2026-01-29
11160,92,2025-10-20,16605.91,2025-11-19
11161,600,2026-05-10,7028.5,2026-06-24
11162,69,2025-10-06,20340.66,2025-11-05
11163,37,2026-06-16,8082.43,2026-07-31
11164,765,2025-12-09,4310.05,2026-01-08
11165,764,2026-07-21,15393.38,2026-09-19
11166,140,2026-07-26,5585.01,2026-08-25
11167,867,2026-01-14,7689.88,2026-02-28
11168,893,2026-03-13,5370.06,2026-04-27
11169,680,2026-04-09,3243.62,2026-05-09
11170,566,2026-06-06,4401.3,2026-07-06
11171,898,2026-07-23,8835.33,2026-08-22
11172,178,2025-10-25,10882.66,2025-12-09
11173,809,2025-12-19,993.75,2026-01-18
11174,813,2026-01-27,6460.39,2026-02-26
11175,871,2026-05-23,4697.91,2026-06-22
11176,618,2026-02-09,1670.83,2026-03-11
11177,137,2026-03-06,9928.87,2026-04-05
11178,190,2026-01-07,21215.92,2026-02-06
11179,640,2025-12-17,16358.96,2026-02-15
11180,342,2025-11-07,773.22,2025-12-07
11181,559,2025-11-05,6482.21,2025-12-20
11182,5,2026-01-22,2973.4,2026-02-21
11183,972,2025-10-23,3493.32,2025-12-07
11184,257,2026-01-06,4086.52,2026-02-05
11185,812,2026-07-18,844.78,2026-08-17
11186,662,2026-03-26,963.55,2026-04-25
11187,806,2026-07-17,5352.66,2026-08-16
11188,243,2026-04-04,6095.8,2026-05-04
11189,787,2025-11-07,4276.52,2026-01-06
11190,720,2025-11-01,1841.28,2025-12-01
11191,415,2026-03-29,3618.96,2026-04-28
11192,627,2026-08-03,15891.59,2026-09-02
11193,707,2026-07-24,3740.53,2026-09-22
11194,343,2025-10-22,3344.11,2025-11-21
11195,682,2025-12-25,13449.38,2026-01-24
11196,379,2025-11-04,4207.38,2025-12-19
11197,594,2026-01-08,8617.41,2026-02-07
11198,666,2026-02-24,7229.14,2026-03-26
11199,653,2026-06-05,2448.9,2026-07-05
11200,826,2026-02-10,2263.41,2026-03-12
11201,146,2026-07-29,1700.82,2026-09-12
11202,323,2026-01-30,2229.29,2026-03-01
11203,122,2026-08-16,9689.38,2026-09-30
11204,252,2026-04-24,2590.88,2026-05-24
11205,855,2026-02-05,4477.7,2026-03-07
11206,899,2026-07-24,3991.28,2026-08-23
11207,311,2025-12-15,6774.16,2026-01-14
11208,601,2026-07-03,1678.08,2026-08-17
11209,475,2026-05-13,12035.72,
11210,570,2026-08-24,15774.56,2026-10-08
11211,492,2025-12-22,4900.39,2026-02-05
11212,575,2025-09-30,833.39,2025-10-30
11213,347,2025-09-12,2514.72,2025-10-12
11214,820,2026-02-24,6438.18,2026-03-26
11215,487,2026-08-04,6733.9,2026-09-03
11216,473,2025-10-16,4068.26,2025-12-15
11217,382,2026-02-18,12060.45,2026-03-20
11218,280,2026-01-08,3153.29,2026-02-07
11219,72,2026-05-03,10987.12,2026-06-02
11220,521,2026-08-19,5004.02,2026-09-18
11221,366,2026-03-22,3179.01,2026-04-21
11222,933,2026-04-14,8977.25,2026-05-14
11223,94,2025-11-19,4827.4,2025-12-19
11224,373,2026-07-07,10169.75,2026-09-05
11225,339,2025-10-05,51138.37,2025-11-04
11226,437,2025-10-22,2368.48,2025-12-06
11227,336,2026-02-08,10115.52,2026-04-09
11228,664,2025-11-23,8329.46,2025-12-23
11229,492,2026-07-25,20757.06,2026-09-08
11230,917,2025-09-26,10389.09,2025-10-26
11231,868,2026-04-13,17598.05,2026-05-28
11232,40,2026-07-14,2275.99,2026-08-13
11233,359,2026-02-01,1802.14,2026-03-03
11234,574,2026-06-20,2355.94,2026-08-04
11235,254,2025-12-04,4410.39,2026-01-03
11236,966,2026-04-13,15111.4,2026-05-13
11237,581,2026-05-25,18066.06,2026-06-24
11238,398,2025-10-11,3734.37,2025-11-10
11239,757,2026-01-11,4570.65,2026-02-10
11240,877,2025-11-05,1957.89,2025-12-05
11241,170,2026-03-29,5299.71,2026-04-28
11242,690,2026-01-31,4266.82,2026-04-01
11243,701,2026-02-19,4276.67,2026-03-21
11244,511,2026-07-22,12858.69,2026-08-21
11245,260,2025-10-29,6912.18,2025-11-28
11246,584,2026-03-03,-1756.8,2026-04-02
11247,984,2026-02-27,650.04,2026-03-29
11248,459,2026-07-19,7775.8,2026-08-18
11249,529,2026-07-21,6021.5,2026-08-20
11250,882,2025-09-12,6763.62,2025-10-12
11251,341,2025-11-07,6022.13,2025-12-07
11252,57,2026-07-26,2001.29,2026-08-25
11253,218,2026-03-21,4295.72,2026-04-20
11254,619,2025-09-06,3915.41,2025-11-05
11255,816,2025-09-15,4685.28,2025-10-15
11256,940,2025-10-12,10095.86,2025-11-11
11257,685,2025-10-01,3150.38,2025-11-15
11258,731,2026-02-28,1983.06,2026-03-30
11259,464,2026-05-20,14605.46,2026-06-19
11260,247,2026-06-16,2787.73,2026-07-16
11261,730,2025-09-21,12570.91,2025-10-21
11262,373,2026-03-01,27955.31,2026-04-30
11263,417,2026-03-03,16695.1,2026-05-02
11264,31,2026-05-02,8508.22,2026-06-01
11265,368,2026-08-16,4266.92,2026-09-15
11266,559,2026-01-27,10380.23,2026-03-13
11267,646,2026-05-14,4909.2,2026-06-13
11268,108,2025-12-09,15514.55,2026-01-08
11269,584,2025-10-25,8333.36,2025-11-24
11270,839,2026-03-05,6767.27,2026-04-04
11271,418,2026-07-17,5200.97,2026-08-16
11272,620,2025-11-25,3367.29,2026-01-09
11273,821,2026-02-21,4990.97,2026-03-23
11274,398,2025-09-22,6319.86,2025-10-22
11275,272,2026-05-02,4070.97,2026-06-01
11276,683,2025-10-30,6346.15,2025-12-14
11277,116,2025-12-13,11000.31,2026-01-27
11278,841,2026-01-17,6243.21,2026-02-16
11279,586,2026-06-30,3260.6,2026-07-30
11280,256,2026-02-06,551.52,2026-03-23
11281,81,2026-04-20,13203.02,2026-05-20
11282,780,2025-11-16,4576.69,2025-12-16
11283,128,2025-09-18,5869.73,2025-10-18
11284,838,2025-09-22,7732.5,2025-11-06
11285,915,2026-03-03,7734.08,2026-04-02
11286,235,2026-01-23,9167.49,2026-02-22
11287,553,2025-10-08,11206.61,2025-11-07
11288,181,2026-06-08,9151.06,2026-07-08
11289,157,2026-06-15,413.05,2026-07-15
11290,454,2026-01-21,6847.08,2026-03-07
11291,571,2025-09-13,6131.47,2025-10-13
11292,857,2026-03-05,4084.49,2026-04-04
11293,761,2026-05-25,7337.97,2026-06-24
11294,704,2026-05-27,5081.66,2026-07-26
11295,24,2025-12-06,3174.25,2026-02-04
11296,473,2026-08-23,13448.08,
11297,400,2026-06-21,6603.95,2026-08-20
11298,948,2025-09-01,5739.85,2025-10-01
11299,592,2026-06-22,944.22,2026-07-22
11300,134,2025-09-27,27449.38,2025-11-26
11301,421,2025-10-06,1125.22,2025-11-20
11302,213,2026-02-07,7604.96,2026-03-24
11303,900,2025-10-01,8844.68,2025-10-31
11304,482,2026-01-05,18633.71,2026-02-04
11305,348,2026-05-20,2316.61,2026-06-19
11306,166,2026-08-11,2618.03,2026-09-10
11307,937,2026-03-29,9485.26,2026-04-28
11308,348,2026-01-28,8416.39,2026-02-27
11309,849,2025-10-01,19509.02,2025-10-31
11310,398,2025-12-09,11933.71,2026-01-08
11311,583,2026-07-26,3814.13,2026-09-09
11312,726,2026-06-29,4574.94,2026-07-29
11313,435,2026-08-19,7597.77,2026-09-18
11314,577,2026-04-07,1472.08,2026-05-07
11315,221,2026-05-11,7832.71,2026-06-10
11316,308,2026-02-18,8299.37,2026-03-20
11317,991,2026-05-15,2615.34,2026-06-14
11318,798,2025-10-27,4216.69,2025-11-26
11319,697,2025-09-09,1024.11,2025-10-09
11320,719,2025-09-05,10512.35,2025-10-05
11321,466,2026-08-01,6985.26,2026-08-31
11322,99,2025-12-23,1757.99,2026-02-06
11323,242,2026-05-23,2141.25,2026-07-07
11324,158,2026-02-20,3531.63,2026-03-22
11325,610,2026-04-08,9863.8,2026-05-08
11326,554,2026-03-24,7486.24,2026-04-23
11327,651,2025-09-24,2589.99,2025-10-24
11328,795,2026-02-17,3110.61,2026-03-19
11329,920,2025-12-12,5214.88,2026-01-11
11330,227,2025-10-30,2635.05,2025-12-29
11331,423,2025-11-25,3297.22,2025-12-25
11332,72,2026-05-13,8696.61,2026-06-12
11333,243,2026-02-12,1873.82,2026-03-14
11334,530,2026-02-14,4461.76,2026-03-16
11335,589,2025-11-23,4203.96,2025-12-23
11336,45,2026-03-21,4831.48,2026-04-20
11337,472,2025-11-29,6176.84,2025-12-29
11338,371,2025-11-28,8175.23,2025-12-28
11339,855,2025-12-29,9363.44,2026-01-28
11340,652,2026-02-03,3797.27,2026-03-05
11341,689,2026-03-07,4429.53,2026-04-06
11342,734,2026-03-07,6620.71,2026-04-06
11343,927,2026-05-20,5775.07,2026-06-19
11344,92,2025-10-22,7893.21,2025-11-21
11345,22,2026-01-18,7164.88,2026-03-04
11346,172,2025-09-19,2586.59,2025-10-19
11347,604,2025-11-14,22398.53,2025-12-14
11348,192,2026-04-18,5014.73,2026-05-18
11349,77,2026-01-08,8751.29,2026-02-22
11350,281,2025-10-25,8149.1,2025-12-09
11351,364,2026-05-29,6215.08,2026-06-28
11352,179,2025-12-09,6167.58,2026-01-08
11353,238,2025-11-08,10499.26,2025-12-08
11354,135,2026-06-26,4232.55,2026-08-10
11355,877,2025-09-17,9299.12,2025-10-17
11356,902,2026-08-20,7473.6,2026-09-19
11357,280,2025-12-25,12808.0,2026-01-24
11358,19,2026-01-30,3361.26,2026-03-01
11359,595,2026-07-27,5348.87,2026-08-26
11360,740,2025-12-25,2522.47,2026-02-08
11361,371,2025-09-30,12149.11,2025-10-30
11362,777,2026-07-20,2767.74,2026-08-19
11363,112,2025-10-21,6521.33,2025-12-05
11364,763,2025-10-30,3478.1,2025-11-29
11365,676,2026-04-17,12458.28,2026-05-17
11366,870,2026-05-17,4771.27,2026-07-16
11367,680,2026-08-26,8417.81,2026-09-25
11368,221,2025-09-05,2100.9,2025-10-05
11369,920,2025-09-28,3017.64,2025-10-28
11370,304,2026-05-12,8126.02,2026-06-11
11371,703,2026-08-30,14044.07,2026-10-29
11372,325,2026-04-19,7616.34,2026-05-19
11373,437,2026-08-23,33643.7,2026-10-07
11374,438,2026-03-19,9417.99,2026-05-03
11375,170,2026-07-29,5064.49,2026-08-28
11376,375,2026-05-29,3867.62,2026-07-13
11377,557,2026-08-05,21393.62,2026-09-04
11378,381,2026-07-01,9539.07,2026-08-15
11379,986,2025-10-16,3310.49,2025-11-30
11380,14,2025-09-28,2951.54,2025-10-28
11381,743,2025-09-07,2940.11,2025-10-22
11382,669,2026-04-20,7526.57,2026-05-20
11383,500,2026-03-18,1484.26,2026-04-17
11384,646,2025-12-03,3322.39,2026-01-02
11385,391,2025-11-21,6343.68,2025-12-21
11386,549,2025-11-27,5111.68,2025-12-27
11387,565,2026-03-05,3474.47,2026-04-04
11388,530,2026-05-01,8717.2,2026-05-31
11389,983,2025-11-07,8681.58,2025-12-22
11390,492,2026-07-08,4204.97,2026-08-22
11391,550,2026-03-06,3268.39,2026-04-05
11392,699,2026-04-27,9985.15,2026-05-27
11393,385,2026-04-06,4403.77,2026-05-06
11394,196,2025-12-17,5056.51,2026-01-16
11395,755,2026-07-04,9353.17,2026-09-02
11396,300,2025-10-08,2073.83,2025-11-07
11397,815,2026-08-15,3303.02,2026-10-14
11398,547,2026-06-03,4058.05,2026-07-03
11399,727,2025-09-10,22992.23,2025-10-25
11400,731,2025-09-26,1835.57,2025-10-26
11401,828,2025-10-18,5161.68,2025-12-02
11402,602,2026-08-13,2460.03,2026-09-12
11403,308,2025-09-14,31715.69,2025-10-14
11404,252,2025-12-09,6189.73,2026-01-08
11405,8,2026-03-06,2332.49,2026-04-20
11406,768,2025-09-12,1339.98,2025-10-12
11407,875,2026-06-06,8158.38,2026-07-21
11408,208,2026-08-07,5835.35,2026-09-06
11409,937,2026-07-25,8314.66,2026-08-24
11410,131,2026-02-14,2234.85,2026-03-16
11411,736,2025-12-31,22288.34,2026-01-30
11412,709,2025-12-04,5338.56,2026-01-03
11413,980,2025-09-25,7021.38,2025-10-25
11414,654,2025-09-17,8236.51,2025-10-17
11415,764,2025-09-29,5428.05,2025-11-28
11416,608,2026-07-20,14209.08,2026-08-19
11417,26,2026-08-07,3272.29,2026-10-06
11418,623,2026-07-10,11328.21,2026-08-24
11419,454,2025-11-11,14526.16,2025-12-26
11420,635,2026-05-28,11458.7,2026-07-27
11421,186,2026-05-08,15751.17,2026-06-07
11422,484,2026-06-22,2787.52,2026-07-22
11423,680,2026-01-22,7439.12,2026-02-21
11424,51,2026-06-01,6982.27,2026-07-16
11425,891,2026-04-11,5308.76,2026-05-26
11426,5,2025-11-14,8256.32,2025-12-14
11427,589,2025-12-11,13132.02,2026-01-10
11428,160,2025-09-20,2805.41,2025-10-20
11429,208,2025-12-26,1903.61,2026-01-25
11430,257,2026-02-21,4243.66,2026-03-23
11431,205,2026-02-20,685.13,2026-03-22
11432,767,2025-09-04,4730.05,2025-10-04
11433,950,2026-08-06,15692.16,2026-09-05
11434,11,2026-01-26,1601.06,2026-03-27
11435,949,2025-12-23,3579.74,2026-01-22
11436,8,2026-07-18,2013.89,2026-09-01
11437,409,2026-02-14,6867.55,2026-03-16
11438,936,2026-06-27,8322.02,2026-07-27
11439,32,2025-12-27,5086.44,2026-01-26
11440,984,2025-12-09,2890.88,2026-01-08
11441,540,2026-06-01,5822.05,2026-07-31
11442,718,2026-02-22,13453.62,2026-03-24
11443,387,2026-02-06,10187.74,2026-04-07
11444,228,2026-04-15,3610.85,2026-05-30
11445,640,2025-10-08,3857.8,2025-12-07
11446,767,2026-03-17,3773.73,2026-04-16
11447,475,2026-01-14,7402.21,2026-02-13
11448,724,2025-12-13,1655.25,2026-01-12
11449,751,2026-03-12,7718.26,2026-04-11
11450,207,2026-05-08,3242.4,2026-06-07
11451,318,2025-09-13,4044.98,2025-10-13
11452,795,2025-10-25,2786.8,2025-11-24
11453,757,2026-08-10,8975.14,2026-09-09
11454,557,2025-11-24,3111.98,2025-12-24
11455,617,2025-12-18,2320.86,2026-01-17
11456,348,2025-10-13,3145.98,
11457,793,2025-11-10,2103.77,2025-12-10
11458,234,2026-05-26,9962.15,2026-06-25
11459,701,2025-10-29,2069.34,2025-11-28
11460,44,2025-10-14,4829.94,2025-11-28
11461,737,2026-05-30,2971.09,2026-07-29
11462,942,2025-09-14,17536.3,2025-10-14
11463,142,2025-12-21,7013.25,2026-02-04
11464,648,2026-07-11,3022.41,2026-08-10
11465,176,2026-04-16,5735.49,2026-06-15
11466,654,2026-02-16,2415.56,2026-03-18
11467,449,2026-06-18,8555.88,2026-07-18
11468,592,2026-05-04,5717.92,2026-06-03
11469,82,2026-05-24,-6990.99,2026-06-23
11470,135,2026-08-03,2331.59,2026-09-17
11471,719,2026-05-01,1652.62,2026-05-31
11472,856,2026-02-05,1321.31,2026-04-06
11473,177,2026-06-27,1403.86,2026-07-27
11474,383,2026-07-24,5043.73,2026-09-07
11475,243,2025-09-18,23263.64,2025-10-18
11476,567,2025-11-22,3632.92,2025-12-22
11477,141,2026-08-01,3146.95,2026-08-31
11478,457,2026-04-19,4787.62,2026-06-18
11479,440,2026-08-08,2665.71,2026-09-22
11480,56,2026-05-11,1793.19,2026-06-10
11481,527,2026-02-14,2961.78,2026-04-15
11482,697,2025-10-12,4169.82,2025-11-11
11483,826,2026-05-07,22130.59,2026-06-06
11484,419,2026-05-06,3382.55,2026-06-05
11485,88,2026-06-13,5843.1,2026-07-28
11486,609,2025-09-20,1668.43,2025-10-20
11487,656,2026-08-18,8710.56,2026-10-17
11488,8,2025-10-12,2767.65,2025-11-26
11489,477,2026-08-11,2025.73,2026-09-10
11490,215,2025-11-26,2196.72,2026-01-10
11491,685,2026-05-19,2991.87,2026-07-03
11492,735,2026-07-03,1982.85,2026-08-02
11493,552,2026-06-24,6312.08,2026-07-24
11494,497,2026-08-16,2100.05,2026-09-30
11495,694,2026-04-28,8382.3,2026-05-28
11496,503,2026-02-14,3328.57,2026-03-16
11497,782,2026-07-10,2400.96,2026-08-09
11498,699,2026-04-07,2894.54,2026-05-07
11499,245,2026-01-11,2218.76,2026-02-10
11500,478,2026-03-26,5087.09,2026-05-25
11501,309,2025-10-21,3232.53,2025-11-20
11502,231,2025-12-15,12164.72,2026-01-14
11503,383,2026-03-03,790.73,2026-04-17
11504,155,2026-03-20,12729.62,2026-05-04
11505,175,2025-09-11,2919.24,2025-10-11
11506,848,2026-05-12,17989.12,2026-06-11
11507,115,2026-01-28,5505.94,2026-03-29
11508,390,2026-08-20,13055.34,2026-09-19
11509,311,2026-08-21,4704.59,2026-09-20
11510,993,2025-12-05,4478.93,2026-02-03
11511,300,2025-12-15,2340.45,2026-01-14
11512,18,2026-01-21,4647.19,2026-02-20
11513,784,2026-02-13,2246.95,2026-03-15
11514,12,2025-09-01,5808.26,2025-10-01
11515,404,2025-10-16,5688.85,2025-11-15
11516,813,2026-04-30,4532.73,2026-05-30
11517,704,2026-08-10,13450.54,2026-10-09
11518,232,2026-06-05,7444.83,2026-07-05
11519,955,2025-09-03,2394.87,2025-10-03
11520,605,2026-01-20,7878.44,2026-02-19
11521,990,2025-10-31,10708.78,2025-11-30
11522,730,2026-06-21,736.18,2026-07-21
11523,278,2026-04-13,2102.33,2026-05-13
11524,353,2026-06-29,3435.55,2026-08-28
11525,999,2026-02-17,2607.29,2026-03-19
11526,303,2026-01-12,8330.63,2026-02-11
11527,541,2025-10-11,2460.44,2025-11-25
11528,470,2026-04-19,2256.62,2026-06-03
11529,813,2026-04-14,6052.22,2026-05-14
11530,77,2026-01-17,4156.37,2026-03-03
11531,521,2025-12-19,12273.67,
11532,24,2026-06-24,6727.37,2026-08-23
11533,15,2025-10-27,76068.03,2025-12-11
11534,676,2026-01-01,2089.39,2026-01-31
11535,525,2026-04-28,1471.46,2026-06-27
11536,347,2025-11-25,15029.86,2025-12-25
11537,172,2026-02-23,58136.68,2026-03-25
11538,869,2025-11-02,4182.08,2025-12-02
11539,327,2025-10-09,3876.33,2025-12-08
11540,712,2026-01-16,5535.96,2026-02-15
11541,485,2026-04-29,2527.8,2026-05-29
11542,489,2026-04-14,1054.85,2026-05-14
11543,462,2026-03-25,6072.29,2026-05-09
11544,378,2026-02-11,5038.39,2026-03-13
11545,588,2025-09-27,1653.0,2025-10-27
11546,164,2026-03-02,3051.5,2026-04-16
11547,372,2026-03-17,1623.22,2026-04-16
11548,573,2026-08-03,6730.52,2026-09-02
11549,1000,2025-12-16,4893.56,2026-01-15
11550,977,2026-03-08,5692.02,2026-04-22
11551,424,2025-10-06,7578.5,2025-11-05
11552,757,2025-11-24,12018.15,2025-12-24
11553,477,2026-02-02,5765.17,2026-03-04
11554,382,2026-02-16,8179.08,2026-03-18
11555,155,2026-06-11,21427.63,2026-07-26
11556,257,2026-05-30,10833.9,2026-06-29
11557,756,2025-10-05,5953.74,2025-11-04
11558,674,2026-03-03,5667.96,2026-04-17
11559,68,2025-12-08,2575.58,2026-01-07
11560,344,2026-04-25,2981.08,2026-06-09
11561,277,2025-12-31,4620.55,2026-01-30
11562,673,2025-09-23,3768.06,2025-10-23
11563,391,2025-11-02,22597.07,2025-12-02
11564,449,2026-07-23,6737.75,2026-08-22
11565,259,2026-01-28,6308.46,2026-02-27
11566,307,2026-03-14,12781.26,2026-04-13
11567,847,2025-11-19,5788.57,2025-12-19
11568,95,2026-07-12,4009.87,2026-08-11
11569,950,2026-01-31,6147.85,2026-03-02
11570,464,2025-09-17,6921.47,2025-10-17
11571,970,2025-10-09,15326.47,2025-11-08
11572,246,2026-07-30,1687.88,2026-09-28
11573,733,2026-08-14,2767.69,2026-09-13
11574,635,2026-03-21,4716.68,2026-05-20
11575,187,2026-06-07,10582.69,2026-07-07
11576,774,2025-11-27,9386.14,2026-01-11
11577,925,2026-06-27,5452.68,2026-07-27
11578,785,2026-06-19,11300.85,2026-07-19
11579,373,2026-08-21,2916.37,2026-10-20
11580,572,2025-11-09,22558.77,2025-12-09
11581,406,2026-01-02,2562.23,2026-02-01
11582,408,2025-11-19,1269.11,2026-01-03
11583,125,2025-10-15,8113.9,2025-11-14
11584,337,2026-04-21,1588.53,2026-05-21
11585,341,2026-02-01,3327.83,2026-03-03
11586,563,2026-02-27,4458.9,2026-04-13
11587,178,2025-10-01,6968.14,2025-11-15
11588,651,2025-11-24,11243.44,2025-12-24
11589,952,2025-10-15,1698.4,2025-11-14
11590,839,2026-07-20,2032.0,2026-08-19
11591,170,2026-07-29,76727.39,2026-08-28
11592,39,2026-05-01,4222.87,2026-06-15
11593,69,2025-10-10,1342.8,2025-11-09
11594,236,2026-03-01,2231.31,2026-03-31
11595,560,2026-06-24,3278.84,2026-07-24
11596,381,2025-11-20,5019.99,2026-01-04
11597,57,2025-10-08,12981.1,2025-11-07
11598,277,2026-08-22,18477.36,2026-09-21
11599,850,2025-10-27,2585.34,2025-11-26
11600,99,2026-07-19,3174.2,2026-09-02
11601,916,2025-09-30,5630.75,2025-10-30
11602,527,2026-05-24,2797.17,2026-07-23
11603,325,2026-04-15,12983.79,2026-05-15
11604,461,2026-07-14,35974.51,2026-08-13
11605,179,2026-06-19,5086.07,2026-07-19
11606,844,2025-10-24,6502.46,2025-11-23
11607,574,2025-12-06,3128.86,2026-01-20
11608,119,2025-09-04,6540.64,2025-10-04
11609,469,2026-07-07,2141.05,2026-08-06
11610,549,2025-11-30,2339.99,2025-12-30
11611,646,2025-11-28,1168.69,2025-12-28
11612,455,2026-07-17,9603.96,2026-09-15
11613,26,2025-12-01,15187.68,2026-01-30
11614,490,2026-01-28,11403.85,2026-02-27
11615,8,2026-04-22,5390.1,2026-06-06
11616,969,2026-08-03,3891.43,2026-10-02
11617,987,2025-10-29,4642.48,2025-11-28
11618,516,2026-03-04,2212.21,2026-04-03
11619,533,2025-10-14,10613.95,2025-11-28
11620,927,2026-02-27,11567.12,2026-03-29
11621,149,2025-11-15,2137.13,2025-12-30
11622,488,2026-01-22,2367.86,2026-02-21
11623,25,2025-12-10,1731.15,2026-01-09
11624,999,2026-05-30,4078.79,2026-06-29
11625,655,2025-10-25,4913.91,2025-11-24
11626,757,2026-03-08,5273.0,2026-04-07
11627,931,2026-08-17,1722.41,2026-09-16
11628,945,2026-08-01,2783.58,2026-08-31
11629,555,2025-11-16,2787.53,2025-12-16
11630,425,2026-06-23,8972.63,2026-07-23
11631,293,2026-04-07,2253.84,2026-05-07
11632,185,2026-06-04,5222.22,2026-07-04
11633,554,2025-11-05,2836.59,2025-12-05
11634,431,2026-01-14,4289.47,2026-03-15
11635,604,2026-04-22,10653.57,2026-05-22
11636,317,2026-03-18,1855.89,2026-05-17
11637,398,2026-05-24,621.14,2026-06-23
11638,324,2025-10-13,1713.34,2025-11-27
11639,565,2026-08-27,6981.7,2026-09-26
11640,596,2026-04-16,1918.29,2026-06-15
11641,546,2026-04-15,2827.24,2026-05-15
11642,76,2025-11-02,7189.27,2025-12-02
11643,865,2026-02-18,9512.06,2026-04-19
11644,920,2026-05-08,11422.48,2026-06-07
11645,916,2026-08-04,7788.56,2026-09-03
11646,709,2026-05-08,2031.62,2026-06-07
11647,486,2026-07-04,18074.01,2026-08-03
11648,798,2026-04-26,2351.65,2026-05-26
11649,88,2025-10-26,3005.62,2025-12-10
11650,747,2026-02-18,4978.07,2026-03-20
11651,232,2025-10-04,6249.0,2025-11-03
11652,7,2026-07-12,15804.87,2026-08-11
11653,804,2026-01-08,3013.81,2026-02-07
11654,550,2026-01-08,6778.6,2026-02-07
11655,976,2026-01-29,3027.32,2026-02-28
11656,52,2026-01-21,18091.49,2026-02-20
11657,655,2025-12-27,7037.2,2026-01-26
11658,942,2026-03-23,14025.16,2026-04-22
11659,919,2026-04-23,1988.24,2026-05-23
11660,396,2025-09-17,3191.67,2025-10-17
11661,221,2025-11-21,6100.46,2025-12-21
11662,428,2025-09-14,14203.88,2025-10-14
11663,752,2025-11-20,11059.11,2025-12-20
11664,143,2026-03-26,16606.26,2026-04-25
11665,861,2026-03-23,14621.67,2026-05-07
11666,363,2026-05-30,9322.4,2026-07-14
11667,382,2025-10-02,5652.71,2025-11-01
11668,561,2025-09-23,2049.26,2025-10-23
11669,277,2025-12-11,899.21,2026-01-10
11670,271,2026-02-09,5522.93,2026-03-26
11671,14,2025-12-07,9502.52,2026-01-06
11672,298,2026-01-22,565.54,2026-02-21
11673,464,2025-12-13,1954.51,2026-01-12
11674,527,2026-07-21,2217.14,2026-09-19
11675,234,2026-02-18,4303.16,2026-03-20
11676,575,2025-11-03,5430.4,2025-12-03
11677,708,2026-05-02,11876.83,2026-06-16
11678,27,2025-11-10,1744.93,2025-12-10
11679,471,2026-06-01,6585.16,2026-07-31
11680,93,2026-01-03,1648.34,2026-03-04
11681,617,2026-07-14,9757.72,2026-08-13
11682,309,2026-07-28,3401.2,2026-08-27
11683,52,2025-12-16,1895.95,2026-01-15
11684,319,2026-01-26,2920.14,2026-02-25
11685,969,2026-03-11,2048.62,2026-05-10
11686,181,2026-08-03,5382.55,2026-09-02
11687,569,2026-04-14,8237.44,2026-05-14
11688,120,2026-04-30,11409.17,2026-06-14
11689,820,2026-08-28,3301.45,2026-09-27
11690,875,2026-06-11,15177.27,2026-07-26
11691,43,2026-02-10,4903.48,2026-03-12
11692,647,2025-09-08,13756.83,
11693,885,2026-08-13,4408.91,2026-09-27
11694,938,2026-01-30,4156.48,2026-03-01
11695,260,2026-07-19,7942.15,2026-08-18
11696,197,2025-12-04,6396.82,2026-01-03
11697,645,2026-04-02,3209.68,2026-05-02
11698,971,2025-11-03,12599.4,2025-12-03
11699,255,2025-11-04,2325.85,2025-12-19
11700,732,2026-05-28,7942.19,2026-06-27
11701,336,2025-09-25,7667.73,2025-11-24
11702,553,2025-12-09,11717.84,2026-01-08
11703,502,2025-12-14,11903.09,2026-01-13
11704,990,2026-01-09,4322.72,2026-02-08
11705,900,2026-07-18,5132.9,2026-08-17
11706,255,2025-09-19,4865.01,2025-11-03
11707,514,2026-04-13,20204.35,2026-05-13
11708,707,2025-12-15,8416.72,2026-02-13
11709,242,2025-10-24,11524.31,2025-12-08
11710,149,2026-04-14,4090.22,2026-05-29
11711,710,2026-08-26,2030.11,2026-09-25
11712,299,2025-09-15,2365.67,2025-10-15
11713,757,2025-10-18,11239.52,2025-11-17
11714,850,2026-01-17,2784.73,2026-02-16
11715,620,2025-10-04,64428.88,2025-11-18
11716,453,2026-08-21,3614.37,2026-09-20
11717,393,2026-03-29,6622.07,2026-04-28
11718,212,2025-09-19,6612.54,2025-10-19
11719,668,2026-03-15,5772.01,2026-04-14
11720,538,2026-07-23,1884.26,2026-09-21
11721,594,2025-12-24,6096.05,2026-01-23
11722,595,2026-08-18,6053.51,2026-09-17
11723,131,2025-11-14,3935.17,2025-12-14
11724,329,2026-01-28,21990.51,2026-03-29
11725,612,2025-10-06,1323.02,2025-11-20
11726,256,2026-04-30,1492.45,2026-06-14
11727,479,2026-01-29,9137.67,2026-02-28
11728,561,2025-11-02,4663.33,2025-12-02
11729,913,2026-02-01,2473.21,2026-03-03
11730,63,2026-03-07,5844.21,2026-04-06
11731,311,2026-04-11,10771.89,2026-05-11
11732,407,2025-12-02,1356.28,2026-01-01
11733,802,2025-09-05,8915.0,2025-10-05
11734,105,2026-02-13,6514.95,2026-03-15
11735,617,2025-09-25,4161.39,2025-10-25
11736,837,2025-12-07,6085.57,2026-01-06
11737,15,2026-05-26,6168.27,2026-07-10
11738,687,2026-01-28,7762.66,2026-02-27
11739,259,2026-05-10,2273.61,2026-06-09
11740,723,2025-11-23,11934.3,2025-12-23
11741,412,2026-06-12,11059.56,2026-07-12
11742,259,2026-02-19,11323.17,2026-03-21
11743,614,2026-04-09,1257.71,2026-05-09
11744,260,2025-12-18,12490.08,2026-01-17
11745,856,2025-09-27,3722.5,2025-11-26
11746,671,2026-05-04,7644.95,2026-06-03
11747,45,2025-10-25,1024.35,2025-11-24
11748,955,2026-01-11,2894.74,2026-02-10
11749,813,2025-10-22,9793.75,2025-11-21
11750,763,2026-05-11,7615.87,2026-06-10
11751,331,2026-05-27,2107.44,2026-07-11
11752,165,2026-06-25,8615.71,2026-07-25
11753,193,2025-11-18,2602.63,2025-12-18
11754,521,2025-09-18,4041.34,2025-10-18
11755,401,2026-07-03,1960.77,2026-08-02
11756,374,2026-05-16,6580.55,2026-07-15
11757,65,2026-08-09,11933.14,2026-09-23
11758,387,2025-12-16,10149.41,2026-02-14
11759,495,2025-10-17,2418.82,2025-11-16
11760,794,2026-05-04,4818.65,2026-06-18
11761,693,2025-11-28,1421.03,2026-01-27
11762,415,2026-03-22,14893.31,2026-04-21
11763,794,2026-04-28,5076.94,2026-06-12
11764,791,2026-05-26,8410.08,2026-07-10
11765,30,2025-09-13,5863.56,2025-10-28
11766,266,2026-01-15,3029.94,2026-02-14
11767,328,2026-07-12,3210.24,2026-08-11
11768,492,2026-02-20,7199.66,2026-04-06
11769,217,2026-04-18,18522.2,2026-05-18
11770,320,2026-03-17,3800.49,2026-04-16
11771,918,2026-05-01,12791.2,2026-06-15
11772,399,2025-10-13,10460.3,2025-11-27
11773,891,2026-07-27,3872.68,2026-09-10
11774,105,2026-06-06,12056.21,2026-07-06
11775,696,2025-11-18,11300.51,2025-12-18
11776,330,2026-06-06,898.68,2026-07-06
11777,660,2026-04-20,8764.66,2026-06-04
11778,617,2025-12-10,13927.37,2026-01-09
11779,47,2026-02-09,1965.01,2026-03-26
11780,599,2026-01-22,1748.05,2026-02-21
11781,821,2025-12-18,5905.04,2026-01-17
11782,949,2026-04-21,17678.42,2026-05-21
11783,641,2025-12-20,2093.99,2026-01-19
11784,770,2026-04-20,1415.01,2026-05-20
11785,314,2026-04-26,3478.77,2026-05-26
11786,147,2026-03-16,3111.77,2026-04-15
11787,958,2026-05-31,1313.28,2026-06-30
11788,462,2025-11-25,3133.34,2026-01-09
11789,584,2026-06-22,6609.34,2026-07-22
11790,486,2025-10-11,22075.0,2025-11-10
11791,652,2025-10-18,7835.94,2025-11-17
11792,410,2025-11-16,9529.26,2025-12-31
11793,27,2026-02-25,2093.4,2026-03-27
11794,29,2026-05-15,4636.08,2026-06-14
11795,271,2025-12-26,4192.3,2026-02-09
11796,686,2025-09-19,6489.63,2025-11-03
11797,501,2025-10-29,8059.49,2025-11-28
11798,253,2026-03-15,10715.92,2026-05-14
11799,385,2025-12-16,5129.28,2026-01-15
11800,60,2026-06-11,3290.57,2026-07-11
11801,107,2025-10-04,13312.39,2025-12-03
11802,220,2026-06-22,8931.15,2026-07-22
11803,441,2026-05-09,8198.5,2026-06-23
11804,771,2026-01-04,4844.7,2026-02-03
11805,883,2026-08-05,13229.4,2026-09-04
11806,658,2025-12-15,1829.03,2026-01-14
11807,564,2026-02-27,10214.76,2026-03-29
11808,572,2025-12-19,10173.85,2026-01-18
11809,546,2026-04-16,2432.27,2026-05-16
11810,96,2025-12-30,2900.86,2026-01-29
11811,989,2025-12-16,1788.74,2026-01-15
11812,89,2026-01-09,7521.35,2026-02-23
11813,828,2025-09-23,633.92,
11814,922,2026-01-23,5977.53,2026-02-22
11815,231,2026-07-24,2713.89,2026-08-23
11816,968,2026-02-01,2275.03,2026-03-03
11817,275,2025-12-16,1112.87,2026-01-15
11818,246,2026-01-24,2460.72,2026-03-25
11819,111,2026-05-10,15694.11,2026-07-09
11820,234,2026-06-29,2812.52,2026-07-29
11821,278,2025-11-09,6995.62,2025-12-09
11822,477,2025-10-01,2089.1,2025-10-31
11823,417,2025-12-02,11360.91,2026-01-31
11824,678,2026-01-15,8113.06,2026-02-14
11825,128,2026-02-10,4167.18,2026-03-12
11826,237,2025-11-20,6018.48,2025-12-20
11827,803,2026-07-13,6446.37,2026-08-27
11828,619,2025-11-15,2244.81,2026-01-14
11829,128,2025-11-02,2608.28,2025-12-02
11830,707,2025-12-09,10420.44,2026-02-07
11831,851,2025-10-18,17232.12,2025-12-17
11832,394,2025-11-13,5623.28,2025-12-28
11833,475,2026-07-11,8701.84,2026-08-10
11834,655,2026-03-11,13105.7,2026-04-10
11835,395,2025-09-30,3856.19,2025-10-30
11836,111,2026-02-04,4703.07,2026-04-05
11837,90,2026-05-24,8854.38,2026-07-08
11838,763,2026-05-14,28680.47,2026-06-13
11839,280,2025-10-09,9104.58,2025-11-08
11840,333,2025-10-25,6374.58,2025-12-09
11841,224,2025-09-28,3126.21,2025-10-28
11842,101,2025-12-27,4773.36,2026-01-26
11843,132,2026-03-28,8666.41,2026-05-12
11844,13,2025-11-14,7956.6,2025-12-14
11845,457,2025-11-04,3095.03,2026-01-03
11846,441,2026-08-03,14259.69,2026-09-17
11847,98,2026-08-22,14272.62,2026-09-21
11848,120,2025-12-09,4575.31,2026-01-23
11849,293,2025-10-16,6256.49,2025-11-15
11850,816,2026-07-13,2994.64,2026-08-12
11851,711,2026-02-03,2618.21,2026-03-20
11852,1,2026-04-28,6600.34,2026-05-28
11853,572,2026-08-19,-2677.91,2026-09-18
11854,250,2026-05-17,8399.92,2026-06-16
11855,652,2026-01-14,3639.3,2026-02-13
11856,149,2026-03-17,11583.36,2026-05-01
11857,395,2026-03-06,4669.02,2026-04-05
11858,44,2025-12-25,1073.28,2026-02-08
11859,883,2025-10-28,3712.54,2025-11-27
11860,698,2025-11-09,5446.3,2025-12-09
11861,620,2025-12-02,1249.12,2026-01-16
11862,44,2026-04-17,1345.41,2026-06-01
11863,78,2026-01-15,4303.24,2026-02-14
11864,226,2025-12-14,11168.63,2026-01-28
11865,162,2026-07-02,8285.86,2026-08-16
11866,793,2026-08-05,4942.56,2026-09-04
11867,253,2025-09-17,2527.73,2025-11-16
11868,132,2025-10-24,2431.19,2025-12-08
11869,448,2025-12-21,8404.21,2026-01-20
11870,884,2026-02-19,5859.05,2026-04-05
11871,887,2026-07-02,9904.24,2026-08-31
11872,474,2026-01-22,13100.34,2026-02-21
11873,656,2025-11-24,3477.14,2026-01-23
11874,778,2025-09-12,7110.22,2025-10-12
11875,109,2026-05-10,7902.3,2026-06-24
11876,706,2026-04-04,2861.97,2026-05-04
11877,35,2026-01-04,2984.51,2026-02-03
11878,467,2025-12-07,8914.16,2026-01-06
11879,902,2026-07-01,5006.94,2026-07-31
11880,275,2025-09-28,2487.14,2025-10-28
11881,187,2026-08-02,2596.42,2026-09-01
11882,949,2026-05-24,1790.28,2026-06-23
11883,243,2025-10-22,3754.05,2025-11-21
11884,264,2026-01-21,2195.29,2026-02-20
11885,974,2026-01-10,5426.08,2026-02-09
11886,522,2026-08-12,31012.99,2026-09-26
11887,963,2026-03-26,7226.24,2026-04-25
11888,678,2025-11-01,11741.45,2025-12-01
11889,541,2026-08-29,6889.15,2026-10-13
11890,783,2026-01-10,1336.42,2026-02-24
11891,87,2025-10-11,5532.72,2025-12-10
11892,535,2026-03-20,2895.94,2026-04-19
11893,210,2025-12-08,2585.36,
11894,46,2026-07-08,4171.3,2026-08-07
11895,467,2026-06-11,8283.52,2026-07-11
11896,540,2026-08-23,3916.8,2026-10-22
11897,26,2025-10-17,9938.76,2025-12-16
11898,266,2026-01-15,5789.31,2026-02-14
11899,175,2026-01-08,6444.99,2026-02-07
11900,516,2026-03-14,4769.09,2026-04-13
11901,311,2025-12-26,13987.54,2026-01-25
11902,322,2026-08-30,2853.91,2026-09-29
11903,579,2025-11-08,2986.18,2025-12-08
11904,135,2025-09-28,3876.24,2025-11-12
11905,55,2026-08-01,7473.25,2026-09-15
11906,976,2025-09-14,8324.43,2025-10-14
11907,543,2025-10-16,3193.78,2025-11-15
11908,586,2025-09-16,10246.37,2025-10-16
11909,531,2026-03-28,2282.26,2026-04-27
11910,156,2026-02-05,8843.94,2026-03-22
11911,849,2026-08-03,6656.38,2026-09-02
11912,668,2026-04-15,5070.08,2026-05-15
11913,147,2026-04-29,7300.46,2026-05-29
11914,485,2025-10-28,4545.76,2025-11-27
11915,599,2026-07-01,6132.63,2026-07-31
11916,20,2026-07-02,34270.9,2026-08-01
11917,269,2026-08-11,10225.62,2026-09-10
11918,333,2026-01-08,3240.44,2026-02-22
11919,555,2026-04-05,3916.64,2026-05-05
11920,907,2025-09-14,13144.49,2025-10-29
11921,944,2026-08-25,3645.87,2026-09-24
11922,911,2026-05-01,19493.03,2026-05-31
11923,401,2026-01-23,9223.32,2026-02-22
11924,950,2026-07-23,1689.81,2026-08-22
11925,306,2025-12-12,10015.21,2026-01-11
11926,28,2026-04-05,890.79,2026-05-05
11927,467,2026-08-24,3783.77,2026-09-23
11928,260,2025-11-03,9910.46,2025-12-03
11929,534,2026-02-05,1123.49,2026-03-07
11930,982,2026-02-09,25356.24,2026-03-26
11931,887,2025-09-18,10850.16,2025-11-17
11932,101,2026-04-04,2284.95,2026-05-04
11933,551,2026-07-16,16868.5,2026-08-15
11934,802,2025-10-19,1085.16,2025-11-18
11935,353,2025-10-26,2233.06,2025-12-25
11936,300,2026-08-13,1611.79,2026-09-12
11937,682,2025-10-28,1029.92,2025-11-27
11938,296,2026-02-02,3830.16,2026-03-19
11939,353,2025-10-25,5826.16,2025-12-24
11940,908,2026-08-07,5688.65,2026-10-06
11941,130,2025-09-19,5549.68,2025-10-19
11942,156,2026-01-29,5214.81,2026-03-15
11943,74,2026-08-25,1943.08,2026-09-24
11944,342,2025-12-17,3344.94,2026-01-16
11945,465,2025-10-17,553.61,2025-11-16
11946,90,2026-03-26,11858.96,2026-05-10
11947,579,2026-08-29,5393.13,2026-09-28
11948,455,2026-08-06,5280.9,2026-10-05
11949,748,2026-01-06,9327.48,2026-02-20
11950,712,2026-03-04,9877.06,2026-04-03
11951,980,2025-10-28,3745.27,2025-11-27
11952,332,2026-01-21,4553.68,2026-02-20
11953,739,2025-12-06,17502.54,2026-01-05
11954,977,2025-10-17,3130.54,2025-12-01
11955,348,2026-03-10,17378.21,2026-04-09
11956,233,2026-01-18,3777.92,2026-02-17
11957,778,2025-12-12,1086.39,2026-01-11
11958,598,2026-04-19,5371.21,2026-05-19
11959,102,2026-08-06,3754.65,2026-10-05
11960,953,2025-10-19,1700.34,2025-11-18
11961,481,2025-12-21,4686.23,2026-01-20
11962,214,2026-07-13,3390.7,2026-08-12
11963,108,2026-07-19,22388.05,2026-08-18
11964,165,2025-11-26,10850.69,2025-12-26
11965,973,2026-06-09,2317.3,2026-07-09
11966,603,2026-07-24,2765.52,2026-09-22
11967,704,2026-05-10,11132.88,2026-07-09
11968,335,2025-11-13,13189.9,2025-12-13
11969,86,2025-10-17,3830.32,2025-11-16
11970,734,2025-11-15,3403.17,2025-12-15
11971,875,2025-12-05,4516.38,2026-01-19
11972,424,2025-10-01,6305.52,2025-10-31
11973,613,2025-09-22,8934.78,2025-10-22
11974,738,2025-09-17,9312.44,2025-11-16
11975,364,2026-03-31,2148.85,2026-04-30
11976,60,2026-01-26,3749.68,2026-02-25
11977,482,2026-04-23,940.97,2026-05-23
11978,250,2026-08-20,4906.75,2026-09-19
11979,560,2026-07-02,1647.33,2026-08-01
11980,117,2025-11-26,2784.28,2025-12-26
11981,739,2025-10-08,12093.56,2025-11-07
11982,874,2025-10-23,6830.99,2025-12-07
11983,915,2025-09-28,6610.76,2025-10-28
11984,968,2025-11-16,5009.23,2025-12-16
11985,999,2026-03-19,15370.71,2026-04-18
11986,545,2026-02-20,3025.78,2026-03-22
11987,44,2026-06-01,5699.2,2026-07-16
11988,509,2025-10-20,5460.77,2025-11-19
11989,988,2026-08-11,3783.34,2026-09-10
11990,165,2026-02-24,27662.59,2026-03-26
11991,368,2026-06-28,1882.68,2026-07-28
11992,857,2026-04-15,1139.78,2026-05-15
11993,292,2026-01-05,5451.18,2026-02-04
11994,849,2026-08-15,3086.41,2026-09-14
11995,856,2025-09-21,780.61,2025-11-20
11996,917,2026-03-18,6753.94,2026-04-17
11997,898,2026-03-08,6067.0,2026-04-07
11998,799,2026-07-29,12271.35,2026-08-28
11999,876,2026-01-30,3204.7,2026-03-01
12000,737,2026-02-07,1130.0,2026-04-08
12001,286,2026-08-13,2360.27,2026-09-12
12002,204,2025-12-05,1074.61,2026-01-04
12003,684,2026-08-18,16557.56,2026-10-17
12004,524,2025-11-14,11179.47,2025-12-14
12005,819,2025-11-21,13958.73,2026-01-05
12006,121,2026-01-06,8521.63,2026-02-05
12007,945,2026-08-25,1630.85,2026-09-24
12008,756,2026-01-11,3619.06,2026-02-10
12009,664,2026-01-17,9425.66,2026-02-16
12010,664,2026-05-04,1283.94,2026-06-03
12011,188,2026-06-18,7113.89,2026-08-17
12012,907,2025-12-21,9319.27,2026-02-04
12013,13,2026-03-22,30570.02,2026-04-21
12014,603,2026-02-17,10738.84,2026-04-18
12015,200,2025-11-26,7311.86,2025-12-26
12016,586,2025-12-28,5115.18,2026-01-27
12017,768,2025-12-07,7721.7,2026-01-06
12018,456,2026-04-28,8148.43,2026-05-28
12019,448,2026-08-03,953.31,2026-09-02
12020,788,2026-01-16,5930.97,2026-02-15
12021,840,2025-11-21,602.71,2026-01-20
12022,841,2026-04-24,823.97,2026-05-24
12023,71,2026-01-14,5171.12,
12024,590,2026-06-09,7332.35,2026-07-09
12025,796,2025-09-03,1730.97,2025-10-03
12026,130,2025-10-29,11995.1,2025-11-28
12027,889,2025-12-25,16861.65,2026-01-24
12028,43,2026-01-09,9527.6,2026-02-08
12029,520,2026-03-20,4894.26,2026-05-04
12030,13,2026-06-19,6388.15,2026-07-19
12031,725,2026-08-08,5472.52,2026-09-07
12032,623,2025-12-07,5933.55,2026-01-21
12033,988,2026-04-04,2203.66,2026-05-04
12034,803,2026-01-02,3711.19,2026-02-16
12035,535,2025-11-12,5244.09,2025-12-12
12036,302,2026-01-08,6547.99,
12037,766,2025-09-27,8013.09,2025-10-27
12038,527,2026-02-12,2249.44,2026-04-13
12039,642,2025-11-07,4354.54,2025-12-07
12040,573,2025-09-14,4033.74,2025-10-14
12041,115,2025-12-07,23975.45,2026-02-05
12042,460,2026-06-06,6105.85,2026-07-06
12043,832,2026-05-05,8571.52,2026-06-04
12044,505,2025-12-21,11096.35,2026-01-20
12045,308,2026-03-26,9899.58,2026-04-25
12046,932,2026-08-18,981.96,2026-09-17
12047,963,2026-07-31,4335.58,2026-08-30
12048,325,2026-04-21,8600.59,2026-05-21
12049,579,2025-10-31,5548.66,2025-11-30
12050,761,2025-11-24,1316.6,2025-12-24
12051,175,2026-03-02,2169.93,2026-04-01
12052,851,2026-04-27,2457.57,2026-06-26
12053,514,2026-05-08,6501.44,2026-06-07
12054,172,2025-11-10,6030.04,2025-12-10
12055,997,2026-04-16,16920.19,2026-05-16
12056,960,2025-11-24,5050.73,2025-12-24
12057,502,2026-07-03,5884.31,2026-08-02
12058,977,2026-05-29,1715.77,2026-07-13
12059,334,2026-06-17,4413.97,2026-08-16
12060,284,2026-04-24,30819.45,2026-06-23
12061,475,2026-06-18,6574.03,2026-07-18
12062,54,2025-10-09,3194.81,2025-11-23
12063,458,2026-03-25,6971.74,2026-04-24
12064,579,2026-03-02,11507.43,2026-04-01
12065,420,2026-03-06,7445.97,2026-04-05
12066,614,2026-01-11,9725.03,2026-02-10
12067,632,2025-09-30,10771.38,2025-11-14
12068,703,2026-05-13,5668.27,2026-07-12
12069,409,2026-01-21,6505.73,2026-02-20
12070,982,2025-12-12,3098.24,2026-01-26
12071,304,2025-11-13,3070.56,2025-12-13
12072,935,2025-10-25,4688.16,2025-11-24
12073,559,2026-04-24,1733.12,2026-06-08
12074,222,2025-10-30,6716.25,2025-12-29
12075,533,2025-09-24,2644.3,2025-11-08
12076,158,2025-09-22,5769.44,2025-10-22
12077,348,2025-10-02,7562.71,2025-11-01
12078,159,2026-08-17,1743.78,2026-09-16
12079,889,2026-08-05,6941.3,2026-09-04
12080,884,2025-09-03,958.12,2025-10-18
12081,922,2025-11-09,8007.55,2025-12-09
12082,235,2026-02-07,8097.12,2026-03-09
12083,662,2025-11-27,8548.03,2025-12-27
12084,405,2026-08-31,6582.79,2026-10-30
12085,257,2025-10-29,3303.22,2025-11-28
12086,677,2026-05-10,3398.41,2026-06-09
12087,589,2026-04-07,3054.27,2026-05-07
12088,597,2026-03-20,11395.56,2026-04-19
12089,558,2025-11-16,19336.42,2025-12-31
12090,905,2026-05-13,5349.38,2026-06-12
12091,913,2026-05-05,2268.03,2026-06-04
12092,47,2026-05-28,4002.8,2026-07-12
12093,213,2026-07-04,10942.37,2026-08-18
12094,479,2026-01-17,7788.09,2026-02-16
12095,487,2025-11-17,5137.6,2025-12-17
12096,571,2025-11-19,4047.05,2025-12-19
12097,566,2025-09-10,1295.22,2025-10-10
12098,342,2026-08-02,4210.3,2026-09-01
12099,524,2026-01-02,3666.86,2026-02-01
12100,704,2026-03-05,3569.73,2026-05-04
12101,503,2025-10-04,6263.49,2025-11-03
12102,6,2025-12-30,20283.35,2026-02-13
12103,821,2025-11-19,5079.77,2025-12-19
12104,144,2026-03-25,8069.38,2026-04-24
12105,858,2025-10-23,4763.05,2025-12-07
12106,261,2026-02-03,4761.63,2026-03-05
12107,585,2026-06-01,12454.08,2026-07-01
12108,686,2026-08-24,6742.24,2026-10-08
12109,232,2026-01-13,9324.06,2026-02-12
12110,270,2025-12-07,13481.52,2026-01-06
12111,940,2026-04-29,6684.24,2026-05-29
12112,447,2025-10-15,6080.5,2025-11-14
12113,874,2026-03-18,9015.84,2026-05-02
12114,222,2026-06-18,-2975.33,2026-08-17
12115,52,2025-12-23,3016.4,2026-01-22
12116,116,2026-06-04,2724.9,2026-07-19
12117,538,2026-04-29,3376.91,2026-06-28
12118,565,2026-02-03,1934.62,2026-03-05
12119,877,2026-08-18,1328.86,2026-09-17
12120,541,2025-10-14,2590.89,2025-11-28
12121,19,2025-11-19,761.62,2025-12-19
12122,815,2026-07-09,6274.91,2026-09-07
12123,392,2026-01-16,5411.03,2026-02-15
12124,791,2026-01-29,9046.11,2026-03-15
12125,629,2026-04-30,2371.28,2026-05-30
12126,618,2026-01-21,7452.71,2026-02-20
12127,419,2026-07-08,2618.47,2026-08-07
12128,991,2026-06-26,9288.16,2026-07-26
12129,309,2025-10-20,1164.06,2025-11-19
12130,739,2026-05-20,4135.47,2026-06-19
12131,864,2026-02-08,3633.35,2026-03-10
12132,186,2025-11-01,9459.3,2025-12-01
12133,261,2025-10-25,9346.86,2025-11-24
12134,528,2025-10-01,13256.59,2025-10-31
12135,273,2026-07-27,998.04,2026-09-10
12136,160,2026-06-17,16550.35,2026-07-17
12137,870,2026-02-16,2384.39,2026-04-17
12138,762,2026-05-24,19607.63,2026-07-08
12139,224,2026-07-05,29618.67,2026-08-04
12140,256,2026-03-04,12965.61,2026-04-18
12141,180,2026-07-31,2518.35,2026-08-30
12142,20,2025-09-03,1847.54,2025-10-03
12143,624,2026-02-08,2844.07,2026-03-25
12144,632,2026-05-18,7891.64,2026-07-02
12145,706,2025-10-18,2135.67,2025-11-17
12146,468,2026-05-12,1130.54,2026-06-11
12147,623,2025-11-13,11873.62,2025-12-28
12148,210,2026-08-01,3093.02,2026-08-31
12149,513,2026-02-13,10392.22,2026-03-15
12150,58,2026-05-18,9269.75,2026-06-17
12151,93,2025-09-04,5856.41,2025-11-03
12152,221,2025-12-28,9785.73,2026-01-27
12153,723,2026-05-31,16347.16,2026-06-30
12154,940,2026-04-14,9214.58,2026-05-14
12155,232,2026-08-18,9414.41,2026-09-17
12156,774,2025-11-09,6817.91,2025-12-24
12157,364,2026-03-01,3535.98,2026-03-31
12158,615,2026-08-19,6398.58,2026-09-18
12159,562,2026-05-22,5910.34,2026-06-21
12160,374,2026-02-28,7394.62,2026-04-29
12161,622,2025-09-05,6529.38,2025-10-20
12162,456,2026-03-16,3467.99,2026-04-15
12163,88,2025-10-17,12440.92,2025-12-01
12164,20,2025-10-10,3279.29,2025-11-09
12165,14,2025-12-31,6853.82,2026-01-30
12166,133,2026-01-13,7549.41,2026-02-12
12167,937,2026-01-18,2158.65,2026-02-17
12168,808,2026-08-16,17442.31,2026-10-15
12169,34,2026-01-31,4838.61,2026-03-02
12170,892,2025-09-28,2258.08,2025-10-28
12171,208,2025-11-16,5001.46,2025-12-16
12172,813,2026-02-22,2292.95,2026-03-24
12173,199,2025-10-19,3143.93,2025-11-18
12174,592,2026-08-08,3095.13,2026-09-07
12175,583,2026-07-07,4485.15,2026-08-21
12176,155,2026-06-01,14898.4,2026-07-16
12177,590,2025-09-27,5444.09,2025-10-27
12178,78,2026-07-25,5702.87,2026-08-24
12179,172,2026-04-09,3413.83,2026-05-09
12180,289,2025-12-31,6272.02,2026-01-30
12181,545,2026-08-27,4869.39,2026-09-26
12182,812,2025-11-08,4675.78,2025-12-08
12183,788,2025-11-10,8802.99,2025-12-10
12184,879,2026-01-28,2354.28,2026-02-27
12185,420,2026-03-06,13771.8,2026-04-05
12186,7,2026-05-04,578.63,2026-06-03
12187,160,2026-03-15,4641.17,2026-04-14
12188,240,2025-10-02,14826.48,2025-11-01
12189,963,2025-12-18,13129.03,2026-01-17
12190,423,2026-08-19,5675.37,2026-09-18
12191,989,2025-09-01,2615.62,2025-10-01
12192,536,2026-03-01,4493.87,2026-04-15
12193,726,2026-02-21,39750.4,2026-03-23
12194,70,2026-02-16,-8814.94,2026-03-18
12195,880,2026-05-06,1282.74,2026-06-20
12196,216,2025-12-17,5342.9,2026-02-15
12197,104,2026-06-24,3097.37,2026-07-24
12198,727,2026-05-22,1810.3,2026-07-06
12199,54,2025-09-30,-7356.3,2025-11-14
12200,806,2026-06-29,2300.65,2026-07-29
12201,330,2026-08-27,17254.79,2026-09-26
12202,848,2026-08-18,14618.68,2026-09-17
12203,203,2026-07-14,2789.18,2026-08-13
12204,288,2026-04-13,2653.03,2026-05-13
12205,45,2025-11-28,8568.11,2025-12-28
12206,829,2026-04-22,11286.96,2026-06-21
12207,198,2026-02-15,4088.24,2026-03-17
12208,216,2026-04-19,10937.55,2026-06-18
12209,481,2026-01-04,18934.72,2026-02-03
12210,309,2025-10-31,-6510.16,2025-11-30
12211,896,2025-12-29,2195.09,2026-01-28
12212,435,2026-03-09,9373.18,2026-04-08
12213,332,2025-12-30,5606.82,
12214,696,2025-10-18,3865.9,2025-11-17
12215,27,2026-03-21,9123.07,2026-04-20
12216,166,2025-10-29,13132.49,
12217,318,2026-03-04,5802.26,2026-04-03
12218,274,2026-04-11,807.45,2026-05-11
12219,383,2025-09-11,5502.98,2025-10-26
12220,365,2026-06-08,5995.49,2026-07-08
12221,103,2026-03-08,39573.82,2026-04-07
12222,960,2026-06-29,5546.32,2026-07-29
12223,503,2026-07-07,4359.61,2026-08-06
12224,845,2026-04-25,8682.32,2026-06-09
12225,373,2025-10-04,3932.68,2025-12-03
12226,616,2026-08-06,2887.92,2026-09-05
12227,926,2026-01-13,1396.41,2026-02-12
12228,245,2025-11-01,3105.01,2025-12-01
12229,817,2026-07-10,1086.76,2026-08-09
12230,169,2026-04-15,6271.63,2026-05-30
12231,628,2025-12-02,5942.36,2026-01-01
12232,653,2025-12-25,8728.33,2026-01-24
12233,418,2026-07-29,2191.43,2026-08-28
12234,356,2026-01-11,1581.65,2026-02-10
12235,478,2026-07-29,25930.22,2026-09-27
12236,125,2026-06-20,4695.15,2026-07-20
12237,537,2026-03-12,8752.03,2026-04-11
12238,706,2025-09-30,5560.94,2025-10-30
12239,896,2026-06-25,9073.82,2026-07-25
12240,612,2025-10-31,6000.65,2025-12-15
12241,402,2026-07-01,2632.22,2026-08-15
12242,517,2026-08-06,7712.91,2026-09-05
12243,531,2026-08-15,6376.27,2026-09-14
12244,682,2026-07-21,1301.58,2026-08-20
12245,786,2026-06-29,6328.53,2026-07-29
12246,254,2025-09-28,3668.37,2025-10-28
12247,121,2025-11-16,2933.01,2025-12-16
12248,32,2025-12-30,10910.35,2026-01-29
12249,661,2025-09-03,4720.68,2025-10-03
12250,778,2025-10-07,4837.04,2025-11-06
12251,37,2026-01-25,5370.05,2026-03-11
12252,689,2025-12-01,4872.23,2025-12-31
12253,342,2026-08-05,4623.86,2026-09-04
12254,13,2026-05-31,16027.48,2026-06-30
12255,183,2025-11-26,2892.27,2025-12-26
12256,657,2025-10-10,1246.08,2025-11-09
12257,265,2026-02-25,5181.91,2026-03-27
12258,88,2026-07-26,2358.21,2026-09-09
12259,940,2026-06-12,2079.31,2026-07-12
12260,462,2025-10-12,4937.46,2025-11-26
12261,46,2026-06-12,6228.78,2026-07-12
12262,392,2025-11-05,4351.4,2025-12-05
12263,119,2026-01-02,3469.65,2026-02-01
12264,933,2026-01-23,4259.01,2026-02-22
12265,531,2025-12-29,4800.35,2026-01-28
12266,447,2025-12-18,4989.29,2026-01-17
12267,732,2025-12-01,1192.04,2025-12-31
12268,942,2026-07-05,10059.84,2026-08-04
12269,745,2025-10-30,1557.92,2025-12-29
12270,606,2026-08-16,2922.89,2026-09-30
12271,967,2026-04-15,1442.06,2026-05-15
12272,763,2026-04-28,5715.91,2026-05-28
12273,762,2026-03-31,2831.95,2026-05-15
12274,794,2025-12-07,4316.21,2026-01-21
12275,744,2025-09-14,2759.71,2025-11-13
12276,46,2026-04-06,2151.47,2026-05-06
12277,886,2026-02-17,671.29,2026-03-19
12278,508,2026-07-04,3115.2,2026-08-03
12279,558,2026-06-07,1899.08,2026-07-22
12280,971,2026-08-29,7576.93,2026-09-28
12281,526,2026-03-29,26421.05,2026-04-28
12282,597,2026-05-14,21614.81,2026-06-13
12283,831,2026-02-18,4685.79,2026-03-20
12284,840,2025-11-12,2655.31,2026-01-11
12285,3,2026-01-25,1050.81,2026-02-24
12286,28,2026-08-06,3576.64,2026-09-05
12287,381,2026-07-14,2410.2,2026-08-28
12288,157,2025-12-15,2772.14,2026-01-14
12289,855,2025-12-03,1354.86,2026-01-02
12290,914,2025-11-02,8772.63,2025-12-02
12291,931,2026-02-01,7514.38,2026-03-03
12292,511,2026-05-13,2403.82,2026-06-12
12293,333,2026-08-17,9915.72,2026-10-01
12294,844,2025-10-05,5244.24,2025-11-04
12295,687,2026-07-20,7641.68,2026-08-19
12296,114,2026-07-09,9288.02,2026-08-08
12297,389,2026-06-23,6695.46,2026-08-07
12298,487,2026-05-11,2593.35,2026-06-10
12299,843,2026-02-04,11575.4,2026-03-06
12300,250,2026-01-12,9277.86,2026-02-11
12301,571,2026-01-07,9386.98,2026-02-06
12302,715,2026-06-07,1726.31,2026-07-07
12303,315,2026-08-24,1546.32,2026-09-23
12304,239,2026-05-10,16772.07,2026-06-09
12305,234,2026-01-13,3001.05,2026-02-12
12306,303,2026-07-28,6118.92,2026-08-27
12307,607,2025-09-11,13125.2,2025-10-26
12308,991,2026-06-19,18463.82,2026-07-19
12309,653,2026-01-26,7914.91,2026-02-25
12310,334,2026-07-16,3292.85,2026-09-14
12311,113,2025-11-19,3975.39,2026-01-03
12312,621,2026-03-10,6726.11,2026-04-09
12313,362,2026-08-10,5750.85,2026-10-09
12314,857,2025-09-30,2819.74,2025-10-30
12315,801,2026-08-25,598.62,2026-09-24
12316,97,2026-04-17,2775.2,2026-05-17
12317,958,2025-11-23,4216.66,2025-12-23
12318,847,2026-01-28,4961.61,2026-02-27
12319,16,2026-08-27,19585.65,2026-09-26
12320,556,2026-03-08,11741.49,2026-04-22
12321,954,2025-09-21,3456.07,2025-10-21
12322,376,2025-10-07,7481.54,2025-11-06
12323,742,2026-05-04,593.22,2026-06-03
12324,390,2026-06-10,13333.98,2026-07-10
12325,620,2025-12-11,3361.37,2026-01-25
12326,217,2026-06-21,5807.69,2026-07-21
12327,399,2026-04-20,5120.7,2026-06-04
12328,260,2026-07-13,11363.69,2026-08-12
12329,824,2026-07-23,3782.92,2026-09-06
12330,320,2026-06-15,9657.62,2026-07-15
12331,196,2026-08-02,6693.74,2026-09-01
12332,478,2026-05-03,5515.16,2026-07-02
12333,418,2026-02-24,4585.82,2026-03-26
12334,475,2026-04-01,3326.55,2026-05-01
12335,607,2026-08-24,4378.83,2026-10-08
12336,568,2025-12-11,3682.61,2026-01-10
12337,544,2026-06-13,6990.06,2026-07-28
12338,231,2025-09-22,2017.52,2025-10-22
12339,884,2025-09-19,5296.81,2025-11-03
12340,521,2026-06-14,16817.37,2026-07-14
12341,703,2026-06-03,3516.65,2026-08-02
12342,873,2026-01-25,7099.98,2026-02-24
12343,200,2025-10-10,779.43,2025-11-09
12344,846,2026-02-14,1411.78,2026-03-31
12345,673,2025-11-30,4495.31,2025-12-30
12346,599,2025-11-11,4707.73,2025-12-11
12347,21,2026-08-31,5168.14,2026-10-15
12348,311,2026-06-10,28848.94,2026-07-10
12349,588,2026-08-01,3136.49,2026-08-31
12350,953,2026-01-18,5349.31,2026-02-17
12351,898,2026-04-27,2818.86,2026-05-27
12352,653,2025-11-17,9015.56,2025-12-17
12353,638,2026-03-18,1992.02,2026-05-17
12354,763,2025-09-17,2858.32,2025-10-17
12355,900,2026-04-06,2430.9,2026-05-06
12356,596,2026-04-17,9663.92,2026-06-16
12357,434,2026-08-06,5530.22,2026-09-05
12358,371,2026-01-16,6272.87,2026-02-15
12359,560,2026-01-25,4281.5,2026-02-24
12360,891,2026-03-29,13155.63,2026-05-13
12361,78,2026-02-05,4417.15,2026-03-07
12362,542,2026-01-31,24087.47,2026-03-02
12363,285,2026-08-10,13804.49,2026-09-09
12364,648,2026-07-27,1535.36,2026-08-26
12365,140,2026-08-24,8333.35,2026-09-23
12366,553,2026-08-18,13786.54,2026-09-17
12367,998,2026-02-10,3608.35,2026-04-11
12368,282,2026-07-04,6949.04,2026-08-18
12369,562,2025-12-10,1532.83,2026-01-09
12370,258,2026-07-24,2253.82,2026-09-22
12371,823,2026-07-24,4088.3,2026-09-07
12372,360,2026-02-02,1691.93,2026-03-04
12373,440,2025-09-10,5225.72,2025-10-25
12374,270,2026-08-19,8412.71,2026-09-18
12375,134,2026-03-02,2402.97,2026-05-01
12376,746,2026-01-12,1710.9,2026-02-11
12377,640,2025-09-06,1413.89,2025-11-05
12378,104,2026-07-30,13188.79,2026-08-29
12379,766,2026-07-30,1240.84,2026-08-29
12380,95,2026-05-16,6334.9,2026-06-15
12381,849,2026-03-30,14212.83,2026-04-29
12382,729,2025-10-21,2286.59,2025-11-20
12383,573,2026-01-25,2545.35,2026-02-24
12384,480,2026-01-06,5754.48,2026-02-05
12385,780,2026-05-16,6061.6,2026-06-15
12386,241,2025-10-21,3355.85,2025-11-20
12387,13,2026-02-01,3942.44,2026-03-03
12388,147,2025-11-09,5376.94,2025-12-09
12389,940,2026-06-03,3618.95,2026-07-03
12390,752,2026-06-06,3717.7,2026-07-06
12391,601,2026-07-07,23649.83,2026-08-21
12392,95,2026-01-12,11247.9,2026-02-11
12393,827,2026-04-08,11977.35,2026-06-07
12394,293,2026-02-10,3806.07,2026-03-12
12395,25,2026-01-14,-1264.19,2026-02-13
12396,272,2025-10-27,36245.26,2025-11-26
12397,505,2026-02-24,3052.65,2026-03-26
12398,166,2025-12-24,6403.58,2026-01-23
12399,939,2026-01-27,9359.66,2026-03-28
12400,762,2026-04-29,3142.65,2026-06-13
12401,87,2026-01-01,10284.29,2026-03-02
12402,654,2026-06-19,5036.18,2026-07-19
12403,646,2026-07-24,4049.6,2026-08-23
12404,985,2025-11-08,3141.57,2025-12-08
12405,791,2026-07-11,2252.78,2026-08-25
12406,638,2025-11-02,1126.58,2026-01-01
12407,828,2026-04-09,47487.02,
12408,491,2025-09-16,16043.6,2025-10-31
12409,908,2025-11-17,5429.19,2026-01-16
12410,141,2025-12-31,17417.09,2026-01-30
12411,868,2026-05-16,15686.52,2026-06-30
12412,103,2026-04-05,8058.04,2026-05-05
12413,226,2025-12-23,3794.07,2026-02-06
12414,902,2026-01-24,11807.7,2026-02-23
12415,575,2026-04-25,10343.18,2026-05-25
12416,294,2025-11-25,9415.64,
12417,896,2026-02-14,3817.76,2026-03-16
12418,306,2026-01-07,6770.61,2026-02-06
12419,254,2026-02-12,6222.45,2026-03-14
12420,180,2026-06-04,3687.19,2026-07-04
12421,40,2026-05-15,6722.21,2026-06-14
12422,776,2026-01-10,13621.69,2026-02-24
12423,701,2025-10-28,16943.54,2025-11-27
12424,520,2026-05-15,7455.81,2026-06-29
12425,616,2026-01-19,4378.08,2026-02-18
12426,737,2026-02-21,9906.67,2026-04-22
12427,546,2026-02-22,2488.73,2026-03-24
12428,236,2026-03-28,3697.87,2026-04-27
12429,463,2026-03-23,13867.81,2026-05-07
12430,228,2025-09-07,22350.57,2025-10-22
12431,700,2025-10-21,12445.57,2025-12-20
12432,825,2026-05-17,4684.05,2026-06-16
12433,483,2026-02-25,867.36,2026-04-11
12434,430,2025-10-01,9361.62,2025-10-31
12435,22,2026-08-22,7601.76,2026-10-06
12436,343,2026-07-15,7778.84,2026-08-14
12437,40,2026-02-01,1587.56,2026-03-03
12438,173,2026-08-30,3838.0,2026-09-29
12439,439,2025-10-25,22235.24,2025-11-24
12440,179,2026-02-03,2204.14,2026-03-05
12441,598,2025-10-14,7941.79,2025-11-13
12442,133,2025-11-20,2957.86,2025-12-20
12443,351,2026-02-13,7503.89,2026-03-15
12444,525,2025-09-30,4264.25,2025-11-29
12445,540,2026-07-19,13126.53,2026-09-17
12446,506,2026-01-14,5167.79,2026-02-13
12447,84,2025-09-14,11080.64,2025-10-14
12448,993,2026-08-23,27070.49,2026-10-22
12449,464,2025-12-15,11004.56,2026-01-14
12450,830,2026-08-25,7930.33,2026-10-09
12451,861,2026-07-15,12620.03,2026-08-29
12452,343,2025-11-14,7842.45,2025-12-14
12453,280,2025-11-18,3074.2,2025-12-18
12454,866,2026-03-13,2541.44,2026-04-27
12455,263,2026-08-29,8684.61,2026-09-28
12456,166,2025-12-05,3031.92,2026-01-04
12457,293,2025-10-10,2805.47,2025-11-09
12458,509,2026-05-14,4292.86,2026-06-13
12459,580,2025-12-16,1256.78,2026-01-15
12460,226,2025-09-17,2963.38,2025-11-01
12461,170,2025-09-15,2775.89,2025-10-15
12462,598,2026-05-30,35837.99,2026-06-29
12463,645,2025-09-13,9118.7,2025-10-13
12464,448,2026-05-05,3569.24,2026-06-04
12465,690,2026-04-02,2707.27,2026-06-01
12466,855,2026-01-29,711.12,2026-02-28
12467,502,2026-06-19,1549.16,2026-07-19
12468,764,2025-10-13,1324.91,2025-12-12
12469,527,2025-12-23,2288.94,2026-02-21
12470,735,2026-07-27,4958.77,2026-08-26
12471,379,2025-11-20,4302.36,2026-01-04
12472,201,2026-08-16,-2447.5,2026-09-15
12473,619,2026-01-19,4800.48,2026-03-20
12474,250,2025-09-30,1588.71,2025-10-30
12475,949,2025-09-30,7133.35,2025-10-30
12476,409,2026-05-24,9212.98,2026-06-23
12477,601,2025-12-08,7416.79,2026-01-22
12478,125,2025-12-03,11995.96,2026-01-02
12479,113,2026-03-30,1485.21,2026-05-14
12480,981,2026-06-22,5161.69,2026-08-21
12481,137,2025-10-07,2333.13,2025-11-06
12482,759,2025-11-28,1989.69,2025-12-28
12483,496,2026-05-13,1612.44,2026-06-12
12484,678,2026-04-02,36313.6,2026-05-02
12485,150,2025-09-14,10365.58,2025-10-14
12486,875,2026-03-11,18310.09,2026-04-25
12487,343,2026-06-22,6630.28,2026-07-22
12488,945,2026-03-01,2578.31,2026-03-31
12489,580,2026-01-08,8558.55,2026-02-07
12490,733,2026-04-12,32576.72,2026-05-12
12491,783,2025-10-13,7607.8,2025-11-27
12492,321,2026-02-28,4569.45,2026-03-30
12493,822,2026-02-16,6213.42,2026-03-18
12494,926,2026-05-22,12204.09,2026-06-21
12495,861,2025-12-05,4936.2,2026-01-19
12496,532,2026-03-22,4554.16,2026-04-21
12497,289,2026-07-18,2907.65,2026-08-17
12498,489,2026-08-01,6640.68,2026-08-31
12499,492,2025-11-07,1811.5,2025-12-22
12500,612,2025-12-01,3675.41,2026-01-15
12501,252,2026-05-24,4511.61,2026-06-23
12502,982,2026-07-28,2141.37,2026-09-11
12503,77,2026-02-25,4910.6,2026-04-11
12504,647,2026-01-29,10721.03,2026-03-15
12505,392,2026-07-14,15956.29,2026-08-13
12506,412,2025-10-17,4137.51,2025-11-16
12507,173,2025-09-03,3474.4,2025-10-03
12508,875,2025-12-12,4058.15,2026-01-26
12509,201,2026-05-31,8248.36,2026-06-30
12510,217,2025-09-22,3035.46,2025-10-22
12511,376,2025-12-25,3031.93,2026-01-24
12512,720,2026-08-13,6210.64,2026-09-12
12513,586,2025-12-13,7572.16,2026-01-12
12514,11,2026-05-17,5871.66,2026-07-16
12515,799,2026-07-05,5521.17,2026-08-04
12516,768,2026-06-25,3393.57,2026-07-25
12517,12,2026-01-08,5082.04,2026-02-07
12518,892,2026-06-22,742.89,2026-07-22
12519,991,2026-06-29,17275.02,2026-07-29
12520,590,2025-10-18,5687.86,2025-11-17
12521,435,2025-09-27,26913.18,2025-10-27
12522,684,2025-09-15,14017.98,2025-11-14
12523,608,2026-05-21,2604.81,2026-06-20
12524,818,2026-08-31,3736.53,2026-10-15
12525,373,2026-06-25,2070.24,2026-08-24
12526,273,2026-05-23,2926.41,2026-07-07
12527,931,2026-08-27,1430.99,2026-09-26
12528,897,2026-01-12,2388.21,2026-02-26
12529,925,2025-11-15,2184.43,2025-12-15
12530,691,2025-09-30,10121.5,2025-11-29
12531,576,2026-08-06,1367.51,2026-09-20
12532,509,2026-01-04,29670.02,2026-02-03
12533,132,2025-11-23,3865.27,2026-01-07
12534,855,2025-10-24,14689.53,2025-11-23
12535,924,2026-06-10,2311.96,2026-07-10
12536,784,2026-08-06,9318.1,2026-09-05
12537,319,2026-05-21,1544.47,2026-06-20
12538,844,2026-08-26,1537.56,2026-09-25
12539,949,2026-04-10,12001.51,2026-05-10
12540,853,2026-07-25,4535.33,2026-08-24
12541,621,2025-09-02,4266.78,2025-10-02
12542,785,2026-07-03,2240.76,2026-08-02
12543,168,2026-01-24,2490.42,2026-02-23
12544,397,2025-09-18,1394.63,2025-10-18
12545,180,2025-09-16,3289.69,2025-10-16
12546,58,2026-07-05,6137.5,2026-08-04
12547,480,2026-02-06,5327.18,2026-03-08
12548,933,2026-08-06,5372.25,2026-09-05
12549,591,2026-08-18,967.55,2026-09-17
12550,460,2026-06-25,5852.2,2026-07-25
12551,61,2026-03-28,3874.32,2026-05-12
12552,369,2026-03-24,2666.18,2026-04-23
12553,121,2025-12-22,1861.42,2026-01-21
12554,719,2026-02-25,8504.5,2026-03-27
12555,546,2026-03-28,912.62,2026-04-27
12556,582,2026-01-02,1864.01,2026-02-01
12557,17,2025-09-15,5624.56,2025-10-15
12558,496,2026-08-12,3314.01,2026-09-11
12559,497,2026-06-25,6766.57,2026-08-09
12560,505,2025-10-15,5400.72,2025-11-14
12561,532,2025-12-03,2903.91,2026-01-02
12562,969,2025-12-16,1290.72,2026-02-14
12563,315,2026-06-05,9133.57,2026-07-05
12564,69,2026-01-06,4354.09,2026-02-05
12565,727,2025-10-08,1745.72,2025-11-22
12566,161,2025-12-06,932.37,2026-01-05
12567,614,2026-03-17,6523.85,2026-04-16
12568,888,2026-03-11,3007.68,2026-04-10
12569,718,2026-08-23,1999.58,2026-09-22
12570,145,2025-09-07,12831.39,2025-11-06
12571,569,2025-10-14,1115.68,2025-11-13
12572,595,2026-07-29,4094.35,2026-08-28
12573,993,2025-09-07,8928.15,2025-11-06
12574,385,2026-03-13,7391.46,2026-04-12
12575,269,2026-07-13,1762.39,2026-08-12
12576,923,2025-09-01,14343.6,2025-10-01
12577,454,2025-11-01,15569.89,2025-12-16
12578,699,2026-08-09,11347.21,2026-09-08
12579,518,2025-11-28,2499.53,2025-12-28
12580,865,2025-09-18,4175.31,2025-11-17
12581,350,2025-12-17,13679.41,2026-01-16
12582,110,2026-01-13,7132.99,2026-02-12
12583,483,2026-07-07,3000.79,2026-08-21
12584,407,2025-11-06,4217.5,2025-12-06
12585,650,2025-12-02,1476.43,2026-01-16
12586,51,2026-01-16,12538.48,2026-03-02
12587,403,2026-03-08,4608.48,2026-04-22
12588,563,2025-10-29,20162.66,2025-12-13
12589,476,2026-03-06,1160.28,2026-04-05
12590,87,2026-04-23,2298.45,2026-06-22
12591,68,2025-11-08,4793.17,2025-12-08
12592,596,2025-12-07,30524.17,2026-02-05
12593,979,2025-09-08,5320.57,2025-10-08
12594,42,2026-07-08,2722.63,2026-08-22
12595,731,2026-01-12,5071.61,2026-02-11
12596,57,2025-10-26,2911.82,2025-11-25
12597,738,2026-08-26,10659.93,2026-10-25
12598,196,2025-12-23,9959.37,2026-01-22
12599,760,2025-11-27,18131.27,2025-12-27
12600,678,2026-01-16,1344.09,2026-02-15
12601,62,2025-12-17,1179.85,2026-01-16
12602,263,2025-09-23,4149.98,2025-10-23
12603,112,2026-01-22,9603.16,2026-03-08
12604,765,2026-08-23,11349.19,2026-09-22
12605,711,2026-01-22,6058.69,2026-03-08
12606,178,2025-10-26,9589.52,2025-12-10
12607,948,2025-12-17,16800.8,2026-01-16
12608,26,2026-08-17,2662.4,2026-10-16
12609,410,2025-09-06,16169.39,2025-10-21
12610,758,2025-09-30,16568.4,2025-10-30
12611,531,2026-07-04,3215.13,2026-08-03
12612,777,2026-08-28,2339.92,2026-09-27
12613,317,2026-08-11,9167.94,2026-10-10
12614,532,2026-01-05,24580.83,2026-02-04
12615,106,2026-06-29,2544.33,2026-08-13
12616,749,2025-12-30,23235.85,2026-01-29
12617,818,2025-12-08,2318.82,2026-01-22
12618,464,2026-02-13,4193.23,2026-03-15
12619,246,2026-07-22,2025.61,2026-09-20
12620,81,2026-07-16,7057.13,2026-08-15
12621,662,2026-04-29,5573.16,2026-05-29
12622,909,2025-10-20,5202.68,2025-11-19
12623,396,2026-05-26,3026.15,2026-06-25
12624,522,2026-07-22,3552.41,2026-09-05
12625,833,2025-11-12,4741.04,2025-12-12
12626,736,2026-06-27,4057.64,2026-07-27
12627,926,2025-10-22,4832.13,2025-11-21
12628,264,2026-05-23,1510.17,2026-06-22
12629,661,2026-04-15,894.71,2026-05-15
12630,790,2026-03-12,6599.64,2026-04-26
12631,274,2026-04-27,6774.15,2026-05-27
12632,706,2025-09-10,6030.99,2025-10-10
12633,944,2026-06-29,7626.63,2026-07-29
12634,172,2026-08-25,3480.82,2026-09-24
12635,265,2026-04-16,3773.79,2026-05-16
12636,963,2026-06-20,3410.81,2026-07-20
12637,822,2025-10-22,1175.09,2025-11-21
12638,26,2026-04-28,7918.87,2026-06-27
12639,469,2025-12-08,9371.86,2026-01-07
12640,862,2025-11-20,10537.3,2025-12-20
12641,476,2025-09-13,3899.35,2025-10-13
12642,356,2026-08-23,2816.27,2026-09-22
12643,26,2026-01-06,3431.62,2026-03-07
12644,34,2026-07-01,3310.29,2026-07-31
12645,264,2025-09-11,1006.69,2025-10-11
12646,138,2025-11-20,6341.73,2026-01-04
12647,816,2026-05-19,9819.48,2026-06-18
12648,695,2025-09-06,5946.08,2025-10-06
12649,875,2026-04-10,5091.01,2026-05-25
12650,754,2026-06-25,3027.19,2026-07-25
12651,566,2025-11-20,9198.67,2025-12-20
12652,462,2025-09-03,4661.33,2025-10-18
12653,168,2025-10-30,1885.99,2025-11-29
12654,631,2026-04-09,14410.79,2026-05-09
12655,655,2026-08-15,8387.79,2026-09-14
12656,81,2025-10-19,18790.84,2025-11-18
12657,757,2026-04-16,12675.69,2026-05-16
12658,914,2026-06-17,3037.49,2026-07-17
12659,864,2026-06-20,3980.34,2026-07-20
12660,870,2026-06-25,11230.95,2026-08-24
12661,407,2026-03-12,1952.71,2026-04-11
12662,574,2026-05-15,18805.56,2026-06-29
12663,46,2025-12-12,6497.49,2026-01-11
12664,599,2026-01-24,9696.88,2026-02-23
12665,611,2026-06-17,6474.2,2026-07-17
12666,807,2026-05-15,5218.18,2026-06-14
12667,911,2026-07-06,3963.61,2026-08-05
12668,53,2026-06-05,4447.02,2026-07-05
12669,984,2026-03-08,590.28,2026-04-07
12670,704,2026-02-25,7843.19,
12671,959,2025-09-16,28571.92,2025-10-16
12672,476,2025-11-25,2575.61,2025-12-25
12673,592,2026-05-06,1544.87,2026-06-05
12674,16,2026-04-05,17539.43,2026-05-05
12675,360,2025-10-12,6763.29,2025-11-11
12676,487,2026-03-13,10310.55,2026-04-12
12677,838,2026-07-24,7478.84,2026-09-07
12678,706,2026-02-10,2381.11,2026-03-12
12679,502,2026-06-03,10345.2,2026-07-03
12680,141,2026-08-30,3370.45,2026-09-29
12681,620,2026-01-08,2582.24,2026-02-22
12682,815,2026-05-21,8332.67,2026-07-20
12683,777,2026-02-24,5741.14,2026-03-26
12684,447,2026-05-23,6958.37,2026-06-22
12685,290,2025-09-27,6762.62,2025-11-11
12686,209,2025-11-24,9715.06,2025-12-24
12687,475,2026-03-15,14108.93,2026-04-14
12688,413,2026-07-13,5921.97,2026-08-27
12689,677,2026-05-01,15880.89,2026-05-31
12690,427,2026-08-08,12364.02,2026-09-07
12691,854,2026-02-24,9036.39,2026-04-10
12692,371,2026-01-08,3157.03,2026-02-07
12693,832,2026-01-23,10948.49,2026-02-22
12694,664,2025-11-22,7039.22,2025-12-22
12695,967,2026-08-26,1708.44,2026-09-25
12696,290,2025-11-27,1938.73,2026-01-11
12697,432,2025-09-20,1891.67,
12698,268,2026-04-18,1924.97,2026-05-18
12699,151,2026-01-04,2081.16,2026-02-03
12700,719,2026-08-20,9763.55,2026-09-19
12701,255,2025-10-21,5339.68,2025-12-05
12702,353,2025-11-27,10131.96,2026-01-26
12703,377,2026-02-17,2041.0,2026-04-03
12704,653,2025-11-02,1456.39,2025-12-02
12705,855,2025-11-28,2506.52,2025-12-28
12706,358,2026-03-08,8703.91,2026-04-07
12707,608,2026-03-09,9096.86,2026-04-08
12708,941,2025-11-28,4169.35,2025-12-28
12709,370,2026-08-14,6471.33,2026-09-13
12710,227,2026-07-29,3333.96,2026-09-27
12711,705,2025-09-26,2798.06,2025-11-25
12712,303,2026-02-23,6872.73,2026-03-25
12713,826,2026-08-30,8497.3,2026-09-29
12714,389,2026-05-22,20943.81,2026-07-06
12715,377,2025-10-12,2249.49,2025-11-26
12716,973,2025-12-28,2035.64,2026-01-27
12717,118,2026-02-16,3364.15,2026-04-02
12718,5,2025-12-17,-8166.14,2026-01-16
12719,444,2026-01-25,24919.58,2026-03-11
12720,352,2026-02-23,5599.96,2026-03-25
12721,755,2026-03-08,2508.66,2026-05-07
12722,533,2026-02-07,2010.1,
12723,664,2026-06-29,3137.65,2026-07-29
12724,640,2026-08-14,6007.1,2026-10-13
12725,124,2025-11-13,8841.96,2025-12-13
12726,658,2026-08-18,5955.42,2026-09-17
12727,277,2025-09-18,2811.06,2025-10-18
12728,822,2026-01-18,1756.09,2026-02-17
12729,394,2025-12-24,8449.38,
12730,664,2026-07-25,3218.42,2026-08-24
12731,360,2026-04-13,3438.83,2026-05-13
12732,623,2025-10-16,2221.6,2025-11-30
12733,469,2025-10-08,1442.14,2025-11-07
12734,985,2026-03-25,18641.36,2026-04-24
12735,628,2025-09-09,2952.19,2025-10-09
12736,700,2026-05-11,1038.67,2026-07-10
12737,57,2025-12-17,5696.11,2026-01-16
12738,251,2025-12-07,4440.77,2026-01-06
12739,896,2026-06-02,1117.65,2026-07-02
12740,919,2025-11-10,12454.59,2025-12-10
12741,150,2025-10-09,8493.44,2025-11-08
12742,452,2026-06-25,9810.43,2026-07-25
12743,162,2025-11-29,6194.63,2026-01-13
12744,120,2026-04-07,1762.36,2026-05-22
12745,582,2025-12-16,4757.15,2026-01-15
12746,924,2025-12-05,3403.44,2026-01-04
12747,351,2025-10-02,2972.32,2025-11-01
12748,99,2026-01-04,18514.39,2026-02-18
12749,167,2026-01-25,2262.39,2026-02-24
12750,810,2026-06-07,3451.88,2026-07-07
12751,663,2025-09-24,5153.27,2025-10-24
12752,838,2026-03-28,6851.93,2026-05-12
12753,976,2025-12-29,19361.19,2026-01-28
12754,514,2026-06-01,4386.91,2026-07-01
12755,664,2026-01-18,6310.22,2026-02-17
12756,401,2026-06-24,1907.9,2026-07-24
12757,365,2026-08-09,7923.61,2026-09-08
12758,577,2025-11-21,23518.89,2025-12-21
12759,326,2026-03-27,3552.03,2026-04-26
12760,581,2025-10-03,9505.4,2025-11-02
12761,633,2025-09-24,1617.88,2025-10-24
12762,621,2025-10-31,3794.01,2025-11-30
12763,828,2026-07-08,3949.07,2026-08-22
12764,247,2026-03-08,6626.67,2026-04-07
12765,434,2025-11-23,4471.61,2025-12-23
12766,93,2026-04-13,12339.73,2026-06-12
12767,268,2026-02-15,3315.15,2026-03-17
12768,615,2026-03-05,8972.08,2026-04-04
12769,943,2025-11-11,5689.28,2026-01-10
12770,963,2025-11-13,2109.48,2025-12-13
12771,624,2026-08-07,840.88,2026-09-21
12772,321,2026-01-31,5622.44,2026-03-02
12773,923,2025-12-05,2891.49,2026-01-04
12774,816,2025-10-23,6231.97,2025-11-22
12775,856,2026-02-21,1823.95,2026-04-22
12776,62,2025-12-19,7661.93,2026-01-18
12777,300,2026-07-13,17535.35,2026-08-12
12778,403,2025-10-21,4128.55,2025-12-05
12779,955,2026-05-11,1012.66,2026-06-10
12780,648,2025-11-12,4782.06,2025-12-12
12781,567,2026-03-31,2827.59,2026-04-30
12782,620,2026-03-31,2343.13,2026-05-15
12783,303,2026-05-09,4228.13,2026-06-08
12784,770,2026-02-15,11097.81,2026-03-17
12785,253,2026-05-21,3151.64,2026-07-20
12786,734,2026-07-28,8735.35,2026-08-27
12787,478,2026-04-18,4207.88,2026-06-17
12788,369,2026-04-27,4650.66,2026-05-27
12789,679,2026-06-02,11975.86,2026-07-02
12790,941,2026-01-21,3997.69,2026-02-20
12791,160,2025-11-09,9228.72,2025-12-09
12792,961,2026-07-09,4168.46,2026-09-07
12793,166,2026-02-21,7823.46,2026-03-23
12794,205,2026-08-02,4043.16,2026-09-01
12795,267,2025-12-18,5733.78,2026-01-17
12796,138,2026-03-22,6142.26,2026-05-06
12797,368,2026-03-04,8584.88,2026-04-03
12798,443,2026-06-18,7339.63,2026-08-02
12799,858,2026-07-25,2544.66,2026-09-08
12800,760,2025-12-01,21446.41,2025-12-31
12801,567,2026-05-17,5105.8,2026-06-16
12802,916,2026-07-19,10399.97,2026-08-18
12803,721,2026-03-25,738.95,
12804,17,2025-10-22,9508.18,2025-11-21
12805,68,2026-08-15,9222.86,2026-09-14
12806,133,2026-02-28,6029.15,2026-03-30
12807,700,2026-06-30,822.16,2026-08-29
12808,919,2025-09-03,2805.8,2025-10-03
12809,430,2025-11-23,2204.37,2025-12-23
12810,308,2026-04-02,12676.18,2026-05-02
12811,650,2025-10-04,1909.3,2025-11-18
12812,174,2025-10-20,7789.4,2025-11-19
12813,412,2026-06-16,3965.93,2026-07-16
12814,97,2026-07-26,11891.2,2026-08-25
12815,683,2026-05-17,6004.83,2026-07-01
12816,154,2026-05-16,2983.32,2026-06-15
12817,695,2026-05-30,-2690.92,2026-06-29
12818,242,2026-03-01,3511.64,2026-04-15
12819,304,2025-10-03,421.41,2025-11-02
12820,285,2026-05-23,20611.65,2026-06-22
12821,27,2026-07-10,14304.18,2026-08-09
12822,402,2025-10-10,5279.63,2025-11-24
12823,360,2026-07-05,10602.95,2026-08-04
12824,60,2026-03-29,4857.07,2026-04-28
12825,202,2026-05-30,7088.61,2026-07-14
12826,762,2026-01-14,11011.73,2026-02-28
12827,874,2025-11-26,4131.65,2026-01-10
12828,581,2025-10-30,9286.93,2025-11-29
12829,970,2026-02-11,1187.76,2026-03-13
12830,370,2025-09-03,5936.36,2025-10-03
12831,533,2025-09-15,4942.72,2025-10-30
12832,152,2025-12-11,3808.79,2026-01-10
12833,102,2026-05-13,4237.93,2026-07-12
12834,899,2026-04-13,4120.17,2026-05-13
12835,1000,2026-03-29,12131.88,2026-04-28
12836,607,2025-09-23,4772.42,2025-11-07
12837,446,2026-04-23,47773.94,2026-05-23
12838,873,2026-01-09,2358.03,2026-02-08
12839,229,2026-02-05,7792.8,2026-03-07
12840,125,2026-02-20,10229.98,2026-03-22
12841,770,2025-09-17,3661.13,2025-10-17
12842,834,2026-07-11,1893.87,2026-08-10
12843,999,2026-03-04,3484.12,2026-04-03
12844,881,2026-07-31,1737.75,2026-09-29
12845,938,2026-03-03,2587.29,2026-04-02
12846,236,2026-01-21,6815.21,2026-02-20
12847,162,2025-10-14,39704.38,2025-11-28
12848,554,2025-09-12,20043.22,2025-10-12
12849,788,2025-09-08,3074.12,2025-10-08
12850,353,2025-11-19,10654.35,2026-01-18
12851,68,2026-06-24,3737.97,2026-07-24
12852,173,2026-02-09,2492.78,2026-03-11
12853,843,2026-06-29,4679.87,2026-07-29
12854,637,2026-04-04,868.41,2026-05-19
12855,682,2026-05-06,1303.27,2026-06-05
12856,559,2025-09-29,10380.12,2025-11-13
12857,261,2026-05-30,14888.38,2026-06-29
12858,217,2026-01-11,682.1,2026-02-10
12859,817,2025-09-05,16043.71,2025-10-05
12860,124,2026-05-02,12633.26,2026-06-01
12861,805,2025-09-30,3783.06,2025-10-30
12862,162,2025-12-26,7195.32,2026-02-09
12863,201,2026-02-25,21397.37,2026-03-27
12864,454,2026-05-19,13332.62,2026-07-03
12865,402,2026-04-23,7423.91,2026-06-07
12866,462,2026-01-19,3011.53,2026-03-05
12867,275,2026-07-02,3601.43,2026-08-01
12868,206,2026-08-11,8748.52,2026-10-10
12869,40,2025-10-20,7712.88,2025-11-19
12870,273,2026-05-28,12666.58,2026-07-12
12871,700,2025-12-17,1573.94,2026-02-15
12872,867,2025-10-16,7137.8,2025-11-30
12873,93,2025-11-21,8889.46,2026-01-20
12874,42,2026-01-04,4119.28,2026-02-18
12875,465,2025-11-23,33617.39,2025-12-23
12876,379,2026-06-17,2503.59,2026-08-01
12877,107,2025-11-10,4780.18,2026-01-09
12878,328,2026-02-22,8972.76,2026-03-24
12879,65,2026-07-13,9976.55,2026-08-27
12880,365,2026-07-27,4108.85,2026-08-26
12881,821,2026-08-03,4102.87,2026-09-02
12882,484,2026-08-20,8744.38,2026-09-19
12883,647,2025-11-30,7249.06,2026-01-14
12884,901,2026-08-17,5382.32,2026-10-01
12885,24,2026-05-07,1129.19,2026-07-06
12886,540,2026-01-10,5627.22,2026-03-11
12887,62,2026-02-16,18204.24,2026-03-18
12888,491,2025-10-30,8012.43,2025-12-14
12889,273,2026-08-03,2688.12,2026-09-17
12890,229,2026-04-29,1556.55,2026-05-29
12891,20,2026-03-09,10766.7,2026-04-08
12892,3,2026-08-06,3461.23,2026-09-05
12893,421,2026-06-08,14550.53,2026-07-23
12894,730,2026-04-20,14286.39,2026-05-20
12895,911,2026-06-16,4439.04,2026-07-16
12896,307,2026-06-02,6484.8,2026-07-02
12897,432,2026-07-10,7165.86,2026-08-09
12898,136,2025-09-15,1914.18,2025-10-15
12899,909,2025-10-11,19582.62,2025-11-10
12900,944,2026-03-27,7453.28,2026-04-26
12901,515,2025-10-30,5651.19,2025-12-14
12902,193,2026-08-31,11008.05,2026-09-30
12903,585,2026-04-28,6381.85,2026-05-28
12904,415,2025-12-05,2094.4,2026-01-04
12905,873,2026-06-05,2624.82,2026-07-05
12906,118,2026-02-07,898.43,2026-03-24
12907,666,2026-06-09,5271.39,2026-07-09
12908,209,2026-03-28,7779.04,2026-04-27
12909,952,2026-01-11,4303.56,2026-02-10
12910,34,2025-12-06,1983.59,2026-01-05
12911,649,2026-04-07,3364.85,2026-05-07
12912,318,2025-11-10,3722.41,2025-12-10
12913,120,2026-06-01,10007.58,2026-07-16
12914,627,2026-08-17,15719.39,2026-09-16
12915,525,2026-01-12,560.09,2026-03-13
12916,581,2025-11-05,4694.45,2025-12-05
12917,937,2026-01-05,3083.77,2026-02-04
12918,845,2026-03-24,4058.82,2026-05-08
12919,769,2026-06-25,9807.05,2026-08-09
12920,89,2025-12-26,3352.92,2026-02-09
12921,512,2026-05-25,8644.98,2026-07-09
12922,47,2026-06-09,24594.69,2026-07-24
12923,772,2026-01-27,3487.72,2026-03-13
12924,740,2026-03-13,4203.11,2026-04-27
12925,959,2026-02-15,4128.43,2026-03-17
12926,692,2026-07-09,33751.7,2026-08-23
12927,522,2026-02-26,3351.3,2026-04-12
12928,284,2026-01-26,16206.5,2026-03-27
12929,377,2025-10-27,4858.42,2025-12-11
12930,638,2025-09-05,5729.64,2025-11-04
12931,134,2025-09-14,9699.7,2025-11-13
12932,667,2026-06-07,3710.88,2026-08-06
12933,248,2026-07-21,10973.19,2026-08-20
12934,652,2026-07-01,4006.8,2026-07-31
12935,318,2026-04-04,2126.78,2026-05-04
12936,436,2026-02-22,11277.32,2026-04-08
12937,176,2026-07-13,8147.35,2026-09-11
12938,835,2025-09-03,3128.48,2025-10-03
12939,686,2026-01-15,12574.14,2026-03-01
12940,993,2025-12-09,2274.9,2026-02-07
12941,586,2025-11-22,7012.87,2025-12-22
12942,351,2026-06-07,1290.82,2026-07-07
12943,143,2026-01-10,3662.02,2026-02-09
12944,967,2025-09-01,2548.91,2025-10-01
12945,804,2025-12-25,1825.81,2026-01-24
12946,398,2026-03-21,5099.02,2026-04-20
12947,624,2026-01-18,6521.35,2026-03-04
12948,718,2026-01-24,8176.57,2026-02-23
12949,643,2026-05-24,5006.73,2026-06-23
12950,369,2026-03-21,7057.76,2026-04-20
12951,501,2026-01-30,2035.92,2026-03-01
12952,622,2026-04-10,2472.5,2026-05-25
12953,370,2025-11-18,4929.24,2025-12-18
12954,579,2026-03-19,2480.73,2026-04-18
12955,382,2026-05-08,5022.23,2026-06-07
12956,86,2025-12-08,2972.58,2026-01-07
12957,787,2026-04-01,4404.45,2026-05-31
12958,739,2026-01-21,1320.33,2026-02-20
12959,460,2026-03-09,1270.89,2026-04-08
12960,950,2026-06-28,2817.4,2026-07-28
12961,325,2025-10-22,1729.84,2025-11-21
12962,522,2025-12-21,612.59,
12963,489,2026-01-13,7355.85,2026-02-12
12964,929,2025-12-21,10875.39,2026-01-20
12965,397,2025-09-13,10070.34,2025-10-13
12966,896,2026-05-31,4454.65,2026-06-30
12967,355,2026-04-21,4382.74,2026-05-21
12968,947,2025-10-14,5413.31,2025-11-28
12969,288,2025-11-12,2961.62,2025-12-12
12970,459,2026-05-19,1144.95,2026-06-18
12971,624,2026-04-19,12928.28,2026-06-03
12972,998,2025-10-03,5057.72,2025-12-02
12973,536,2025-11-07,4815.06,2025-12-22
12974,291,2025-09-16,3880.97,2025-10-16
12975,851,2026-01-28,8039.35,2026-03-29
12976,838,2026-06-19,4549.33,2026-08-03
12977,168,2025-12-11,3380.19,2026-01-10
12978,950,2026-03-05,3822.61,2026-04-04
12979,621,2025-09-25,5266.47,2025-10-25
12980,428,2025-11-11,1988.33,2025-12-11
12981,702,2025-11-20,15499.69,2026-01-04
12982,490,2025-10-31,3076.42,2025-11-30
12983,355,2025-09-18,2646.66,2025-10-18
12984,196,2026-04-30,3695.44,2026-05-30
12985,545,2025-10-28,10347.71,2025-11-27
12986,717,2026-07-29,4033.49,2026-09-12
12987,824,2025-10-27,12689.88,2025-12-11
12988,932,2025-12-06,3840.88,2026-01-05
12989,694,2026-04-03,1604.44,2026-05-03
12990,659,2026-07-16,2563.75,2026-08-30
12991,939,2025-09-12,2887.97,2025-11-11
12992,780,2025-09-11,8400.6,2025-10-11
12993,11,2026-02-10,3465.29,2026-04-11
12994,582,2026-06-10,1944.53,2026-07-10
12995,256,2026-04-05,1570.48,2026-05-20
12996,396,2026-08-26,1155.09,2026-09-25
12997,731,2026-07-20,41776.73,2026-08-19
12998,809,2026-04-29,2745.45,2026-05-29
12999,409,2026-08-11,7125.1,2026-09-10
13000,362,2025-10-15,1904.18,2025-12-14
908164,287,2025-12-22,3712.07,2026-01-21
911386,549,2025-11-27,5111.68,2025-12-27
902903,182,2026-05-30,8032.51,2026-06-29
904398,58,2026-05-29,4528.66,2026-06-28
912696,290,2025-11-27,1938.73,2026-01-11
907444,337,2025-10-29,1924.56,2025-11-28
911787,958,2026-05-31,1313.28,2026-06-30
910407,604,2026-04-14,12423.64,2026-05-14
905637,473,2026-03-06,17121.51,2026-05-05
902174,104,2026-01-04,4540.41,2026-02-03
903031,599,2026-08-23,5952.93,2026-09-22
903489,29,2026-07-27,1711.14,2026-08-26
903419,274,2025-09-02,4590.17,2025-10-02
901036,436,2025-12-24,4578.58,2026-02-07
903117,326,2026-08-13,3066.86,2026-09-12
902166,371,2026-01-11,2259.63,2026-02-10
901947,211,2026-06-09,4283.46,2026-07-09
903712,435,2025-11-04,8621.3,2025-12-04
911283,128,2025-09-18,5869.73,2025-10-18
906970,703,2026-02-08,1028.67,2026-04-09
902294,433,2026-03-02,5195.19,2026-04-16
911269,584,2025-10-25,8333.36,2025-11-24
903228,566,2026-02-04,1972.62,2026-03-06
905641,814,2026-06-01,3016.73,2026-07-16
904506,447,2026-03-04,2519.71,2026-04-03
909549,80,2026-08-27,8926.68,2026-09-26
907004,419,2026-05-09,5628.69,2026-06-08
906934,541,2025-09-24,4925.43,2025-11-08
912223,503,2026-07-07,4359.61,2026-08-06
901491,386,2026-02-19,10634.25,2026-03-21
912788,369,2026-04-27,4650.66,2026-05-27
906186,865,2026-08-03,4246.05,2026-10-02
906794,530,2025-11-27,12778.09,2025-12-27
901823,71,2026-01-20,4680.35,2026-02-19
912159,562,2026-05-22,5910.34,2026-06-21
905804,550,2026-02-26,5687.69,2026-03-28
905274,55,2026-07-04,2824.96,2026-08-18
905595,579,2026-05-27,5456.27,2026-06-26
907477,602,2026-03-22,9414.97,2026-04-21
911897,26,2025-10-17,9938.76,2025-12-16
906960,274,2025-09-17,7007.34,2025-10-17
905465,795,2026-04-30,16112.23,2026-05-30
903662,845,2025-12-13,12619.8,2026-01-27
901018,915,2025-10-05,11329.6,2025-11-04
902989,314,2026-03-29,5181.9,2026-04-28
910630,970,2026-03-13,9341.03,2026-04-12
901136,3,2025-11-21,6097.44,2025-12-21
909102,711,2026-02-27,3706.28,2026-04-13
907284,273,2026-03-10,3692.19,2026-04-24
902990,332,2026-07-09,5958.47,2026-08-08
903337,156,2026-06-05,8520.25,2026-07-20
910134,781,2026-03-21,8817.12,2026-04-20
906951,843,2026-07-02,4367.53,2026-08-01
907663,452,2026-01-07,7707.84,2026-02-06
912211,896,2025-12-29,2195.09,2026-01-28
908183,208,2026-05-20,5237.69,2026-06-19
902417,785,2026-04-21,2046.22,2026-05-21
910199,425,2026-02-23,4918.04,2026-03-25
903405,844,2025-09-13,4238.49,2025-10-13
902514,732,2026-01-12,17241.05,2026-02-11
904676,748,2026-08-31,1218.57,
910929,641,2025-10-26,2053.89,2025-11-25
906394,281,2026-08-25,4531.76,
906989,149,2025-10-08,2350.25,2025-11-22
908959,860,2025-11-02,1547.57,2025-12-02
909551,985,2025-12-28,2134.28,2026-01-27
908171,164,2026-04-27,4666.9,2026-06-11
905313,575,2025-09-16,4122.22,2025-10-16
908895,747,2026-06-02,7037.1,2026-07-02
906731,172,2026-07-06,2475.39,2026-08-05
908672,612,2025-12-01,25195.69,2026-01-15
903707,466,2026-05-03,7010.96,2026-06-02
908635,625,2026-08-17,2594.78,2026-09-16
912426,737,2026-02-21,9906.67,2026-04-22
904729,560,2026-06-30,3101.16,2026-07-30
901826,802,2026-04-12,3210.56,2026-05-12
906948,59,2026-03-13,3864.46,2026-04-12
901385,685,2025-12-27,2749.02,2026-02-10
905692,259,2026-02-28,4338.53,2026-03-30
903162,919,2026-05-22,4979.41,2026-06-21
911906,976,2025-09-14,8324.43,2025-10-14
909325,122,2026-07-14,28290.22,2026-08-28
909138,139,2025-12-06,1741.84,2026-01-05
909971,331,2026-07-16,13580.62,2026-08-30
903491,35,2026-08-03,4540.42,2026-09-02
906150,692,2025-11-06,2348.29,2025-12-21
906679,737,2026-01-09,9453.55,2026-03-10
907455,362,2026-05-03,10812.89,2026-07-02
910252,25,2025-12-29,5376.86,2026-01-28
901283,925,2026-07-13,7290.57,
912413,226,2025-12-23,3794.07,2026-02-06
902650,314,2026-08-07,9890.53,2026-09-06
906920,433,2026-01-13,5948.11,2026-02-27
903713,682,2026-08-08,2691.02,2026-09-07
910823,373,2025-12-10,16495.01,2026-02-08
909759,427,2026-08-18,4473.65,2026-09-17
906290,638,2026-07-05,5048.95,2026-09-03
911383,500,2026-03-18,1484.26,2026-04-17
905835,993,2025-11-25,4742.94,2026-01-24
907716,573,2025-11-30,2208.78,2025-12-30
907592,983,2025-09-09,1702.4,2025-10-24
909929,262,2025-12-26,1895.58,2026-01-25
911971,875,2025-12-05,4516.38,2026-01-19
908780,575,2026-04-22,3349.5,2026-05-22
909867,197,2026-07-02,4046.35,2026-08-01
908530,958,2025-12-06,1613.57,2026-01-05
911542,489,2026-04-14,1054.85,2026-05-14
907171,336,2026-07-29,3406.14,2026-09-27
912732,623,2025-10-16,2221.6,2025-11-30
904896,180,2025-12-12,2465.06,2026-01-11
902810,850,2025-12-22,4005.94,2026-01-21
906665,861,2026-01-20,4293.28,2026-03-06
905167,251,2026-08-28,3166.49,2026-09-27
902942,601,2026-05-02,2329.73,2026-06-16
904895,110,2025-10-22,8222.25,2025-11-21
912769,943,2025-11-11,5689.28,2026-01-10
910409,464,2026-03-09,3205.05,2026-04-08
912011,188,2026-06-18,7113.89,2026-08-17
908399,330,2025-12-21,4881.44,2026-01-20
902326,988,2026-05-06,3759.9,2026-06-05
903039,401,2025-09-26,5268.64,2025-10-26
907548,104,2026-07-12,10843.62,2026-08-11
909319,336,2026-06-02,5270.12,2026-08-01
906308,537,2025-10-14,1252.6,2025-11-13
904375,452,2026-06-18,1778.91,2026-07-18
907451,752,2026-08-18,9248.29,2026-09-17
907483,913,2026-05-27,3086.47,2026-06-26
911917,269,2026-08-11,10225.62,2026-09-10
909789,786,2026-03-26,5747.98,2026-04-25
902891,971,2026-08-18,3492.54,2026-09-17
908352,153,2026-07-07,2400.63,2026-09-05
905149,255,2025-10-26,5796.53,2025-12-10
904786,735,2026-08-13,3753.17,2026-09-12
903796,915,2025-10-28,5056.44,2025-11-27
907696,16,2025-09-03,3766.59,2025-10-03
907813,636,2026-08-29,5420.9,2026-10-28
901449,211,2026-03-29,2216.85,2026-04-28
912925,959,2026-02-15,4128.43,2026-03-17
902463,388,2026-03-22,14633.29,2026-04-21
903165,924,2025-12-13,12593.05,2026-01-12
902506,933,2026-05-20,3608.78,2026-06-19
912132,186,2025-11-01,9459.3,2025-12-01
910980,547,2026-08-13,8472.7,2026-09-12
904299,574,2026-04-20,20783.2,2026-06-04
904707,784,2026-05-13,6514.72,2026-06-12
905204,728,2026-02-11,4039.49,2026-03-28
905327,620,2026-07-18,4823.34,2026-09-01
909862,17,2025-11-15,6569.16,2025-12-15
908434,414,2026-01-13,2062.91,2026-02-12
901479,445,2026-04-24,3860.99,2026-05-24
911372,325,2026-04-19,7616.34,2026-05-19
911794,29,2026-05-15,4636.08,2026-06-14
903026,718,2025-11-13,3753.23,2025-12-13
903702,615,2026-07-04,6402.92,2026-08-03
906846,649,2026-01-02,7585.87,2026-02-01
909104,626,2025-10-02,2819.63,2025-11-01
901663,920,2026-01-20,5377.23,2026-02-19
909191,328,2026-05-07,3193.43,2026-06-06
904133,357,2026-07-26,21712.69,2026-08-25
905428,921,2025-12-03,3443.11,2026-01-17
909978,413,2026-01-16,2046.29,2026-03-02
909451,837,2025-11-16,13916.68,2025-12-16
908077,7,2025-11-08,10013.13,2025-12-08
903909,493,2025-11-17,4588.47,2026-01-01
902289,899,2026-02-06,7495.91,2026-03-08
905146,772,2025-11-22,1560.88,2026-01-06
903022,755,2026-07-12,17484.9,2026-09-10
910968,464,2026-03-20,15964.55,2026-04-19
903354,39,2025-09-10,8161.83,2025-10-25
901987,53,2026-08-13,880.3,2026-09-12
909441,171,2026-02-08,10505.18,2026-03-10
909790,689,2026-03-04,4865.41,2026-04-03
912929,377,2025-10-27,4858.42,2025-12-11
902072,2,2026-02-22,4737.04,2026-04-23
901587,182,2025-09-17,2712.15,2025-10-17
908579,249,2026-05-10,2916.43,2026-06-09
908345,753,2025-10-28,6604.53,2025-11-27
912280,971,2026-08-29,7576.93,2026-09-28
907491,857,2026-06-11,11882.28,2026-07-11
909765,787,2026-01-29,7830.67,2026-03-30
