payment_id,invoice_id,payment_date,amount_paid,method
1,1001,2026-07-29,5196.75,NEFT
2,1002,2025-12-01,4212.84,Card
3,1003,2026-01-07,3320.98,UPI
4,1005,2026-02-11,7584.02,UPI
5,1006,2026-04-04,743.11,Card
6,1006,2026-03-25,976.69,NEFT
7,1008,2026-01-19,8912.24,UPI
8,1009,2026-02-14,2985.77,Card
9,1010,2026-06-13,1586.43,Card
10,1010,2026-07-03,1014.34,UPI
11,1011,2026-09-29,5849.95,UPI
12,1013,2026-06-07,3449.56,Cheque
13,1014,2026-06-02,20559.99,NEFT
14,1015,2026-05-15,1933.16,UPI
15,1016,2025-10-30,1817.46,Card
16,1018,2025-11-16,11329.6,Card
17,1019,2025-11-10,2078.24,UPI
18,1020,2026-05-13,5123.26,UPI
19,1021,2026-03-11,1017.84,Cheque
20,1021,2026-02-19,1467.12,Cheque
21,1022,2026-03-05,4607.79,Card
22,1023,2026-01-29,6605.0,UPI
23,1024,2026-02-04,1677.0,Cheque
24,1025,2025-11-01,3472.51,Card
25,1026,2026-07-21,2917.03,UPI
26,1027,2025-09-24,2309.76,NEFT
27,1028,2026-09-08,3702.12,UPI
28,1029,2026-05-08,3035.57,UPI
29,1030,2026-09-03,6559.82,NEFT
30,1030,2026-09-01,3492.75,Card
31,1033,2026-01-24,4878.36,UPI
32,1033,2026-01-29,2095.02,Cheque
33,1036,2026-02-24,4578.58,Cheque
34,1037,2026-01-06,4071.66,UPI
35,1038,2026-05-12,4138.54,NEFT
36,1039,2025-12-23,11507.16,Card
37,1040,2025-12-28,5437.04,NEFT
38,1042,2026-05-31,3113.35,NEFT
39,1043,2026-09-24,7224.67,UPI
40,1044,2026-05-10,23536.43,Card
41,1045,2026-05-28,7619.47,UPI
42,1046,2025-11-17,12083.61,UPI
43,1047,2026-07-12,2064.86,NEFT
44,1047,2026-06-20,1894.96,Card
45,1048,2026-07-13,9278.38,Card
46,1048,2026-06-25,1194.98,Card
47,1049,2026-01-23,11231.17,Cheque
48,1050,2026-01-30,2929.75,NEFT
49,1050,2026-02-20,3155.07,UPI
50,1051,2026-05-07,4709.76,Cheque
51,1052,2025-11-01,1511.9,NEFT
52,1053,2026-03-16,4872.13,UPI
53,1055,2026-08-12,2710.8,Card
54,1056,2026-09-01,1810.08,UPI
55,1057,2025-10-27,5424.9,UPI
56,1058,2025-11-25,6013.28,NEFT
57,1060,2025-12-09,5165.78,NEFT
58,1061,2025-10-26,6305.23,NEFT
59,1062,2026-09-23,12021.05,Card
60,1062,2026-08-27,2368.19,NEFT
61,1063,2026-09-24,3415.15,Card
62,1065,2026-01-27,5220.25,NEFT
63,1066,2026-02-10,1911.49,Cheque
64,1067,2025-11-24,3839.3,Card
65,1068,2026-05-29,962.99,Cheque
66,1069,2026-07-05,4373.87,Cheque
67,1070,2026-02-11,7273.31,Cheque
68,1071,2026-07-27,6196.53,UPI
69,1072,2026-10-09,2024.53,UPI
70,1074,2025-11-16,6993.28,Cheque
71,1075,2026-12-18,8370.53,NEFT
72,1076,2026-06-14,3381.41,Cheque
73,1077,2026-09-06,656.59,NEFT
74,1079,2025-12-07,11006.41,Cheque
75,1080,2025-10-15,2769.35,UPI
76,1081,2026-05-26,3787.3,NEFT
77,1082,2025-11-18,4739.18,Card
78,1083,2025-09-11,3913.46,Card
79,1084,2025-11-15,15292.71,Cheque
80,1086,2025-10-24,2511.59,UPI
81,1088,2026-05-30,4025.8,NEFT
82,1089,2026-02-13,2110.07,Cheque
83,1090,2026-06-06,7292.87,NEFT
84,1091,2026-04-17,3951.03,Card
85,1093,2026-06-24,2745.24,UPI
86,1094,2026-09-02,4405.97,NEFT
87,1095,2025-12-23,1296.29,Cheque
88,1096,2026-08-31,1551.51,Card
89,1096,2026-08-28,591.0,Card
90,1097,2026-04-19,22236.04,UPI
91,1098,2025-11-19,5336.05,NEFT
92,1099,2026-07-08,14684.23,NEFT
93,1100,2025-11-29,6401.24,Card
94,1101,2026-04-21,13452.25,Card
95,1104,2026-01-17,8124.61,Card
96,1105,2026-06-07,2333.14,Card
97,1106,2026-01-10,10516.37,UPI
98,1107,2026-03-24,4814.32,NEFT
99,1107,2026-04-08,1137.02,Card
100,1108,2026-01-13,5075.66,Cheque
101,1109,2026-07-30,3520.54,Cheque
102,1110,2026-09-03,5685.37,UPI
103,1110,2026-08-09,3785.23,Cheque
104,1111,2026-07-01,3119.23,Cheque
105,1111,2026-07-01,1288.31,NEFT
106,1113,2026-06-13,1268.76,Card
107,1114,2026-02-15,1811.26,NEFT
108,1115,2026-01-09,9363.15,UPI
109,1116,2026-02-10,9950.66,Card
110,1117,2026-07-05,6484.64,UPI
111,1118,2026-08-03,6429.94,UPI
112,1119,2025-12-06,15900.42,UPI
113,1120,2025-09-14,6577.91,UPI
114,1121,2026-08-07,8330.52,Cheque
115,1122,2026-04-01,4679.83,Card
116,1123,2026-04-28,2945.21,Cheque
117,1124,2026-05-12,3995.82,Cheque
118,1125,2026-08-26,25791.71,Cheque
119,1127,2025-09-25,6429.44,NEFT
120,1128,2025-10-13,1487.54,NEFT
121,1130,2026-03-02,9285.92,NEFT
122,1131,2026-01-15,1175.24,NEFT
123,1132,2026-09-22,10311.19,Cheque
124,1135,2025-10-12,13721.57,NEFT
125,1136,2025-12-23,6097.44,UPI
126,1137,2026-05-23,8831.36,NEFT
127,1138,2026-02-04,7188.27,Card
128,1141,2026-01-27,12866.2,Cheque
129,1142,2026-06-12,3932.7,Card
130,1142,2026-06-23,901.26,Cheque
131,1143,2026-08-03,4463.89,UPI
132,1144,2026-02-12,2202.15,UPI
133,1144,2025-12-15,2188.37,Card
134,1146,2026-01-19,1936.77,Card
135,1147,2026-07-31,4322.02,UPI
136,1148,2026-01-15,3297.3,Card
137,1148,2026-01-03,3112.87,NEFT
138,1149,2025-10-21,1797.09,NEFT
139,1150,2026-10-15,5911.05,Card
140,1151,2026-08-01,1122.68,NEFT
141,1151,2026-09-05,1315.71,UPI
142,1152,2026-02-09,6419.81,NEFT
143,1153,2026-04-11,28113.43,Card
144,1154,2026-05-27,3700.19,Card
145,1154,2026-05-17,838.99,Cheque
146,1155,2026-06-14,1249.47,NEFT
147,1155,2026-07-10,860.2,UPI
148,1156,2026-09-20,6044.23,NEFT
149,1157,2026-02-15,6144.46,UPI
150,1157,2026-03-13,1162.34,UPI
151,1158,2025-11-10,2362.92,NEFT
152,1159,2025-12-09,1264.47,UPI
153,1160,2026-01-29,1749.97,NEFT
154,1160,2025-12-20,618.75,UPI
155,1161,2026-02-20,4810.29,Cheque
156,1163,2025-12-30,11839.4,Card
157,1165,2026-01-25,5425.05,Card
158,1166,2026-04-23,1237.97,NEFT
159,1167,2026-03-18,8279.31,UPI
160,1168,2026-03-21,24356.04,UPI
161,1171,2025-11-18,4483.28,Card
162,1172,2026-03-18,7218.9,Card
163,1173,2026-06-17,15161.61,UPI
164,1175,2025-12-08,3445.35,Card
165,1176,2026-05-14,4830.28,NEFT
166,1177,2026-01-17,4503.67,NEFT
167,1178,2025-11-25,9424.62,NEFT
168,1179,2026-06-07,6167.39,NEFT
169,1180,2026-09-24,1635.09,Cheque
170,1181,2026-03-19,2956.52,Card
171,1182,2025-11-26,3025.39,NEFT
172,1183,2026-09-16,850.02,Cheque
173,1184,2026-03-21,10518.62,Cheque
174,1185,2026-09-29,5558.78,Card
175,1187,2026-06-19,4473.67,UPI
176,1187,2026-06-05,5819.97,Card
177,1188,2026-06-08,6363.01,Card
178,1189,2026-06-30,1519.69,Card
179,1189,2026-08-03,267.31,UPI
180,1190,2026-05-10,7480.29,NEFT
181,1191,2025-11-26,14996.37,UPI
182,1192,2026-08-09,4470.59,Card
183,1194,2026-03-02,4796.28,UPI
184,1194,2026-03-10,653.89,UPI
185,1195,2025-10-21,1313.35,Card
186,1196,2026-07-18,5598.92,Cheque
187,1198,2026-01-07,4973.97,Card
188,1199,2025-11-24,5709.61,Cheque
189,1200,2026-02-09,7645.14,Card
190,1201,2026-01-05,3926.07,Card
191,1202,2026-03-25,2380.44,UPI
192,1203,2025-12-01,5809.7,NEFT
193,1204,2026-04-09,6536.84,Cheque
194,1204,2026-04-04,4206.77,Card
195,1205,2025-12-10,1268.76,NEFT
196,1206,2026-01-26,20196.73,UPI
197,1207,2026-11-01,2296.77,Card
198,1208,2026-05-17,18382.37,NEFT
199,1209,2025-10-26,2329.3,UPI
200,1211,2025-10-14,2687.31,NEFT
201,1212,2026-01-14,1675.3,NEFT
202,1213,2026-04-30,8740.72,Cheque
203,1214,2026-05-26,9107.2,NEFT
204,1215,2026-09-21,8209.0,Cheque
205,1217,2025-11-01,2852.04,Cheque
206,1218,2026-01-23,12046.37,NEFT
207,1219,2026-03-19,5931.0,NEFT
208,1220,2026-02-11,2730.29,NEFT
209,1221,2026-03-29,5936.19,UPI
210,1222,2026-07-28,1309.54,Card
211,1223,2026-04-25,5450.28,Cheque
212,1225,2025-10-23,4331.49,Cheque
213,1226,2026-04-08,8830.07,Card
214,1228,2026-01-12,6231.96,Card
215,1229,2026-02-13,20571.24,Card
216,1230,2026-05-23,14770.07,UPI
217,1231,2026-04-12,6916.98,Card
218,1231,2026-04-22,1342.02,Cheque
219,1232,2026-04-16,4211.94,Card
220,1232,2026-04-01,2430.9,Cheque
221,1235,2026-09-25,9463.35,Card
222,1236,2026-01-02,4263.61,NEFT
223,1237,2026-03-11,2221.46,Card
224,1238,2025-12-15,2631.91,NEFT
225,1239,2026-06-21,2924.98,Card
226,1240,2026-04-03,20333.7,Card
227,1241,2026-09-21,4186.4,NEFT
228,1242,2026-07-11,5139.0,UPI
229,1243,2026-02-03,3992.84,Cheque
230,1245,2026-01-06,2495.69,Card
231,1247,2026-03-31,11596.14,NEFT
232,1248,2026-04-21,1698.35,Card
233,1249,2026-06-21,4930.75,UPI
234,1250,2026-01-22,2806.83,NEFT
235,1251,2026-06-29,5966.92,UPI
236,1252,2026-04-13,3849.77,NEFT
237,1253,2026-01-26,7664.69,Card
238,1254,2026-02-08,762.35,NEFT
239,1254,2026-02-13,24.68,UPI
240,1255,2026-10-12,12255.49,NEFT
241,1256,2026-03-08,9004.68,NEFT
242,1257,2026-10-08,11230.96,Card
243,1258,2026-07-24,10242.52,Card
244,1259,2026-09-12,6426.8,Cheque
245,1260,2026-06-07,2993.25,UPI
246,1261,2026-08-30,7100.63,NEFT
247,1262,2026-08-09,6303.26,NEFT
248,1263,2025-10-20,8683.31,Card
249,1263,2025-09-27,1398.04,Card
250,1264,2025-11-20,8221.54,Card
251,1265,2026-03-07,2637.31,UPI
252,1266,2025-10-20,7070.57,NEFT
253,1267,2025-11-09,7589.93,NEFT
254,1270,2026-07-18,8061.53,Card
255,1271,2025-10-06,3535.64,Card
256,1271,2025-10-22,4082.53,Cheque
257,1273,2026-09-19,2055.41,NEFT
258,1273,2026-09-09,1743.76,Card
259,1274,2026-01-31,2797.65,Cheque
260,1276,2026-09-11,2555.04,Cheque
261,1277,2026-02-15,4190.94,Cheque
262,1277,2026-03-09,163.75,Card
263,1278,2026-07-24,3913.49,Cheque
264,1280,2026-08-02,1359.17,Cheque
265,1280,2026-08-07,1268.82,NEFT
266,1281,2026-06-20,2475.65,Card
267,1282,2025-10-03,921.71,NEFT
268,1283,2026-08-04,7290.57,Cheque
269,1284,2025-12-21,2457.56,UPI
270,1285,2026-04-12,2819.71,Card
271,1286,2026-03-01,7855.67,Card
272,1287,2026-07-13,2467.62,Cheque
273,1288,2026-06-04,6778.18,Cheque
274,1289,2026-05-23,1904.34,Cheque
275,1290,2025-11-17,3632.85,UPI
276,1290,2025-11-28,1283.36,NEFT
277,1291,2026-05-10,3070.12,UPI
278,1292,2025-11-15,3731.21,Cheque
279,1293,2026-04-11,16756.43,UPI
280,1294,2026-09-19,1347.17,Cheque
281,1295,2026-07-08,8052.38,UPI
282,1296,2026-10-06,2397.48,NEFT
283,1297,2026-08-06,10021.2,UPI
284,1298,2026-05-31,11743.4,Cheque
285,1299,2026-08-08,3169.32,UPI
286,1299,2026-08-14,3886.18,Cheque
287,1300,2026-01-12,1886.42,NEFT
288,1301,2025-10-10,6217.59,Card
289,1302,2026-04-29,20865.46,UPI
290,1302,2026-04-28,17882.87,UPI
291,1303,2026-07-31,4571.47,UPI
292,1303,2026-09-20,473.68,UPI
293,1305,2026-08-13,4270.76,Cheque
294,1306,2025-10-12,7552.58,Cheque
295,1307,2026-07-01,2228.83,UPI
296,1307,2026-07-01,2434.33,UPI
297,1308,2025-11-05,3419.72,NEFT
298,1309,2026-02-12,3957.37,Cheque
299,1310,2026-03-11,2182.44,UPI
300,1311,2026-03-09,32043.46,Card
301,1312,2026-06-09,2337.38,UPI
302,1312,2026-06-12,2290.58,UPI
303,1313,2026-04-11,64596.26,UPI
304,1314,2025-10-17,7024.26,NEFT
305,1315,2026-03-08,8080.26,Card
306,1316,2026-06-28,3904.03,Cheque
307,1317,2026-07-10,3111.4,Cheque
308,1318,2026-04-26,3975.31,NEFT
309,1319,2026-04-29,2569.18,Cheque
310,1320,2026-02-24,2386.18,Cheque
311,1321,2025-10-30,20845.1,Card
312,1322,2025-12-14,8255.2,Cheque
313,1322,2026-01-09,1225.33,Cheque
314,1323,2026-02-01,16576.5,Card
315,1324,2026-06-01,12005.89,Cheque
316,1324,2026-05-28,291.14,NEFT
317,1325,2025-12-21,3090.52,NEFT
318,1326,2026-06-25,1458.91,Cheque
319,1327,2025-11-22,1925.94,Cheque
320,1327,2025-11-21,1534.25,UPI
321,1328,2025-10-23,5381.16,UPI
322,1329,2026-05-13,11571.76,Cheque
323,1330,2025-12-08,4786.28,Card
324,1331,2026-06-27,53652.63,Cheque
325,1332,2025-11-06,2894.5,Cheque
326,1334,2025-11-17,1433.84,Card
327,1335,2026-02-01,4654.77,Card
328,1336,2026-09-08,4522.11,Cheque
329,1337,2026-10-07,4098.04,UPI
330,1338,2026-02-23,3047.75,UPI
331,1339,2025-10-12,4856.13,Card
332,1339,2025-10-11,770.28,Card
333,1340,2025-12-08,7474.37,Card
334,1340,2025-11-21,2286.45,NEFT
335,1342,2026-08-02,4809.43,Cheque
336,1343,2025-10-29,7418.26,Cheque
337,1344,2026-08-09,8634.37,Card
338,1345,2026-03-22,22194.85,Card
339,1346,2025-10-21,7943.71,Card
340,1347,2025-10-29,3630.68,Card
341,1349,2026-01-13,3143.17,Cheque
342,1350,2026-08-12,1711.99,Card
343,1350,2026-08-01,1294.15,Cheque
344,1351,2026-05-28,5941.89,Card
345,1353,2026-05-24,9670.44,Cheque
346,1354,2026-04-19,8511.63,UPI
347,1355,2026-06-12,13549.15,Card
348,1356,2025-11-02,2927.95,Card
349,1357,2026-01-12,18515.82,UPI
350,1358,2026-07-24,3021.38,UPI
351,1359,2026-09-20,6604.72,Card
352,1360,2026-08-13,4278.62,Card
353,1361,2026-04-17,4905.32,UPI
354,1363,2026-07-10,1582.02,Card
355,1364,2026-09-03,2572.45,NEFT
356,1365,2026-08-12,9104.96,NEFT
357,1366,2026-02-17,3422.82,Cheque
358,1366,2026-03-13,1568.58,Cheque
359,1367,2026-09-01,4072.04,UPI
360,1369,2026-04-11,4094.93,Cheque
361,1370,2025-09-26,4400.01,Card
362,1370,2025-10-02,4220.94,Card
363,1371,2026-07-14,3185.66,NEFT
364,1372,2026-07-07,14889.98,Cheque
365,1373,2026-09-05,11833.63,Cheque
366,1374,2026-06-27,3778.76,UPI
367,1375,2026-05-23,3107.94,NEFT
368,1379,2026-05-10,1365.05,NEFT
369,1379,2026-05-04,226.43,Card
370,1381,2026-07-31,6417.97,Card
371,1382,2026-09-11,21352.36,UPI
372,1383,2026-01-02,3144.73,Cheque
373,1383,2026-01-07,2128.43,NEFT
374,1384,2026-08-01,982.75,Cheque
375,1385,2026-02-20,2749.02,NEFT
376,1386,2026-03-04,3740.47,NEFT
377,1387,2026-05-23,4684.73,Card
378,1388,2025-12-22,7417.41,UPI
379,1388,2026-01-05,2506.04,UPI
380,1389,2025-11-02,3314.94,Card
381,1391,2025-10-14,6087.65,Card
382,1392,2026-04-18,6212.85,UPI
383,1393,2026-03-26,5107.52,Cheque
384,1393,2026-03-24,529.76,Cheque
385,1396,2026-01-05,6310.72,NEFT
386,1396,2025-12-24,13.88,Card
387,1397,2025-12-18,1181.22,Card
388,1397,2025-12-05,449.32,Card
389,1398,2026-02-03,5328.73,Cheque
390,1399,2026-09-03,13214.84,UPI
391,1400,2026-06-28,7074.47,Card
392,1401,2026-08-31,14928.47,NEFT
393,1402,2026-03-27,5034.86,UPI
394,1402,2026-03-16,1893.48,Cheque
395,1403,2025-12-01,2438.38,NEFT
396,1404,2025-12-05,5642.74,NEFT
397,1405,2026-05-14,1017.73,UPI
398,1406,2026-01-17,4232.06,Cheque
399,1407,2026-05-06,4009.4,Card
400,1408,2026-04-07,2906.11,Cheque
401,1409,2025-12-24,33535.74,Card
402,1410,2025-10-21,4717.7,Card
403,1411,2025-10-14,21274.03,NEFT
404,1412,2026-08-04,3982.66,Card
405,1413,2026-01-18,2592.7,UPI
406,1414,2026-07-17,3603.0,Card
407,1415,2025-11-14,3294.84,Card
408,1415,2025-12-16,1553.58,Cheque
409,1416,2026-10-11,3803.76,Cheque
410,1417,2025-10-21,4015.96,UPI
411,1418,2025-11-23,7912.42,UPI
412,1419,2026-05-30,6697.5,UPI
413,1420,2026-09-10,5699.25,Card
414,1420,2026-10-02,2984.32,Card
415,1422,2026-05-09,3428.93,Cheque
416,1423,2025-11-09,12189.22,UPI
417,1424,2026-02-18,8035.39,UPI
418,1424,2026-02-15,7210.64,NEFT
419,1425,2025-10-02,6004.58,Card
420,1425,2025-09-16,8072.65,UPI
421,1426,2026-09-20,599.91,Card
422,1426,2026-08-27,623.32,Cheque
423,1427,2026-07-31,21064.46,Cheque
424,1428,2025-10-16,3005.12,NEFT
425,1429,2026-07-25,1146.71,Card
426,1431,2026-06-08,7539.54,Card
427,1432,2026-04-02,7792.81,Cheque
428,1433,2026-03-19,3822.48,NEFT
429,1433,2026-02-28,11.03,Card
430,1434,2025-11-17,5784.12,Cheque
431,1435,2025-12-16,4472.67,Card
432,1436,2026-06-21,3034.59,Cheque
433,1438,2026-09-01,5473.67,UPI
434,1439,2025-12-09,1736.95,Card
435,1440,2026-06-25,5227.55,Card
436,1441,2026-06-18,1196.52,Card
437,1442,2026-07-26,23236.38,Cheque
438,1443,2025-12-20,4606.06,Cheque
439,1444,2026-05-03,2121.75,Card
440,1445,2026-03-23,7534.99,UPI
441,1446,2026-05-30,2751.31,NEFT
442,1447,2026-03-06,4884.33,Cheque
443,1448,2026-06-07,7198.26,Card
444,1449,2026-05-04,2216.85,Cheque
445,1450,2026-06-05,12309.54,NEFT
446,1451,2026-03-01,25671.19,Card
447,1453,2025-12-24,2035.57,NEFT
448,1454,2026-01-14,3272.1,NEFT
449,1455,2026-08-08,3415.06,UPI
450,1457,2025-09-26,3317.69,UPI
451,1458,2025-09-18,1974.09,UPI
452,1459,2025-11-17,5423.26,UPI
453,1460,2026-03-04,1517.03,UPI
454,1461,2026-07-02,11749.77,Cheque
455,1462,2025-11-21,4052.58,Card
456,1462,2025-11-28,4027.74,UPI
457,1463,2025-10-23,2679.37,Cheque
458,1464,2025-12-30,3191.02,Card
459,1464,2025-12-31,185.55,UPI
460,1465,2026-09-25,6100.84,Card
461,1466,2025-12-27,1173.68,UPI
462,1466,2025-12-24,895.19,UPI
463,1467,2025-12-20,1084.74,NEFT
464,1468,2026-02-20,4174.97,NEFT
465,1469,2026-10-06,1740.92,NEFT
466,1470,2026-07-21,3476.29,Cheque
467,1471,2025-12-07,2119.1,Cheque
468,1472,2026-04-22,7419.85,UPI
469,1472,2026-04-04,8229.0,Card
470,1473,2025-10-14,1662.67,UPI
471,1473,2025-10-26,1958.11,NEFT
472,1474,2026-03-31,2344.28,Cheque
473,1475,2026-07-19,8576.26,NEFT
474,1476,2026-02-20,2513.53,Card
475,1476,2026-03-11,510.68,Card
476,1477,2026-09-01,2069.79,Cheque
477,1479,2026-04-26,2214.36,Cheque
478,1479,2026-06-12,1646.63,NEFT
479,1481,2026-09-25,4136.22,Cheque
480,1481,2026-09-07,803.93,UPI
481,1482,2026-04-18,5544.45,Card
482,1484,2026-03-30,3008.9,UPI
483,1487,2025-09-12,7945.24,NEFT
484,1488,2025-12-03,4737.17,UPI
485,1489,2026-06-11,9449.85,Card
486,1490,2025-11-05,7702.66,Cheque
487,1491,2026-04-03,6502.55,Cheque
488,1492,2026-06-24,2004.05,UPI
489,1493,2026-02-22,4749.76,NEFT
490,1495,2026-03-01,19129.27,UPI
491,1497,2026-08-01,5678.97,NEFT
492,1499,2026-06-09,1847.98,Card
493,1500,2026-04-09,3972.48,Card
494,1501,2025-12-02,1089.36,Cheque
495,1501,2025-11-02,324.73,UPI
496,1502,2026-01-11,3085.13,Cheque
497,1502,2025-11-25,1288.44,NEFT
498,1503,2026-03-13,2179.34,NEFT
499,1504,2026-09-09,5728.02,Card
500,1505,2026-08-04,3902.12,UPI
501,1506,2026-04-07,3852.74,UPI
502,1507,2026-06-08,17325.43,NEFT
503,1508,2025-11-01,5291.41,NEFT
504,1509,2026-07-19,21852.27,NEFT
505,1510,2025-11-20,7145.87,Card
506,1511,2025-12-05,9601.12,UPI
507,1513,2025-11-25,2870.53,Card
508,1514,2026-06-12,5069.53,NEFT
509,1515,2025-10-17,13195.79,Cheque
510,1516,2026-01-15,3739.96,NEFT
511,1517,2025-12-20,847.59,NEFT
512,1518,2025-11-14,6874.58,Card
513,1519,2026-03-13,2130.01,Card
514,1519,2026-03-21,3132.57,Cheque
515,1521,2026-07-11,3709.83,Cheque
516,1522,2026-08-31,2490.74,Card
517,1523,2026-10-02,10470.52,Card
518,1524,2026-06-24,5094.17,UPI
519,1525,2026-04-21,6060.67,Cheque
520,1526,2026-07-20,3102.77,Card
521,1527,2026-03-05,14562.06,Cheque
522,1528,2026-08-26,5965.99,Cheque
523,1529,2026-03-08,901.7,NEFT
524,1530,2026-03-05,7224.1,Card
525,1531,2025-12-11,4047.02,NEFT
526,1532,2025-10-24,4385.4,Cheque
527,1533,2026-05-03,11071.68,UPI
528,1534,2026-08-30,5367.14,NEFT
529,1536,2025-12-28,5440.73,NEFT
530,1537,2026-07-24,3442.32,Cheque
531,1538,2025-12-04,1172.11,UPI
532,1539,2026-10-02,2815.51,NEFT
533,1540,2026-08-08,3863.76,Cheque
534,1542,2025-12-27,3459.05,Card
535,1543,2026-03-18,12494.07,Card
536,1543,2026-03-06,6103.81,NEFT
537,1544,2026-04-05,1995.29,Cheque
538,1545,2025-09-22,2695.18,UPI
539,1547,2026-09-07,3106.01,UPI
540,1548,2026-06-04,12047.06,Card
541,1551,2025-11-20,8355.48,Card
542,1552,2026-04-13,2610.64,Card
543,1554,2026-09-17,6856.94,UPI
544,1555,2025-12-10,4085.13,UPI
545,1556,2025-11-17,3187.94,NEFT
546,1557,2026-07-15,1903.43,Card
547,1558,2026-02-21,10969.83,NEFT
548,1558,2026-01-21,4971.27,UPI
549,1559,2026-07-26,18510.31,UPI
550,1560,2025-11-16,2853.05,UPI
551,1561,2026-07-18,4152.64,Card
552,1562,2025-12-15,4339.25,NEFT
553,1563,2026-01-16,9729.79,Cheque
554,1564,2026-03-26,11414.26,UPI
555,1565,2026-02-18,3245.65,NEFT
556,1566,2025-10-21,11812.1,Card
557,1567,2026-04-18,7056.4,UPI
558,1567,2026-05-01,1122.1,NEFT
559,1568,2026-07-02,11014.47,Card
560,1568,2026-08-18,634.49,Card
561,1569,2026-04-18,1388.21,NEFT
562,1570,2026-09-04,3575.39,Cheque
563,1571,2026-08-17,4354.09,NEFT
564,1573,2026-04-27,23180.15,NEFT
565,1574,2025-12-22,3602.2,UPI
566,1575,2026-02-01,7272.88,UPI
567,1578,2026-10-13,2836.37,UPI
568,1579,2025-10-16,25896.73,UPI
569,1580,2025-12-23,4186.81,Card
570,1582,2026-06-13,4961.56,UPI
571,1583,2026-05-07,3464.13,Card
572,1584,2026-03-01,5452.48,Card
573,1585,2026-07-13,6397.64,UPI
574,1587,2025-10-13,2712.15,UPI
575,1588,2026-08-03,7318.29,Cheque
576,1589,2026-04-13,5487.82,Cheque
577,1590,2026-03-31,2967.71,NEFT
578,1591,2026-07-15,2360.07,UPI
579,1592,2026-04-09,6611.83,Cheque
580,1593,2026-03-03,1077.86,Card
581,1594,2025-11-07,4059.09,NEFT
582,1595,2025-10-23,5570.63,Card
583,1596,2026-07-20,13096.65,UPI
584,1596,2026-07-28,6980.37,Cheque
585,1597,2026-05-11,5042.1,UPI
586,1598,2025-11-24,3929.39,UPI
587,1599,2026-06-22,6278.22,Cheque
588,1600,2026-09-23,2818.5,Card
589,1601,2025-12-14,4196.66,UPI
590,1602,2026-04-08,4410.85,Cheque
591,1602,2026-03-21,707.74,UPI
592,1604,2026-01-23,2918.41,Card
593,1605,2026-06-25,4977.16,Card
594,1606,2026-04-28,1193.18,Card
595,1607,2026-04-21,7559.33,Card
596,1608,2026-06-18,2530.99,Card
597,1608,2026-06-02,1627.23,UPI
598,1609,2026-07-29,16604.51,Cheque
599,1609,2026-07-04,5971.58,NEFT
600,1610,2026-07-13,6622.72,NEFT
601,1611,2026-08-31,2498.89,Card
602,1612,2025-10-14,2084.42,Card
603,1613,2025-10-09,8489.23,UPI
604,1615,2026-08-24,16470.47,UPI
605,1616,2025-11-02,1895.13,Cheque
606,1617,2026-06-13,2483.52,Card
607,1619,2026-04-26,1710.03,UPI
608,1620,2025-11-23,5007.68,Card
609,1621,2025-12-23,2849.68,NEFT
610,1622,2026-09-15,4208.3,NEFT
611,1623,2026-01-03,6238.53,UPI
612,1624,2026-09-14,11752.79,NEFT
613,1625,2025-12-01,16959.44,NEFT
614,1625,2026-01-13,70.34,UPI
615,1627,2026-07-27,2078.04,Card
616,1628,2025-11-24,3229.91,NEFT
617,1629,2026-05-08,9328.79,UPI
618,1630,2026-01-24,11088.21,Card
619,1631,2026-02-26,10226.36,Card
620,1632,2026-01-08,6204.47,NEFT
621,1633,2026-08-25,6714.0,NEFT
622,1634,2025-11-16,4158.45,Card
623,1635,2025-11-16,4480.59,Card
624,1636,2025-12-31,9737.9,NEFT
625,1636,2026-01-07,162.91,Cheque
626,1637,2026-06-09,4694.55,NEFT
627,1637,2026-06-19,1482.69,Card
628,1638,2026-10-02,2330.14,Cheque
629,1638,2026-09-04,1094.19,UPI
630,1639,2026-01-31,12048.01,Cheque
631,1640,2026-07-14,3074.58,Cheque
632,1641,2025-10-06,2289.98,NEFT
633,1641,2025-10-28,3328.13,NEFT
634,1642,2025-10-06,1854.14,UPI
635,1643,2026-05-20,2346.2,UPI
636,1644,2026-04-10,5077.01,UPI
637,1646,2026-05-20,4162.51,Cheque
638,1647,2025-10-15,13197.85,UPI
639,1648,2025-09-16,4525.07,NEFT
640,1649,2026-04-09,10270.93,NEFT
641,1650,2026-08-04,2677.46,Card
642,1651,2026-09-06,7756.73,UPI
643,1652,2026-05-26,2246.3,UPI
644,1653,2025-10-20,4094.37,Card
645,1654,2026-03-27,8012.74,Cheque
646,1655,2025-10-20,3130.86,NEFT
647,1655,2025-11-17,1920.43,NEFT
648,1657,2026-08-17,8528.81,NEFT
649,1658,2026-06-02,3906.78,Cheque
650,1659,2026-06-05,14111.59,Cheque
651,1660,2026-09-30,7088.56,NEFT
652,1661,2026-01-19,4114.37,UPI
653,1662,2025-11-13,5618.42,Cheque
654,1663,2026-02-05,3578.95,NEFT
655,1663,2026-02-02,1798.28,Card
656,1665,2025-11-11,2063.9,UPI
657,1665,2025-11-14,2400.03,Card
658,1666,2026-08-27,5052.53,NEFT
659,1666,2026-08-23,1683.43,Cheque
660,1668,2025-11-24,7027.91,Card
661,1669,2026-03-16,6839.13,UPI
662,1670,2025-12-04,4613.08,Cheque
663,1672,2026-02-26,2025.8,NEFT
664,1673,2026-02-18,2838.79,Cheque
665,1674,2026-06-09,3578.83,Card
666,1675,2026-01-19,19046.27,NEFT
667,1676,2025-12-28,13609.49,NEFT
668,1677,2026-03-25,3110.5,Card
669,1678,2026-02-27,7164.94,UPI
670,1679,2026-09-29,4736.7,Card
671,1680,2025-10-22,6038.95,UPI
672,1682,2026-08-09,14629.4,NEFT
673,1682,2026-07-15,15420.09,Cheque
674,1683,2025-12-05,22221.0,NEFT
675,1684,2026-08-24,3956.44,NEFT
676,1685,2026-09-24,3103.02,Card
677,1686,2026-07-19,9284.05,Cheque
678,1686,2026-06-29,1199.59,UPI
679,1687,2026-07-27,1158.71,UPI
680,1687,2026-08-01,741.0,Card
681,1688,2025-09-15,9837.45,NEFT
682,1689,2026-05-29,5527.91,NEFT
683,1690,2026-07-15,1587.5,Cheque
684,1691,2026-08-28,4428.33,Card
685,1693,2026-08-09,2950.77,UPI
686,1693,2026-07-03,2740.09,NEFT
687,1694,2026-02-10,5235.4,Card
688,1695,2026-05-15,1419.07,UPI
689,1695,2026-04-29,282.56,Card
690,1696,2026-06-30,3827.16,UPI
691,1697,2025-12-30,7889.27,UPI
692,1697,2026-01-14,29.33,NEFT
693,1698,2026-07-24,9088.09,Card
694,1699,2025-10-23,1628.47,NEFT
695,1699,2025-10-12,2111.18,UPI
696,1700,2026-05-26,4108.65,UPI
697,1700,2026-06-13,3102.69,Cheque
698,1701,2026-02-07,5815.23,Cheque
699,1701,2026-02-07,372.34,Cheque
700,1702,2025-11-22,4793.8,UPI
701,1703,2026-10-06,7246.66,Cheque
702,1705,2025-12-10,5003.88,Cheque
703,1707,2026-01-02,4788.12,UPI
704,1709,2026-05-21,3872.18,Cheque
705,1710,2026-07-04,14432.32,Card
706,1711,2025-09-30,3654.58,NEFT
707,1711,2025-10-26,267.29,Card
708,1712,2025-11-22,2099.42,Card
709,1713,2026-04-29,8514.35,Card
710,1714,2026-02-19,6616.37,UPI
711,1714,2026-03-30,630.61,UPI
712,1715,2026-09-07,31965.09,Cheque
713,1716,2026-07-15,2284.17,Card
714,1717,2026-02-06,6649.68,NEFT
715,1718,2026-06-05,6841.95,UPI
716,1720,2025-11-03,7639.08,NEFT
717,1721,2026-08-16,3970.83,Card
718,1722,2026-05-25,2122.47,Card
719,1723,2026-03-16,6597.8,UPI
720,1724,2026-05-04,6746.17,Cheque
721,1725,2026-05-16,8286.03,UPI
722,1726,2026-05-23,3966.53,UPI
723,1727,2026-10-03,6246.11,Cheque
724,1728,2026-04-01,1453.71,NEFT
725,1729,2026-08-09,2194.69,Cheque
726,1730,2026-09-02,10568.33,NEFT
727,1731,2026-03-02,5773.66,UPI
728,1732,2026-08-30,3773.86,Card
729,1732,2026-08-02,3542.36,UPI
730,1733,2026-05-05,2022.98,UPI
731,1734,2026-09-06,2798.48,Card
732,1735,2026-04-27,2695.4,Card
733,1736,2026-09-27,6047.14,Card
734,1737,2026-03-25,8655.3,Card
735,1738,2026-06-01,3978.44,Cheque
736,1738,2026-07-07,118.13,UPI
737,1739,2026-02-09,1325.48,NEFT
738,1740,2026-05-13,6891.36,UPI
739,1741,2026-02-04,4285.23,UPI
740,1742,2025-11-14,7335.87,NEFT
741,1743,2026-04-10,9920.83,NEFT
742,1745,2026-04-18,14851.33,UPI
743,1746,2026-08-16,5114.97,Cheque
744,1747,2026-06-12,3539.18,UPI
745,1749,2026-06-14,10341.06,UPI
746,1750,2025-10-12,4150.2,Card
747,1751,2026-05-12,12111.39,Card
748,1752,2026-04-01,5307.18,UPI
749,1753,2025-12-18,13880.66,Cheque
750,1754,2026-03-28,19941.64,UPI
751,1755,2026-01-28,41359.22,Card
752,1756,2025-11-08,5255.25,Cheque
753,1757,2026-08-25,8444.11,Card
754,1757,2026-09-02,7070.51,UPI
755,1758,2026-08-20,9899.8,NEFT
756,1760,2025-09-15,7021.55,NEFT
757,1761,2026-04-16,8740.61,UPI
758,1761,2026-04-05,1960.22,Cheque
759,1762,2026-03-13,1665.58,UPI
760,1763,2026-04-18,4885.95,Card
761,1764,2026-10-05,2964.33,NEFT
762,1765,2026-01-06,1162.39,UPI
763,1765,2025-12-10,1610.1,Cheque
764,1766,2025-12-30,1038.33,Card
765,1766,2026-01-23,547.39,Cheque
766,1767,2026-02-01,3280.73,NEFT
767,1768,2026-07-30,3502.13,Cheque
768,1769,2026-09-01,4939.49,Cheque
769,1769,2026-08-01,854.87,NEFT
770,1770,2026-02-05,4950.53,Cheque
771,1771,2026-01-10,11603.52,Card
772,1772,2026-03-28,2441.56,NEFT
773,1773,2026-09-15,1047.35,Cheque
774,1774,2026-05-27,3787.26,NEFT
775,1775,2026-08-09,4816.54,UPI
776,1777,2026-02-02,1230.47,Card
777,1777,2026-02-10,1596.51,Card
778,1778,2026-06-01,10347.53,Card
779,1780,2026-04-16,2465.96,Card
780,1781,2026-08-19,19083.93,NEFT
781,1782,2026-01-07,6843.35,Cheque
782,1783,2026-10-24,4841.92,Card
783,1784,2025-10-21,709.24,Cheque
784,1785,2026-02-04,3111.24,Card
785,1785,2026-01-13,1030.43,Card
786,1786,2025-11-29,4914.28,Card
787,1787,2026-08-16,16125.2,Cheque
788,1788,2026-05-30,1072.47,Card
789,1788,2026-06-29,160.54,Card
790,1789,2026-06-22,17420.42,UPI
791,1790,2026-03-09,3052.36,Cheque
792,1791,2026-08-17,1902.89,Card
793,1792,2026-07-07,10453.02,Cheque
794,1793,2026-08-18,4113.77,Cheque
795,1794,2025-10-25,1323.05,Cheque
796,1795,2025-12-15,3503.99,UPI
797,1796,2026-06-21,6131.03,Card
798,1797,2025-11-12,5253.99,Card
799,1798,2025-12-21,8366.37,NEFT
800,1799,2026-04-01,12029.75,UPI
801,1800,2026-08-03,2076.29,Cheque
802,1801,2025-10-23,4917.08,UPI
803,1802,2026-06-20,3069.37,UPI
804,1803,2026-07-02,1840.97,Cheque
805,1804,2025-12-08,4796.88,UPI
806,1805,2026-04-15,7062.3,Card
807,1806,2026-08-20,5842.53,Cheque
808,1806,2026-08-30,1561.17,Card
809,1807,2026-08-31,3644.68,Cheque
810,1808,2026-05-12,2097.85,NEFT
811,1809,2026-05-21,2985.4,Cheque
812,1811,2026-02-06,928.39,UPI
813,1811,2026-01-22,1002.53,Cheque
814,1812,2026-02-05,1122.99,Cheque
815,1812,2026-01-19,946.58,Card
816,1814,2026-04-14,9825.3,Cheque
817,1815,2026-07-22,11971.83,NEFT
818,1815,2026-06-24,15496.21,Card
819,1816,2026-04-09,6059.94,NEFT
820,1817,2026-01-16,3395.09,UPI
821,1818,2026-05-24,5048.12,NEFT
822,1819,2026-03-06,4366.91,NEFT
823,1820,2026-04-15,3016.4,UPI
824,1821,2025-10-18,6458.36,Card
825,1822,2025-12-09,5836.45,UPI
826,1823,2026-02-18,4432.59,Cheque
827,1823,2026-02-10,247.76,NEFT
828,1824,2026-02-27,3951.15,Card
829,1825,2025-12-15,8147.74,NEFT
830,1825,2026-01-19,141.51,Card
831,1826,2026-04-30,3210.56,NEFT
832,1828,2026-02-04,5953.81,Card
833,1829,2026-02-05,11230.37,Card
834,1830,2026-03-04,8349.94,Cheque
835,1830,2026-03-23,2089.05,NEFT
836,1831,2026-05-24,4062.38,Card
837,1832,2025-12-02,1818.41,Cheque
838,1833,2026-05-29,3966.35,Card
839,1834,2026-02-14,5302.84,Cheque
840,1835,2025-12-24,2050.45,Cheque
841,1836,2026-01-12,2471.88,NEFT
842,1836,2025-12-30,1435.87,UPI
843,1838,2026-09-05,5626.13,Card
844,1839,2026-05-13,3244.52,Card
845,1841,2026-01-13,5346.46,NEFT
846,1842,2026-09-06,3708.98,NEFT
847,1843,2026-09-17,9275.18,UPI
848,1844,2026-06-08,892.55,Card
849,1844,2026-05-21,265.48,UPI
850,1845,2026-07-10,5246.21,NEFT
851,1846,2026-02-25,3161.1,Cheque
852,1847,2026-01-06,11542.1,NEFT
853,1849,2026-03-30,10594.12,NEFT
854,1850,2025-11-08,2659.2,Cheque
855,1851,2026-06-12,6469.03,Card
856,1852,2025-12-10,3446.77,NEFT
857,1853,2026-01-21,12319.78,NEFT
858,1854,2025-12-29,4291.23,NEFT
859,1855,2026-07-24,2803.84,NEFT
860,1857,2025-10-05,3996.1,Cheque
861,1858,2026-03-13,7590.24,NEFT
862,1860,2026-01-09,2474.02,NEFT
863,1861,2026-06-14,5277.83,Cheque
864,1863,2026-08-30,1449.84,Card
865,1864,2026-01-18,6474.59,UPI
866,1866,2025-10-31,18275.93,Cheque
867,1867,2026-09-04,6671.92,Cheque
868,1867,2026-09-16,3325.56,Card
869,1868,2025-12-10,7104.29,UPI
870,1869,2026-01-07,739.59,NEFT
871,1869,2025-12-21,237.06,UPI
872,1870,2026-03-08,7137.96,UPI
873,1873,2025-12-20,4399.56,UPI
874,1874,2025-12-31,3300.81,Card
875,1875,2026-09-02,3362.73,Cheque
876,1876,2026-08-06,3718.28,Cheque
877,1877,2026-01-16,1671.43,Cheque
878,1877,2026-01-14,30.32,UPI
879,1878,2026-09-26,1191.96,UPI
880,1879,2026-02-01,3823.06,UPI
881,1880,2026-03-20,8131.95,NEFT
882,1881,2026-06-17,5176.21,NEFT
883,1882,2026-04-27,9512.83,Cheque
884,1883,2026-05-31,13029.56,UPI
885,1884,2025-12-15,6260.94,Card
886,1885,2026-09-05,3469.8,UPI
887,1887,2026-06-04,2582.73,UPI
888,1888,2026-02-09,9566.28,UPI
889,1890,2025-11-24,18308.52,UPI
890,1890,2025-10-29,8312.81,NEFT
891,1891,2025-11-11,2428.11,UPI
892,1892,2026-01-16,13299.97,NEFT
893,1893,2026-02-27,13357.51,Card
894,1894,2026-03-19,8239.35,Card
895,1896,2026-09-01,4273.57,NEFT
896,1898,2026-10-25,3661.52,Cheque
897,1898,2026-09-10,2321.82,Card
898,1899,2026-06-10,8016.76,Card
899,1900,2026-06-24,1002.72,Cheque
900,1900,2026-05-11,164.08,Cheque
901,1901,2026-02-10,4592.98,Cheque
902,1902,2025-11-10,9934.63,UPI
903,1903,2026-02-19,3713.24,NEFT
904,1904,2025-11-22,23977.1,Cheque
905,1905,2025-10-16,5539.27,Cheque
906,1906,2026-06-17,7546.28,NEFT
907,1907,2026-08-05,17291.84,NEFT
908,1908,2026-07-22,5545.49,Cheque
909,1909,2026-01-29,17067.28,UPI
910,1910,2026-09-19,7972.16,NEFT
911,1911,2025-10-29,6696.71,Cheque
912,1912,2026-08-28,2454.96,NEFT
913,1913,2025-12-28,12116.96,NEFT
914,1914,2026-08-14,2177.87,UPI
915,1914,2026-08-23,900.27,Cheque
916,1915,2026-01-16,4307.38,Card
917,1916,2026-06-13,13691.79,NEFT
918,1917,2026-08-03,3728.64,Card
919,1918,2026-04-30,3633.35,UPI
920,1918,2026-06-18,2970.61,NEFT
921,1919,2026-07-14,4789.09,Cheque
922,1920,2026-09-16,2910.72,Card
923,1920,2026-10-01,2013.86,UPI
924,1922,2026-03-11,2182.56,Card
925,1923,2026-01-23,4647.32,Card
926,1923,2026-01-25,3086.11,UPI
927,1925,2026-01-13,2299.78,NEFT
928,1926,2026-01-29,3509.97,Cheque
929,1927,2026-04-15,10222.54,NEFT
930,1927,2026-05-03,156.94,Cheque
931,1928,2026-08-21,4048.75,UPI
932,1929,2026-07-31,4195.74,Card
933,1930,2026-04-19,2469.86,Card
934,1931,2026-01-04,4752.45,Cheque
935,1932,2026-02-24,1306.38,Cheque
936,1932,2026-03-02,1174.21,Card
937,1933,2025-11-18,3081.63,Card
938,1934,2025-11-23,2713.1,UPI
939,1935,2025-12-30,5251.97,UPI
940,1935,2025-11-30,4722.86,UPI
941,1936,2025-12-31,905.31,Card
942,1936,2025-12-27,820.62,Cheque
943,1937,2026-08-05,6189.06,NEFT
944,1938,2025-12-24,1676.47,UPI
945,1938,2026-01-25,2506.15,Cheque
946,1939,2026-08-25,15278.52,NEFT
947,1940,2026-07-21,9327.94,UPI
948,1941,2026-08-08,1854.22,Card
949,1942,2025-12-09,3193.19,Cheque
950,1943,2026-04-06,4944.66,Cheque
951,1944,2026-07-06,3192.67,Card
952,1945,2025-12-05,10340.38,Card
953,1946,2026-05-01,3708.11,Cheque
954,1947,2026-07-10,4283.46,Card
955,1948,2025-11-20,10958.94,Card
956,1949,2026-10-19,1949.46,UPI
957,1950,2025-11-19,4043.16,UPI
958,1951,2026-03-23,6097.25,UPI
959,1953,2026-03-22,417.18,UPI
960,1954,2026-08-12,6557.81,Cheque
961,1957,2026-02-15,872.02,Cheque
962,1958,2026-03-27,2705.85,Card
963,1958,2026-04-10,201.52,NEFT
964,1960,2026-06-04,4576.86,Card
965,1961,2026-01-08,981.6,NEFT
966,1964,2026-07-16,7723.26,NEFT
967,1964,2026-08-21,3026.5,Cheque
968,1965,2025-12-14,10643.18,UPI
969,1966,2025-10-14,1894.7,Cheque
970,1967,2026-06-17,10101.54,NEFT
971,1968,2026-07-03,2368.8,NEFT
972,1969,2026-03-14,9401.13,Card
973,1970,2026-04-16,2771.97,Cheque
974,1971,2026-05-25,6475.04,UPI
975,1971,2026-06-14,151.33,UPI
976,1972,2026-04-06,17074.52,Card
977,1974,2025-11-22,1984.56,Cheque
978,1975,2026-01-17,2010.39,NEFT
979,1977,2026-06-24,7559.58,UPI
980,1978,2025-10-08,4088.88,Cheque
981,1978,2025-10-10,2962.88,Card
982,1979,2026-08-15,1462.62,NEFT
983,1980,2026-03-07,5170.32,Cheque
984,1981,2026-04-26,7066.7,UPI
985,1982,2026-01-20,4654.31,Cheque
986,1983,2026-03-21,2072.04,UPI
987,1983,2026-02-22,320.64,Cheque
988,1985,2026-06-16,22467.43,Card
989,1986,2026-04-06,14695.35,NEFT
990,1986,2026-03-25,957.95,NEFT
991,1987,2026-09-08,880.3,Cheque
992,1988,2026-05-12,12606.64,Cheque
993,1989,2025-10-16,7940.67,Cheque
994,1990,2026-03-13,2101.46,Card
995,1990,2026-02-14,853.88,Cheque
996,1991,2026-09-05,1040.49,UPI
997,1994,2025-11-05,889.8,NEFT
998,1994,2025-12-05,1172.77,UPI
999,1995,2025-11-04,10641.77,Cheque
1000,1995,2025-11-21,2758.09,Cheque
1001,1996,2025-12-25,13142.53,UPI
1002,1998,2026-03-16,1667.27,NEFT
1003,1999,2026-10-17,4054.3,Card
1004,2000,2026-02-15,8920.86,Card
1005,2001,2026-05-12,8462.38,Card
1006,2002,2026-03-02,2858.26,Cheque
1007,2003,2026-06-11,3214.03,Cheque
1008,2004,2026-03-14,2065.08,UPI
1009,2005,2025-10-21,3987.35,UPI
1010,2006,2025-11-17,3387.48,Cheque
1011,2007,2025-12-18,2927.92,NEFT
1012,2008,2025-11-05,4478.75,Cheque
1013,2009,2026-05-20,5162.55,Card
1014,2010,2025-11-12,11930.29,Card
1015,2011,2025-12-09,1202.52,Card
1016,2012,2026-08-16,13261.28,Card
1017,2013,2026-08-24,2749.96,UPI
1018,2015,2026-08-10,7215.19,NEFT
1019,2015,2026-06-12,1352.48,NEFT
1020,2016,2026-02-01,7747.02,Card
1021,2017,2026-07-04,4600.78,Cheque
1022,2019,2026-08-08,4879.07,NEFT
1023,2020,2025-11-26,16756.66,Cheque
1024,2021,2025-12-18,3157.6,Card
1025,2022,2026-03-08,8870.34,NEFT
1026,2023,2025-11-18,22827.88,UPI
1027,2024,2026-07-03,1839.13,Cheque
1028,2024,2026-06-30,698.06,Card
1029,2025,2026-08-03,7407.15,Card
1030,2026,2026-06-14,2490.02,Card
1031,2027,2026-01-16,7050.99,Card
1032,2028,2025-12-24,22751.45,Cheque
1033,2029,2026-02-27,2369.56,Cheque
1034,2030,2025-11-22,5664.65,Card
1035,2031,2026-07-08,2564.75,Cheque
1036,2032,2026-09-18,4508.72,Card
1037,2033,2026-10-09,8218.76,Cheque
1038,2034,2025-12-30,3938.91,Cheque
1039,2036,2025-12-03,7360.39,UPI
1040,2037,2026-05-01,1734.48,Card
1041,2038,2026-07-15,6457.7,UPI
1042,2039,2026-08-14,16092.16,Card
1043,2040,2026-04-24,7716.56,Cheque
1044,2041,2026-09-25,6159.82,Card
1045,2043,2026-08-17,2575.34,Card
1046,2043,2026-09-12,2051.23,Card
1047,2044,2025-11-29,5043.56,UPI
1048,2045,2026-07-18,706.58,Card
1049,2046,2025-10-28,4167.82,Cheque
1050,2046,2025-11-01,3077.8,UPI
1051,2047,2026-01-28,8291.67,NEFT
1052,2048,2026-07-30,2748.61,Cheque
1053,2050,2025-12-24,6634.79,Card
1054,2051,2025-12-20,9560.84,UPI
1055,2052,2026-03-31,5049.62,Cheque
1056,2053,2025-11-22,7699.44,Cheque
1057,2056,2026-01-07,7059.37,Cheque
1058,2057,2026-03-06,4161.03,UPI
1059,2058,2026-05-16,1381.19,UPI
1060,2061,2026-04-04,43446.33,UPI
1061,2062,2026-05-19,707.76,UPI
1062,2062,2026-06-14,169.05,Card
1063,2063,2026-07-10,5215.22,NEFT
1064,2064,2025-10-02,2047.29,Cheque
1065,2065,2026-06-25,10403.4,Cheque
1066,2066,2026-09-25,3622.38,Card
1067,2067,2026-10-01,9645.25,Cheque
1068,2067,2026-09-24,1597.28,Card
1069,2068,2026-02-05,9237.84,NEFT
1070,2069,2026-02-21,2128.11,Cheque
1071,2070,2026-04-08,2086.15,UPI
1072,2070,2026-04-02,708.12,NEFT
1073,2071,2026-03-22,3795.52,Cheque
1074,2072,2026-04-25,4052.37,Card
1075,2072,2026-04-19,684.67,Card
1076,2073,2025-10-21,4272.82,Card
1077,2075,2026-03-19,6029.11,Cheque
1078,2076,2026-01-14,3062.76,Card
1079,2077,2026-03-01,1016.33,NEFT
1080,2077,2026-01-26,1393.31,Card
1081,2078,2026-09-30,2603.15,NEFT
1082,2079,2026-02-19,6510.6,NEFT
1083,2080,2025-11-12,2992.0,UPI
1084,2081,2025-10-06,11462.63,Card
1085,2081,2025-10-06,14945.96,Cheque
1086,2084,2026-07-25,1183.66,UPI
1087,2085,2026-07-22,1714.28,Cheque
1088,2087,2026-10-03,3264.2,Card
1089,2088,2026-09-11,851.82,Card
1090,2089,2026-04-30,1984.75,NEFT
1091,2090,2026-10-08,8511.24,Card
1092,2092,2025-11-14,4838.61,UPI
1093,2093,2025-11-12,8029.72,UPI
1094,2094,2026-01-30,9301.03,UPI
1095,2094,2026-02-04,1361.48,NEFT
1096,2095,2025-12-30,6318.34,NEFT
1097,2096,2026-04-01,3730.77,NEFT
1098,2096,2026-03-05,2899.4,UPI
1099,2097,2026-08-09,10927.25,Cheque
1100,2098,2026-01-02,6964.67,UPI
1101,2099,2026-08-14,11447.58,NEFT
1102,2100,2025-12-10,900.08,Cheque
1103,2101,2025-11-17,4676.24,Cheque
1104,2102,2025-11-28,5227.79,Cheque
1105,2103,2025-11-27,4550.01,Cheque
1106,2104,2025-12-10,5517.91,Card
1107,2105,2026-01-08,3606.62,Card
1108,2106,2025-11-02,9399.16,Card
1109,2109,2026-04-14,15873.77,Cheque
1110,2110,2026-07-15,14196.41,NEFT
1111,2111,2026-02-08,5672.02,UPI
1112,2112,2026-06-03,3003.95,Cheque
1113,2113,2025-12-15,1352.59,Card
1114,2115,2026-06-07,3634.74,Card
1115,2115,2026-06-22,3873.35,NEFT
1116,2116,2025-10-18,2237.25,Cheque
1117,2116,2025-11-26,570.85,Cheque
1118,2117,2026-01-30,3455.55,Card
1119,2118,2026-01-18,3783.64,UPI
1120,2119,2026-02-17,964.69,UPI
1121,2119,2026-02-20,296.03,NEFT
1122,2120,2026-04-29,3550.17,UPI
1123,2121,2025-10-03,7081.67,Cheque
1124,2122,2026-09-18,5680.13,NEFT
1125,2123,2026-07-24,18163.9,NEFT
1126,2124,2026-06-24,3596.48,Card
1127,2126,2025-12-16,28292.76,Cheque
1128,2127,2026-04-05,1820.77,NEFT
1129,2128,2026-04-26,3045.25,NEFT
1130,2130,2026-08-17,5531.14,UPI
1131,2131,2026-06-10,10562.46,NEFT
1132,2132,2026-01-08,2176.1,NEFT
1133,2133,2026-06-07,8242.45,UPI
1134,2133,2026-06-19,10142.9,Card
1135,2134,2026-07-24,6971.81,UPI
1136,2134,2026-07-23,275.9,UPI
1137,2135,2026-05-03,2595.92,UPI
1138,2136,2026-01-17,2776.74,Card
1139,2138,2025-12-12,24231.11,Cheque
1140,2138,2025-12-05,3743.49,UPI
1141,2139,2026-01-12,3568.55,UPI
1142,2139,2026-01-17,2357.73,Cheque
1143,2140,2026-05-06,27770.3,NEFT
1144,2142,2026-06-04,1821.39,NEFT
1145,2143,2025-10-25,15416.62,UPI
1146,2144,2026-07-01,2349.3,Card
1147,2145,2026-03-09,3056.74,Cheque
1148,2147,2026-01-15,4887.54,Cheque
1149,2149,2025-12-02,7469.41,NEFT
1150,2150,2026-03-07,2250.77,Card
1151,2150,2026-03-09,2299.08,UPI
1152,2151,2026-09-02,19464.24,Card
1153,2152,2026-10-01,3420.57,Cheque
1154,2153,2026-08-17,2246.6,UPI
1155,2154,2025-11-18,7243.3,NEFT
1156,2155,2026-03-27,4927.79,Card
1157,2157,2026-03-25,9024.72,NEFT
1158,2158,2025-11-11,3177.35,UPI
1159,2159,2026-04-24,22116.52,UPI
1160,2160,2026-08-16,6180.67,Cheque
1161,2161,2025-10-05,1904.36,NEFT
1162,2161,2025-09-15,1582.92,Card
1163,2162,2026-02-05,8013.29,UPI
1164,2163,2026-08-25,4669.5,UPI
1165,2164,2025-12-25,5474.36,NEFT
1166,2166,2025-12-08,1124.71,Card
1167,2168,2026-05-21,1862.56,Cheque
1168,2169,2026-07-03,4533.69,Card
1169,2170,2026-03-16,6489.06,UPI
1170,2171,2026-04-22,15484.8,Cheque
1171,2172,2026-07-03,2283.11,NEFT
1172,2172,2026-06-26,1119.07,NEFT
1173,2173,2026-01-04,9175.69,Cheque
1174,2174,2026-02-06,4357.69,NEFT
1175,2175,2026-06-29,874.01,UPI
1176,2176,2026-07-11,5187.74,UPI
1177,2177,2026-09-15,4739.41,NEFT
1178,2179,2026-07-28,2990.13,UPI
1179,2180,2026-03-29,2642.76,Card
1180,2180,2026-03-21,613.63,NEFT
1181,2182,2026-08-23,3821.03,UPI
1182,2183,2025-12-14,1081.87,Card
1183,2184,2026-05-06,7402.32,Cheque
1184,2185,2026-05-25,9969.09,Card
1185,2186,2026-03-15,9899.15,Card
1186,2187,2026-03-03,1819.17,UPI
1187,2187,2026-01-29,1237.03,UPI
1188,2188,2026-07-11,5000.92,NEFT
1189,2190,2026-06-21,10811.04,NEFT
1190,2191,2025-10-16,7471.55,NEFT
1191,2192,2025-12-29,6346.04,UPI
1192,2193,2026-08-02,2783.53,Cheque
1193,2195,2026-03-13,11616.12,UPI
1194,2196,2026-08-12,1247.85,UPI
1195,2198,2025-10-19,9542.09,Cheque
1196,2199,2026-02-22,5107.89,NEFT
1197,2200,2026-09-29,7869.08,UPI
1198,2201,2026-07-13,19306.47,Card
1199,2201,2026-06-29,16328.39,Cheque
1200,2202,2026-05-19,7772.96,Cheque
1201,2203,2026-05-18,2791.36,Card
1202,2204,2026-03-09,1570.93,UPI
1203,2205,2026-08-27,8591.57,UPI
1204,2206,2026-06-19,5336.89,NEFT
1205,2207,2026-02-17,1659.09,Card
1206,2208,2026-05-13,12841.66,Card
1207,2209,2026-06-13,8924.11,Card
1208,2210,2026-06-10,2644.1,NEFT
1209,2211,2026-09-16,28757.05,Cheque
1210,2212,2026-07-21,11335.89,UPI
1211,2213,2025-10-30,2263.52,Card
1212,2214,2026-07-05,12775.68,NEFT
1213,2215,2026-01-11,6131.11,Card
1214,2216,2026-01-26,22739.07,NEFT
1215,2217,2026-03-15,7643.36,UPI
1216,2217,2026-03-20,2988.18,UPI
1217,2218,2026-05-08,7366.05,Card
1218,2219,2026-01-05,7038.12,UPI
1219,2220,2026-06-29,1932.18,NEFT
1220,2221,2026-06-28,3319.52,Card
1221,2222,2026-04-08,5906.89,NEFT
1222,2223,2026-07-18,1065.82,Card
1223,2223,2026-08-18,602.87,Card
1224,2224,2025-11-12,7265.88,Card
1225,2225,2026-07-01,1290.26,NEFT
1226,2225,2026-08-12,1468.59,UPI
1227,2226,2026-01-10,3650.61,Cheque
1228,2228,2026-07-24,3204.89,Cheque
1229,2229,2026-04-23,7279.25,Card
1230,2230,2026-02-03,5001.51,Card
1231,2230,2026-01-12,613.33,Card
1232,2231,2026-04-02,2143.71,Cheque
1233,2232,2025-12-13,10120.4,NEFT
1234,2233,2026-07-18,10544.88,UPI
1235,2234,2025-11-22,10265.24,Card
1236,2234,2025-11-05,748.25,UPI
1237,2235,2026-08-22,23002.03,UPI
1238,2236,2026-04-13,3598.55,NEFT
1239,2237,2026-01-22,1050.98,NEFT
1240,2238,2025-10-12,2426.22,NEFT
1241,2238,2025-11-01,529.77,Cheque
1242,2239,2026-01-19,10772.88,Card
1243,2240,2026-08-18,1961.18,Card
1244,2240,2026-08-22,2723.71,UPI
1245,2242,2026-04-12,1300.44,NEFT
1246,2243,2026-04-14,15575.85,Card
1247,2244,2026-02-23,8136.04,UPI
1248,2245,2026-08-28,3360.55,Cheque
1249,2246,2025-10-14,22543.58,Card
1250,2247,2026-02-16,41619.17,Cheque
1251,2249,2025-12-04,4027.84,Cheque
1252,2250,2026-07-21,5950.97,UPI
1253,2250,2026-07-13,1678.67,UPI
1254,2251,2026-07-03,9914.41,UPI
1255,2253,2025-12-16,2296.22,NEFT
1256,2255,2026-06-17,2073.07,UPI
1257,2255,2026-04-20,2739.39,Cheque
1258,2256,2026-08-20,7915.99,UPI
1259,2257,2025-10-30,17492.61,Card
1260,2258,2026-01-13,6956.67,NEFT
1261,2259,2025-12-19,5664.01,UPI
1262,2259,2025-12-09,2581.14,NEFT
1263,2261,2026-07-31,5093.2,UPI
1264,2262,2026-06-12,3584.19,NEFT
1265,2263,2025-10-27,5307.81,Card
1266,2264,2026-06-23,2962.4,NEFT
1267,2265,2026-07-28,3003.45,NEFT
1268,2266,2025-10-28,6711.79,NEFT
1269,2267,2025-09-11,3410.5,NEFT
1270,2268,2026-10-08,21906.9,UPI
1271,2270,2026-08-25,14832.79,Card
1272,2272,2026-06-25,1892.4,Cheque
1273,2273,2025-10-25,4574.89,Cheque
1274,2274,2026-04-09,10578.79,UPI
1275,2275,2026-04-09,3378.36,Card
1276,2276,2025-12-08,4614.19,Cheque
1277,2277,2026-04-27,11127.04,Card
1278,2279,2026-08-11,1167.36,Card
1279,2279,2026-09-08,1560.24,Card
1280,2280,2026-01-30,8812.33,NEFT
1281,2281,2026-06-01,1761.58,Cheque
1282,2282,2026-04-03,3708.05,NEFT
1283,2283,2026-10-17,5478.65,UPI
1284,2285,2026-07-25,9655.78,NEFT
1285,2286,2026-09-30,7015.79,Card
1286,2286,2026-09-16,3923.49,UPI
1287,2287,2025-12-20,3925.36,Card
1288,2289,2026-03-01,7495.91,Card
1289,2290,2026-09-08,8903.14,Cheque
1290,2291,2025-10-19,2061.06,NEFT
1291,2292,2026-09-08,8512.4,UPI
1292,2293,2026-03-03,4424.86,NEFT
1293,2294,2026-04-24,4197.82,NEFT
1294,2294,2026-04-08,997.37,Cheque
1295,2295,2026-03-30,5706.19,NEFT
1296,2297,2026-09-07,2405.01,Cheque
1297,2298,2026-07-04,12947.35,NEFT
1298,2299,2025-12-30,15701.18,Cheque
1299,2300,2026-03-29,9678.52,UPI
1300,2301,2025-11-20,3257.88,UPI
1301,2302,2026-01-30,17719.69,NEFT
1302,2303,2026-07-14,3833.69,Cheque
1303,2305,2026-04-28,5507.82,UPI
1304,2306,2026-07-20,3721.47,Card
1305,2307,2025-10-24,7742.97,NEFT
1306,2308,2026-07-14,22487.66,NEFT
1307,2310,2025-11-20,24341.62,Card
1308,2311,2026-07-31,2307.35,Cheque
1309,2312,2025-12-07,5319.45,Cheque
1310,2313,2026-05-07,1875.37,Cheque
1311,2314,2025-12-15,3200.05,UPI
1312,2315,2025-10-28,4198.56,Card
1313,2317,2025-10-26,2319.25,UPI
1314,2318,2026-04-14,2718.18,UPI
1315,2319,2026-05-14,3975.56,Card
1316,2320,2025-12-12,12918.61,UPI
1317,2321,2026-08-20,1511.3,NEFT
1318,2322,2026-03-04,907.53,Card
1319,2322,2026-01-28,37.72,UPI
1320,2323,2026-01-18,1222.35,Cheque
1321,2324,2025-11-27,2538.36,UPI
1322,2325,2026-07-02,8322.93,Card
1323,2326,2026-06-07,3759.9,Cheque
1324,2327,2026-03-16,3719.06,UPI
1325,2329,2025-12-02,1113.13,UPI
1326,2330,2026-08-21,9960.0,NEFT
1327,2332,2025-09-28,3823.1,UPI
1328,2333,2026-05-12,5353.8,Cheque
1329,2336,2026-06-05,3512.21,Cheque
1330,2337,2026-04-23,20864.38,NEFT
1331,2338,2026-01-09,4984.07,NEFT
1332,2339,2026-05-06,5979.0,NEFT
1333,2340,2025-10-20,2870.61,Card
1334,2341,2026-03-24,3544.76,NEFT
1335,2342,2025-12-07,3808.32,UPI
1336,2343,2026-01-25,2554.25,Card
1337,2344,2026-08-07,18272.99,UPI
1338,2345,2026-03-11,1372.21,Card
1339,2346,2026-03-16,1242.27,NEFT
1340,2346,2026-02-17,1770.64,UPI
1341,2347,2025-10-29,1530.41,UPI
1342,2348,2026-07-20,14424.51,NEFT
1343,2349,2026-07-19,4856.99,UPI
1344,2350,2026-02-19,1938.1,Cheque
1345,2350,2026-03-09,2038.1,NEFT
1346,2351,2026-05-16,6872.45,UPI
1347,2352,2026-01-03,15312.2,NEFT
1348,2353,2026-07-31,5943.47,NEFT
1349,2354,2026-08-13,12472.9,NEFT
1350,2355,2025-11-16,3953.21,Cheque
1351,2356,2025-10-25,2309.69,Cheque
1352,2356,2025-11-23,7.53,Cheque
1353,2357,2026-08-10,6020.73,Card
1354,2359,2026-09-23,8674.92,Card
1355,2360,2025-09-30,3603.75,Cheque
1356,2361,2026-03-29,4673.01,Cheque
1357,2362,2025-12-13,832.87,UPI
1358,2363,2026-06-14,3442.01,NEFT
1359,2363,2026-06-01,1083.19,NEFT
1360,2364,2026-06-11,4118.01,UPI
1361,2366,2026-07-29,10029.43,UPI
1362,2367,2026-09-14,5097.82,UPI
1363,2368,2025-11-19,1356.74,UPI
1364,2369,2026-05-04,3515.75,UPI
1365,2370,2026-04-04,12688.01,Cheque
1366,2371,2026-01-01,4266.01,Cheque
1367,2372,2026-02-14,2129.81,Card
1368,2373,2026-07-07,12564.77,UPI
1369,2374,2025-10-30,1364.28,Card
1370,2375,2025-11-23,4568.06,UPI
1371,2376,2026-09-05,7813.91,NEFT
1372,2377,2026-08-09,5530.52,Cheque
1373,2378,2026-01-25,1851.92,UPI
1374,2379,2026-01-18,2377.58,NEFT
1375,2380,2025-11-22,2860.67,Cheque
1376,2381,2026-10-31,9365.32,Card
1377,2382,2026-01-19,5730.82,Card
1378,2383,2026-06-07,3667.11,Card
1379,2384,2026-02-17,4269.68,Card
1380,2384,2026-04-03,2665.22,Cheque
1381,2385,2026-01-15,2743.65,Cheque
1382,2386,2026-03-08,4858.37,Card
1383,2386,2026-02-13,4167.92,NEFT
1384,2387,2026-09-03,7169.85,Card
1385,2388,2026-06-17,4178.02,Card
1386,2389,2026-04-28,2060.89,UPI
1387,2389,2026-06-05,2330.41,Card
1388,2390,2026-06-13,3803.72,Cheque
1389,2391,2025-11-23,11091.64,NEFT
1390,2392,2026-07-31,5943.58,Cheque
1391,2394,2026-07-19,1592.61,NEFT
1392,2394,2026-07-18,708.03,Card
1393,2395,2026-07-28,8012.73,Card
1394,2396,2026-05-04,7718.67,UPI
1395,2397,2025-12-15,3283.55,NEFT
1396,2398,2026-01-01,3572.67,UPI
1397,2399,2026-04-28,4553.18,Cheque
1398,2400,2026-07-16,1786.6,Card
1399,2400,2026-08-11,200.22,Card
1400,2401,2026-02-09,5303.69,UPI
1401,2402,2026-05-23,1340.56,Card
1402,2403,2026-09-01,1796.54,UPI
1403,2404,2026-04-01,3325.97,NEFT
1404,2406,2026-01-25,7174.63,Cheque
1405,2407,2026-01-14,5065.0,NEFT
1406,2407,2026-01-26,1205.37,UPI
1407,2408,2025-10-22,15040.36,UPI
1408,2409,2025-12-19,2984.28,UPI
1409,2409,2025-12-23,2401.25,Cheque
1410,2410,2026-03-16,3215.28,Card
1411,2411,2026-09-11,1302.23,UPI
1412,2412,2026-03-11,1975.17,UPI
1413,2413,2026-06-20,5264.46,Cheque
1414,2415,2026-07-25,6303.53,NEFT
1415,2416,2025-10-05,13806.58,Card
1416,2417,2026-05-23,2046.22,Cheque
1417,2419,2026-07-31,1518.05,UPI
1418,2420,2026-01-17,6738.18,NEFT
1419,2421,2026-07-11,1844.77,UPI
1420,2422,2026-03-15,7829.05,NEFT
1421,2422,2026-04-03,1094.98,Cheque
1422,2423,2026-05-10,1525.57,NEFT
1423,2424,2026-07-19,561.84,NEFT
1424,2425,2025-11-14,2761.56,NEFT
1425,2426,2026-08-05,4524.26,Card
1426,2427,2026-04-23,7228.21,UPI
1427,2429,2026-05-13,1867.68,Card
1428,2430,2026-08-19,3246.54,Card
1429,2432,2026-07-17,2483.77,Card
1430,2435,2025-12-02,7750.26,UPI
1431,2436,2026-07-25,7260.21,UPI
1432,2437,2026-08-28,3541.28,NEFT
1433,2437,2026-07-17,495.08,UPI
1434,2438,2025-12-25,1221.16,Cheque
1435,2439,2026-08-05,4491.83,Card
1436,2440,2026-01-11,4948.98,Cheque
1437,2441,2025-10-07,5206.34,Card
1438,2441,2025-10-07,314.79,Card
1439,2442,2026-03-11,6730.77,Card
1440,2442,2026-03-02,1127.95,Card
1441,2443,2026-05-21,3591.41,Cheque
1442,2444,2026-04-20,2140.28,NEFT
1443,2444,2026-03-31,903.82,Cheque
1444,2445,2026-06-11,10279.1,UPI
1445,2446,2026-04-29,1576.52,Card
1446,2446,2026-04-26,2266.89,Card
1447,2447,2026-03-08,3368.49,NEFT
1448,2450,2026-09-08,4227.56,NEFT
1449,2451,2025-12-26,29361.5,UPI
1450,2452,2026-08-24,5235.15,UPI
1451,2453,2026-07-09,1439.16,Cheque
1452,2453,2026-06-26,465.22,UPI
1453,2455,2026-10-11,8446.01,Cheque
1454,2456,2026-10-11,3093.49,Cheque
1455,2457,2026-08-13,4931.6,Cheque
1456,2458,2025-10-02,10937.55,UPI
1457,2459,2026-05-29,12336.13,NEFT
1458,2460,2026-08-26,1611.14,NEFT
1459,2460,2026-08-04,1675.62,NEFT
1460,2462,2026-06-23,2177.28,NEFT
1461,2462,2026-06-30,3225.41,Cheque
1462,2463,2026-05-18,14633.29,UPI
1463,2464,2026-05-31,2074.24,NEFT
1464,2465,2026-05-20,6667.32,NEFT
1465,2467,2026-09-23,2439.57,Card
1466,2468,2025-10-08,13454.43,Cheque
1467,2469,2026-08-29,11042.04,Card
1468,2470,2025-11-12,17116.78,NEFT
1469,2472,2026-09-20,4223.91,NEFT
1470,2472,2026-09-24,817.06,Cheque
1471,2473,2026-02-16,8206.92,Card
1472,2474,2026-08-17,6520.2,NEFT
1473,2475,2026-03-03,2420.01,Cheque
1474,2476,2026-10-05,1761.06,UPI
1475,2477,2026-05-23,5094.28,UPI
1476,2477,2026-05-20,1622.75,NEFT
1477,2478,2026-04-01,5401.17,Cheque
1478,2479,2025-12-23,1728.39,Cheque
1479,2479,2025-12-21,2091.83,UPI
1480,2480,2026-01-14,4643.85,UPI
1481,2483,2026-06-02,6645.06,UPI
1482,2484,2026-06-30,9810.52,NEFT
1483,2485,2026-10-09,10844.06,Cheque
1484,2487,2026-09-22,3954.62,Card
1485,2488,2026-03-13,3799.71,Cheque
1486,2489,2025-10-17,6315.62,NEFT
1487,2490,2026-07-14,2025.69,Cheque
1488,2491,2026-03-11,6768.1,Cheque
1489,2493,2026-07-17,2605.75,Cheque
1490,2493,2026-06-08,1335.01,Cheque
1491,2494,2025-11-07,14665.24,NEFT
1492,2495,2026-09-18,9807.63,NEFT
1493,2496,2026-05-21,5520.67,UPI
1494,2497,2025-12-17,1641.53,NEFT
1495,2498,2026-08-07,6523.05,Card
1496,2500,2026-09-18,932.31,UPI
1497,2501,2025-10-31,6620.14,Card
1498,2502,2025-12-18,2114.01,NEFT
1499,2503,2026-04-19,1530.78,UPI
1500,2504,2026-08-26,1821.29,NEFT
1501,2504,2026-08-13,216.47,NEFT
1502,2506,2026-06-24,3608.78,NEFT
1503,2507,2025-10-24,2237.18,NEFT
1504,2508,2026-06-26,12452.3,UPI
1505,2509,2026-03-18,3751.62,UPI
1506,2510,2026-05-07,2811.1,Card
1507,2511,2026-09-18,1297.43,Cheque
1508,2511,2026-08-31,100.57,Cheque
1509,2512,2025-12-24,3550.52,Card
1510,2513,2026-06-22,7359.67,NEFT
1511,2513,2026-07-09,7404.41,Card
1512,2514,2026-01-27,16135.71,NEFT
1513,2516,2026-08-28,4729.56,Cheque
1514,2518,2025-12-28,1696.8,Cheque
1515,2518,2025-11-27,504.41,Card
1516,2519,2026-01-11,6717.3,Cheque
1517,2520,2026-07-23,33209.01,NEFT
1518,2521,2025-12-04,9221.42,NEFT
1519,2522,2025-10-18,8989.09,Cheque
1520,2524,2025-12-27,10303.31,Card
1521,2526,2026-06-06,1945.66,UPI
1522,2527,2026-05-18,2325.03,UPI
1523,2527,2026-04-13,2168.52,Cheque
1524,2529,2026-08-14,3990.57,UPI
1525,2530,2026-07-09,2080.72,UPI
1526,2530,2026-07-01,409.67,Card
1527,2531,2026-06-24,3502.06,NEFT
1528,2531,2026-05-17,158.22,UPI
1529,2532,2026-08-17,1077.94,Card
1530,2532,2026-08-13,445.81,UPI
1531,2533,2026-07-17,1661.26,NEFT
1532,2533,2026-08-02,1210.1,UPI
1533,2534,2025-12-07,6916.07,Card
1534,2537,2026-08-16,3701.18,Card
1535,2538,2026-09-28,5525.07,UPI
1536,2539,2025-10-31,23679.54,NEFT
1537,2540,2026-09-15,2809.03,UPI
1538,2541,2025-11-30,15949.56,Cheque
1539,2541,2025-12-16,2104.57,Card
1540,2542,2025-09-24,1575.15,UPI
1541,2543,2026-05-06,1070.5,Card
1542,2543,2026-05-07,203.76,NEFT
1543,2544,2025-11-14,4444.26,UPI
1544,2545,2025-11-22,3493.61,NEFT
1545,2545,2025-12-02,1358.82,UPI
1546,2546,2026-07-29,2023.71,NEFT
1547,2547,2025-10-18,2796.47,NEFT
1548,2547,2025-11-21,1046.12,UPI
1549,2550,2026-05-05,8886.24,UPI
1550,2550,2026-05-24,2384.02,NEFT
1551,2551,2026-01-27,12299.61,NEFT
1552,2552,2026-07-13,11996.76,Card
1553,2552,2026-05-30,1540.95,UPI
1554,2554,2025-10-16,2683.56,Cheque
1555,2555,2025-11-06,4354.19,Card
1556,2557,2025-11-13,3853.13,UPI
1557,2558,2026-08-02,9152.66,UPI
1558,2559,2025-11-20,8156.17,Cheque
1559,2560,2025-12-31,2483.79,UPI
1560,2561,2026-08-04,2006.73,UPI
1561,2562,2026-09-14,752.32,NEFT
1562,2562,2026-09-26,1103.23,Card
1563,2563,2026-02-22,2474.88,Cheque
1564,2564,2026-10-10,9836.99,UPI
1565,2565,2025-12-20,5607.48,UPI
1566,2566,2026-10-02,10486.8,UPI
1567,2567,2026-05-06,1283.28,UPI
1568,2568,2026-05-08,6222.37,Cheque
1569,2569,2026-04-04,6158.98,UPI
1570,2570,2026-02-09,13019.45,Cheque
1571,2571,2026-09-07,3604.43,UPI
1572,2572,2026-02-27,1860.29,Cheque
1573,2574,2026-10-09,4360.68,Card
1574,2575,2026-01-30,5761.83,NEFT
1575,2576,2025-12-28,7319.02,UPI
1576,2577,2026-08-02,1316.84,Card
1577,2579,2025-11-04,1846.57,Cheque
1578,2580,2026-02-13,4661.49,UPI
1579,2581,2025-12-31,3950.28,UPI
1580,2582,2025-12-30,3334.57,Card
1581,2583,2026-09-09,4797.34,NEFT
1582,2583,2026-09-21,3457.3,UPI
1583,2585,2026-06-29,2139.81,Cheque
1584,2586,2026-09-09,2082.49,Card
1585,2587,2025-12-06,9791.93,UPI
1586,2588,2026-07-07,4851.15,Cheque
1587,2589,2026-02-03,1600.25,NEFT
1588,2590,2025-12-19,3583.15,Cheque
1589,2591,2026-03-17,4408.25,UPI
1590,2592,2026-08-25,1863.21,UPI
1591,2593,2026-01-01,3003.87,NEFT
1592,2594,2025-09-30,10419.94,Card
1593,2595,2026-09-24,36640.0,Cheque
1594,2596,2025-12-04,6369.8,UPI
1595,2597,2026-07-18,1691.37,Cheque
1596,2598,2025-12-31,4200.95,UPI
1597,2600,2026-07-10,9379.37,Cheque
1598,2601,2025-12-03,9558.51,UPI
1599,2602,2026-01-03,14892.24,UPI
1600,2603,2026-05-13,4993.8,UPI
1601,2604,2025-11-23,5071.22,NEFT
1602,2606,2025-10-19,2223.79,Cheque
1603,2608,2026-08-09,2552.12,Cheque
1604,2609,2025-12-30,1989.61,NEFT
1605,2610,2026-08-13,1663.57,UPI
1606,2610,2026-07-30,436.74,UPI
1607,2611,2026-08-01,11951.54,NEFT
1608,2612,2026-08-06,1073.11,UPI
1609,2615,2026-05-05,3928.44,UPI
1610,2616,2026-06-25,14456.22,Card
1611,2617,2026-04-07,3092.27,UPI
1612,2618,2026-02-27,20288.06,UPI
1613,2620,2025-12-27,14477.83,Card
1614,2621,2025-10-12,2445.01,NEFT
1615,2622,2026-01-13,12781.52,Cheque
1616,2622,2025-12-19,3103.18,UPI
1617,2623,2026-08-08,3438.31,UPI
1618,2624,2026-01-27,12098.85,NEFT
1619,2625,2026-01-07,5696.29,UPI
1620,2625,2026-01-03,8156.39,UPI
1621,2626,2026-05-15,3148.97,Cheque
1622,2628,2025-10-13,3913.39,Cheque
1623,2628,2025-10-08,975.99,Card
1624,2629,2026-03-13,962.9,NEFT
1625,2629,2026-03-23,588.81,Card
1626,2632,2026-07-22,2191.07,Card
1627,2632,2026-07-24,774.37,UPI
1628,2633,2025-12-03,2447.85,NEFT
1629,2634,2026-01-19,6766.69,NEFT
1630,2635,2025-10-26,2272.71,NEFT
1631,2636,2026-04-18,1874.52,Cheque
1632,2637,2026-02-26,2170.03,Cheque
1633,2638,2026-03-10,1564.24,NEFT
1634,2638,2026-03-10,1269.55,Cheque
1635,2639,2026-01-16,3232.28,Card
1636,2639,2026-01-17,4206.99,UPI
1637,2640,2026-06-25,10346.99,NEFT
1638,2641,2026-02-05,10229.09,Card
1639,2642,2026-08-14,3511.78,Card
1640,2643,2025-10-29,4763.54,Card
1641,2644,2026-04-26,4316.56,Cheque
1642,2645,2026-04-26,7133.2,Card
1643,2646,2026-04-18,10891.88,NEFT
1644,2646,2026-03-20,1353.06,Card
1645,2647,2025-10-11,1898.92,NEFT
1646,2647,2025-10-02,2531.79,UPI
1647,2648,2025-10-07,7656.44,Card
1648,2649,2026-02-07,807.97,Cheque
1649,2649,2026-01-28,1045.56,Card
1650,2650,2026-09-24,9890.53,UPI
1651,2652,2026-05-24,2188.84,UPI
1652,2653,2026-04-20,11761.9,Card
1653,2654,2026-03-15,1852.37,Cheque
1654,2655,2026-06-06,710.69,Cheque
1655,2656,2025-10-28,8560.31,UPI
1656,2657,2026-05-05,6805.51,Cheque
1657,2658,2026-04-29,1897.66,Card
1658,2659,2026-03-01,6644.04,Cheque
1659,2660,2026-01-02,12747.57,NEFT
1660,2661,2026-06-02,6161.87,UPI
1661,2662,2025-12-25,35172.98,Card
1662,2663,2026-08-10,2531.03,Card
1663,2664,2026-03-07,836.03,Card
1664,2665,2026-06-01,1617.15,NEFT
1665,2667,2026-03-20,27675.74,Cheque
1666,2668,2026-06-25,4980.28,NEFT
1667,2670,2025-10-25,3765.18,Card
1668,2671,2025-11-23,1573.74,Card
1669,2671,2025-11-15,850.13,UPI
1670,2672,2026-04-13,1252.8,UPI
1671,2673,2026-04-30,3542.37,UPI
1672,2674,2026-09-07,9823.77,UPI
1673,2675,2026-10-21,4177.65,Card
1674,2676,2026-04-27,1392.96,UPI
1675,2677,2025-11-04,8431.19,NEFT
1676,2679,2026-01-20,3272.5,Cheque
1677,2680,2025-11-23,2960.61,Card
1678,2681,2025-12-08,1273.74,Card
1679,2682,2026-07-08,8263.86,NEFT
1680,2683,2026-04-02,3005.03,Cheque
1681,2683,2026-03-03,449.11,Card
1682,2684,2026-04-22,586.5,UPI
1683,2685,2025-11-15,1524.05,Card
1684,2686,2026-02-10,3421.29,Cheque
1685,2687,2026-05-03,3803.44,UPI
1686,2688,2026-07-12,2015.91,NEFT
1687,2689,2026-10-01,5219.87,NEFT
1688,2690,2026-07-23,2417.47,UPI
1689,2691,2026-04-25,2989.84,NEFT
1690,2692,2025-11-09,4030.19,UPI
1691,2694,2025-11-17,19183.44,Card
1692,2696,2025-10-16,2739.54,UPI
1693,2697,2026-04-15,1564.67,NEFT
1694,2698,2025-12-19,2014.46,UPI
1695,2698,2026-01-06,121.35,Cheque
1696,2700,2025-11-18,2497.4,Cheque
1697,2701,2026-05-18,1924.89,Cheque
1698,2702,2026-04-23,6635.59,NEFT
1699,2702,2026-04-30,4721.82,Cheque
1700,2703,2026-09-23,2549.49,NEFT
1701,2704,2026-07-12,425.9,Card
1702,2704,2026-07-27,628.3,Cheque
1703,2705,2026-06-03,4988.72,Card
1704,2708,2026-04-18,8145.27,NEFT
1705,2709,2025-11-29,10032.8,Card
1706,2709,2025-11-11,3363.16,Cheque
1707,2711,2026-02-06,6184.12,Card
1708,2712,2026-07-21,4072.5,UPI
1709,2713,2025-09-28,4955.93,Card
1710,2713,2025-09-18,2542.04,UPI
1711,2714,2025-12-23,1542.93,UPI
1712,2715,2026-05-26,8193.27,Card
1713,2716,2026-02-06,6270.49,Card
1714,2717,2026-03-17,2320.6,Card
1715,2718,2026-08-17,29256.92,Cheque
1716,2719,2026-03-20,1685.21,Card
1717,2720,2026-06-12,6509.46,NEFT
1718,2721,2026-03-09,2324.88,UPI
1719,2722,2026-02-24,7939.42,UPI
1720,2724,2025-10-18,9298.76,UPI
1721,2725,2026-08-11,2990.2,UPI
1722,2726,2026-04-05,10509.95,Card
1723,2727,2026-01-02,3117.65,UPI
1724,2728,2026-04-20,7393.64,NEFT
1725,2729,2025-12-11,3663.03,NEFT
1726,2730,2026-01-16,1397.78,NEFT
1727,2731,2026-07-04,19615.6,Cheque
1728,2732,2026-10-02,13524.4,Cheque
1729,2733,2026-07-13,2520.67,Card
1730,2735,2026-09-07,1949.27,UPI
1731,2736,2026-07-03,7241.13,Card
1732,2737,2026-02-26,2866.22,Cheque
1733,2737,2026-01-25,2327.51,Card
1734,2738,2025-10-21,19147.15,UPI
1735,2739,2026-08-11,6520.55,UPI
1736,2740,2026-02-26,1452.53,UPI
1737,2741,2025-09-24,6859.73,Cheque
1738,2741,2025-10-11,4440.83,NEFT
1739,2742,2025-12-22,3514.77,UPI
1740,2743,2026-02-26,3384.65,NEFT
1741,2744,2026-08-21,3187.61,Cheque
1742,2744,2026-09-25,1930.56,Cheque
1743,2745,2026-06-26,3157.21,NEFT
1744,2746,2026-05-24,13272.75,NEFT
1745,2746,2026-05-10,7743.38,UPI
1746,2747,2025-09-29,9521.84,Cheque
1747,2748,2026-09-02,1751.09,UPI
1748,2748,2026-08-31,251.29,Cheque
1749,2749,2026-09-24,2793.78,Card
1750,2750,2026-01-26,1309.31,Card
1751,2750,2026-01-12,444.42,NEFT
1752,2751,2026-02-18,10844.08,NEFT
1753,2753,2026-02-08,2289.03,Cheque
1754,2754,2026-10-15,17582.34,NEFT
1755,2755,2026-01-15,7488.29,Card
1756,2756,2026-08-23,5800.0,UPI
1757,2758,2026-05-02,1320.35,NEFT
1758,2758,2026-04-21,366.81,NEFT
1759,2760,2026-06-16,3576.33,Cheque
1760,2761,2026-02-26,9837.27,NEFT
1761,2762,2026-05-29,3699.41,Cheque
1762,2762,2026-06-07,4638.59,NEFT
1763,2763,2026-04-13,2192.58,NEFT
1764,2763,2026-02-24,2568.99,Cheque
1765,2765,2026-08-25,18851.31,UPI
1766,2766,2025-10-19,1017.96,Card
1767,2767,2026-07-30,3160.46,NEFT
1768,2768,2025-11-22,12412.01,NEFT
1769,2769,2026-04-09,16404.87,Card
1770,2770,2026-08-07,4477.79,Cheque
1771,2771,2026-04-18,1824.02,Card
1772,2772,2026-03-31,2904.31,Cheque
1773,2773,2026-10-01,1587.08,Card
1774,2774,2026-08-25,24799.86,Cheque
1775,2775,2026-08-27,4441.5,UPI
1776,2776,2026-09-11,5972.15,Cheque
1777,2777,2025-12-20,6593.7,Cheque
1778,2778,2026-03-08,9558.04,NEFT
1779,2778,2026-02-24,6829.23,Cheque
1780,2779,2026-07-09,3575.24,Cheque
1781,2780,2026-08-04,3083.84,Cheque
1782,2780,2026-07-11,698.84,UPI
1783,2781,2026-06-15,9719.87,Card
1784,2782,2026-03-10,1189.47,UPI
1785,2785,2026-03-09,6011.35,Cheque
1786,2785,2026-03-11,75.1,NEFT
1787,2786,2025-11-15,2356.34,Cheque
1788,2786,2025-12-30,5.03,NEFT
1789,2787,2025-12-27,4318.89,NEFT
1790,2787,2026-01-29,5575.19,UPI
1791,2789,2026-04-10,4405.73,NEFT
1792,2789,2026-03-07,1196.74,NEFT
1793,2790,2026-03-01,5954.92,NEFT
1794,2792,2025-11-30,4683.98,UPI
1795,2793,2025-09-18,1550.87,UPI
1796,2795,2026-07-07,6692.21,Card
1797,2796,2026-08-05,11523.01,UPI
1798,2797,2025-12-28,3315.5,UPI
1799,2798,2026-05-26,3169.83,UPI
1800,2799,2026-02-22,8393.51,Cheque
1801,2800,2026-10-08,4917.86,Card
1802,2802,2026-05-21,6383.18,Card
1803,2804,2026-06-04,1840.44,Card
1804,2805,2026-01-18,3204.45,NEFT
1805,2805,2026-01-05,1378.66,UPI
1806,2807,2026-03-04,3262.23,Cheque
1807,2808,2026-06-15,10485.99,Card
1808,2809,2025-11-18,7360.3,NEFT
1809,2810,2026-01-25,2209.49,Cheque
1810,2810,2026-01-30,1796.45,NEFT
1811,2811,2026-09-21,5564.23,Cheque
1812,2812,2026-06-01,3699.79,Cheque
1813,2814,2026-01-08,4303.5,Card
1814,2815,2025-12-06,1213.28,UPI
1815,2816,2026-08-13,4427.92,UPI
1816,2816,2026-08-13,682.89,Card
1817,2817,2026-05-26,2887.45,UPI
1818,2817,2026-04-14,3562.75,NEFT
1819,2819,2025-11-14,7108.88,NEFT
1820,2820,2026-04-26,2965.68,UPI
1821,2822,2026-04-17,2070.79,NEFT
1822,2822,2026-04-04,76.91,UPI
1823,2823,2026-07-18,3353.5,UPI
1824,2824,2026-06-27,3401.68,UPI
1825,2825,2025-10-18,4135.04,Card
1826,2826,2026-03-08,3624.05,Cheque
1827,2827,2025-11-22,2331.17,NEFT
1828,2827,2025-12-19,1825.51,NEFT
1829,2828,2025-12-30,3566.52,Card
1830,2829,2026-09-09,4276.86,Cheque
1831,2830,2026-02-21,2427.15,Cheque
1832,2831,2026-04-17,1826.54,Card
1833,2832,2026-01-12,4132.94,NEFT
1834,2834,2025-11-21,2042.57,NEFT
1835,2837,2026-04-03,4363.19,Card
1836,2838,2026-07-10,9131.37,Card
1837,2839,2025-10-03,10604.74,Card
1838,2840,2026-07-16,5971.83,Cheque
1839,2841,2026-03-11,13157.24,NEFT
1840,2842,2025-10-18,3721.85,UPI
1841,2843,2025-10-09,9792.3,UPI
1842,2844,2026-04-08,1692.74,NEFT
1843,2844,2026-04-03,1369.14,Card
1844,2845,2026-04-05,6336.01,NEFT
1845,2847,2026-09-10,5229.7,Card
1846,2848,2025-11-13,2310.45,NEFT
1847,2850,2026-04-22,7806.58,NEFT
1848,2852,2026-01-29,4250.81,NEFT
1849,2853,2025-10-04,16602.03,Card
1850,2854,2026-05-17,2345.4,UPI
1851,2855,2025-11-05,9040.55,Card
1852,2856,2026-09-06,2771.17,NEFT
1853,2857,2025-12-11,3997.65,Cheque
1854,2857,2025-11-15,341.13,Card
1855,2858,2026-07-04,1527.61,Card
1856,2858,2026-08-08,569.83,NEFT
1857,2860,2026-04-18,5227.68,UPI
1858,2861,2026-04-14,9620.26,UPI
1859,2861,2026-04-15,4458.04,NEFT
1860,2862,2026-06-30,7016.33,Card
1861,2863,2026-02-04,5854.33,Card
1862,2863,2026-03-08,531.66,Card
1863,2865,2025-10-18,7829.43,NEFT
1864,2866,2026-02-19,1773.88,UPI
1865,2866,2026-03-03,595.29,Cheque
1866,2867,2026-03-21,1300.59,Cheque
1867,2868,2026-08-16,6700.39,Cheque
1868,2870,2026-02-15,2244.03,UPI
1869,2871,2026-06-01,6373.06,UPI
1870,2873,2026-01-16,3978.41,Card
1871,2874,2026-04-05,1905.09,Cheque
1872,2875,2026-08-31,4447.21,NEFT
1873,2877,2026-06-14,5493.65,Cheque
1874,2878,2025-10-18,1006.97,NEFT
1875,2878,2025-09-29,903.67,NEFT
1876,2879,2026-06-07,2256.2,Card
1877,2880,2026-09-13,11339.41,Cheque
1878,2881,2026-08-17,9192.96,NEFT
1879,2882,2026-07-28,12688.65,NEFT
1880,2883,2025-12-21,1137.74,Cheque
1881,2885,2026-09-16,11047.07,Card
1882,2886,2025-10-22,8030.95,Card
1883,2887,2026-08-10,6926.0,Cheque
1884,2889,2026-09-03,3044.39,UPI
1885,2890,2026-06-05,5130.6,Cheque
1886,2891,2026-09-07,3492.54,Card
1887,2893,2026-02-07,5150.75,NEFT
1888,2894,2026-05-28,1458.43,NEFT
1889,2894,2026-04-30,840.66,Card
1890,2895,2026-09-04,8309.43,Card
1891,2896,2026-04-19,13638.02,NEFT
1892,2897,2026-08-27,14386.14,UPI
1893,2900,2025-11-19,1974.8,Cheque
1894,2901,2026-04-05,2922.29,UPI
1895,2902,2026-07-22,3129.35,NEFT
1896,2902,2026-08-07,1240.64,Card
1897,2903,2026-06-30,8032.51,UPI
1898,2904,2025-11-07,3093.07,NEFT
1899,2905,2026-02-27,3911.29,UPI
1900,2906,2026-06-28,7823.47,Cheque
1901,2907,2026-07-21,5579.65,Cheque
1902,2908,2026-01-09,5158.38,Cheque
1903,2910,2026-06-30,3869.26,Cheque
1904,2911,2026-10-04,3434.28,UPI
1905,2912,2026-07-23,4996.26,UPI
1906,2913,2025-11-16,3535.79,Card
1907,2914,2025-11-21,3172.05,Card
1908,2915,2026-05-08,5525.98,Cheque
1909,2916,2025-12-07,26757.68,Cheque
1910,2918,2025-12-07,1013.06,Card
1911,2918,2025-11-24,190.48,UPI
1912,2919,2026-03-30,6622.51,UPI
1913,2920,2025-12-28,1614.84,NEFT
1914,2921,2025-12-13,2355.09,Card
1915,2922,2026-04-02,8780.39,NEFT
1916,2923,2025-11-21,5318.46,Cheque
1917,2924,2025-10-24,36544.67,Card
1918,2926,2025-11-06,2771.58,UPI
1919,2927,2026-08-13,13028.73,Cheque
1920,2928,2026-09-03,3317.25,Card
1921,2928,2026-08-08,1771.41,Card
1922,2929,2025-10-17,2146.09,NEFT
1923,2930,2026-08-22,1919.95,Card
1924,2930,2026-09-26,551.56,Cheque
1925,2932,2026-06-05,7091.35,NEFT
1926,2932,2026-06-18,1370.34,NEFT
1927,2933,2025-12-13,13834.15,NEFT
1928,2934,2026-03-28,9497.2,UPI
1929,2935,2026-09-30,7876.34,Cheque
1930,2937,2026-04-27,5189.14,UPI
1931,2937,2026-04-17,3029.26,NEFT
1932,2938,2025-11-06,2427.48,Card
1933,2940,2026-04-21,3310.97,Card
1934,2941,2026-07-01,6042.06,UPI
1935,2941,2026-07-24,7683.49,Cheque
1936,2942,2026-06-13,2329.73,Cheque
1937,2944,2026-07-01,5728.09,Cheque
1938,2945,2025-12-02,23398.09,Card
1939,2946,2025-11-17,9001.13,Cheque
1940,2947,2026-08-01,7850.09,UPI
1941,2948,2026-05-18,2062.66,Cheque
1942,2949,2026-09-02,8537.59,Cheque
1943,2950,2025-12-12,2055.43,Card
1944,2951,2025-11-04,8972.7,Cheque
1945,2952,2026-01-04,1220.35,Cheque
1946,2953,2025-12-21,3811.95,UPI
1947,2954,2026-10-23,967.48,Cheque
1948,2955,2026-09-29,2463.71,UPI
1949,2956,2026-07-26,1599.6,NEFT
1950,2957,2025-11-29,6908.38,Card
1951,2957,2025-11-21,1509.72,UPI
1952,2958,2026-06-19,3992.17,UPI
1953,2959,2026-08-15,3439.79,NEFT
1954,2960,2025-12-18,5491.14,Cheque
1955,2961,2025-11-19,2562.83,NEFT
1956,2961,2025-11-06,9.18,Card
1957,2962,2026-08-28,6468.39,UPI
1958,2963,2026-01-08,4698.57,UPI
1959,2964,2025-10-20,31005.15,UPI
1960,2965,2026-02-11,18471.87,Card
1961,2966,2026-01-14,10610.94,Card
1962,2967,2026-07-06,6317.33,UPI
1963,2968,2026-04-18,5188.26,UPI
1964,2968,2026-03-10,1810.44,NEFT
1965,2969,2026-05-05,13492.71,Card
1966,2970,2025-10-27,6296.23,UPI
1967,2971,2025-11-26,3198.87,Cheque
1968,2972,2026-08-10,3152.69,NEFT
1969,2974,2026-09-03,4588.96,NEFT
1970,2975,2026-04-04,617.33,NEFT
1971,2976,2025-12-14,4885.07,NEFT
1972,2977,2026-04-06,2774.09,Card
1973,2977,2026-03-01,1345.33,Card
1974,2978,2025-12-13,10101.28,Card
1975,2979,2026-06-11,13318.39,NEFT
1976,2981,2026-05-13,7949.19,UPI
1977,2982,2026-07-13,5646.63,NEFT
1978,2983,2026-05-26,1280.64,UPI
1979,2983,2026-05-22,1898.21,Card
1980,2984,2026-06-01,2160.38,UPI
1981,2985,2026-09-16,10389.6,UPI
1982,2986,2026-04-28,4466.63,Cheque
1983,2986,2026-05-09,424.76,Cheque
1984,2987,2025-12-21,7024.27,Card
1985,2988,2025-10-17,3766.28,Card
1986,2988,2025-10-20,1308.55,NEFT
1987,2989,2026-04-16,2917.05,Card
1988,2989,2026-05-03,2264.85,UPI
1989,2990,2026-07-21,5958.47,UPI
1990,2991,2026-04-06,7008.36,Cheque
1991,2992,2026-07-03,10612.3,Cheque
1992,2993,2026-01-23,1865.62,UPI
1993,2994,2025-10-27,7990.89,Cheque
1994,2995,2026-03-19,1784.12,Cheque
1995,2996,2026-06-22,4218.91,Cheque
1996,2998,2026-09-11,4702.78,Cheque
1997,2999,2026-05-19,4852.16,Cheque
1998,3000,2026-02-18,5578.78,Card
1999,3002,2026-03-12,11149.55,Cheque
2000,3003,2026-08-04,5499.64,Card
2001,3003,2026-07-18,4653.24,Card
2002,3004,2026-03-05,1394.58,Card
2003,3004,2026-03-06,308.29,Cheque
2004,3005,2025-09-08,7928.03,Cheque
2005,3006,2025-12-03,734.35,UPI
2006,3007,2026-08-24,909.26,NEFT
2007,3008,2026-07-04,12287.56,UPI
2008,3009,2026-05-09,1571.29,Card
2009,3010,2025-10-24,4332.47,NEFT
2010,3012,2026-02-12,7976.12,Card
2011,3013,2025-10-28,6722.35,Cheque
2012,3016,2026-08-08,3032.21,Cheque
2013,3017,2025-11-05,2276.06,Card
2014,3018,2026-09-02,5358.1,Cheque
2015,3019,2026-02-15,6021.65,NEFT
2016,3020,2026-08-24,4406.87,Cheque
2017,3021,2026-03-29,835.58,UPI
2018,3022,2026-08-27,17484.9,Card
2019,3023,2026-08-15,10583.19,Card
2020,3025,2026-02-20,8329.79,UPI
2021,3025,2026-01-22,2520.38,Cheque
2022,3026,2025-12-11,3554.94,Card
2023,3026,2025-12-12,198.29,NEFT
2024,3027,2026-05-14,6446.06,UPI
2025,3028,2026-05-21,1073.44,Card
2026,3029,2026-06-08,3920.52,UPI
2027,3030,2026-06-26,3992.3,UPI
2028,3031,2026-09-18,5952.93,Card
2029,3033,2026-05-24,4928.17,NEFT
2030,3034,2026-04-23,3130.67,Card
2031,3034,2026-03-28,336.8,Card
2032,3035,2026-08-10,3450.57,NEFT
2033,3035,2026-08-25,47.85,UPI
2034,3037,2026-06-18,6909.07,Cheque
2035,3038,2025-11-11,7667.44,Cheque
2036,3039,2025-10-23,5268.64,Cheque
2037,3040,2026-04-20,6003.07,NEFT
2038,3041,2026-10-12,10516.69,NEFT
2039,3042,2025-10-10,5287.29,NEFT
2040,3043,2025-11-03,4329.0,UPI
2041,3044,2026-05-18,28433.92,UPI
2042,3045,2026-06-04,2590.35,NEFT
2043,3047,2025-12-22,5359.64,Cheque
2044,3048,2026-04-21,11542.49,NEFT
2045,3049,2025-09-28,2639.01,UPI
2046,3050,2025-12-03,5868.86,UPI
2047,3053,2026-07-04,8099.71,Card
2048,3053,2026-08-09,7278.45,Cheque
2049,3054,2026-01-14,3532.01,Card
2050,3055,2025-10-15,2548.36,Cheque
2051,3057,2025-09-26,21520.14,NEFT
2052,3058,2026-05-12,14265.73,Cheque
2053,3059,2025-12-07,4199.14,UPI
2054,3060,2025-11-07,9959.6,Cheque
2055,3061,2026-09-28,2115.16,UPI
2056,3062,2025-12-31,7600.94,UPI
2057,3063,2025-12-14,3543.05,Cheque
2058,3064,2026-04-07,6599.78,Cheque
2059,3064,2026-04-20,487.61,Cheque
2060,3065,2025-11-11,1665.98,Cheque
2061,3066,2026-07-15,2726.6,Cheque
2062,3068,2026-09-23,5734.53,Card
2063,3069,2025-12-27,1551.44,NEFT
2064,3070,2026-07-05,1490.81,NEFT
2065,3070,2026-07-05,807.01,Card
2066,3071,2026-07-29,6895.41,Card
2067,3072,2026-04-14,6386.93,Card
2068,3073,2026-06-20,8447.1,NEFT
2069,3074,2025-11-26,5821.74,Cheque
2070,3075,2026-11-19,1656.08,UPI
2071,3077,2026-04-30,7646.56,UPI
2072,3078,2026-09-22,2243.63,UPI
2073,3079,2026-01-21,1880.32,UPI
2074,3079,2026-02-09,150.86,Cheque
2075,3080,2025-12-26,3923.79,UPI
2076,3081,2026-06-27,6212.71,UPI
2077,3082,2026-01-02,1038.91,Card
2078,3083,2026-03-05,4118.32,Card
2079,3084,2026-05-23,7570.7,NEFT
2080,3085,2026-06-27,8861.59,Card
2081,3086,2026-09-14,2239.88,NEFT
2082,3087,2026-07-17,6732.79,NEFT
2083,3088,2026-10-04,11071.7,UPI
2084,3089,2026-06-16,8123.83,Cheque
2085,3090,2026-04-18,3596.36,NEFT
2086,3091,2026-10-10,741.76,Cheque
2087,3092,2025-10-16,5911.54,Card
2088,3093,2026-08-10,17677.44,UPI
2089,3094,2026-01-02,9666.7,Cheque
2090,3095,2026-06-22,9144.05,Card
2091,3096,2026-06-18,5721.44,Card
2092,3097,2026-07-26,10245.76,Cheque
2093,3099,2026-05-24,1236.66,Card
2094,3100,2026-05-29,10203.2,NEFT
2095,3101,2026-08-20,2235.94,Card
2096,3101,2026-08-05,274.69,NEFT
2097,3102,2026-04-19,5276.3,UPI
2098,3103,2025-09-15,9032.19,Cheque
2099,3104,2025-11-14,2745.87,Card
2100,3105,2026-04-06,2229.46,Cheque
2101,3105,2026-04-24,43.48,Cheque
2102,3106,2026-06-20,7324.13,Cheque
2103,3107,2025-10-24,2051.57,NEFT
2104,3108,2026-04-12,2082.48,Cheque
2105,3109,2026-08-24,9158.87,Card
2106,3111,2025-12-12,1202.18,Card
2107,3112,2025-11-17,2993.21,UPI
2108,3112,2025-11-09,1204.21,Cheque
2109,3113,2026-03-09,13811.17,NEFT
2110,3114,2026-09-29,3636.21,NEFT
2111,3116,2026-06-07,8949.31,NEFT
2112,3117,2026-08-14,3066.86,UPI
2113,3118,2026-06-03,7045.1,Cheque
2114,3119,2026-03-11,4673.79,Cheque
2115,3120,2026-09-06,10356.22,Card
2116,3121,2025-12-08,1362.5,UPI
2117,3124,2026-06-24,2024.11,Cheque
2118,3125,2026-07-05,4514.06,NEFT
2119,3126,2026-04-18,9773.82,NEFT
2120,3127,2026-05-31,2112.25,Cheque
2121,3128,2026-08-06,2386.42,UPI
2122,3129,2025-12-06,5074.99,Card
2123,3130,2026-09-08,2597.5,Card
2124,3130,2026-08-09,929.5,Cheque
2125,3131,2026-06-14,6111.25,NEFT
2126,3133,2026-01-29,6216.65,UPI
2127,3134,2026-03-25,4958.97,NEFT
2128,3135,2026-07-04,9693.66,Card
2129,3136,2025-12-29,4597.52,Card
2130,3137,2025-10-15,1134.1,UPI
2131,3138,2026-03-19,12599.58,NEFT
2132,3139,2026-04-22,722.17,Card
2133,3140,2026-07-19,5262.79,Cheque
2134,3141,2025-11-07,3738.55,UPI
2135,3142,2026-05-08,2389.38,UPI
2136,3143,2026-02-13,6349.03,Card
2137,3144,2026-07-29,7222.55,UPI
2138,3145,2025-12-07,2091.6,UPI
2139,3146,2026-02-14,1170.84,UPI
2140,3147,2026-02-23,1758.86,Cheque
2141,3148,2026-09-06,21328.15,NEFT
2142,3150,2026-09-08,5119.61,NEFT
2143,3151,2026-07-01,1363.2,NEFT
2144,3152,2026-03-15,4451.13,NEFT
2145,3153,2025-11-15,594.3,NEFT
2146,3153,2025-10-23,265.46,UPI
2147,3154,2025-10-09,6431.33,Cheque
2148,3155,2026-03-17,1099.79,UPI
2149,3155,2026-03-11,1157.55,Cheque
2150,3157,2026-03-12,10930.36,Card
2151,3158,2026-09-09,3433.7,NEFT
2152,3158,2026-09-05,985.87,Cheque
2153,3160,2026-09-16,6453.57,Card
2154,3160,2026-11-10,6677.3,NEFT
2155,3161,2026-10-30,3277.91,NEFT
2156,3162,2026-06-22,4768.57,NEFT
2157,3162,2026-06-10,210.84,NEFT
2158,3163,2026-08-19,11658.74,Cheque
2159,3164,2026-05-12,3249.22,NEFT
2160,3165,2025-12-29,6655.56,NEFT
2161,3165,2026-01-18,5937.49,NEFT
2162,3166,2026-08-26,990.88,UPI
2163,3167,2026-05-08,3764.41,UPI
2164,3168,2026-07-20,5807.98,NEFT
2165,3169,2026-09-25,1906.82,Card
2166,3170,2026-03-14,6719.87,Card
2167,3173,2026-06-05,2699.54,Cheque
2168,3174,2025-11-08,2488.81,Cheque
2169,3176,2026-05-14,18128.9,Cheque
2170,3177,2026-03-05,4225.46,Cheque
2171,3180,2026-06-06,6057.8,UPI
2172,3181,2025-10-16,2598.62,NEFT
2173,3182,2025-12-15,3734.82,NEFT
2174,3183,2025-12-29,14191.27,NEFT
2175,3184,2026-06-13,1964.4,Cheque
2176,3185,2026-09-25,3139.74,UPI
2177,3186,2026-04-24,1005.11,UPI
2178,3187,2026-10-13,21500.21,Card
2179,3188,2026-01-11,8465.2,Cheque
2180,3189,2026-03-25,2930.26,UPI
2181,3189,2026-05-02,1875.36,NEFT
2182,3190,2026-04-07,1212.88,UPI
2183,3190,2026-03-31,1602.18,NEFT
2184,3191,2026-02-16,2704.81,UPI
2185,3192,2025-12-09,4031.64,Card
2186,3193,2026-03-13,7436.19,Cheque
2187,3194,2025-10-08,2135.22,Cheque
2188,3195,2026-08-11,3451.97,UPI
2189,3196,2026-03-26,9926.88,Card
2190,3197,2026-02-22,10651.07,NEFT
2191,3197,2026-02-16,7464.0,NEFT
2192,3198,2025-11-04,4502.37,Cheque
2193,3198,2025-12-03,3221.06,NEFT
2194,3199,2026-05-20,2943.67,NEFT
2195,3200,2026-06-08,4416.86,NEFT
2196,3201,2026-07-02,6953.66,Card
2197,3202,2026-09-02,3960.06,NEFT
2198,3203,2026-06-15,6558.63,Cheque
2199,3203,2026-07-20,2278.0,Cheque
2200,3204,2026-04-13,1381.73,Card
2201,3204,2026-04-11,1406.48,UPI
2202,3205,2025-12-31,8430.74,Cheque
2203,3205,2026-01-19,9744.56,NEFT
2204,3207,2026-05-29,3017.86,NEFT
2205,3208,2026-07-18,8026.29,NEFT
2206,3209,2026-07-16,2284.44,UPI
2207,3210,2026-01-23,4012.49,Cheque
2208,3210,2026-04-10,1615.62,Cheque
2209,3211,2026-04-06,15341.49,Cheque
2210,3213,2025-11-09,12968.73,Cheque
2211,3214,2026-09-24,1779.98,Card
2212,3215,2026-06-06,4600.14,Card
2213,3215,2026-08-31,5038.87,NEFT
2214,3216,2025-11-18,1522.53,UPI
2215,3216,2025-11-17,822.1,Card
2216,3217,2025-12-25,8540.6,NEFT
2217,3217,2026-02-05,4432.73,Cheque
2218,3218,2025-12-17,3153.66,Card
2219,3219,2026-02-15,3502.7,UPI
2220,3220,2025-09-27,2360.05,Card
2221,3221,2026-05-01,726.04,UPI
2222,3222,2026-07-27,2004.84,Cheque
2223,3223,2026-04-08,1299.27,UPI
2224,3224,2026-01-09,976.22,Card
2225,3225,2026-01-04,6325.5,UPI
2226,3226,2025-11-14,16934.14,Cheque
2227,3227,2025-11-11,20481.79,NEFT
2228,3227,2025-10-23,577.03,UPI
2229,3229,2026-08-11,4579.11,Card
2230,3230,2026-09-18,12695.76,Card
2231,3231,2025-11-29,1547.5,Card
2232,3232,2025-12-17,13096.19,UPI
2233,3233,2026-08-27,13269.58,NEFT
2234,3235,2026-05-06,759.25,Card
2235,3236,2026-01-20,3630.02,Card
2236,3237,2026-05-21,10589.87,Card
2237,3239,2026-08-29,962.68,UPI
2238,3239,2026-08-14,16.34,UPI
2239,3240,2026-01-26,4735.21,NEFT
2240,3240,2026-01-26,529.0,Cheque
2241,3241,2026-09-06,3906.76,Cheque
2242,3241,2026-08-23,4388.18,UPI
2243,3242,2026-04-07,2025.14,UPI
2244,3242,2026-04-30,876.54,UPI
2245,3243,2026-02-13,2434.37,Card
2246,3244,2026-07-29,8254.75,Cheque
2247,3245,2026-08-05,1431.25,Cheque
2248,3246,2026-07-04,2647.31,Card
2249,3247,2026-02-10,6241.79,NEFT
2250,3248,2025-12-10,6825.3,Card
2251,3249,2026-03-14,4179.94,Card
2252,3250,2026-06-16,16395.8,NEFT
2253,3251,2025-10-28,9108.94,Card
2254,3252,2026-03-01,3666.07,NEFT
2255,3252,2026-02-08,110.01,Cheque
2256,3253,2026-04-14,1780.46,UPI
2257,3254,2026-06-26,11051.61,UPI
2258,3255,2026-10-25,11365.91,NEFT
2259,3256,2025-11-29,4619.18,Card
2260,3257,2025-10-20,5493.97,UPI
2261,3257,2025-09-22,745.8,Card
2262,3258,2026-06-29,8762.07,Cheque
2263,3259,2026-01-03,18027.9,Cheque
2264,3260,2026-08-18,9782.82,Cheque
2265,3260,2026-09-07,385.18,NEFT
2266,3262,2026-04-22,9087.57,Cheque
2267,3262,2026-04-21,1432.0,Card
2268,3263,2026-08-19,12557.74,Card
2269,3264,2026-01-30,6142.78,Card
2270,3264,2026-02-17,66.3,UPI
2271,3265,2026-06-10,10417.23,Card
2272,3266,2026-07-13,2910.69,Cheque
2273,3267,2026-03-27,11446.12,NEFT
2274,3268,2026-07-25,2930.11,UPI
2275,3269,2026-05-10,1646.58,UPI
2276,3270,2025-12-30,4510.3,NEFT
2277,3271,2026-06-05,1230.48,Cheque
2278,3271,2026-05-31,478.73,Card
2279,3272,2026-06-02,3102.59,Cheque
2280,3273,2026-02-07,2974.19,NEFT
2281,3273,2026-02-24,3793.89,Card
2282,3274,2026-04-28,6244.98,Card
2283,3275,2026-06-22,8340.18,NEFT
2284,3276,2026-01-09,8443.87,Cheque
2285,3277,2025-10-01,6745.03,NEFT
2286,3278,2025-10-20,2529.75,Cheque
2287,3279,2026-08-12,10465.18,NEFT
2288,3280,2025-10-27,4580.21,UPI
2289,3281,2026-03-01,4784.62,Card
2290,3281,2026-02-01,1275.05,UPI
2291,3282,2026-01-31,3347.53,UPI
2292,3282,2026-02-28,2086.73,Cheque
2293,3283,2025-12-23,17621.48,NEFT
2294,3284,2026-02-27,1922.33,NEFT
2295,3287,2026-04-10,2864.82,Card
2296,3287,2026-03-14,2223.59,NEFT
2297,3290,2025-11-05,3115.42,UPI
2298,3290,2025-10-24,859.06,NEFT
2299,3293,2026-07-01,4370.94,UPI
2300,3294,2026-06-23,5765.08,Cheque
2301,3295,2026-02-19,932.16,UPI
2302,3295,2026-03-08,1070.85,Cheque
2303,3296,2025-10-07,6827.51,UPI
2304,3297,2026-06-27,5037.9,UPI
2305,3299,2026-05-29,4194.96,UPI
2306,3301,2026-05-30,5678.45,Card
2307,3301,2026-06-22,2628.79,NEFT
2308,3302,2026-01-25,6110.32,Cheque
2309,3302,2026-03-08,23.42,Card
2310,3304,2025-10-27,6236.2,UPI
2311,3305,2026-09-17,3503.92,Card
2312,3306,2026-09-16,2837.38,Card
2313,3307,2026-03-02,14713.66,NEFT
2314,3308,2026-10-23,2371.27,Cheque
2315,3309,2026-01-24,2595.28,Card
2316,3311,2026-02-12,15829.1,Card
2317,3312,2026-04-04,9640.81,UPI
2318,3313,2026-06-07,3833.03,Card
2319,3314,2026-05-04,8163.54,NEFT
2320,3315,2025-11-25,842.8,Cheque
2321,3316,2026-06-24,7313.09,NEFT
2322,3318,2026-09-02,9940.22,Card
2323,3318,2026-08-26,9135.95,Cheque
2324,3319,2026-06-29,6709.15,Cheque
2325,3320,2026-08-12,2610.59,Cheque
2326,3321,2026-07-02,2593.15,NEFT
2327,3322,2026-07-11,2606.16,Cheque
2328,3323,2025-12-01,8032.38,UPI
2329,3324,2026-03-30,2573.8,UPI
2330,3325,2026-07-18,2494.11,Card
2331,3326,2025-11-02,15411.37,UPI
2332,3327,2026-05-25,6293.25,UPI
2333,3329,2026-04-06,7774.39,UPI
2334,3330,2026-05-11,3999.58,UPI
2335,3331,2026-06-30,817.02,NEFT
2336,3331,2026-05-28,400.46,NEFT
2337,3332,2025-12-23,3354.26,NEFT
2338,3333,2026-10-19,2097.45,Cheque
2339,3334,2025-11-17,2879.5,Card
2340,3334,2025-11-24,3255.81,Card
2341,3338,2026-03-16,33056.08,Cheque
2342,3340,2025-10-29,5977.71,Card
2343,3341,2026-05-07,4793.95,UPI
2344,3342,2025-11-02,3106.09,UPI
2345,3343,2026-04-12,1343.07,Card
2346,3344,2026-04-17,802.83,Cheque
2347,3345,2026-01-10,2159.68,UPI
2348,3345,2025-11-19,388.23,Cheque
2349,3346,2025-11-07,18390.52,Card
2350,3347,2026-01-07,18027.82,NEFT
2351,3348,2026-07-30,4781.34,UPI
2352,3349,2025-12-02,7254.42,NEFT
2353,3352,2026-01-08,2687.2,NEFT
2354,3353,2026-09-13,2683.34,Cheque
2355,3354,2025-11-21,8161.83,NEFT
2356,3355,2025-11-28,3080.84,Cheque
2357,3356,2026-09-16,3340.32,Cheque
2358,3356,2026-09-08,4072.2,UPI
2359,3357,2025-12-19,4444.58,UPI
2360,3358,2025-12-31,15544.95,UPI
2361,3359,2025-10-23,7778.09,Card
2362,3360,2026-03-01,3591.05,NEFT
2363,3360,2026-02-22,2488.31,NEFT
2364,3361,2025-10-14,1592.3,UPI
2365,3362,2025-12-31,3377.14,Cheque
2366,3363,2026-07-08,4802.85,Card
2367,3364,2026-02-23,5223.08,Card
2368,3365,2026-02-20,5386.85,Card
2369,3365,2026-03-22,3112.77,UPI
2370,3366,2025-12-12,5895.88,Cheque
2371,3368,2026-02-13,8029.56,Card
2372,3369,2026-08-15,3457.08,Card
2373,3370,2026-05-28,2978.48,NEFT
2374,3371,2025-12-20,1449.94,UPI
2375,3371,2025-12-28,619.48,Card
2376,3372,2026-02-25,3049.65,Cheque
2377,3372,2026-02-02,725.26,NEFT
2378,3373,2026-05-10,3201.66,Cheque
2379,3374,2026-02-27,12654.73,NEFT
2380,3375,2026-02-05,2717.11,NEFT
2381,3378,2026-09-04,9070.1,Cheque
2382,3379,2026-05-08,8352.36,UPI
2383,3380,2025-11-08,1560.26,NEFT
2384,3381,2026-10-09,2489.21,Cheque
2385,3382,2026-05-15,2941.86,Card
2386,3383,2026-08-27,2262.79,Cheque
2387,3383,2026-09-06,1988.75,Cheque
2388,3384,2026-09-28,2844.85,Card
2389,3385,2026-06-28,3061.51,UPI
2390,3385,2026-06-17,1048.68,Cheque
2391,3386,2026-01-03,8434.15,Cheque
2392,3387,2026-07-11,1717.16,UPI
2393,3387,2026-07-15,1482.05,Card
2394,3388,2026-05-26,6342.26,UPI
2395,3389,2025-12-11,5753.85,NEFT
2396,3390,2026-03-14,469.27,UPI
2397,3392,2026-04-11,11000.81,Card
2398,3394,2026-06-09,2122.88,UPI
2399,3395,2026-06-15,9630.19,UPI
2400,3395,2026-07-05,1821.67,Cheque
2401,3396,2025-09-27,3705.09,NEFT
2402,3396,2025-09-11,1947.95,UPI
2403,3397,2026-07-28,16042.57,Card
2404,3398,2026-01-22,3447.32,Cheque
2405,3399,2026-09-08,13080.8,Cheque
2406,3400,2026-10-11,2455.58,UPI
2407,3401,2026-01-31,640.62,NEFT
2408,3402,2026-10-13,8568.19,UPI
2409,3403,2026-10-02,7909.18,NEFT
2410,3404,2026-09-14,8565.51,NEFT
2411,3405,2025-10-13,4238.49,UPI
2412,3406,2026-02-06,16167.43,NEFT
2413,3407,2026-04-24,9882.85,UPI
2414,3407,2026-05-10,109.75,Cheque
2415,3408,2026-07-07,9673.33,Cheque
2416,3410,2026-05-26,1702.06,UPI
2417,3411,2026-09-19,5278.04,UPI
2418,3414,2026-06-19,6185.9,Cheque
2419,3415,2025-11-23,2165.33,UPI
2420,3416,2026-02-25,7266.46,Card
2421,3417,2026-07-03,13673.44,NEFT
2422,3418,2025-09-21,19614.9,UPI
2423,3419,2025-09-30,4590.17,NEFT
2424,3420,2026-03-07,4262.12,NEFT
2425,3421,2025-10-15,1616.65,UPI
2426,3422,2026-01-06,3085.65,Card
2427,3423,2025-12-10,3626.27,Card
2428,3424,2026-05-31,1477.5,Card
2429,3426,2026-03-18,3758.82,Card
2430,3427,2026-04-18,5505.38,UPI
2431,3428,2025-11-01,6574.19,NEFT
2432,3429,2025-10-28,12338.86,Cheque
2433,3430,2026-02-03,5194.9,NEFT
2434,3430,2026-01-13,994.31,Cheque
2435,3431,2026-01-16,2127.51,Card
2436,3432,2026-06-15,7006.8,Card
2437,3433,2026-05-31,12318.15,NEFT
2438,3434,2025-12-24,2444.11,NEFT
2439,3435,2025-12-29,9482.65,Card
2440,3436,2026-04-17,3700.28,Card
2441,3437,2025-09-28,5395.46,Cheque
2442,3438,2026-09-06,2996.51,Cheque
2443,3439,2026-02-12,4185.57,NEFT
2444,3440,2025-11-09,7101.43,NEFT
2445,3441,2026-01-19,3561.2,NEFT
2446,3442,2025-11-02,2284.19,UPI
2447,3443,2026-06-06,2210.75,Card
2448,3444,2026-08-27,5537.22,NEFT
2449,3445,2026-05-07,7395.37,UPI
2450,3446,2026-06-14,4736.44,Cheque
2451,3447,2026-02-15,21360.34,Card
2452,3449,2025-10-21,6774.75,Cheque
2453,3450,2026-07-29,1146.66,Cheque
2454,3451,2026-07-22,4414.47,UPI
2455,3451,2026-08-31,187.08,NEFT
2456,3453,2025-12-27,4341.52,Card
2457,3454,2026-08-25,557.08,NEFT
2458,3454,2026-08-03,491.8,NEFT
2459,3455,2026-03-18,4633.64,UPI
2460,3457,2026-04-08,8697.07,Cheque
2461,3457,2026-04-19,1554.43,UPI
2462,3458,2025-09-20,1596.51,Card
2463,3459,2026-08-23,15834.77,NEFT
2464,3461,2026-05-12,1772.94,UPI
2465,3462,2026-09-12,2327.48,UPI
2466,3463,2025-11-24,6410.67,UPI
2467,3464,2026-08-31,16760.12,Card
2468,3465,2026-06-01,5835.98,UPI
2469,3466,2026-03-31,4609.9,Card
2470,3467,2026-04-22,7134.82,Cheque
2471,3469,2026-08-26,2232.91,Cheque
2472,3470,2026-10-11,1952.62,Cheque
2473,3471,2026-01-30,10707.96,Cheque
2474,3472,2026-04-10,14146.17,Card
2475,3473,2025-12-10,22229.28,Cheque
2476,3475,2026-05-04,10206.72,NEFT
2477,3476,2025-11-10,5390.23,UPI
2478,3477,2026-08-15,2845.77,NEFT
2479,3477,2026-08-28,507.68,Card
2480,3478,2026-06-07,2108.02,Card
2481,3479,2026-07-30,1962.21,Cheque
2482,3480,2026-02-17,1609.93,UPI
2483,3480,2026-02-21,59.5,NEFT
2484,3481,2025-12-17,8327.38,Card
2485,3481,2025-12-25,646.56,Card
2486,3482,2025-11-22,3602.01,Cheque
2487,3483,2026-06-25,2681.49,Cheque
2488,3483,2026-06-26,121.27,UPI
2489,3484,2026-03-08,987.78,UPI
2490,3485,2026-05-16,2408.25,NEFT
2491,3486,2026-03-23,3973.92,Card
2492,3488,2025-10-20,38641.75,NEFT
2493,3489,2026-09-24,893.0,Card
2494,3491,2026-09-13,4540.42,Card
2495,3492,2025-10-31,3178.04,NEFT
2496,3493,2025-12-16,4095.52,NEFT
2497,3495,2026-05-27,5993.35,UPI
2498,3496,2026-07-14,2279.36,Cheque
2499,3497,2026-08-22,7821.64,UPI
2500,3498,2026-07-24,2698.44,Cheque
2501,3498,2026-08-23,1300.35,Card
2502,3499,2026-03-09,1723.62,UPI
2503,3500,2026-07-03,3426.72,Card
2504,3500,2026-07-21,124.08,Cheque
2505,3501,2026-08-31,15567.58,Card
2506,3502,2026-08-26,5959.47,Card
2507,3503,2025-11-26,5018.31,UPI
2508,3504,2026-07-01,1711.02,NEFT
2509,3505,2026-01-10,3873.48,Cheque
2510,3506,2026-09-05,2930.71,NEFT
2511,3506,2026-08-20,3031.98,UPI
2512,3509,2026-08-03,6475.62,Card
2513,3511,2026-04-02,7627.32,Cheque
2514,3512,2025-12-04,2329.75,Card
2515,3513,2026-09-19,2254.34,Cheque
2516,3514,2026-06-08,4899.94,Card
2517,3515,2026-01-30,6147.25,Card
2518,3516,2026-10-07,5252.79,Cheque
2519,3516,2026-10-10,2924.65,Cheque
2520,3517,2025-10-16,890.8,Cheque
2521,3518,2026-06-27,9401.19,Cheque
2522,3519,2026-07-20,6955.74,Card
2523,3520,2026-07-01,2797.03,Cheque
2524,3521,2026-01-31,4124.72,Cheque
2525,3521,2026-01-21,13.96,NEFT
2526,3522,2026-06-09,5858.64,Cheque
2527,3523,2026-04-16,273.11,NEFT
2528,3524,2026-08-30,1837.89,Card
2529,3525,2026-07-02,12660.14,Card
2530,3527,2025-12-26,4667.86,Cheque
2531,3528,2026-08-12,3773.48,NEFT
2532,3528,2026-07-15,781.04,NEFT
2533,3531,2026-08-19,3864.03,NEFT
2534,3532,2026-01-12,5823.49,UPI
2535,3533,2026-09-09,9842.98,Cheque
2536,3535,2026-04-20,2505.68,Cheque
2537,3536,2026-02-26,1388.44,Card
2538,3537,2026-09-02,4447.89,NEFT
2539,3538,2026-08-15,14548.28,Cheque
2540,3539,2025-10-15,9319.15,Cheque
2541,3540,2025-11-20,3406.3,Card
2542,3541,2025-12-22,1374.65,NEFT
2543,3542,2025-12-25,10198.71,NEFT
2544,3542,2025-12-14,1923.18,NEFT
2545,3544,2026-02-15,1678.71,Cheque
2546,3544,2026-03-11,377.17,UPI
2547,3545,2026-03-03,3501.8,Card
2548,3546,2026-01-18,8242.84,UPI
2549,3546,2026-02-01,1838.19,Cheque
2550,3547,2026-03-06,6807.86,NEFT
2551,3548,2026-04-17,1014.09,Card
2552,3549,2026-09-18,2027.92,UPI
2553,3550,2026-09-12,6171.28,Card
2554,3550,2026-08-29,1791.16,Card
2555,3552,2026-09-14,8518.55,NEFT
2556,3553,2026-06-15,9336.13,Cheque
2557,3555,2026-05-25,6998.81,Card
2558,3556,2026-05-27,3170.12,Card
2559,3557,2025-10-20,2579.68,Cheque
2560,3557,2025-09-30,2898.83,Card
2561,3559,2026-07-02,19574.02,Cheque
2562,3560,2025-11-03,2585.11,UPI
2563,3561,2025-11-07,8921.95,NEFT
2564,3562,2026-03-26,4558.5,NEFT
2565,3563,2025-10-21,9051.78,NEFT
2566,3563,2025-12-01,20.2,NEFT
2567,3565,2026-02-01,12824.56,UPI
2568,3566,2026-01-28,2760.47,UPI
2569,3567,2026-07-02,5602.49,Cheque
2570,3568,2026-09-22,7105.97,Card
2571,3570,2026-01-09,5571.25,Card
2572,3570,2026-01-24,808.66,UPI
2573,3571,2026-08-12,11189.49,UPI
2574,3572,2026-03-24,4738.61,Cheque
2575,3574,2026-01-17,1640.66,Card
2576,3574,2025-12-23,1274.71,UPI
2577,3575,2025-12-30,2079.82,Cheque
2578,3580,2025-11-28,11536.61,Cheque
2579,3580,2025-12-24,3158.3,NEFT
2580,3581,2025-12-05,11677.35,UPI
2581,3582,2026-07-31,1245.17,Cheque
2582,3582,2026-07-24,795.14,Card
2583,3583,2026-05-15,1552.85,Cheque
2584,3584,2026-01-23,3604.02,NEFT
2585,3586,2026-03-13,4275.29,Card
2586,3587,2025-09-13,3133.31,Card
2587,3588,2026-08-04,3059.13,Card
2588,3589,2026-05-08,4023.78,UPI
2589,3590,2026-09-10,9848.95,Cheque
2590,3591,2026-08-01,5352.93,UPI
2591,3592,2026-04-13,4254.37,NEFT
2592,3593,2026-06-12,8414.78,Cheque
2593,3594,2026-03-29,5294.73,Card
2594,3595,2026-05-05,10693.36,UPI
2595,3596,2026-03-01,2436.11,UPI
2596,3596,2026-03-24,465.97,NEFT
2597,3597,2025-11-27,6215.8,Card
2598,3598,2026-07-17,10170.54,UPI
2599,3599,2026-05-02,17324.72,UPI
2600,3600,2026-02-17,2084.48,Card
2601,3601,2025-12-15,4351.24,NEFT
2602,3602,2026-03-27,1744.89,NEFT
2603,3603,2026-07-08,2301.58,UPI
2604,3604,2025-11-07,5074.62,Cheque
2605,3605,2026-09-16,987.94,Cheque
2606,3607,2026-08-12,4467.07,Card
2607,3608,2026-08-28,4697.26,UPI
2608,3609,2026-02-13,2552.62,Card
2609,3610,2026-06-18,4113.62,NEFT
2610,3611,2026-10-14,27187.03,Card
2611,3612,2025-10-19,3297.41,Card
2612,3613,2026-04-24,1229.83,NEFT
2613,3613,2026-05-26,1432.35,UPI
2614,3614,2026-08-31,515.53,NEFT
2615,3615,2025-11-20,11525.29,NEFT
2616,3616,2026-07-08,1853.86,Card
2617,3617,2026-04-03,5365.62,UPI
2618,3619,2026-03-14,2893.78,Cheque
2619,3620,2025-10-19,6659.13,Cheque
2620,3621,2025-12-07,3852.82,UPI
2621,3622,2026-07-03,6426.86,UPI
2622,3624,2026-10-07,6282.03,NEFT
2623,3625,2025-12-15,372.17,Cheque
2624,3626,2026-09-29,3659.54,Card
2625,3626,2026-09-12,3114.12,NEFT
2626,3627,2026-05-17,7072.49,Card
2627,3628,2026-02-09,38371.28,UPI
2628,3629,2026-07-26,4982.9,Cheque
2629,3630,2026-06-30,5970.03,Cheque
2630,3631,2026-10-19,6865.45,UPI
2631,3632,2025-11-12,7021.97,UPI
2632,3633,2026-05-15,1863.66,NEFT
2633,3634,2026-03-14,9622.99,UPI
2634,3635,2025-12-12,2400.14,Card
2635,3636,2026-03-01,6922.38,Cheque
2636,3637,2026-09-12,2514.67,NEFT
2637,3638,2026-05-20,2280.88,UPI
2638,3640,2026-05-12,3759.92,UPI
2639,3640,2026-07-24,337.04,Card
2640,3641,2026-07-16,4678.68,NEFT
2641,3643,2026-07-01,3985.02,Card
2642,3643,2026-04-28,644.72,Card
2643,3644,2026-05-02,6198.32,Card
2644,3644,2026-05-22,3866.56,Card
2645,3645,2026-06-06,3262.8,NEFT
2646,3646,2025-09-24,7051.27,Card
2647,3647,2026-08-20,2568.82,Card
2648,3648,2026-08-27,20812.09,NEFT
2649,3650,2026-05-18,2862.51,UPI
2650,3651,2026-03-16,20026.53,UPI
2651,3652,2026-09-20,4392.95,UPI
2652,3653,2026-05-02,2870.74,Card
2653,3656,2026-07-11,2011.38,NEFT
2654,3657,2026-06-08,13146.68,NEFT
2655,3658,2025-11-21,2436.73,NEFT
2656,3659,2026-06-22,1714.95,UPI
2657,3661,2025-10-22,18863.33,Cheque
2658,3662,2026-02-16,12619.8,NEFT
2659,3664,2026-08-04,34698.96,UPI
2660,3665,2026-05-11,2433.01,Cheque
2661,3666,2026-06-29,3897.42,Cheque
2662,3667,2026-03-06,1423.25,Cheque
2663,3668,2026-07-28,1972.14,NEFT
2664,3670,2026-08-03,6239.65,UPI
2665,3671,2026-08-23,16032.45,Cheque
2666,3672,2026-02-16,2502.0,Card
2667,3673,2025-11-09,3223.56,Cheque
2668,3675,2026-04-24,11643.56,NEFT
2669,3676,2026-04-19,1351.86,NEFT
2670,3677,2025-12-13,4124.95,NEFT
2671,3678,2026-01-01,3098.7,Card
2672,3679,2026-05-23,9354.2,UPI
2673,3680,2025-09-20,10957.21,UPI
2674,3681,2026-01-22,4710.48,Cheque
2675,3682,2026-08-18,1860.9,Cheque
2676,3683,2025-10-31,1071.51,NEFT
2677,3684,2025-10-04,4321.62,UPI
2678,3685,2026-05-28,3968.45,Cheque
2679,3686,2026-03-07,2644.88,UPI
2680,3687,2025-12-22,10215.57,NEFT
2681,3688,2026-08-11,1996.45,NEFT
2682,3689,2026-10-21,2944.23,NEFT
2683,3691,2026-07-27,2689.8,UPI
2684,3692,2026-02-17,6475.12,NEFT
2685,3693,2026-08-16,4961.78,Cheque
2686,3694,2025-10-18,6073.88,NEFT
2687,3695,2026-03-03,10121.62,Cheque
2688,3696,2026-08-29,6222.9,Cheque
2689,3698,2026-02-22,1888.01,Card
2690,3699,2026-10-07,6329.98,NEFT
2691,3700,2026-02-21,2396.18,NEFT
2692,3701,2026-04-19,10736.68,Card
2693,3702,2026-08-11,3021.17,Cheque
2694,3702,2026-07-31,3381.75,Card
2695,3703,2025-10-14,1267.21,NEFT
2696,3704,2025-12-22,22662.33,UPI
2697,3705,2025-10-19,3730.14,NEFT
2698,3706,2026-10-02,4229.18,Card
2699,3707,2026-05-22,7010.96,UPI
2700,3708,2025-12-31,4665.19,NEFT
2701,3709,2025-12-27,10791.4,Cheque
2702,3710,2026-04-26,2214.51,UPI
2703,3711,2025-12-09,12517.08,NEFT
2704,3712,2025-12-16,5788.55,Card
2705,3712,2025-12-01,2832.75,Cheque
2706,3714,2026-08-10,6115.13,NEFT
2707,3715,2025-11-13,13186.37,Card
2708,3716,2026-08-13,7588.88,Cheque
2709,3717,2026-06-10,2534.35,NEFT
2710,3718,2026-03-28,5281.99,UPI
2711,3718,2026-04-08,2944.81,UPI
2712,3719,2025-09-16,8799.99,UPI
2713,3721,2026-03-11,5668.04,NEFT
2714,3722,2026-03-06,6717.3,Card
2715,3722,2026-02-10,3141.57,Card
2716,3723,2026-06-20,4411.94,UPI
2717,3723,2026-05-27,1149.06,Card
2718,3724,2026-05-04,2816.36,NEFT
2719,3725,2025-12-31,3137.09,Card
2720,3725,2025-12-25,3118.87,Card
2721,3726,2026-08-11,3658.55,UPI
2722,3728,2025-09-28,15657.61,Cheque
2723,3729,2026-01-18,8594.85,Cheque
2724,3730,2026-06-05,2587.0,Cheque
2725,3731,2026-08-28,6364.83,Card
2726,3732,2026-03-06,634.86,UPI
2727,3734,2025-11-17,10607.86,NEFT
2728,3735,2026-01-31,6897.78,Cheque
2729,3736,2026-01-01,2336.66,NEFT
2730,3737,2025-11-14,27475.34,Card
2731,3738,2026-07-29,1278.36,Cheque
2732,3740,2025-12-16,7353.03,Card
2733,3742,2025-09-28,10596.43,Cheque
2734,3743,2026-07-24,3162.04,Cheque
2735,3746,2026-07-01,6470.42,Card
2736,3747,2026-08-10,2277.03,Card
2737,3748,2026-08-18,12196.31,NEFT
2738,3749,2026-03-25,4913.23,Cheque
2739,3751,2025-12-26,2856.83,UPI
2740,3753,2026-07-28,2648.78,UPI
2741,3754,2026-04-25,3213.01,NEFT
2742,3755,2026-05-09,6930.29,UPI
2743,3756,2026-07-28,4618.54,NEFT
2744,3758,2026-03-31,1876.2,Card
2745,3759,2026-04-09,4136.5,Cheque
2746,3760,2026-08-31,543.82,Cheque
2747,3761,2026-07-08,3877.33,UPI
2748,3764,2026-10-31,5679.68,Cheque
2749,3765,2026-04-06,5154.72,NEFT
2750,3766,2026-02-19,1650.79,Card
2751,3767,2026-02-19,20397.86,UPI
2752,3768,2026-01-01,3608.84,UPI
2753,3769,2026-03-23,2775.42,Cheque
2754,3770,2026-09-16,1434.13,NEFT
2755,3770,2026-08-28,1525.13,Card
2756,3771,2026-05-07,12427.23,NEFT
2757,3772,2025-12-18,1556.58,UPI
2758,3774,2026-07-23,3919.64,Card
2759,3776,2026-09-17,3025.98,Card
2760,3778,2026-08-14,1384.88,Cheque
2761,3779,2025-10-11,3259.49,Card
2762,3781,2026-07-04,1172.82,NEFT
2763,3782,2026-06-24,14206.04,NEFT
2764,3784,2026-08-01,1975.38,Cheque
2765,3785,2026-01-04,9705.66,NEFT
2766,3786,2026-02-22,3628.76,UPI
2767,3787,2026-04-05,2980.78,NEFT
2768,3788,2026-05-10,7922.79,NEFT
2769,3789,2026-08-22,3566.86,Card
2770,3790,2026-06-18,2314.55,NEFT
2771,3791,2026-10-18,8721.23,Card
2772,3792,2025-10-17,4465.33,UPI
2773,3793,2026-03-14,9084.43,Cheque
2774,3794,2026-04-25,3622.56,UPI
2775,3795,2026-03-25,11298.35,UPI
2776,3796,2025-12-04,5056.44,NEFT
2777,3797,2026-01-04,11668.93,Cheque
2778,3798,2025-11-23,11367.5,Card
2779,3799,2026-04-25,13442.74,Card
2780,3801,2025-12-21,6791.11,UPI
2781,3802,2026-07-15,2471.61,NEFT
2782,3802,2026-07-17,1685.65,Cheque
2783,3803,2026-02-25,2438.23,Card
2784,3804,2026-04-06,24830.57,Cheque
2785,3805,2025-12-06,2739.44,NEFT
2786,3806,2026-06-02,10312.24,Card
2787,3807,2026-05-04,8936.0,NEFT
2788,3808,2026-05-07,5779.29,NEFT
2789,3809,2026-08-15,4325.34,UPI
2790,3809,2026-06-26,91.6,Cheque
2791,3810,2026-02-27,4452.22,UPI
2792,3811,2025-10-23,2955.81,Card
2793,3813,2026-06-23,1943.19,Cheque
2794,3814,2026-09-08,9090.59,NEFT
2795,3815,2026-07-24,4164.55,Cheque
2796,3817,2025-09-30,1800.9,NEFT
2797,3818,2026-01-03,4499.28,NEFT
2798,3819,2026-09-21,4626.24,Cheque
2799,3820,2025-11-09,3303.51,NEFT
2800,3822,2026-05-08,6607.41,UPI
2801,3824,2026-09-10,2383.74,NEFT
2802,3825,2025-10-18,2766.07,Card
2803,3826,2026-09-07,1635.86,UPI
2804,3827,2026-06-18,4290.24,UPI
2805,3828,2026-09-15,7830.54,NEFT
2806,3829,2026-02-23,1897.59,NEFT
2807,3831,2026-03-19,4792.82,NEFT
2808,3833,2026-01-04,1534.06,Cheque
2809,3834,2026-06-03,21622.41,Card
2810,3835,2026-04-12,9129.59,UPI
2811,3836,2026-02-24,3096.26,Card
2812,3837,2026-03-29,2123.7,NEFT
2813,3838,2026-05-06,6273.71,Card
2814,3839,2026-05-21,4152.07,Card
2815,3839,2026-05-29,3141.53,NEFT
2816,3840,2026-07-29,2264.21,UPI
2817,3841,2026-04-13,2050.61,Cheque
2818,3842,2026-07-29,1479.09,UPI
2819,3842,2026-07-22,967.46,NEFT
2820,3844,2026-09-02,5318.48,UPI
2821,3845,2026-06-29,28244.61,Cheque
2822,3846,2026-03-07,884.7,UPI
2823,3847,2026-03-20,2921.44,Cheque
2824,3848,2025-12-14,3274.31,Cheque
2825,3849,2026-06-15,7378.8,Cheque
2826,3850,2026-04-13,7619.99,Cheque
2827,3852,2026-02-08,16745.58,Cheque
2828,3853,2026-08-09,2047.31,Card
2829,3854,2026-02-02,2865.37,NEFT
2830,3855,2026-01-23,1745.49,NEFT
2831,3856,2026-07-08,3177.78,Card
2832,3857,2026-01-18,3834.62,Cheque
2833,3858,2026-04-26,9378.58,UPI
2834,3859,2026-07-04,22026.27,Card
2835,3860,2025-11-25,16413.54,NEFT
2836,3861,2026-09-15,1879.8,Cheque
2837,3862,2026-04-11,5218.06,NEFT
2838,3863,2026-08-02,9290.03,UPI
2839,3864,2026-06-11,8535.21,UPI
2840,3865,2026-09-27,31847.93,Card
2841,3867,2026-05-10,5322.33,NEFT
2842,3868,2025-12-06,27078.0,Card
2843,3868,2025-12-18,2949.37,Cheque
2844,3870,2026-06-30,3101.11,Cheque
2845,3871,2025-12-30,2292.41,NEFT
2846,3872,2025-12-15,3145.62,Cheque
2847,3872,2025-11-09,2764.69,Cheque
2848,3873,2026-02-16,11736.71,Card
2849,3874,2026-02-12,11616.75,Cheque
2850,3875,2025-12-15,2488.6,UPI
2851,3876,2026-04-27,5430.66,Cheque
2852,3878,2026-05-27,4441.93,Cheque
2853,3880,2025-11-16,3052.62,Cheque
2854,3880,2025-11-16,1751.65,Cheque
2855,3881,2026-01-31,3710.64,UPI
2856,3881,2025-12-27,4716.15,NEFT
2857,3882,2026-04-01,4894.06,NEFT
2858,3882,2026-03-29,3737.11,Card
2859,3883,2025-10-29,3066.88,NEFT
2860,3884,2026-03-11,13364.27,Cheque
2861,3885,2026-08-14,2081.83,UPI
2862,3886,2026-05-12,1819.78,Cheque
2863,3887,2026-05-10,2256.86,NEFT
2864,3888,2026-06-03,1876.81,UPI
2865,3888,2026-05-29,415.07,NEFT
2866,3889,2026-05-05,6385.23,UPI
2867,3889,2026-05-05,1729.5,Card
2868,3890,2026-06-03,15755.18,Card
2869,3891,2026-08-21,12328.21,NEFT
2870,3892,2026-09-11,2600.87,Cheque
2871,3894,2025-09-18,10928.93,NEFT
2872,3895,2026-04-29,1939.54,Card
2873,3896,2026-06-21,2274.13,Card
2874,3897,2026-01-04,6717.34,Cheque
2875,3898,2025-11-18,3241.15,UPI
2876,3899,2026-02-01,4168.22,Cheque
2877,3899,2026-01-07,1332.64,NEFT
2878,3900,2025-09-16,3838.23,Cheque
2879,3901,2026-07-11,2500.88,NEFT
2880,3901,2026-07-22,2388.85,NEFT
2881,3902,2026-08-31,4440.4,UPI
2882,3902,2026-09-13,5623.66,Card
2883,3903,2026-08-19,8220.69,NEFT
2884,3904,2025-11-10,10412.83,NEFT
2885,3905,2026-07-21,8338.26,NEFT
2886,3906,2025-11-27,8812.59,UPI
2887,3907,2026-04-09,4991.3,UPI
2888,3908,2025-12-08,1561.82,UPI
2889,3909,2025-12-06,4588.47,Cheque
2890,3910,2026-01-11,6437.75,Cheque
2891,3912,2025-11-25,6996.16,UPI
2892,3913,2026-06-10,18058.74,Cheque
2893,3914,2025-10-16,3347.54,Cheque
2894,3915,2026-02-10,3616.67,NEFT
2895,3916,2026-03-19,12078.73,UPI
2896,3916,2026-03-11,1070.81,NEFT
2897,3918,2026-06-03,3382.98,Card
2898,3918,2026-05-21,3810.36,NEFT
2899,3919,2026-07-10,3114.24,UPI
2900,3920,2025-10-28,2782.84,UPI
2901,3921,2026-06-28,1903.66,UPI
2902,3922,2026-07-18,2817.42,NEFT
2903,3922,2026-07-18,2921.95,UPI
2904,3923,2026-04-27,1443.41,Card
2905,3925,2026-06-19,8484.79,Card
2906,3926,2026-01-17,1256.18,Card
2907,3926,2026-01-21,1752.94,Card
2908,3927,2026-02-03,1914.1,UPI
2909,3928,2026-07-30,1762.52,NEFT
2910,3930,2026-08-16,4591.64,NEFT
2911,3931,2026-01-31,3632.69,NEFT
2912,3933,2026-04-14,5314.59,Cheque
2913,3934,2026-09-13,3273.86,NEFT
2914,3935,2026-07-05,1696.57,Cheque
2915,3936,2026-02-20,8971.22,NEFT
2916,3937,2025-12-24,9672.21,Cheque
2917,3938,2026-09-29,2557.13,UPI
2918,3939,2025-11-18,13917.92,NEFT
2919,3940,2026-05-02,24945.26,NEFT
2920,3941,2025-12-09,1951.04,UPI
2921,3941,2025-12-02,2009.41,UPI
2922,3942,2026-08-13,3885.23,UPI
2923,3943,2026-04-03,2437.22,NEFT
2924,3944,2025-11-07,2314.22,NEFT
2925,3944,2025-11-19,614.51,UPI
2926,3945,2026-04-05,6476.73,UPI
2927,3947,2026-05-08,4114.93,Card
2928,3948,2026-08-19,3833.3,NEFT
2929,3949,2026-08-29,3559.63,UPI
2930,3950,2026-04-05,2939.83,UPI
2931,3951,2026-06-01,10494.63,Cheque
2932,3951,2026-05-02,1179.28,Card
2933,3952,2026-08-15,2455.74,Card
2934,3952,2026-08-20,1660.13,Card
2935,3953,2026-07-01,7191.17,NEFT
2936,3954,2026-01-20,4137.29,NEFT
2937,3956,2025-11-09,3261.17,Cheque
2938,3958,2025-10-19,3400.97,Card
2939,3959,2026-01-17,7019.18,Card
2940,3960,2026-10-09,15755.56,Cheque
2941,3961,2025-10-24,7031.3,Card
2942,3962,2026-10-04,8799.53,Card
2943,3964,2026-07-10,1319.73,NEFT
2944,3967,2026-02-19,2886.38,UPI
2945,3968,2026-01-27,2588.7,Cheque
2946,3969,2025-12-25,10015.0,Card
2947,3970,2026-02-19,5197.7,NEFT
2948,3971,2026-04-08,5172.64,UPI
2949,3972,2026-02-23,4444.43,Cheque
2950,3973,2026-02-01,3022.24,Card
2951,3974,2025-11-01,1201.78,NEFT
2952,3975,2026-05-18,2860.12,Card
2953,3976,2026-10-04,5475.62,NEFT
2954,3977,2025-11-12,7666.28,NEFT
2955,3978,2026-06-24,5297.79,NEFT
2956,3979,2026-01-13,2108.56,Cheque
2957,3980,2026-06-29,2537.95,Cheque
2958,3980,2026-08-04,109.51,NEFT
2959,3982,2026-11-11,6453.27,UPI
2960,3984,2025-11-18,10428.8,Card
2961,3986,2026-07-27,3807.73,Cheque
2962,3987,2025-11-19,8621.41,UPI
2963,3988,2026-09-22,1738.57,Card
2964,3988,2026-09-05,865.33,Cheque
2965,3989,2025-12-05,2086.55,Card
2966,3989,2026-01-08,1520.33,Card
2967,3990,2026-01-15,3300.07,Card
2968,3992,2026-06-08,4505.59,Cheque
2969,3993,2025-12-18,3389.8,NEFT
2970,3994,2026-08-06,3634.97,UPI
2971,3995,2026-04-16,3545.59,Card
2972,3995,2026-05-02,2652.3,Card
2973,3996,2026-10-26,11110.7,UPI
2974,3997,2026-09-25,9217.48,NEFT
2975,3998,2026-06-28,5757.86,Card
2976,4000,2025-11-05,8470.97,UPI
2977,4001,2026-05-16,9516.61,Card
2978,4003,2026-06-13,3669.83,Cheque
2979,4004,2025-10-31,6754.86,Card
2980,4005,2026-01-04,4856.63,Card
2981,4005,2026-01-12,5466.74,Cheque
2982,4006,2026-04-08,5748.81,UPI
2983,4007,2026-08-12,1768.98,NEFT
2984,4008,2026-03-13,1790.61,NEFT
2985,4009,2026-08-12,1410.88,NEFT
2986,4011,2026-08-21,9604.27,UPI
2987,4012,2026-10-12,792.14,NEFT
2988,4014,2026-05-05,2699.15,Cheque
2989,4015,2026-02-27,6772.37,Card
2990,4017,2026-02-05,1364.93,NEFT
2991,4017,2026-02-16,503.46,UPI
2992,4018,2026-09-27,3071.76,UPI
2993,4019,2025-10-11,1903.72,Cheque
2994,4019,2025-11-02,806.09,NEFT
2995,4020,2026-08-23,3020.95,Cheque
2996,4020,2026-09-12,2031.28,Card
2997,4021,2026-04-11,4210.6,NEFT
2998,4022,2026-06-30,7123.67,UPI
2999,4023,2026-06-24,2350.28,Card
3000,4024,2026-11-07,11261.75,UPI
3001,4025,2026-08-24,3494.13,Card
3002,4026,2025-11-08,8211.39,Card
3003,4027,2025-09-13,6447.67,NEFT
3004,4028,2025-12-28,3947.65,Cheque
3005,4029,2026-06-10,8669.62,Cheque
3006,4031,2026-02-25,13481.35,UPI
3007,4032,2026-07-19,2686.77,Card
3008,4033,2026-04-08,1710.73,UPI
3009,4035,2025-10-27,5156.34,NEFT
3010,4035,2025-10-31,221.63,NEFT
3011,4036,2025-10-16,3183.9,Card
3012,4037,2026-09-01,3952.57,NEFT
3013,4037,2026-09-01,1827.58,NEFT
3014,4038,2026-08-14,1794.4,NEFT
3015,4038,2026-08-02,275.07,NEFT
3016,4039,2026-02-20,6262.18,Cheque
3017,4039,2026-02-28,1119.68,NEFT
3018,4041,2026-09-20,3331.26,Card
3019,4041,2026-08-22,136.29,Cheque
3020,4042,2026-06-05,8242.64,UPI
3021,4043,2026-03-12,3412.1,Cheque
3022,4043,2026-04-27,4508.65,NEFT
3023,4044,2025-12-17,5382.21,UPI
3024,4046,2026-01-12,12156.17,Card
3025,4047,2026-04-30,1467.56,Cheque
3026,4047,2026-04-21,1193.15,NEFT
3027,4048,2026-01-10,10771.64,NEFT
3028,4049,2025-12-31,2435.58,UPI
3029,4050,2025-12-24,9268.95,UPI
3030,4051,2026-08-12,10667.54,Card
3031,4052,2026-06-01,4348.0,UPI
3032,4053,2026-07-08,4791.42,Cheque
3033,4054,2025-12-17,2132.89,Cheque
3034,4054,2026-01-26,1803.31,Cheque
3035,4055,2026-01-17,2585.48,Card
3036,4056,2026-05-31,1819.95,NEFT
3037,4056,2026-04-24,1181.85,Cheque
3038,4057,2026-07-16,7008.25,Cheque
3039,4058,2026-08-08,9914.46,Cheque
3040,4059,2026-02-12,4942.58,UPI
3041,4060,2025-10-28,2228.55,UPI
3042,4061,2026-02-15,1986.64,Cheque
3043,4062,2026-01-15,4156.07,UPI
3044,4062,2026-02-10,436.98,Card
3045,4063,2026-05-05,2701.78,NEFT
3046,4063,2026-05-20,576.64,Cheque
3047,4064,2025-11-21,12915.25,NEFT
3048,4065,2026-02-24,2850.83,Cheque
3049,4066,2025-11-27,4891.24,Cheque
3050,4066,2025-11-16,3172.21,UPI
3051,4067,2026-08-02,3043.31,NEFT
3052,4068,2026-07-25,2433.18,NEFT
3053,4068,2026-07-13,1552.23,NEFT
3054,4069,2026-08-12,5738.25,Card
3055,4070,2026-03-05,7576.9,UPI
3056,4071,2026-05-04,7011.04,NEFT
3057,4072,2026-02-17,3194.83,UPI
3058,4073,2025-11-10,5417.94,NEFT
3059,4074,2026-03-21,3704.72,Card
3060,4075,2025-12-19,1034.39,UPI
3061,4075,2026-01-03,556.7,UPI
3062,4076,2026-03-10,6004.92,Cheque
3063,4079,2025-12-30,6445.26,NEFT
3064,4081,2025-11-23,615.07,NEFT
3065,4083,2026-06-30,15708.67,UPI
3066,4085,2026-07-13,3000.19,Card
3067,4086,2026-06-30,839.26,NEFT
3068,4087,2026-01-08,3318.57,UPI
3069,4088,2025-11-10,5128.7,Card
3070,4089,2025-12-10,1048.55,NEFT
3071,4089,2025-10-05,570.81,NEFT
3072,4091,2026-05-13,13446.64,Card
3073,4093,2026-06-13,6548.72,UPI
3074,4095,2026-03-06,2044.76,NEFT
3075,4095,2026-04-14,1817.38,Cheque
3076,4096,2026-08-01,9171.56,UPI
3077,4097,2025-11-25,16919.62,UPI
3078,4099,2025-12-31,2732.29,Card
3079,4101,2026-04-05,7464.78,NEFT
3080,4102,2025-11-18,3935.44,Cheque
3081,4103,2026-06-25,6689.87,UPI
3082,4104,2026-05-09,4141.01,UPI
3083,4105,2026-03-06,6241.0,UPI
3084,4107,2026-02-14,2831.51,Cheque
3085,4108,2026-01-10,2253.31,UPI
3086,4109,2025-12-06,2272.15,Cheque
3087,4112,2026-02-06,2251.96,Cheque
3088,4112,2026-01-17,646.93,Cheque
3089,4116,2026-02-21,2203.68,UPI
3090,4118,2026-04-24,2371.18,NEFT
3091,4119,2026-06-26,4463.84,Cheque
3092,4120,2026-05-13,6859.57,NEFT
3093,4120,2026-06-14,1272.08,Cheque
3094,4121,2026-07-06,18248.96,NEFT
3095,4122,2026-08-05,3496.67,Card
3096,4125,2026-08-27,4430.59,NEFT
3097,4126,2026-05-13,8115.43,UPI
3098,4126,2026-05-10,4532.81,Cheque
3099,4127,2025-10-16,3846.9,NEFT
3100,4128,2025-12-16,7083.44,UPI
3101,4129,2026-05-09,1833.52,UPI
3102,4129,2026-04-26,1326.38,NEFT
3103,4130,2026-01-14,7649.57,Cheque
3104,4131,2026-06-26,7059.73,Cheque
3105,4132,2026-06-11,8989.37,Cheque
3106,4133,2026-07-27,21712.69,Card
3107,4134,2026-10-26,10403.04,NEFT
3108,4136,2026-06-10,3657.91,NEFT
3109,4137,2026-08-24,816.2,Card
3110,4138,2026-06-10,14126.89,Cheque
3111,4140,2025-12-12,4780.07,Card
3112,4140,2026-01-09,1642.53,UPI
3113,4141,2025-10-26,1052.5,Card
3114,4141,2025-10-22,1183.19,Cheque
3115,4142,2026-07-19,15055.27,Cheque
3116,4143,2026-08-31,12103.62,NEFT
3117,4144,2025-11-06,979.79,UPI
3118,4145,2026-08-04,5594.4,Card
3119,4146,2026-07-01,6071.95,Cheque
3120,4147,2026-07-06,1385.28,Cheque
3121,4148,2026-01-09,1947.71,UPI
3122,4149,2026-03-13,11973.39,Cheque
3123,4151,2026-05-18,2338.44,Card
3124,4152,2026-06-24,2396.67,Card
3125,4152,2026-06-18,530.13,UPI
3126,4153,2026-09-29,1758.45,NEFT
3127,4153,2026-08-27,154.31,Card
3128,4154,2026-05-24,5310.96,UPI
3129,4155,2026-04-13,9127.4,Cheque
3130,4156,2026-08-13,12817.05,UPI
3131,4157,2026-02-17,2930.14,NEFT
3132,4158,2025-12-20,3767.5,Cheque
3133,4159,2026-07-22,7466.04,Card
3134,4160,2026-04-09,10713.71,Card
3135,4161,2026-06-16,6726.55,UPI
3136,4162,2026-01-20,9333.84,NEFT
3137,4163,2026-05-13,21390.83,Card
3138,4164,2026-08-27,856.21,UPI
3139,4165,2026-05-29,16347.61,Card
3140,4166,2026-09-05,14129.9,Cheque
3141,4167,2026-09-20,1358.06,Card
3142,4168,2025-11-30,6015.3,NEFT
3143,4168,2025-10-31,1230.79,Card
3144,4169,2025-12-17,5400.31,UPI
3145,4169,2025-12-10,2915.99,UPI
3146,4170,2026-05-18,2090.88,Card
3147,4171,2026-09-24,4761.53,Cheque
3148,4172,2025-10-31,5666.42,NEFT
3149,4173,2025-11-07,2107.48,NEFT
3150,4174,2025-11-20,2637.81,NEFT
3151,4174,2025-12-17,1174.76,NEFT
3152,4175,2026-04-10,9461.18,NEFT
3153,4175,2026-04-11,5877.53,Cheque
3154,4177,2026-09-25,2067.98,Card
3155,4178,2026-02-18,593.12,NEFT
3156,4179,2026-10-05,5605.44,Cheque
3157,4179,2026-10-04,7849.2,NEFT
3158,4180,2026-05-03,21485.28,Card
3159,4181,2026-01-20,10083.0,NEFT
3160,4182,2026-06-27,3974.25,NEFT
3161,4184,2025-11-30,8189.55,NEFT
3162,4185,2026-07-02,11625.27,UPI
3163,4186,2026-09-07,2327.95,UPI
3164,4186,2026-09-05,621.42,NEFT
3165,4187,2025-11-22,6230.67,Card
3166,4188,2026-01-07,3531.31,Card
3167,4189,2025-11-02,7508.06,Card
3168,4190,2025-12-27,963.06,UPI
3169,4192,2026-07-02,3731.01,NEFT
3170,4193,2025-12-04,21651.9,NEFT
3171,4195,2025-11-09,8807.74,NEFT
3172,4196,2026-08-04,1739.85,NEFT
3173,4196,2026-08-05,611.33,Card
3174,4197,2026-05-18,3507.17,Cheque
3175,4198,2025-12-10,6855.45,Card
3176,4199,2026-05-24,3750.54,Cheque
3177,4200,2026-04-03,4119.07,NEFT
3178,4201,2026-08-15,6170.68,Cheque
3179,4202,2026-04-21,1269.77,UPI
3180,4203,2026-01-21,3286.77,UPI
3181,4204,2025-11-17,9397.79,Cheque
3182,4205,2026-02-09,3649.25,UPI
3183,4206,2026-03-19,32417.41,Card
3184,4207,2026-06-16,5376.48,NEFT
3185,4208,2026-01-09,1136.35,UPI
3186,4209,2025-10-24,7131.62,NEFT
3187,4210,2026-02-25,2148.35,NEFT
3188,4211,2026-08-16,6562.9,NEFT
3189,4213,2025-10-16,3197.25,Cheque
3190,4213,2025-10-11,155.89,Card
3191,4214,2026-01-09,11445.13,Card
3192,4216,2026-04-25,3391.37,Cheque
3193,4217,2026-01-15,2749.59,UPI
3194,4217,2026-01-15,351.71,Card
3195,4218,2026-04-09,14571.52,Cheque
3196,4219,2026-06-30,3782.2,Cheque
3197,4220,2026-03-04,2354.14,NEFT
3198,4222,2026-09-07,2444.91,Cheque
3199,4223,2026-04-24,2745.44,UPI
3200,4224,2026-07-13,8684.44,Cheque
3201,4225,2026-05-31,504.89,NEFT
3202,4226,2026-10-14,1253.42,Cheque
3203,4227,2025-12-16,2909.62,UPI
3204,4228,2026-02-17,14524.03,UPI
3205,4228,2026-02-07,2686.81,UPI
3206,4229,2026-01-20,7139.93,NEFT
3207,4230,2025-11-13,4874.69,Card
3208,4231,2026-07-20,4603.77,NEFT
3209,4232,2026-07-20,5519.09,NEFT
3210,4233,2026-04-21,6085.57,UPI
3211,4234,2025-10-08,5528.22,NEFT
3212,4235,2026-05-29,23728.98,NEFT
3213,4237,2026-09-22,4860.82,NEFT
3214,4239,2026-10-08,10600.08,UPI
3215,4240,2026-02-19,2797.48,UPI
3216,4241,2026-05-07,3728.42,Cheque
3217,4242,2026-07-24,1492.0,NEFT
3218,4243,2026-05-07,9312.72,NEFT
3219,4243,2026-05-31,1699.99,Cheque
3220,4244,2026-01-25,1478.64,Cheque
3221,4245,2026-09-26,7698.94,Cheque
3222,4246,2026-07-06,18802.58,UPI
3223,4246,2026-08-09,385.98,NEFT
3224,4247,2026-08-23,22087.52,Cheque
3225,4247,2026-08-12,1249.16,NEFT
3226,4248,2026-03-08,3914.4,UPI
3227,4249,2026-03-07,3791.4,NEFT
3228,4251,2026-04-22,5938.34,UPI
3229,4251,2026-04-12,4339.9,Cheque
3230,4253,2026-01-08,4016.65,Cheque
3231,4254,2026-03-12,11794.14,Card
3232,4255,2026-02-18,5177.79,NEFT
3233,4256,2026-05-30,2013.43,NEFT
3234,4256,2026-05-31,2410.23,Card
3235,4258,2025-11-19,11370.95,NEFT
3236,4259,2026-08-02,6092.76,NEFT
3237,4260,2026-02-26,4953.33,Card
3238,4261,2026-01-06,1127.34,Card
3239,4262,2026-05-02,10729.93,Card
3240,4263,2026-09-10,1282.83,NEFT
3241,4263,2026-09-09,735.03,Cheque
3242,4264,2025-11-03,7177.66,Card
3243,4265,2026-10-01,2682.13,UPI
3244,4266,2026-01-25,2119.03,UPI
3245,4267,2025-10-10,5046.89,UPI
3246,4267,2025-10-17,5459.24,NEFT
3247,4268,2026-08-07,2790.25,Cheque
3248,4268,2026-08-23,2633.37,NEFT
3249,4269,2026-05-16,5166.89,NEFT
3250,4270,2025-10-25,9874.56,Cheque
3251,4271,2026-05-14,23510.96,NEFT
3252,4272,2026-03-23,4103.64,UPI
3253,4273,2025-11-17,1757.2,Cheque
3254,4274,2026-03-02,7909.56,Card
3255,4275,2026-06-04,1705.32,Card
3256,4276,2026-07-02,7312.59,Card
3257,4278,2026-04-02,5313.43,NEFT
3258,4279,2026-03-23,13336.05,Cheque
3259,4281,2026-03-25,3073.78,Cheque
3260,4282,2026-03-04,9169.47,Card
3261,4284,2026-06-10,36189.79,Card
3262,4285,2026-01-29,1566.41,UPI
3263,4287,2025-11-11,2190.66,UPI
3264,4289,2026-08-21,5249.49,NEFT
3265,4290,2026-02-19,10091.24,UPI
3266,4291,2026-05-04,3644.96,NEFT
3267,4292,2026-08-14,3637.19,Card
3268,4292,2026-08-03,5112.87,Card
3269,4293,2025-11-28,4333.11,UPI
3270,4294,2025-10-23,5602.55,Card
3271,4295,2026-02-25,2939.81,UPI
3272,4295,2026-02-22,213.48,NEFT
3273,4296,2026-08-04,14842.18,UPI
3274,4297,2026-05-23,1820.78,Cheque
3275,4298,2026-04-26,4565.16,UPI
3276,4299,2026-05-27,20783.2,UPI
3277,4300,2026-03-04,13876.87,Card
3278,4301,2025-10-30,2546.87,Card
3279,4302,2026-08-04,2652.62,Cheque
3280,4304,2026-03-18,8409.69,Card
3281,4305,2026-06-27,12953.43,UPI
3282,4306,2025-11-13,1619.36,NEFT
3283,4307,2026-01-02,8127.53,Card
3284,4307,2025-12-08,6198.42,UPI
3285,4309,2025-10-27,8238.55,Card
3286,4309,2025-11-08,6305.43,UPI
3287,4310,2026-04-18,1300.0,Cheque
3288,4310,2026-06-20,73.14,Cheque
3289,4311,2026-04-20,2050.89,Cheque
3290,4312,2026-05-27,19811.26,NEFT
3291,4313,2026-07-14,20702.78,Cheque
3292,4314,2026-02-06,5417.89,UPI
3293,4316,2025-10-30,4936.2,NEFT
3294,4317,2026-05-06,6967.25,Card
3295,4318,2025-11-25,6118.86,UPI
3296,4318,2025-12-26,1369.03,Card
3297,4319,2025-11-08,3949.75,Card
3298,4320,2026-07-24,1062.96,Card
3299,4321,2026-08-24,3236.44,Cheque
3300,4324,2025-10-12,4151.98,NEFT
3301,4324,2025-10-11,2564.42,Cheque
3302,4325,2026-01-25,4574.23,Card
3303,4326,2026-04-16,4091.14,Card
3304,4327,2026-01-28,24102.64,UPI
3305,4328,2026-09-14,12510.31,Card
3306,4329,2026-05-10,5892.58,NEFT
3307,4330,2026-06-16,3251.12,Card
3308,4331,2026-07-09,10103.14,NEFT
3309,4331,2026-07-06,3930.2,Cheque
3310,4332,2026-01-22,5462.13,NEFT
3311,4334,2026-04-28,3117.31,NEFT
3312,4335,2025-10-25,8490.33,Cheque
3313,4336,2025-12-12,10711.24,Cheque
3314,4337,2026-06-19,8313.81,NEFT
3315,4338,2026-06-20,8461.14,UPI
3316,4339,2026-01-07,1605.26,Card
3317,4340,2025-12-05,3235.21,Cheque
3318,4341,2025-10-15,5631.09,UPI
3319,4342,2025-11-15,4682.43,NEFT
3320,4343,2026-03-23,1787.69,UPI
3321,4343,2026-03-28,457.53,NEFT
3322,4344,2026-02-28,4872.65,Card
3323,4345,2026-01-09,8683.39,UPI
3324,4346,2026-09-19,3658.78,UPI
3325,4347,2025-11-12,13889.58,UPI
3326,4347,2025-12-15,3911.15,NEFT
3327,4348,2026-09-05,1836.73,UPI
3328,4349,2026-01-26,2586.01,UPI
3329,4350,2026-03-01,3162.01,Cheque
3330,4351,2026-04-18,9654.56,Cheque
3331,4352,2026-02-01,5925.96,Card
3332,4353,2026-03-22,2461.07,Card
3333,4354,2026-05-10,1118.09,UPI
3334,4355,2026-08-29,1435.07,Card
3335,4355,2026-09-02,499.81,UPI
3336,4356,2026-08-19,1229.75,NEFT
3337,4357,2025-10-15,10056.49,NEFT
3338,4358,2026-06-23,2142.92,UPI
3339,4359,2026-08-10,8618.3,NEFT
3340,4360,2026-10-01,7074.58,Card
3341,4361,2025-12-29,12970.9,UPI
3342,4362,2026-06-19,2822.75,Cheque
3343,4363,2026-07-12,6911.72,Cheque
3344,4364,2025-10-18,5511.21,UPI
3345,4365,2026-01-10,5523.5,UPI
3346,4366,2026-04-01,4120.92,Card
3347,4366,2026-03-05,803.59,NEFT
3348,4368,2026-05-08,6541.62,UPI
3349,4368,2026-03-23,2442.78,UPI
3350,4369,2026-06-03,4989.93,NEFT
3351,4371,2026-04-03,3158.02,Cheque
3352,4372,2025-10-10,5143.74,NEFT
3353,4373,2026-06-10,5970.89,Cheque
3354,4374,2026-02-07,4647.22,NEFT
3355,4377,2025-11-06,2729.01,Cheque
3356,4377,2025-10-23,550.76,Cheque
3357,4378,2025-10-21,5060.68,Cheque
3358,4379,2026-03-08,21258.48,Card
3359,4379,2026-02-08,16771.1,NEFT
3360,4381,2026-01-08,13725.16,Card
3361,4384,2026-01-01,13361.52,Card
3362,4385,2026-02-16,1412.11,NEFT
3363,4386,2026-05-17,4148.33,Card
3364,4387,2025-11-07,8215.0,NEFT
3365,4388,2026-02-04,4717.94,NEFT
3366,4389,2025-12-24,1439.36,UPI
3367,4389,2025-12-15,1735.06,Card
3368,4390,2026-07-13,3320.32,UPI
3369,4391,2025-12-28,6435.02,Card
3370,4392,2026-01-11,903.45,NEFT
3371,4393,2026-03-11,5245.71,Card
3372,4393,2026-02-23,278.5,UPI
3373,4394,2026-07-13,8936.29,Cheque
3374,4395,2026-10-02,3442.36,Cheque
3375,4396,2026-03-03,580.86,Card
3376,4396,2026-03-10,854.56,NEFT
3377,4397,2026-09-15,3319.48,UPI
3378,4398,2026-06-14,3460.59,UPI
3379,4398,2026-07-02,1068.07,NEFT
3380,4399,2025-12-21,2113.22,NEFT
3381,4401,2026-03-26,5737.8,UPI
3382,4402,2025-09-19,13085.53,Cheque
3383,4403,2025-12-05,2052.94,UPI
3384,4404,2026-07-24,4703.4,Cheque
3385,4404,2026-08-16,764.07,Card
3386,4405,2026-06-22,2272.2,UPI
3387,4407,2026-02-27,8782.74,NEFT
3388,4408,2026-07-30,3629.13,UPI
3389,4408,2026-09-05,515.61,UPI
3390,4409,2026-03-26,9686.37,NEFT
3391,4410,2025-10-22,3408.03,Card
3392,4410,2025-10-03,1408.27,Cheque
3393,4411,2026-02-04,2002.45,Card
3394,4412,2026-10-10,2872.31,NEFT
3395,4413,2026-05-21,19074.43,NEFT
3396,4413,2026-04-28,15535.82,Cheque
3397,4415,2026-03-16,1373.24,Cheque
3398,4416,2026-09-02,2011.32,NEFT
3399,4417,2026-05-30,2826.82,Cheque
3400,4418,2026-02-13,1580.48,NEFT
3401,4418,2026-02-04,866.39,Cheque
3402,4419,2026-01-11,1087.56,Card
3403,4419,2026-02-05,987.67,Cheque
3404,4420,2026-04-16,16108.23,Cheque
3405,4422,2025-12-05,2146.5,UPI
3406,4423,2026-08-05,3125.59,UPI
3407,4424,2026-06-10,4393.31,NEFT
3408,4425,2026-08-01,20781.38,Card
3409,4426,2026-03-19,2502.79,UPI
3410,4429,2026-04-20,11200.35,Card
3411,4430,2026-09-01,15970.53,Cheque
3412,4432,2026-04-30,3803.55,Card
3413,4434,2026-01-26,8051.33,UPI
3414,4435,2025-12-19,4671.02,Card
3415,4436,2025-11-10,7479.24,NEFT
3416,4437,2026-03-25,3527.67,Cheque
3417,4438,2026-04-30,6362.48,UPI
3418,4439,2025-10-24,4540.34,NEFT
3419,4439,2025-10-31,1740.04,UPI
3420,4440,2026-03-15,9745.22,UPI
3421,4441,2025-12-22,2273.89,Cheque
3422,4442,2025-11-09,6069.13,UPI
3423,4442,2025-10-27,575.31,UPI
3424,4443,2026-02-28,1966.33,UPI
3425,4444,2026-07-07,22417.76,UPI
3426,4445,2026-08-30,3575.39,Cheque
3427,4446,2026-03-05,1330.46,Card
3428,4448,2025-11-06,3295.57,UPI
3429,4451,2026-05-25,4582.98,Card
3430,4451,2026-05-11,209.42,Cheque
3431,4452,2026-09-15,19060.33,Card
3432,4453,2026-05-05,8788.03,NEFT
3433,4454,2025-09-20,1282.45,Card
3434,4455,2026-03-30,2715.28,Card
3435,4457,2025-12-07,8320.75,NEFT
3436,4459,2025-10-21,3266.24,Cheque
3437,4460,2025-12-31,1917.29,UPI
3438,4461,2026-07-20,1757.39,UPI
3439,4462,2026-04-08,680.32,UPI
3440,4463,2026-05-21,10482.92,Cheque
3441,4464,2026-05-31,4596.51,NEFT
3442,4465,2026-05-17,5016.92,Cheque
3443,4466,2026-04-13,428.94,NEFT
3444,4467,2026-01-03,2233.36,UPI
3445,4467,2026-01-22,2572.0,Card
3446,4468,2026-02-04,6627.14,NEFT
3447,4468,2026-01-20,1142.95,UPI
3448,4469,2026-01-24,939.77,UPI
3449,4470,2026-09-15,5179.96,Card
3450,4471,2025-11-27,4516.01,Cheque
3451,4471,2025-12-10,224.92,UPI
3452,4473,2026-01-28,8163.57,NEFT
3453,4473,2026-01-22,6069.04,UPI
3454,4474,2026-09-08,11746.79,Cheque
3455,4477,2026-06-27,7045.23,UPI
3456,4478,2026-03-20,16598.9,UPI
3457,4479,2025-11-29,2873.93,Cheque
3458,4481,2025-11-07,6695.0,Card
3459,4483,2026-05-24,1787.36,UPI
3460,4484,2025-12-31,3142.93,NEFT
3461,4485,2026-06-25,4659.24,Cheque
3462,4486,2026-03-27,13466.31,NEFT
3463,4487,2026-06-25,3153.26,Card
3464,4487,2026-06-14,1500.62,Card
3465,4488,2026-09-01,13051.1,NEFT
3466,4490,2026-03-25,5049.76,Card
3467,4492,2026-06-17,7135.36,Card
3468,4492,2026-06-23,3833.47,UPI
3469,4493,2026-08-12,5545.68,Cheque
3470,4494,2026-06-29,2782.62,Cheque
3471,4495,2026-07-17,3629.58,Cheque
3472,4495,2026-06-10,2891.9,Card
3473,4496,2026-02-03,3468.0,NEFT
3474,4497,2025-12-02,3318.02,Cheque
3475,4498,2025-10-29,12878.47,UPI
3476,4499,2026-04-13,4401.5,Cheque
3477,4500,2026-08-18,27580.65,Card
3478,4501,2026-01-30,5907.75,Card
3479,4501,2026-02-20,3096.07,Cheque
3480,4503,2026-05-18,2564.84,Card
3481,4504,2026-05-06,1853.04,Card
3482,4505,2026-07-10,8118.88,UPI
3483,4506,2026-03-28,1618.53,Card
3484,4507,2026-03-19,343.71,NEFT
3485,4507,2026-03-13,472.52,UPI
3486,4508,2026-05-25,1334.14,Card
3487,4509,2025-10-31,2067.06,Cheque
3488,4510,2026-05-15,6546.44,Card
3489,4511,2026-04-17,4680.19,Card
3490,4512,2026-08-23,10630.33,Cheque
3491,4514,2026-10-15,3857.24,UPI
3492,4515,2025-10-24,20232.79,UPI
3493,4516,2025-11-29,3805.68,NEFT
3494,4517,2025-12-01,5983.48,Card
3495,4518,2026-10-08,2957.67,Card
3496,4519,2025-10-31,4174.53,UPI
3497,4520,2026-09-11,7312.99,Card
3498,4521,2025-12-07,8458.0,Cheque
3499,4522,2025-11-15,5495.56,Cheque
3500,4523,2026-07-23,4061.57,Card
3501,4525,2026-04-30,2774.68,Card
3502,4526,2025-10-22,4208.22,NEFT
3503,4528,2026-04-14,11012.5,Cheque
3504,4529,2026-05-21,2411.44,Card
3505,4530,2026-08-04,4339.14,UPI
3506,4531,2025-11-07,2237.53,Cheque
3507,4532,2026-06-06,3503.92,UPI
3508,4533,2026-08-06,11132.19,Cheque
3509,4534,2026-08-25,3255.08,Card
3510,4536,2026-07-18,1858.93,Card
3511,4537,2025-10-12,3191.66,Card
3512,4538,2026-03-15,1448.81,Cheque
3513,4539,2026-09-16,5408.2,NEFT
3514,4539,2026-10-06,840.82,NEFT
3515,4540,2025-11-20,6712.11,UPI
3516,4541,2025-10-03,6546.62,Card
3517,4542,2025-10-25,6891.71,Card
3518,4543,2026-03-01,6556.18,Cheque
3519,4544,2026-07-02,1474.63,UPI
3520,4546,2026-08-08,830.65,Card
3521,4547,2026-07-29,3394.62,Card
3522,4547,2026-08-03,56.08,Cheque
3523,4549,2026-01-07,4847.62,Cheque
3524,4550,2026-02-14,35766.37,NEFT
3525,4551,2026-08-01,9348.91,UPI
3526,4552,2026-06-17,16998.1,UPI
3527,4553,2025-12-23,9646.26,Card
3528,4554,2026-10-03,3274.99,Cheque
3529,4554,2026-09-20,1340.31,NEFT
3530,4555,2025-12-25,4961.35,NEFT
3531,4556,2026-02-01,8636.58,Cheque
3532,4556,2026-03-07,1348.64,UPI
3533,4557,2026-07-10,6098.96,NEFT
3534,4558,2026-01-19,3971.2,NEFT
3535,4559,2026-01-01,7392.68,Card
3536,4559,2026-01-03,8259.5,Cheque
3537,4560,2026-06-26,7136.5,Cheque
3538,4561,2026-09-15,1598.88,UPI
3539,4562,2026-05-21,4328.16,Card
3540,4563,2026-03-05,5205.04,UPI
3541,4564,2026-03-20,3618.08,Cheque
3542,4565,2026-06-26,3674.1,Cheque
3543,4566,2026-04-04,3580.9,Cheque
3544,4567,2026-02-06,1199.22,NEFT
3545,4568,2026-08-12,1040.2,Cheque
3546,4569,2026-03-21,2964.54,UPI
3547,4570,2026-05-18,3629.3,UPI
3548,4571,2026-02-18,1712.58,UPI
3549,4572,2025-12-09,2203.52,Cheque
3550,4573,2026-02-19,4083.42,Card
3551,4574,2026-01-08,11407.66,UPI
3552,4576,2026-05-20,11117.2,Cheque
3553,4578,2026-04-24,3031.28,Card
3554,4578,2026-05-02,1154.16,Card
3555,4579,2026-08-05,13436.2,Card
3556,4580,2025-12-03,1218.58,Card
3557,4584,2026-03-29,7046.47,UPI
3558,4585,2026-08-15,17236.55,Card
3559,4586,2026-07-01,13317.86,NEFT
3560,4587,2026-02-06,4337.22,Card
3561,4588,2026-02-06,4591.55,Cheque
3562,4588,2026-02-01,5000.69,Card
3563,4589,2026-05-31,1266.65,UPI
3564,4591,2026-04-01,3891.35,Cheque
3565,4591,2026-02-10,27.11,Cheque
3566,4592,2026-03-06,4436.61,Card
3567,4593,2026-04-26,3058.36,UPI
3568,4593,2026-05-21,2374.7,NEFT
3569,4594,2026-07-20,6817.84,NEFT
3570,4595,2025-10-03,1564.81,NEFT
3571,4596,2026-07-15,2282.05,Card
3572,4597,2026-07-17,4073.2,Card
3573,4598,2026-09-08,996.28,Cheque
3574,4598,2026-08-24,208.76,UPI
3575,4599,2026-03-04,5580.27,Cheque
3576,4600,2025-11-26,9733.88,NEFT
3577,4601,2026-08-05,15228.25,NEFT
3578,4602,2026-06-15,5400.94,NEFT
3579,4603,2026-04-06,22613.47,UPI
3580,4604,2026-07-31,4170.35,UPI
3581,4604,2026-08-07,691.42,NEFT
3582,4605,2026-08-11,1829.44,Card
3583,4606,2026-08-31,4781.12,Card
3584,4607,2026-06-15,4241.43,Cheque
3585,4609,2026-08-04,4171.84,Card
3586,4609,2026-09-14,2036.78,UPI
3587,4610,2025-10-09,5864.15,UPI
3588,4611,2025-12-29,10837.0,Card
3589,4612,2025-10-04,2247.08,Card
3590,4612,2025-09-16,1297.68,NEFT
3591,4613,2025-11-22,7693.82,NEFT
3592,4614,2026-08-01,3612.37,NEFT
3593,4614,2026-08-08,2647.32,UPI
3594,4615,2026-08-06,5477.2,Card
3595,4616,2026-04-27,4743.97,Card
3596,4617,2026-09-25,1808.35,UPI
3597,4619,2026-08-07,4295.65,UPI
3598,4622,2026-04-26,2095.99,UPI
3599,4624,2026-08-26,1711.19,UPI
3600,4625,2026-03-19,1013.29,Cheque
3601,4625,2026-04-01,696.47,Card
3602,4626,2026-08-13,710.85,UPI
3603,4626,2026-08-21,227.05,NEFT
3604,4627,2026-02-18,6331.24,Card
3605,4628,2026-03-06,10933.89,Cheque
3606,4629,2026-01-14,2245.92,Cheque
3607,4629,2026-03-06,2818.91,NEFT
3608,4630,2025-12-24,3618.23,UPI
3609,4631,2026-09-10,1644.49,NEFT
3610,4633,2026-06-18,4869.83,NEFT
3611,4634,2026-10-16,8182.29,Card
3612,4635,2026-05-12,1687.26,NEFT
3613,4636,2026-03-09,11632.07,NEFT
3614,4638,2026-09-05,11910.69,UPI
3615,4639,2026-09-06,2677.28,UPI
3616,4640,2026-02-20,593.98,Card
3617,4641,2026-01-15,8252.55,Card
3618,4642,2026-02-27,2389.68,UPI
3619,4643,2026-06-15,1455.67,Card
3620,4644,2026-03-22,7350.09,UPI
3621,4645,2026-08-04,1445.31,Cheque
3622,4645,2026-10-03,1009.24,Cheque
3623,4647,2026-09-23,9842.73,UPI
3624,4648,2026-09-17,1794.67,UPI
3625,4649,2026-03-06,1586.24,NEFT
3626,4651,2025-11-08,16422.07,NEFT
3627,4652,2026-07-29,5470.26,Card
3628,4653,2026-06-01,2992.06,UPI
3629,4654,2026-02-22,4445.86,Cheque
3630,4655,2026-06-01,3476.29,Card
3631,4657,2026-03-25,2957.5,Cheque
3632,4658,2026-05-17,4526.26,Cheque
3633,4658,2026-05-11,5374.36,NEFT
3634,4660,2025-10-17,15599.41,Card
3635,4662,2025-09-30,16971.21,NEFT
3636,4663,2026-06-01,8410.72,Card
3637,4666,2026-02-07,21579.32,NEFT
3638,4667,2026-05-26,14189.35,Cheque
3639,4668,2026-02-23,17233.31,Card
3640,4669,2026-01-30,2233.29,Cheque
3641,4670,2026-08-08,1115.5,UPI
3642,4673,2026-08-15,1444.74,NEFT
3643,4673,2026-07-16,1538.43,UPI
3644,4674,2026-10-07,5110.84,NEFT
3645,4675,2026-08-19,1562.75,Cheque
3646,4676,2026-10-02,1218.57,NEFT
3647,4677,2026-06-17,7046.67,UPI
3648,4678,2026-03-06,3470.89,NEFT
3649,4678,2026-02-20,1654.12,UPI
3650,4679,2026-10-03,14482.19,Cheque
3651,4680,2025-10-08,4855.89,Card
3652,4680,2025-10-13,826.22,UPI
3653,4681,2026-07-19,9351.7,Cheque
3654,4682,2025-12-03,2011.36,Cheque
3655,4682,2025-12-08,584.77,Cheque
3656,4685,2026-09-27,6942.18,UPI
3657,4685,2026-09-29,860.99,UPI
3658,4686,2026-09-19,4171.18,Cheque
3659,4687,2025-11-01,6618.03,NEFT
3660,4688,2025-12-17,8228.76,NEFT
3661,4690,2026-04-05,3191.67,NEFT
3662,4691,2026-01-27,2046.19,UPI
3663,4692,2026-02-28,1267.72,Cheque
3664,4692,2026-05-14,1303.52,NEFT
3665,4693,2026-09-29,3842.03,Card
3666,4695,2026-05-21,8258.9,Cheque
3667,4696,2026-01-10,8893.07,Card
3668,4696,2026-01-12,825.7,UPI
3669,4697,2026-05-31,634.62,Cheque
3670,4697,2026-06-26,471.96,Card
3671,4698,2025-12-20,3402.73,Card
3672,4699,2025-10-17,5925.26,Card
3673,4700,2026-06-13,12201.77,UPI
3674,4701,2026-09-06,4790.97,Cheque
3675,4702,2026-08-01,14906.53,Card
3676,4703,2025-12-09,7772.11,Card
3677,4704,2026-07-11,6780.55,UPI
3678,4706,2026-08-08,4902.52,Cheque
3679,4707,2026-06-19,6514.72,UPI
3680,4708,2026-03-31,2483.56,Card
3681,4708,2026-04-01,1792.94,Card
3682,4710,2026-07-20,10105.71,Cheque
3683,4711,2026-03-27,13037.55,UPI
3684,4712,2026-08-06,1146.9,Cheque
3685,4712,2026-08-10,1029.17,Card
3686,4714,2026-06-05,7387.29,UPI
3687,4715,2026-05-10,4687.71,UPI
3688,4716,2026-02-27,6150.36,Cheque
3689,4717,2026-01-20,1495.13,NEFT
3690,4718,2026-07-17,1557.47,UPI
3691,4719,2025-12-25,6022.5,Card
3692,4721,2026-02-24,8852.7,Cheque
3693,4722,2025-12-14,3056.1,NEFT
3694,4723,2026-02-03,2458.27,UPI
3695,4724,2026-01-15,815.56,NEFT
3696,4725,2026-04-17,7244.32,Card
3697,4727,2026-06-02,1511.16,Cheque
3698,4728,2026-01-27,1011.54,NEFT
3699,4729,2026-08-03,3101.16,UPI
3700,4730,2026-01-05,10668.49,UPI
3701,4732,2025-10-19,2147.27,NEFT
3702,4732,2025-10-15,2089.26,NEFT
3703,4733,2026-04-06,11044.22,NEFT
3704,4734,2026-05-04,2267.83,Cheque
3705,4735,2025-12-15,1327.08,NEFT
3706,4735,2025-12-05,1570.12,NEFT
3707,4736,2025-11-21,5960.21,Cheque
3708,4739,2026-03-25,8804.28,UPI
3709,4740,2026-09-28,7566.33,UPI
3710,4741,2026-03-08,9729.67,Cheque
3711,4742,2026-08-23,3807.18,UPI
3712,4742,2026-08-31,615.72,Card
3713,4743,2025-09-27,1222.29,UPI
3714,4744,2026-05-23,2666.71,NEFT
3715,4744,2026-06-03,2376.49,UPI
3716,4745,2026-08-12,1958.15,Cheque
3717,4746,2025-11-13,987.97,Card
3718,4747,2025-10-16,4013.51,UPI
3719,4748,2026-03-18,5424.08,Card
3720,4749,2026-06-27,17958.44,Cheque
3721,4750,2026-01-15,1866.74,Cheque
3722,4750,2025-12-20,39.16,UPI
3723,4752,2026-01-25,763.79,Cheque
3724,4753,2026-09-23,13811.85,Cheque
3725,4754,2026-08-09,2854.57,Cheque
3726,4755,2026-01-21,3825.06,UPI
3727,4756,2026-03-01,3864.46,UPI
3728,4757,2026-01-09,9176.13,Cheque
3729,4758,2026-08-11,1566.84,Card
3730,4759,2026-02-06,4338.44,UPI
3731,4760,2025-10-28,2451.7,NEFT
3732,4760,2025-11-07,541.63,NEFT
3733,4761,2026-09-11,29016.84,NEFT
3734,4762,2026-02-06,2098.99,NEFT
3735,4764,2026-09-11,17470.09,UPI
3736,4764,2026-07-28,1926.83,Cheque
3737,4765,2026-01-30,7407.62,NEFT
3738,4766,2026-08-17,2663.23,Cheque
3739,4768,2026-03-13,2634.37,NEFT
3740,4769,2025-12-07,939.32,UPI
3741,4769,2026-01-03,105.49,UPI
3742,4770,2025-09-25,4384.25,Cheque
3743,4771,2025-10-07,4359.21,Card
3744,4774,2025-11-23,2690.31,Cheque
3745,4775,2026-08-12,2154.53,NEFT
3746,4775,2026-08-17,1544.92,Card
3747,4776,2026-01-15,1556.54,Card
3748,4776,2025-12-13,724.79,NEFT
3749,4777,2026-03-22,6953.47,UPI
3750,4778,2026-06-09,9862.46,NEFT
3751,4779,2026-05-22,2052.51,Cheque
3752,4779,2026-05-18,1256.77,Card
3753,4780,2025-11-04,6011.54,UPI
3754,4780,2025-11-11,1656.84,Card
3755,4781,2026-01-27,1856.71,Card
3756,4782,2026-03-14,2405.5,NEFT
3757,4782,2026-04-05,1051.35,Card
3758,4783,2025-10-22,16123.86,UPI
3759,4784,2026-08-05,8382.43,NEFT
3760,4785,2026-03-25,6300.97,Cheque
3761,4786,2026-09-14,3753.17,UPI
3762,4787,2026-06-27,4835.03,Cheque
3763,4788,2026-05-19,1544.54,Cheque
3764,4789,2026-06-15,3860.23,UPI
3765,4790,2026-06-23,6754.86,Cheque
3766,4791,2026-01-17,4895.42,Card
3767,4792,2025-11-03,4895.45,NEFT
3768,4793,2025-12-07,2962.17,Card
3769,4794,2026-03-27,2418.72,Cheque
3770,4795,2026-02-21,2248.04,Card
3771,4796,2025-12-26,4087.5,NEFT
3772,4797,2026-09-03,8996.47,Cheque
3773,4798,2025-12-04,1148.14,UPI
3774,4798,2025-11-17,1367.71,Cheque
3775,4799,2026-08-02,5165.73,Card
3776,4800,2026-06-17,5062.3,UPI
3777,4802,2026-09-17,2434.59,Cheque
3778,4802,2026-09-10,2619.23,UPI
3779,4803,2026-02-18,1520.68,Card
3780,4804,2026-06-29,27367.05,NEFT
3781,4805,2026-04-27,10878.52,Card
3782,4806,2026-03-27,7359.49,Card
3783,4808,2026-04-09,3874.02,Cheque
3784,4809,2026-06-25,1602.44,UPI
3785,4812,2025-10-18,3675.07,UPI
3786,4813,2025-09-15,20317.52,NEFT
3787,4814,2026-04-21,5455.85,NEFT
3788,4814,2026-04-25,3096.68,NEFT
3789,4815,2026-08-08,7938.49,UPI
3790,4815,2026-06-28,2956.69,Cheque
3791,4816,2026-08-26,7702.7,NEFT
3792,4817,2026-08-31,5694.77,NEFT
3793,4818,2026-02-21,7194.3,UPI
3794,4819,2026-07-25,1022.38,Cheque
3795,4820,2026-09-27,4059.84,UPI
3796,4821,2025-11-28,1634.31,UPI
3797,4822,2026-05-03,1178.15,Cheque
3798,4823,2026-03-02,12992.03,Card
3799,4824,2026-08-14,2113.2,NEFT
3800,4825,2026-03-07,1734.14,Card
3801,4826,2026-07-12,3761.08,Cheque
3802,4826,2026-06-11,3067.4,NEFT
3803,4827,2026-02-20,4732.69,Cheque
3804,4828,2026-04-07,6865.96,Cheque
3805,4828,2026-05-04,279.3,Cheque
3806,4829,2026-03-30,20372.02,NEFT
3807,4830,2026-02-21,7906.18,Cheque
3808,4831,2025-10-13,1446.22,NEFT
3809,4832,2026-07-25,10546.09,Card
3810,4833,2025-10-09,4193.34,Cheque
3811,4834,2025-11-12,3000.59,Card
3812,4834,2025-12-02,2718.41,Card
3813,4835,2026-06-19,1332.04,NEFT
3814,4836,2026-06-08,7478.55,NEFT
3815,4837,2026-07-16,1765.19,UPI
3816,4838,2026-01-10,6093.61,UPI
3817,4840,2026-06-16,8909.96,UPI
3818,4841,2026-07-19,1517.98,UPI
3819,4842,2026-07-08,1434.51,Cheque
3820,4843,2025-12-29,3242.44,Card
3821,4844,2026-09-27,6187.27,Card
3822,4845,2026-05-01,1744.84,Card
3823,4846,2026-02-25,5885.56,Cheque
3824,4847,2026-09-06,10063.98,NEFT
3825,4848,2026-04-09,1734.21,Cheque
3826,4849,2026-03-16,5892.83,Card
3827,4850,2025-11-15,7700.34,Card
3828,4851,2026-05-24,4285.06,NEFT
3829,4853,2025-11-26,1619.83,Cheque
3830,4855,2026-07-19,5250.95,Cheque
3831,4856,2026-01-27,5640.49,Card
3832,4857,2026-04-12,26080.23,Card
3833,4858,2026-05-18,4238.06,Cheque
3834,4859,2025-11-21,6472.49,UPI
3835,4861,2026-07-12,2565.11,NEFT
3836,4861,2026-06-22,2245.4,Card
3837,4862,2026-05-25,2818.42,Card
3838,4863,2026-08-11,6876.71,UPI
3839,4864,2026-06-08,2890.51,Cheque
3840,4867,2026-04-27,1801.13,UPI
3841,4868,2025-10-19,1843.55,Card
3842,4869,2026-05-19,4120.2,UPI
3843,4869,2026-05-23,1545.99,UPI
3844,4871,2026-08-24,1246.29,Cheque
3845,4871,2026-08-17,600.85,UPI
3846,4872,2026-04-16,8447.43,Cheque
3847,4872,2026-04-21,927.44,UPI
3848,4873,2026-08-25,8513.37,NEFT
3849,4874,2026-07-17,6571.15,UPI
3850,4875,2025-10-25,9167.68,Card
3851,4876,2026-04-13,2265.21,NEFT
3852,4877,2026-04-18,1906.15,NEFT
3853,4878,2026-03-16,4061.92,Cheque
3854,4879,2025-09-12,1879.41,NEFT
3855,4879,2025-10-24,1130.42,Card
3856,4881,2026-01-27,7005.08,NEFT
3857,4881,2026-02-10,2519.26,UPI
3858,4883,2026-10-15,2497.26,Card
3859,4885,2025-11-16,2279.25,NEFT
3860,4886,2026-09-30,3679.59,Card
3861,4886,2026-10-15,299.26,Card
3862,4887,2026-03-14,2228.96,NEFT
3863,4888,2026-04-17,3114.13,UPI
3864,4889,2026-07-04,1498.3,Cheque
3865,4890,2026-09-26,13945.8,NEFT
3866,4891,2026-07-17,10282.77,NEFT
3867,4892,2026-01-08,2376.92,Cheque
3868,4892,2025-12-30,244.74,Cheque
3869,4893,2026-02-21,7241.92,UPI
3870,4894,2026-01-31,1392.83,UPI
3871,4895,2025-12-17,6567.55,NEFT
3872,4895,2025-11-26,1654.7,Card
3873,4896,2025-12-25,2465.06,UPI
3874,4897,2026-09-16,9766.2,Cheque
3875,4897,2026-09-29,3477.2,Card
3876,4898,2026-04-09,5814.27,NEFT
3877,4898,2026-04-28,1710.55,Cheque
3878,4899,2026-04-29,3732.2,NEFT
3879,4900,2025-10-24,3607.02,UPI
3880,4901,2026-01-08,5612.67,UPI
3881,4902,2026-01-26,2387.63,UPI
3882,4903,2026-08-04,12297.12,NEFT
3883,4904,2026-01-09,3909.25,UPI
3884,4904,2026-01-12,2477.49,UPI
3885,4905,2026-01-23,10527.55,NEFT
3886,4905,2026-03-09,287.39,Cheque
3887,4906,2025-11-28,704.51,NEFT
3888,4907,2026-03-24,5064.73,Cheque
3889,4908,2025-11-19,6097.57,Cheque
3890,4909,2025-10-08,2737.59,Cheque
3891,4909,2025-09-24,2248.59,NEFT
3892,4910,2025-11-20,5090.82,Card
3893,4911,2026-05-21,3867.2,NEFT
3894,4912,2026-02-21,17131.75,Card
3895,4912,2026-03-20,13295.32,NEFT
3896,4913,2026-10-11,3905.89,UPI
3897,4914,2026-10-15,4911.74,NEFT
3898,4915,2026-07-07,10577.14,Cheque
3899,4916,2025-11-07,3196.95,Card
3900,4917,2026-10-05,1423.37,Card
3901,4917,2026-10-09,361.26,Card
3902,4918,2026-08-03,5899.67,NEFT
3903,4920,2026-01-20,14850.25,UPI
3904,4922,2026-01-07,740.8,Card
3905,4922,2026-01-01,39.03,Card
3906,4923,2026-05-08,3458.65,Cheque
3907,4924,2026-04-23,11831.0,Cheque
3908,4925,2026-04-19,1194.44,NEFT
3909,4925,2026-04-17,33.37,Card
3910,4926,2025-12-24,6701.19,Cheque
3911,4927,2026-09-04,8463.44,Cheque
3912,4928,2026-03-14,4785.66,Cheque
3913,4929,2026-04-13,3390.87,Cheque
3914,4929,2026-06-20,1422.53,NEFT
3915,4930,2026-04-10,13040.88,UPI
3916,4931,2026-04-26,1512.58,Cheque
3917,4932,2025-11-15,5661.62,Cheque
3918,4932,2025-11-26,4059.74,NEFT
3919,4933,2026-09-09,7220.03,NEFT
3920,4934,2025-12-14,11338.97,Cheque
3921,4934,2025-11-21,2826.57,NEFT
3922,4935,2026-02-12,2341.81,Cheque
3923,4936,2025-12-19,16294.18,Card
3924,4937,2025-11-11,1101.09,Cheque
3925,4937,2025-10-27,545.48,Cheque
3926,4938,2026-01-25,3838.64,Card
3927,4939,2026-04-25,1971.69,NEFT
3928,4940,2026-02-21,8928.3,Card
3929,4941,2026-10-18,2717.99,NEFT
3930,4942,2026-04-20,12394.04,Card
3931,4943,2026-08-19,1295.57,NEFT
3932,4944,2025-12-13,3501.63,NEFT
3933,4945,2026-03-13,20867.9,UPI
3934,4946,2025-12-29,2720.64,NEFT
3935,4948,2026-01-11,8727.56,Cheque
3936,4949,2026-06-16,1300.12,UPI
3937,4949,2026-06-03,456.64,Card
3938,4950,2026-07-13,5921.15,UPI
3939,4952,2026-07-19,3601.83,UPI
3940,4953,2026-05-28,2879.13,Cheque
3941,4954,2026-08-30,6502.63,Card
3942,4955,2025-11-01,4210.67,Card
3943,4956,2026-05-30,1510.84,Cheque
3944,4957,2025-09-23,4187.04,Cheque
3945,4958,2026-03-26,3391.22,NEFT
3946,4959,2025-10-22,4491.57,UPI
3947,4960,2026-05-26,378.53,UPI
3948,4960,2026-05-22,352.55,Card
3949,4961,2026-02-20,6691.9,NEFT
3950,4962,2026-01-04,1002.19,Card
3951,4962,2026-01-21,350.76,UPI
3952,4963,2025-10-31,6146.72,Cheque
3953,4964,2025-10-29,11788.5,NEFT
3954,4965,2026-01-17,902.15,NEFT
3955,4965,2026-01-30,119.02,UPI
3956,4967,2026-07-03,3610.33,NEFT
3957,4967,2026-06-01,943.37,Card
3958,4968,2026-09-15,11834.36,Cheque
3959,4969,2025-10-02,10531.35,Cheque
3960,4972,2025-10-27,18188.83,Card
3961,4974,2026-02-26,3147.08,NEFT
3962,4975,2026-01-30,2731.15,Card
3963,4976,2026-09-19,1928.58,Cheque
3964,4976,2026-09-01,497.44,NEFT
3965,4977,2026-04-09,4925.84,Cheque
3966,4978,2026-10-10,28862.15,Cheque
3967,4979,2026-04-22,9243.4,NEFT
3968,4981,2026-05-20,5190.53,UPI
3969,4982,2026-10-10,1021.55,Card
3970,4983,2026-05-31,823.38,Cheque
3971,4984,2025-12-30,2870.61,Cheque
3972,4984,2025-11-25,2853.8,Cheque
3973,4985,2026-01-05,8858.66,UPI
3974,4986,2025-12-11,15883.14,Card
3975,4986,2025-12-10,1547.9,UPI
3976,4987,2026-02-23,6738.06,Card
3977,4988,2025-09-05,3091.03,NEFT
3978,4989,2025-12-03,3812.64,Cheque
3979,4990,2026-03-29,7626.87,NEFT
3980,4992,2026-08-02,2906.11,NEFT
3981,4993,2025-10-31,1942.56,Cheque
3982,4994,2026-03-01,3287.39,NEFT
3983,4995,2025-09-24,2800.02,NEFT
3984,4996,2026-07-16,2652.34,NEFT
3985,4997,2026-06-09,2996.78,Card
3986,4998,2026-01-14,5156.92,NEFT
3987,4998,2025-12-30,761.58,Cheque
3988,4999,2026-04-06,13799.53,Card
3989,5001,2026-07-12,3160.8,UPI
3990,5002,2025-11-10,7098.22,NEFT
3991,5003,2026-09-03,5460.97,Cheque
3992,5007,2026-04-20,5411.22,UPI
3993,5008,2026-02-16,3191.07,NEFT
3994,5011,2025-11-29,825.45,UPI
3995,5011,2025-12-24,1109.85,UPI
3996,5012,2026-09-15,14805.98,Cheque
3997,5013,2026-08-09,951.67,UPI
3998,5013,2026-09-07,127.41,Cheque
3999,5014,2026-04-03,11358.04,Cheque
4000,5014,2026-04-07,1977.92,Card
4001,5015,2025-12-25,4248.78,UPI
4002,5015,2026-02-12,5212.64,NEFT
4003,5016,2026-03-01,3517.63,Cheque
4004,5017,2026-02-18,2743.62,NEFT
4005,5018,2026-06-20,13398.69,Card
4006,5019,2025-11-27,10675.75,Card
4007,5019,2025-10-24,10419.01,Card
4008,5020,2025-12-16,3060.44,NEFT
4009,5021,2026-02-10,6009.85,Card
4010,5021,2026-03-11,1945.05,NEFT
4011,5022,2025-11-23,10277.31,NEFT
4012,5023,2025-10-15,5160.33,NEFT
4013,5024,2026-01-01,3867.96,NEFT
4014,5024,2025-12-17,1354.08,NEFT
4015,5025,2025-11-14,3660.41,Card
4016,5026,2026-01-09,6245.41,Cheque
4017,5028,2026-04-07,14614.78,NEFT
4018,5029,2026-02-21,572.95,Card
4019,5030,2026-07-24,2556.52,UPI
4020,5031,2025-11-06,3817.44,NEFT
4021,5032,2025-12-05,2249.02,NEFT
4022,5033,2026-08-30,2019.66,UPI
4023,5033,2026-10-01,7.91,Card
4024,5034,2026-04-12,15357.57,Cheque
4025,5034,2026-04-23,83.32,Card
4026,5035,2025-11-27,10167.67,Cheque
4027,5035,2025-11-27,10874.44,UPI
4028,5036,2026-08-19,17257.57,Card
4029,5037,2026-06-18,9755.7,UPI
4030,5038,2026-06-12,30590.37,NEFT
4031,5038,2026-05-24,5321.94,UPI
4032,5039,2025-12-20,4040.61,NEFT
4033,5040,2026-09-12,3741.99,NEFT
4034,5041,2026-07-25,2894.39,UPI
4035,5041,2026-07-13,2150.88,Card
4036,5042,2026-07-26,15684.46,UPI
4037,5043,2026-09-20,7990.54,NEFT
4038,5044,2026-10-23,19913.86,UPI
4039,5045,2026-04-10,5268.23,Cheque
4040,5046,2026-02-27,1507.7,UPI
4041,5048,2026-07-18,9303.46,UPI
4042,5048,2026-08-02,2046.6,Card
4043,5049,2026-09-04,3366.06,UPI
4044,5051,2026-07-01,3238.9,NEFT
4045,5051,2026-07-12,2852.32,Cheque
4046,5052,2026-03-25,20441.49,NEFT
4047,5052,2026-03-25,800.61,NEFT
4048,5053,2026-07-06,10104.69,UPI
4049,5054,2025-09-29,8637.2,Card
4050,5055,2025-12-19,5673.57,UPI
4051,5056,2026-02-14,2572.01,UPI
4052,5057,2025-11-09,5881.84,Card
4053,5058,2026-03-22,18841.53,Card
4054,5059,2026-06-25,7538.51,Card
4055,5060,2025-10-23,3216.53,UPI
4056,5061,2026-04-28,3577.11,Cheque
4057,5062,2026-08-24,14705.93,Cheque
4058,5062,2026-09-13,848.49,UPI
4059,5064,2026-09-29,4257.99,UPI
4060,5065,2026-01-26,2005.45,UPI
4061,5066,2026-04-18,2266.1,Card
4062,5066,2026-04-14,1737.07,Card
4063,5067,2026-06-02,3896.15,NEFT
4064,5067,2026-06-09,3403.61,NEFT
4065,5068,2026-05-19,3944.12,NEFT
4066,5069,2026-03-13,2821.36,NEFT
4067,5069,2026-03-08,2278.16,Card
4068,5070,2026-06-09,1987.92,NEFT
4069,5071,2026-01-14,3202.08,Card
4070,5072,2026-01-13,18660.19,UPI
4071,5072,2025-12-26,8867.18,UPI
4072,5073,2026-09-26,4491.85,Card
4073,5074,2026-06-28,5697.24,Card
4074,5074,2026-06-11,987.17,Card
4075,5075,2026-09-27,2632.07,Cheque
4076,5076,2026-08-09,5211.23,NEFT
4077,5077,2026-09-16,4026.62,Card
4078,5079,2026-03-14,11607.77,Card
4079,5081,2026-07-17,5331.72,Card
4080,5082,2026-02-07,25567.37,NEFT
4081,5083,2025-11-04,9511.16,Card
4082,5084,2026-06-09,1593.3,Cheque
4083,5085,2026-01-03,17174.42,UPI
4084,5086,2026-03-25,4977.04,Card
4085,5088,2026-02-09,2153.71,UPI
4086,5089,2025-12-30,4075.2,Cheque
4087,5089,2025-11-06,647.9,NEFT
4088,5090,2026-08-03,9110.27,Card
4089,5091,2025-11-14,6077.62,UPI
4090,5092,2026-06-18,4436.69,Card
4091,5093,2026-06-16,567.08,UPI
4092,5093,2026-06-29,132.52,NEFT
4093,5094,2026-07-12,1162.07,Cheque
4094,5095,2026-06-24,2287.99,Cheque
4095,5096,2025-11-27,856.28,NEFT
4096,5096,2025-11-06,271.58,UPI
4097,5097,2026-09-11,2834.6,Card
4098,5098,2026-05-06,22118.4,NEFT
4099,5099,2025-10-06,12623.16,Card
4100,5100,2026-04-03,1900.44,UPI
4101,5100,2026-03-30,662.85,Card
4102,5101,2026-06-18,3122.96,Cheque
4103,5102,2025-11-07,3128.08,Cheque
4104,5103,2026-05-08,9154.81,NEFT
4105,5107,2026-03-09,11875.38,Cheque
4106,5108,2026-06-05,14875.5,Cheque
4107,5108,2026-06-04,2052.1,UPI
4108,5109,2026-02-26,2440.36,UPI
4109,5110,2026-03-19,4553.15,Card
4110,5112,2025-12-20,4298.34,UPI
4111,5113,2026-08-09,7181.61,NEFT
4112,5113,2026-08-10,5168.3,Card
4113,5114,2025-12-29,4426.5,Cheque
4114,5115,2026-02-28,23010.38,NEFT
4115,5116,2026-09-03,13068.7,Cheque
4116,5118,2026-05-29,5274.61,Cheque
4117,5119,2026-05-17,1062.18,NEFT
4118,5119,2026-04-14,1226.98,UPI
4119,5120,2025-12-09,3655.52,Cheque
4120,5121,2026-02-26,10034.06,Cheque
4121,5122,2026-02-23,4550.62,UPI
4122,5123,2025-11-02,27097.92,Cheque
4123,5124,2026-06-17,1881.14,NEFT
4124,5125,2026-02-17,4869.86,UPI
4125,5126,2026-02-19,1486.76,Cheque
4126,5127,2026-04-04,2459.75,Card
4127,5128,2026-08-10,5170.46,NEFT
4128,5129,2026-08-22,2909.23,NEFT
4129,5130,2026-01-28,10642.78,NEFT
4130,5130,2026-02-02,116.45,Cheque
4131,5132,2026-04-17,771.85,Cheque
4132,5133,2026-08-12,15237.52,NEFT
4133,5134,2026-02-24,37444.93,UPI
4134,5135,2026-05-21,5819.49,Cheque
4135,5136,2025-11-21,2056.13,NEFT
4136,5136,2025-12-27,1011.6,Cheque
4137,5137,2025-09-29,2382.83,Cheque
4138,5137,2025-10-14,780.72,UPI
4139,5138,2025-11-23,3908.7,Card
4140,5139,2026-03-30,7055.2,NEFT
4141,5140,2026-06-06,3551.96,NEFT
4142,5141,2025-12-28,4690.55,UPI
4143,5142,2026-09-14,2169.1,Card
4144,5142,2026-08-29,158.22,Card
4145,5143,2026-01-24,3469.47,Cheque
4146,5144,2026-07-26,3595.43,Card
4147,5145,2026-09-11,4707.66,Card
4148,5145,2026-10-02,151.61,NEFT
4149,5146,2026-01-05,1560.88,Cheque
4150,5147,2026-04-12,3840.31,Cheque
4151,5148,2026-03-03,4211.65,Card
4152,5149,2025-12-09,5796.53,NEFT
4153,5150,2026-04-16,15306.38,Card
4154,5151,2025-10-21,2267.75,Cheque
4155,5151,2025-11-29,2342.86,UPI
4156,5152,2025-12-17,1888.21,NEFT
4157,5153,2026-05-04,5557.21,Card
4158,5154,2025-10-10,2758.79,Cheque
4159,5154,2025-09-22,77.25,Card
4160,5155,2026-01-06,2777.91,NEFT
4161,5156,2026-06-12,2886.13,Cheque
4162,5157,2026-05-02,3299.84,NEFT
4163,5158,2026-01-04,2132.73,UPI
4164,5160,2026-01-02,7199.39,NEFT
4165,5162,2026-02-14,2259.83,Card
4166,5163,2026-07-15,2512.03,Cheque
4167,5164,2026-09-14,5518.15,UPI
4168,5165,2025-12-02,2269.81,Cheque
4169,5166,2026-03-14,2117.74,Cheque
4170,5166,2026-01-27,322.27,NEFT
4171,5167,2026-09-13,3166.49,UPI
4172,5168,2026-03-12,1924.1,UPI
4173,5168,2026-03-30,373.7,Card
4174,5169,2026-01-01,5419.61,NEFT
4175,5170,2025-11-23,3909.06,Card
4176,5171,2026-03-22,15376.36,UPI
4177,5172,2026-02-27,1973.84,Cheque
4178,5173,2025-12-12,12554.24,Card
4179,5174,2026-09-26,6045.46,NEFT
4180,5175,2026-06-17,16482.21,Card
4181,5176,2026-08-25,14786.66,UPI
4182,5177,2026-04-11,3552.95,Cheque
4183,5178,2025-12-11,1619.87,NEFT
4184,5179,2025-10-08,4443.31,Cheque
4185,5180,2026-08-22,1028.52,NEFT
4186,5181,2026-03-25,8475.38,NEFT
4187,5182,2025-12-31,5644.55,Cheque
4188,5183,2026-01-19,3096.55,Card
4189,5184,2026-06-07,3128.84,UPI
4190,5184,2026-06-24,360.76,UPI
4191,5185,2025-11-05,2207.24,NEFT
4192,5186,2026-02-02,4873.63,Card
4193,5187,2026-07-09,2261.16,NEFT
4194,5189,2026-06-10,6632.08,Card
4195,5190,2026-06-23,8410.32,Cheque
4196,5191,2025-10-05,7140.72,NEFT
4197,5193,2026-05-05,7132.93,NEFT
4198,5194,2026-04-10,4007.54,UPI
4199,5194,2026-04-09,1563.21,Cheque
4200,5195,2025-11-16,5533.9,Card
4201,5196,2026-09-09,2199.59,Cheque
4202,5199,2026-07-17,7378.05,UPI
4203,5200,2026-02-14,3042.22,UPI
4204,5201,2026-06-12,5833.27,NEFT
4205,5201,2026-07-07,6958.83,UPI
4206,5202,2026-07-29,25809.12,UPI
4207,5202,2026-08-02,3566.53,NEFT
4208,5203,2025-11-25,20333.1,NEFT
4209,5204,2026-03-17,4039.49,Card
4210,5205,2025-10-06,3536.14,NEFT
4211,5206,2026-07-08,4600.95,UPI
4212,5206,2026-06-25,4782.08,Card
4213,5207,2026-05-11,6539.24,UPI
4214,5209,2026-03-01,4119.25,UPI
4215,5212,2025-11-02,2755.83,Cheque
4216,5213,2026-09-30,1898.42,Cheque
4217,5213,2026-10-26,1211.17,UPI
4218,5214,2025-11-09,1896.51,UPI
4219,5214,2025-11-13,1736.4,Card
4220,5215,2026-08-07,1424.8,Cheque
4221,5216,2025-11-30,8703.93,NEFT
4222,5217,2026-01-19,1143.78,UPI
4223,5217,2026-02-02,1635.33,UPI
4224,5218,2025-11-25,5878.72,NEFT
4225,5219,2025-11-17,5395.19,Card
4226,5220,2026-06-12,1609.47,Card
4227,5220,2026-06-11,616.21,UPI
4228,5221,2025-11-14,1217.12,NEFT
4229,5223,2026-02-21,3528.38,Cheque
4230,5225,2026-05-15,9575.57,NEFT
4231,5226,2026-02-21,978.68,Cheque
4232,5228,2026-08-04,11505.65,NEFT
4233,5229,2025-12-12,15788.1,NEFT
4234,5230,2025-12-05,550.92,UPI
4235,5231,2026-07-07,12566.25,Cheque
4236,5232,2026-02-08,2229.63,UPI
4237,5233,2025-11-15,8795.04,UPI
4238,5234,2026-09-25,3222.99,NEFT
4239,5235,2025-11-15,9086.49,NEFT
4240,5236,2026-02-28,3743.52,Card
4241,5237,2026-02-28,1581.94,UPI
4242,5238,2026-02-26,3140.22,Cheque
4243,5239,2026-03-18,4834.49,NEFT
4244,5240,2026-08-16,3418.21,UPI
4245,5240,2026-08-18,148.04,NEFT
4246,5241,2026-03-30,2118.84,Card
4247,5243,2026-03-16,2616.78,Card
4248,5244,2025-10-12,2598.74,UPI
4249,5245,2026-05-27,7915.33,UPI
4250,5246,2025-12-14,2078.43,Cheque
4251,5246,2025-11-20,1565.99,UPI
4252,5247,2026-04-15,3937.27,UPI
4253,5248,2025-09-28,4330.04,Cheque
4254,5249,2026-09-16,4287.34,Card
4255,5249,2026-08-28,3414.97,Cheque
4256,5250,2026-04-13,8324.24,UPI
4257,5251,2026-02-15,3280.25,Card
4258,5252,2025-12-31,2674.35,Cheque
4259,5253,2026-05-24,8359.71,NEFT
4260,5255,2026-02-19,3226.75,Cheque
4261,5256,2026-03-31,4868.13,NEFT
4262,5257,2026-05-08,3159.03,Card
4263,5258,2026-01-11,6095.15,Card
4264,5259,2025-10-07,1413.02,UPI
4265,5260,2026-02-04,7976.03,NEFT
4266,5261,2026-06-03,3041.25,NEFT
4267,5261,2026-05-14,1216.56,Cheque
4268,5262,2026-09-14,6923.3,NEFT
4269,5264,2026-06-09,3616.94,Cheque
4270,5264,2026-05-22,211.58,UPI
4271,5265,2026-09-13,1465.99,Card
4272,5266,2026-03-04,3743.17,Cheque
4273,5267,2025-12-17,13211.55,UPI
4274,5268,2026-08-17,5727.7,UPI
4275,5269,2026-01-19,1022.27,Cheque
4276,5269,2026-01-20,1111.48,Card
4277,5270,2025-11-14,3281.27,NEFT
4278,5270,2025-12-31,1000.8,Card
4279,5272,2025-09-08,4522.42,Card
4280,5273,2025-10-27,2764.32,Card
4281,5274,2026-09-03,2824.96,UPI
4282,5275,2026-06-02,3012.32,UPI
4283,5276,2025-12-04,5973.93,NEFT
4284,5277,2026-01-13,7414.34,Cheque
4285,5278,2025-10-18,4352.67,NEFT
4286,5280,2025-11-23,9157.08,Cheque
4287,5281,2026-01-21,3562.59,NEFT
4288,5282,2026-03-21,6302.14,NEFT
4289,5283,2025-09-29,7658.78,NEFT
4290,5284,2025-12-01,1818.78,NEFT
4291,5285,2026-03-27,5591.38,Card
4292,5286,2025-12-25,577.79,NEFT
4293,5287,2026-10-12,4606.85,Cheque
4294,5288,2026-08-16,3425.48,NEFT
4295,5288,2026-09-14,4523.45,NEFT
4296,5289,2026-04-15,6546.79,NEFT
4297,5291,2025-11-12,6618.06,Cheque
4298,5292,2025-09-21,2252.18,NEFT
4299,5292,2025-10-19,987.8,UPI
4300,5293,2026-08-08,1459.46,Cheque
4301,5294,2026-09-10,5473.73,UPI
4302,5295,2026-06-07,7333.71,Card
4303,5296,2026-09-08,1225.56,Cheque
4304,5297,2025-11-23,6907.15,Card
4305,5298,2026-01-19,5363.57,UPI
4306,5299,2025-12-18,3734.79,Card
4307,5300,2026-08-23,7108.19,Card
4308,5301,2026-08-16,1641.89,UPI
4309,5302,2026-02-08,3810.89,NEFT
4310,5304,2026-08-13,6911.71,Cheque
4311,5305,2026-08-26,1758.7,NEFT
4312,5306,2026-08-04,2892.61,NEFT
4313,5307,2026-08-05,7199.92,Cheque
4314,5308,2025-10-09,4373.0,NEFT
4315,5309,2026-08-22,19622.97,Cheque
4316,5310,2026-08-31,8034.33,NEFT
4317,5311,2025-12-11,9120.34,Cheque
4318,5312,2026-06-13,9900.54,UPI
4319,5314,2025-10-31,2634.58,Cheque
4320,5314,2025-09-29,632.74,NEFT
4321,5315,2026-08-06,1893.38,Card
4322,5316,2026-07-04,649.54,UPI
4323,5316,2026-08-06,913.4,Card
4324,5317,2026-08-28,12520.19,NEFT
4325,5318,2025-08-07,3039.43,Card
4326,5319,2026-03-04,10222.28,Cheque
4327,5320,2026-08-02,1540.24,Cheque
4328,5321,2025-07-19,4320.27,Cheque
4329,5322,2026-02-28,13785.27,Cheque
4330,5323,2026-05-14,6186.07,NEFT
4331,5324,2026-08-24,6318.25,Card
4332,5325,2026-04-02,3112.03,UPI
4333,5325,2026-04-02,15.99,UPI
4334,5326,2025-11-16,2428.51,Cheque
4335,5327,2026-08-12,4823.34,NEFT
4336,5328,2025-12-28,1643.5,Cheque
4337,5328,2026-01-24,388.25,NEFT
4338,5329,2026-07-01,4350.14,UPI
4339,5329,2026-07-06,237.99,Cheque
4340,5330,2026-02-28,10961.92,NEFT
4341,5331,2026-04-23,1011.19,NEFT
4342,5332,2026-07-21,8357.68,Cheque
4343,5333,2026-06-14,11091.35,UPI
4344,5334,2026-03-27,4060.28,Cheque
4345,5335,2025-09-30,5135.25,Cheque
4346,5336,2026-05-11,3370.83,Card
4347,5337,2026-05-07,3901.67,UPI
4348,5338,2026-05-18,9620.86,UPI
4349,5339,2025-12-11,8930.17,Card
4350,5340,2026-05-05,6849.57,UPI
4351,5341,2026-01-08,7376.72,NEFT
4352,5342,2025-11-25,5867.69,NEFT
4353,5343,2026-08-29,1873.75,Card
4354,5344,2025-10-22,11712.26,Cheque
4355,5345,2026-08-01,2446.46,Cheque
4356,5346,2026-08-15,4615.06,Card
4357,5347,2026-08-09,9895.09,NEFT
4358,5348,2026-07-19,1212.46,Cheque
4359,5349,2026-01-05,8240.55,Card
4360,5350,2025-10-21,1926.58,Card
4361,5351,2026-04-07,3838.92,Cheque
4362,5352,2025-12-19,13086.38,NEFT
4363,5353,2026-06-18,2771.57,UPI
4364,5354,2026-02-06,2497.67,Cheque
4365,5355,2026-05-13,5313.59,Card
4366,5356,2025-09-17,2131.6,UPI
4367,5356,2025-10-04,304.1,NEFT
4368,5357,2026-03-09,876.04,Card
4369,5358,2026-01-07,4899.8,Card
4370,5359,2026-04-29,2923.01,Cheque
4371,5360,2025-11-22,3844.58,Card
4372,5361,2026-06-08,5473.44,Card
4373,5362,2025-11-21,8470.18,UPI
4374,5362,2026-01-22,3101.28,NEFT
4375,5363,2026-03-11,3755.21,Cheque
4376,5364,2025-10-23,4170.91,Cheque
4377,5365,2026-04-13,4211.8,Card
4378,5366,2026-07-11,3889.42,UPI
4379,5367,2026-06-13,3890.23,Cheque
4380,5369,2026-05-16,5423.89,Card
4381,5370,2026-06-03,3943.19,Cheque
4382,5371,2026-04-06,8077.11,Cheque
4383,5371,2026-04-08,7055.9,UPI
4384,5374,2026-01-07,3070.0,Cheque
4385,5376,2026-07-06,1428.79,Cheque
4386,5377,2026-04-10,1202.59,UPI
4387,5378,2026-02-01,6792.1,NEFT
4388,5379,2026-03-01,3758.08,NEFT
4389,5381,2026-05-26,4467.41,Cheque
4390,5382,2025-12-13,5325.68,Cheque
4391,5383,2026-05-22,4370.32,UPI
4392,5384,2025-08-17,6367.56,NEFT
4393,5385,2026-07-26,3433.62,Card
4394,5386,2026-06-11,4475.11,UPI
4395,5388,2026-03-17,10767.21,NEFT
4396,5389,2026-08-27,2383.91,Cheque
4397,5389,2026-08-24,1847.52,Cheque
4398,5391,2026-03-05,10057.7,NEFT
4399,5392,2026-09-12,1349.94,Cheque
4400,5392,2026-09-03,1011.79,UPI
4401,5393,2026-07-22,6512.83,Card
4402,5394,2025-10-12,5666.06,UPI
4403,5395,2026-08-26,8461.64,NEFT
4404,5397,2026-04-04,4865.09,Card
4405,5398,2025-11-24,2734.6,Cheque
4406,5399,2026-10-15,4164.99,NEFT
4407,5400,2026-08-18,2583.82,Card
4408,5401,2026-06-07,3232.3,NEFT
4409,5403,2026-02-15,2356.65,Cheque
4410,5404,2026-08-25,957.76,Cheque
4411,5404,2026-07-24,414.98,NEFT
4412,5406,2025-10-18,2988.33,Cheque
4413,5408,2025-12-11,2059.66,UPI
4414,5409,2026-02-17,3988.66,Card
4415,5409,2026-01-05,627.83,UPI
4416,5410,2026-10-08,17656.49,Cheque
4417,5411,2025-12-26,4471.28,UPI
4418,5412,2025-12-18,7970.39,Card
4419,5413,2025-11-02,3229.1,UPI
4420,5413,2025-10-05,447.83,Cheque
4421,5414,2026-04-15,5801.53,UPI
4422,5415,2025-12-30,4237.97,NEFT
4423,5416,2025-10-04,5830.9,Card
4424,5417,2026-01-30,2020.57,Cheque
4425,5418,2025-10-24,5310.04,Cheque
4426,5419,2026-06-17,5654.18,NEFT
4427,5420,2025-10-06,6863.16,Cheque
4428,5421,2026-07-13,1703.69,Cheque
4429,5422,2026-08-08,2194.91,NEFT
4430,5422,2026-08-23,1221.79,UPI
4431,5424,2026-05-14,5990.06,Card
4432,5425,2025-12-31,20015.38,Card
4433,5426,2025-12-09,2095.24,UPI
4434,5426,2025-12-17,1178.56,UPI
4435,5427,2026-08-24,1019.86,UPI
4436,5428,2025-12-27,3159.76,UPI
4437,5428,2026-02-03,283.35,NEFT
4438,5429,2025-10-20,474.2,NEFT
4439,5429,2025-09-23,120.23,UPI
4440,5430,2026-02-24,6806.63,Card
4441,5430,2026-01-14,1961.8,UPI
4442,5431,2026-09-11,4348.84,Cheque
4443,5431,2026-09-01,638.47,NEFT
4444,5432,2025-12-12,6876.31,Cheque
4445,5433,2026-06-13,7411.41,Card
4446,5433,2026-06-18,399.54,Card
4447,5436,2025-11-30,521.31,Cheque
4448,5437,2025-11-12,2732.21,Cheque
4449,5438,2026-03-30,3920.89,Card
4450,5439,2026-09-06,5865.53,UPI
4451,5440,2026-03-29,5525.0,NEFT
4452,5441,2026-09-14,5754.26,Card
4453,5442,2026-01-08,1431.91,NEFT
4454,5443,2026-08-31,2422.13,NEFT
4455,5444,2025-10-11,2757.2,Card
4456,5445,2025-11-21,4432.13,UPI
4457,5446,2026-06-22,3064.29,Cheque
4458,5448,2026-05-15,1810.0,Cheque
4459,5449,2025-11-06,3398.62,NEFT
4460,5452,2026-01-21,3708.92,Cheque
4461,5453,2025-10-05,3776.88,NEFT
4462,5455,2026-04-09,3824.42,Cheque
4463,5456,2026-03-18,3341.42,UPI
4464,5457,2026-06-26,3735.62,UPI
4465,5458,2025-12-16,6334.42,NEFT
4466,5459,2026-02-06,6229.63,Card
4467,5460,2026-03-10,1749.09,Cheque
4468,5461,2026-05-01,20964.88,Cheque
4469,5462,2026-10-11,2005.5,NEFT
4470,5462,2026-09-28,1232.36,UPI
4471,5463,2026-03-11,7275.71,Card
4472,5465,2026-06-05,15261.45,Cheque
4473,5465,2026-06-07,850.78,Cheque
4474,5468,2026-02-06,4333.29,UPI
4475,5469,2026-03-18,488.77,NEFT
4476,5469,2026-04-11,658.51,Card
4477,5471,2025-12-05,8815.61,UPI
4478,5471,2025-11-20,1082.96,Card
4479,5472,2026-09-29,2309.97,NEFT
4480,5472,2026-09-23,1556.16,UPI
4481,5473,2026-05-05,7332.44,Cheque
4482,5474,2025-11-16,1752.33,Cheque
4483,5475,2026-04-07,724.0,Card
4484,5475,2026-04-11,363.85,NEFT
4485,5476,2025-10-24,5066.22,Cheque
4486,5477,2026-07-24,2641.7,Card
4487,5478,2026-04-08,3398.56,Cheque
4488,5479,2026-01-28,4793.6,NEFT
4489,5480,2026-05-25,1934.05,Card
4490,5481,2026-05-30,4689.31,Cheque
4491,5482,2026-07-29,2067.04,NEFT
4492,5483,2026-02-05,7738.05,Card
4493,5483,2026-01-21,3501.24,UPI
4494,5484,2026-02-26,4571.53,UPI
4495,5485,2026-08-01,6331.86,Card
4496,5485,2026-07-11,1293.54,NEFT
4497,5486,2026-03-31,1210.92,UPI
4498,5489,2026-05-22,4434.55,Cheque
4499,5489,2026-05-07,1058.74,UPI
4500,5490,2026-09-12,7592.42,NEFT
4501,5491,2026-01-16,4132.86,Cheque
4502,5492,2026-05-05,6750.85,Card
4503,5493,2026-07-25,18000.22,Card
4504,5494,2026-04-29,30157.82,NEFT
4505,5495,2026-06-23,6444.21,NEFT
4506,5496,2026-06-23,2211.55,Cheque
4507,5497,2026-09-16,8232.45,NEFT
4508,5500,2026-05-16,3324.4,Card
4509,5501,2026-07-06,25594.51,NEFT
4510,5502,2026-07-13,15680.3,UPI
4511,5503,2026-09-22,13286.38,Cheque
4512,5504,2025-11-06,9641.3,UPI
4513,5505,2026-03-05,1232.43,Cheque
4514,5505,2026-04-03,1185.01,UPI
4515,5508,2026-04-30,4774.18,Cheque
4516,5508,2026-05-14,2378.36,NEFT
4517,5509,2026-08-05,11399.34,Cheque
4518,5510,2025-12-06,1379.3,NEFT
4519,5511,2025-12-02,8907.9,NEFT
4520,5512,2026-02-05,2151.08,Cheque
4521,5514,2025-08-08,15596.76,Card
4522,5515,2026-09-13,6600.65,UPI
4523,5516,2026-02-26,9597.0,NEFT
4524,5517,2026-08-28,4312.22,Card
4525,5519,2026-05-09,2366.03,Card
4526,5520,2025-12-06,7657.04,Cheque
4527,5520,2025-11-08,959.06,NEFT
4528,5521,2026-08-26,6535.24,UPI
4529,5522,2025-12-01,18904.23,Card
4530,5524,2026-03-12,2447.81,UPI
4531,5525,2026-03-19,4107.38,Card
4532,5526,2025-10-01,11108.38,UPI
4533,5527,2026-05-25,1226.01,NEFT
4534,5528,2026-08-31,6592.66,NEFT
4535,5529,2025-12-13,999.54,Card
4536,5530,2026-06-18,5695.11,Cheque
4537,5531,2026-08-09,8940.51,NEFT
4538,5532,2025-12-22,7775.18,Card
4539,5533,2026-07-26,14110.81,UPI
4540,5534,2026-05-02,4027.99,Cheque
4541,5534,2026-04-21,2082.59,Card
4542,5535,2025-12-01,7540.61,Card
4543,5536,2026-01-24,7754.56,Card
4544,5537,2025-12-04,2301.72,Card
4545,5538,2026-08-21,4515.22,NEFT
4546,5540,2025-12-16,3531.63,Cheque
4547,5540,2025-11-26,3227.83,Cheque
4548,5541,2026-05-11,265.49,UPI
4549,5542,2026-06-03,7529.75,Cheque
4550,5542,2026-05-09,2332.5,Cheque
4551,5543,2025-11-19,15195.04,Card
4552,5543,2025-10-13,3571.72,NEFT
4553,5544,2025-11-20,7451.53,Card
4554,5546,2025-11-17,13109.48,Cheque
4555,5547,2025-12-08,3530.97,Card
4556,5548,2026-04-01,1806.59,Cheque
4557,5549,2025-10-27,4667.61,Cheque
4558,5551,2026-04-05,3743.22,Card
4559,5551,2026-04-18,1573.45,Card
4560,5552,2025-11-08,6130.21,UPI
4561,5553,2026-01-20,3410.52,Card
4562,5554,2026-01-21,2824.87,NEFT
4563,5555,2026-08-27,807.41,UPI
4564,5556,2025-12-10,4217.75,Cheque
4565,5556,2025-12-28,150.6,Cheque
4566,5557,2026-07-08,3525.28,Card
4567,5558,2026-08-02,3731.04,Card
4568,5559,2025-11-16,8977.72,Card
4569,5560,2026-05-10,24086.66,Cheque
4570,5561,2025-12-26,3758.18,UPI
4571,5562,2025-12-08,4483.32,Card
4572,5562,2025-12-13,2325.92,Card
4573,5564,2026-01-30,5280.27,Card
4574,5564,2026-01-11,7113.05,UPI
4575,5567,2026-09-21,2584.71,UPI
4576,5568,2026-02-08,815.0,Card
4577,5569,2025-10-10,4819.33,Cheque
4578,5570,2025-11-03,2153.98,Cheque
4579,5571,2026-04-28,6112.77,Card
4580,5572,2026-08-25,680.23,Cheque
4581,5572,2026-09-04,57.27,Card
4582,5575,2026-03-19,3029.35,Card
4583,5576,2026-05-15,6562.86,NEFT
4584,5577,2026-01-13,2212.73,Cheque
4585,5577,2026-02-07,414.03,Cheque
4586,5578,2026-06-17,6375.25,UPI
4587,5579,2026-07-10,3016.13,NEFT
4588,5580,2026-01-07,9422.29,Cheque
4589,5580,2025-12-13,9430.69,NEFT
4590,5581,2026-01-24,3439.8,Card
4591,5582,2025-10-21,8585.58,Card
4592,5583,2026-03-04,8143.26,UPI
4593,5584,2026-05-04,12502.65,NEFT
4594,5585,2026-06-24,5619.85,Card
4595,5586,2026-06-10,1742.76,NEFT
4596,5587,2026-06-04,7126.52,NEFT
4597,5588,2026-06-12,6241.05,UPI
4598,5590,2026-06-25,1312.45,UPI
4599,5592,2026-06-05,10193.48,UPI
4600,5592,2026-05-20,5382.87,UPI
4601,5593,2025-11-10,2613.77,Cheque
4602,5593,2025-11-08,2066.14,Card
4603,5594,2026-07-05,9552.7,NEFT
4604,5595,2026-06-25,5456.27,Card
4605,5596,2026-05-15,5147.77,Cheque
4606,5597,2025-10-24,4458.87,UPI
4607,5598,2026-08-30,5333.54,Card
4608,5599,2026-05-24,6822.07,Card
4609,5600,2026-06-14,3625.77,Cheque
4610,5601,2026-07-02,13555.57,NEFT
4611,5602,2026-05-26,2246.28,NEFT
4612,5603,2026-01-18,19498.82,UPI
4613,5605,2025-08-08,4796.13,UPI
4614,5606,2025-11-22,2726.49,Cheque
4615,5607,2026-09-22,6937.74,UPI
4616,5608,2026-02-17,3699.18,Card
4617,5609,2026-04-19,3418.14,Card
4618,5610,2026-04-26,8164.66,NEFT
4619,5611,2025-12-30,12659.15,NEFT
4620,5612,2026-08-13,2172.23,Card
4621,5613,2025-10-18,9678.44,Card
4622,5616,2026-03-04,2541.05,UPI
4623,5617,2025-11-16,13309.83,NEFT
4624,5618,2026-06-06,6739.34,UPI
4625,5619,2026-05-29,13862.69,Cheque
4626,5619,2026-05-12,5763.61,Card
4627,5620,2026-03-09,1971.65,Cheque
4628,5620,2026-02-11,2367.12,NEFT
4629,5621,2026-02-04,3282.52,NEFT
4630,5622,2025-12-01,11033.96,UPI
4631,5622,2025-12-26,3823.89,Card
4632,5623,2026-02-15,1447.19,Card
4633,5623,2026-02-11,1115.22,Cheque
4634,5624,2026-02-09,4113.14,NEFT
4635,5625,2026-08-09,7822.66,NEFT
4636,5626,2026-03-07,8467.28,UPI
4637,5627,2026-04-23,1911.34,Cheque
4638,5628,2026-08-07,6159.44,UPI
4639,5629,2025-10-04,3961.87,Cheque
4640,5630,2026-04-20,1301.16,NEFT
4641,5631,2026-07-05,3457.6,NEFT
4642,5632,2026-09-22,1352.57,UPI
4643,5633,2026-05-18,2950.19,Cheque
4644,5634,2025-12-31,1912.02,Card
4645,5635,2026-04-08,9285.91,Cheque
4646,5636,2026-09-27,6358.1,UPI
4647,5637,2026-05-16,17121.51,NEFT
4648,5640,2026-02-03,2068.99,Card
4649,5641,2026-07-14,3016.73,NEFT
4650,5642,2025-12-14,3632.29,Cheque
4651,5643,2026-03-11,24248.53,NEFT
4652,5644,2026-06-30,6689.57,UPI
4653,5645,2026-02-11,4514.2,Card
4654,5646,2026-07-11,5264.13,NEFT
4655,5646,2026-07-21,6589.64,UPI
4656,5647,2026-02-07,8566.28,UPI
4657,5648,2026-04-16,3092.07,NEFT
4658,5648,2026-04-29,1688.56,Cheque
4659,5649,2026-03-19,5373.98,Card
4660,5651,2026-04-08,54486.33,UPI
4661,5653,2025-10-21,3611.65,Card
4662,5654,2026-01-10,6005.87,Cheque
4663,5655,2026-02-26,7756.65,UPI
4664,5656,2026-07-31,6270.94,Cheque
4665,5657,2026-07-05,4122.36,Cheque
4666,5658,2026-08-19,2610.36,Card
4667,5659,2025-11-28,2096.82,Cheque
4668,5659,2025-10-26,1433.51,UPI
4669,5661,2026-06-01,3078.68,Card
4670,5661,2026-05-27,2807.77,Card
4671,5663,2026-07-20,4469.57,UPI
4672,5664,2026-04-20,3261.2,NEFT
4673,5665,2026-02-02,10253.5,Cheque
4674,5666,2026-07-07,3192.38,Cheque
4675,5667,2026-08-08,5179.69,UPI
4676,5668,2026-04-01,2942.98,UPI
4677,5670,2026-08-03,7778.66,Cheque
4678,5671,2026-06-01,8013.39,UPI
4679,5672,2026-06-01,8738.16,Card
4680,5674,2025-11-26,16885.45,Cheque
4681,5675,2026-07-03,4736.47,Cheque
4682,5676,2026-07-22,20649.32,NEFT
4683,5677,2026-09-19,3855.86,Card
4684,5679,2025-12-26,5713.87,Card
4685,5680,2026-02-05,6193.83,Cheque
4686,5681,2026-06-09,1314.46,Cheque
4687,5682,2026-01-04,1192.31,Cheque
4688,5682,2026-02-04,1084.73,Cheque
4689,5683,2026-08-03,16733.32,UPI
4690,5684,2026-07-20,1783.15,Cheque
4691,5685,2025-10-16,4464.85,NEFT
4692,5686,2026-09-24,40021.68,Card
4693,5687,2026-02-17,7782.26,Cheque
4694,5689,2026-08-26,8698.3,Cheque
4695,5690,2026-03-28,6170.15,Cheque
4696,5691,2026-06-04,6747.38,UPI
4697,5692,2026-03-01,4338.53,NEFT
4698,5693,2026-04-04,4233.17,Cheque
4699,5694,2026-02-23,3284.81,NEFT
4700,5695,2025-12-28,6281.37,Card
4701,5695,2026-01-13,733.25,Card
4702,5697,2025-11-21,15627.25,UPI
4703,5698,2025-11-30,3299.79,NEFT
4704,5698,2025-12-30,2590.69,Card
4705,5699,2026-03-30,8172.75,NEFT
4706,5700,2026-03-12,4669.83,UPI
4707,5703,2026-03-05,12895.2,Cheque
4708,5703,2026-01-14,10532.34,Card
4709,5705,2026-08-30,3677.37,UPI
4710,5706,2026-06-18,1879.98,UPI
4711,5707,2026-01-28,3384.88,Card
4712,5707,2026-03-13,2274.07,Cheque
4713,5708,2026-01-22,1730.82,Cheque
4714,5709,2026-03-23,12682.55,Card
4715,5710,2026-07-06,8580.94,UPI
4716,5711,2026-02-03,2870.59,UPI
4717,5712,2026-09-07,2479.05,UPI
4718,5714,2025-11-12,2346.48,NEFT
4719,5715,2025-12-21,3831.35,Card
4720,5717,2026-05-07,12731.19,Cheque
4721,5719,2026-04-29,7924.82,UPI
4722,5721,2026-05-05,1135.36,Cheque
4723,5722,2026-04-13,8848.04,UPI
4724,5723,2026-03-28,1276.26,NEFT
4725,5724,2026-09-02,2566.04,UPI
4726,5725,2026-05-28,8527.8,Card
4727,5726,2025-12-22,4359.78,Card
4728,5726,2025-12-11,1165.35,Cheque
4729,5727,2026-03-22,3807.93,NEFT
4730,5728,2026-06-12,1200.88,UPI
4731,5729,2026-11-01,9410.9,NEFT
4732,5730,2026-03-23,3901.79,Cheque
4733,5731,2026-09-21,2131.66,Card
4734,5732,2026-04-02,2316.84,NEFT
4735,5733,2025-12-26,6744.39,Card
4736,5733,2026-01-01,4625.22,NEFT
4737,5735,2026-03-30,814.83,NEFT
4738,5735,2026-03-30,869.21,Cheque
4739,5736,2026-01-21,2787.43,NEFT
4740,5738,2026-07-01,11147.64,UPI
4741,5739,2026-10-12,5002.29,Cheque
4742,5740,2026-08-24,5090.29,Card
4743,5741,2026-08-10,773.75,Card
4744,5741,2026-07-16,103.58,UPI
4745,5742,2026-06-16,14221.25,Cheque
4746,5743,2026-08-29,3484.42,Cheque
4747,5744,2026-04-04,2618.24,UPI
4748,5745,2025-10-12,9110.4,NEFT
4749,5746,2026-02-13,1733.25,NEFT
4750,5748,2025-11-14,6939.89,UPI
4751,5749,2026-06-15,1487.46,NEFT
4752,5750,2026-08-14,4770.27,UPI
4753,5751,2026-05-11,6446.42,UPI
4754,5752,2026-02-04,4003.49,Card
4755,5753,2026-04-02,4017.84,NEFT
4756,5754,2025-10-17,17290.84,Cheque
4757,5755,2025-12-16,7525.65,Cheque
4758,5755,2025-12-10,9965.18,UPI
4759,5756,2026-03-29,2089.34,UPI
4760,5756,2026-05-05,310.51,NEFT
4761,5757,2025-10-04,2064.67,NEFT
4762,5757,2025-10-21,1042.25,Cheque
4763,5758,2025-12-07,2409.66,UPI
4764,5758,2025-12-05,836.73,Cheque
4765,5759,2026-09-22,4875.81,Card
4766,5760,2025-12-14,4682.59,NEFT
4767,5761,2026-07-30,10022.11,Card
4768,5762,2025-12-02,4310.32,Cheque
4769,5763,2026-01-13,2192.9,NEFT
4770,5764,2026-08-03,1414.4,NEFT
4771,5764,2026-08-03,1709.32,UPI
4772,5765,2026-03-24,6740.55,Card
4773,5766,2026-09-09,4070.39,NEFT
4774,5767,2026-07-05,5922.18,Card
4775,5768,2026-04-25,4034.07,NEFT
4776,5768,2026-04-03,78.7,Card
4777,5769,2026-04-17,8928.75,NEFT
4778,5770,2026-01-22,4659.12,NEFT
4779,5771,2026-04-13,1889.51,Card
4780,5772,2026-02-11,3788.44,Card
4781,5773,2026-03-27,14012.01,Cheque
4782,5773,2026-04-15,15316.57,Cheque
4783,5774,2026-05-28,13442.45,Cheque
4784,5775,2025-10-21,1411.83,NEFT
4785,5775,2025-10-11,562.25,UPI
4786,5776,2025-11-22,20741.82,Card
4787,5777,2026-08-13,5579.62,Cheque
4788,5778,2026-01-03,3382.89,NEFT
4789,5780,2025-10-29,5232.53,Card
4790,5781,2026-08-23,11901.8,NEFT
4791,5782,2026-08-30,5820.94,UPI
4792,5783,2026-06-25,6528.39,UPI
4793,5784,2026-03-16,13177.38,Card
4794,5785,2026-07-15,3633.39,NEFT
4795,5786,2026-02-25,6368.62,Cheque
4796,5787,2025-12-06,7103.15,NEFT
4797,5788,2026-02-27,4465.89,UPI
4798,5788,2026-04-06,1103.14,UPI
4799,5789,2026-05-18,7453.17,Card
4800,5790,2026-02-05,2876.21,Card
4801,5791,2026-06-18,10742.68,Cheque
4802,5791,2026-07-09,208.38,UPI
4803,5792,2026-06-02,3210.27,Card
4804,5793,2026-03-23,6010.02,NEFT
4805,5794,2026-03-26,5916.53,Card
4806,5795,2026-07-13,2886.8,Cheque
4807,5796,2026-06-15,18309.26,Card
4808,5797,2026-01-10,12490.29,UPI
4809,5797,2025-12-22,7250.53,Card
4810,5799,2025-10-20,9477.05,UPI
4811,5800,2026-01-24,4533.11,NEFT
4812,5801,2026-07-12,2916.47,Cheque
4813,5802,2026-02-27,6714.34,UPI
4814,5803,2025-12-13,9742.24,UPI
4815,5804,2026-04-05,5687.69,UPI
4816,5805,2026-03-12,3738.33,Cheque
4817,5806,2026-04-12,14483.02,Cheque
4818,5807,2026-03-09,14905.89,Card
4819,5808,2026-01-03,2895.4,NEFT
4820,5809,2025-12-07,5339.14,UPI
4821,5810,2025-10-19,1195.2,NEFT
4822,5810,2025-10-12,218.58,UPI
4823,5811,2026-01-17,9754.33,Cheque
4824,5812,2025-12-09,14460.75,NEFT
4825,5813,2025-12-03,6828.28,NEFT
4826,5814,2026-08-21,1687.27,Cheque
4827,5814,2026-08-19,496.66,NEFT
4828,5815,2025-11-19,18204.62,Card
4829,5816,2026-02-02,25375.17,Cheque
4830,5817,2025-10-26,3539.33,Cheque
4831,5818,2025-10-12,7140.67,Card
4832,5819,2026-08-23,9609.74,Cheque
4833,5820,2026-06-20,9387.13,NEFT
4834,5821,2025-10-19,5196.54,NEFT
4835,5822,2025-10-06,11356.3,NEFT
4836,5822,2025-11-05,9711.32,Cheque
4837,5824,2026-02-08,1444.04,Card
4838,5825,2025-12-25,4937.65,NEFT
4839,5826,2026-07-01,20171.85,UPI
4840,5828,2026-07-09,684.67,Cheque
4841,5828,2026-07-04,829.36,Cheque
4842,5829,2025-11-08,48627.92,UPI
4843,5830,2025-09-03,7790.56,Cheque
4844,5831,2026-03-09,897.1,UPI
4845,5831,2026-02-16,1091.96,Card
4846,5832,2026-04-05,4644.77,UPI
4847,5833,2026-01-08,10187.56,NEFT
4848,5833,2025-12-31,651.48,Card
4849,5834,2025-09-22,13618.35,NEFT
4850,5835,2026-01-26,2117.06,Cheque
4851,5835,2026-02-17,2625.88,Cheque
4852,5836,2026-09-09,7592.57,NEFT
4853,5837,2026-03-02,4524.98,NEFT
4854,5839,2025-10-24,8928.68,Card
4855,5840,2026-06-09,15831.63,Card
4856,5841,2026-03-10,2012.68,UPI
4857,5842,2026-05-05,3640.52,Card
4858,5842,2026-04-24,509.89,Card
4859,5843,2026-06-05,3089.13,UPI
4860,5844,2026-07-25,2232.3,Card
4861,5846,2026-06-07,5100.81,UPI
4862,5847,2026-01-03,2119.94,UPI
4863,5848,2026-03-19,2063.22,Card
4864,5849,2025-09-11,3094.27,Card
4865,5849,2025-09-29,1237.41,NEFT
4866,5850,2025-11-18,2162.22,Cheque
4867,5851,2026-06-29,4288.54,Card
4868,5852,2026-05-21,3407.99,Card
4869,5853,2026-04-26,1922.88,Card
4870,5854,2025-12-06,32137.2,Cheque
4871,5855,2026-10-07,907.77,UPI
4872,5856,2026-01-10,9919.29,UPI
4873,5857,2025-11-24,6595.05,NEFT
4874,5858,2026-05-04,3392.75,NEFT
4875,5859,2026-07-17,2418.79,NEFT
4876,5860,2026-05-25,19928.95,NEFT
4877,5861,2026-08-27,27345.55,NEFT
4878,5862,2026-05-28,2365.6,Card
4879,5863,2026-05-20,3521.37,Card
4880,5864,2026-07-08,12334.93,Cheque
4881,5865,2026-05-17,4106.77,NEFT
4882,5866,2026-05-01,7974.12,Card
4883,5867,2026-05-16,6579.34,UPI
4884,5868,2026-03-15,2562.58,NEFT
4885,5868,2026-03-12,2588.97,NEFT
4886,5869,2026-08-23,5059.11,Cheque
4887,5870,2025-11-23,6720.17,Card
4888,5871,2026-06-06,2092.94,UPI
4889,5872,2026-05-26,2902.73,UPI
4890,5873,2026-01-13,5026.97,UPI
4891,5874,2026-09-06,3476.46,Cheque
4892,5876,2026-01-20,5559.46,NEFT
4893,5877,2025-12-21,1244.68,UPI
4894,5878,2026-07-05,220.53,NEFT
4895,5879,2026-08-27,9643.52,UPI
4896,5880,2026-03-07,3927.51,Card
4897,5880,2026-03-20,1670.71,UPI
4898,5881,2026-08-02,15831.19,Card
4899,5882,2026-02-02,2986.91,UPI
4900,5883,2026-02-15,4540.18,NEFT
4901,5884,2026-09-18,5212.64,NEFT
4902,5884,2026-08-02,1038.78,NEFT
4903,5885,2026-08-25,4416.69,Cheque
4904,5886,2026-03-09,4134.0,UPI
4905,5887,2026-03-08,8934.47,UPI
4906,5888,2026-05-04,1353.2,NEFT
4907,5888,2026-04-29,1212.97,Cheque
4908,5889,2026-01-02,7675.11,NEFT
4909,5890,2026-05-16,18569.35,NEFT
4910,5890,2026-05-11,3020.96,UPI
4911,5891,2026-06-23,18794.2,UPI
4912,5892,2026-05-06,1179.08,Card
4913,5893,2026-08-29,3379.11,NEFT
4914,5894,2025-11-14,6308.48,Card
4915,5895,2026-03-26,13898.12,NEFT
4916,5896,2026-02-10,4177.8,Card
4917,5896,2026-02-23,1736.4,UPI
4918,5898,2026-03-06,2518.26,NEFT
4919,5898,2026-03-29,408.61,Cheque
4920,5899,2026-03-09,6509.58,NEFT
4921,5900,2025-11-06,6641.98,UPI
4922,5901,2025-10-28,14297.9,UPI
4923,5902,2026-08-29,7780.03,Card
4924,5902,2026-09-29,2562.69,Card
4925,5903,2026-01-23,8683.62,UPI
4926,5904,2026-09-11,9864.1,Cheque
4927,5905,2025-11-17,1899.82,Cheque
4928,5906,2026-04-24,4359.11,UPI
4929,5908,2026-02-13,2965.19,UPI
4930,5909,2026-06-05,4351.16,NEFT
4931,5910,2026-07-29,822.28,NEFT
4932,5912,2026-07-29,2274.05,NEFT
4933,5912,2026-05-20,398.9,Card
4934,5913,2026-02-05,2148.04,UPI
4935,5915,2025-08-10,3663.62,Card
4936,5916,2026-04-22,6570.82,Cheque
4937,5917,2026-06-22,2685.36,Card
4938,5917,2026-07-02,290.04,NEFT
4939,5918,2026-01-30,4344.71,Card
4940,5919,2026-09-17,35744.11,UPI
4941,5920,2026-06-22,8231.09,NEFT
4942,5921,2026-06-23,2541.06,UPI
4943,5922,2026-09-02,13476.99,UPI
4944,5923,2026-04-06,17256.08,Cheque
4945,5924,2025-11-23,8071.85,NEFT
4946,5926,2026-02-13,6393.1,UPI
4947,5926,2026-03-09,5032.11,Card
4948,5927,2026-06-08,3150.58,Cheque
4949,5928,2025-12-08,12662.57,Card
4950,5928,2025-12-20,2070.81,Card
4951,5929,2026-07-25,3869.82,UPI
4952,5929,2026-07-08,253.68,UPI
4953,5930,2025-11-28,3998.13,NEFT
4954,5931,2026-02-28,7604.07,Cheque
4955,5933,2026-03-01,33248.6,UPI
4956,5934,2026-02-14,5109.23,Cheque
4957,5939,2026-05-31,6037.26,Card
4958,5940,2026-06-19,7678.29,NEFT
4959,5940,2026-06-10,3946.72,Cheque
4960,5942,2025-09-11,9385.29,Cheque
4961,5943,2025-10-25,1328.12,Card
4962,5943,2025-10-30,1180.96,NEFT
4963,5944,2026-05-10,2765.34,UPI
4964,5945,2025-12-16,2125.06,Card
4965,5946,2026-07-29,14511.04,Cheque
4966,5947,2026-05-02,13317.59,Card
4967,5948,2025-12-08,2790.3,Card
4968,5949,2025-11-23,2617.25,UPI
4969,5950,2026-04-29,8227.61,UPI
4970,5952,2026-06-08,8212.64,Card
4971,5952,2026-07-02,9971.93,NEFT
4972,5953,2025-11-16,3652.14,UPI
4973,5954,2025-12-18,4077.47,UPI
4974,5954,2025-12-03,239.7,UPI
4975,5955,2026-01-23,1866.76,Card
4976,5956,2026-03-10,3641.4,NEFT
4977,5957,2025-12-21,5401.86,UPI
4978,5958,2026-06-27,813.29,UPI
4979,5959,2025-10-28,3123.07,Card
4980,5959,2025-11-05,110.05,Card
4981,5960,2025-11-05,4624.54,Cheque
4982,5960,2025-11-17,1348.22,Card
4983,5961,2025-11-11,655.12,Card
4984,5964,2026-04-24,7888.94,NEFT
4985,5965,2025-11-11,3360.21,Card
4986,5966,2026-07-06,12651.41,NEFT
4987,5966,2026-07-12,117.78,Cheque
4988,5967,2026-07-24,15171.15,Card
4989,5968,2026-01-07,6447.35,UPI
4990,5972,2026-04-18,8429.5,UPI
4991,5972,2026-04-08,3359.63,UPI
4992,5973,2026-05-01,12878.55,UPI
4993,5973,2026-05-04,9075.4,Card
4994,5975,2026-09-02,4359.68,UPI
4995,5976,2026-05-23,2979.18,Card
4996,5977,2026-01-29,3096.38,Cheque
4997,5977,2026-01-16,445.96,Card
4998,5978,2026-05-31,1827.66,Card
4999,5979,2025-11-17,7048.18,Cheque
5000,5980,2026-06-22,1812.93,Cheque
5001,5981,2026-09-07,3224.71,Card
5002,5982,2026-04-02,4761.37,Card
5003,5983,2025-11-29,865.82,Cheque
5004,5984,2026-01-01,2692.17,UPI
5005,5986,2025-10-10,12050.75,NEFT
5006,5987,2026-06-21,15629.78,UPI
5007,5988,2026-10-17,1699.51,UPI
5008,5988,2026-09-29,959.6,UPI
5009,5990,2026-02-18,2368.39,UPI
5010,5991,2026-04-12,3563.81,UPI
5011,5993,2026-04-18,4022.53,Cheque
5012,5994,2026-02-28,3873.74,Card
5013,5995,2026-05-19,11999.11,UPI
5014,5996,2026-08-20,13045.05,Card
5015,5997,2026-09-18,4969.39,Cheque
5016,6000,2026-09-17,2175.46,Cheque
5017,6001,2026-01-31,2635.49,NEFT
5018,6002,2026-07-23,7729.65,UPI
5019,6003,2026-07-25,4036.44,Cheque
5020,6004,2025-12-19,2484.42,Cheque
5021,6004,2025-12-10,1628.25,Card
5022,6005,2025-10-29,3166.47,Card
5023,6006,2025-12-20,3221.72,Cheque
5024,6007,2026-03-17,4822.63,Card
5025,6008,2026-05-24,4527.39,NEFT
5026,6009,2026-09-20,4995.84,Cheque
5027,6010,2026-06-21,3503.43,NEFT
5028,6011,2025-10-05,1899.34,UPI
5029,6011,2025-10-17,1024.18,Card
5030,6013,2025-11-29,5632.2,UPI
5031,6014,2026-02-23,3328.64,UPI
5032,6015,2025-11-14,623.9,UPI
5033,6015,2025-11-29,116.59,Cheque
5034,6016,2026-09-11,1667.16,Cheque
5035,6016,2026-09-27,7.25,Cheque
5036,6017,2026-04-23,11808.73,Cheque
5037,6018,2026-04-20,11072.1,NEFT
5038,6019,2026-09-25,8388.35,Cheque
5039,6020,2026-01-09,4903.65,UPI
5040,6020,2026-01-21,2631.43,UPI
5041,6021,2026-04-07,11286.47,Cheque
5042,6023,2026-09-26,3054.89,UPI
5043,6024,2026-04-20,2696.7,UPI
5044,6025,2026-02-21,4345.63,Cheque
5045,6026,2026-01-13,22792.79,NEFT
5046,6027,2026-08-13,2580.9,UPI
5047,6028,2026-05-04,1968.57,NEFT
5048,6029,2026-03-16,2186.53,UPI
5049,6029,2026-04-12,2095.95,NEFT
5050,6030,2026-08-03,2077.24,Card
5051,6030,2026-08-15,1553.84,Cheque
5052,6031,2026-03-05,5963.3,Cheque
5053,6031,2026-01-23,222.28,Cheque
5054,6032,2026-02-09,9428.47,UPI
5055,6033,2026-07-17,3077.64,UPI
5056,6034,2026-05-14,26973.66,Card
5057,6035,2026-10-03,13383.14,Card
5058,6036,2026-06-16,2714.52,Card
5059,6037,2026-07-04,3014.14,UPI
5060,6038,2026-03-08,7630.55,UPI
5061,6039,2026-06-26,2113.0,UPI
5062,6039,2026-05-30,463.18,Card
5063,6040,2025-12-14,958.56,Card
5064,6041,2026-07-07,23404.8,UPI
5065,6042,2026-05-05,2062.33,Cheque
5066,6043,2026-01-14,9888.55,Cheque
5067,6044,2026-08-21,4598.92,UPI
5068,6044,2026-09-19,4157.45,Cheque
5069,6045,2026-09-09,2603.24,Cheque
5070,6046,2025-11-29,13328.41,UPI
5071,6046,2025-11-19,10654.97,NEFT
5072,6047,2025-10-27,4420.29,UPI
5073,6047,2025-11-28,844.86,Cheque
5074,6048,2026-02-05,3606.58,Card
5075,6048,2026-01-17,1976.01,Cheque
5076,6049,2026-02-13,1460.58,NEFT
5077,6050,2026-02-26,640.84,UPI
5078,6050,2026-02-21,282.13,Cheque
5079,6051,2026-02-05,4118.04,NEFT
5080,6052,2026-06-07,14115.14,UPI
5081,6053,2026-01-15,1127.47,Cheque
5082,6054,2026-08-05,5616.57,Cheque
5083,6055,2026-04-21,4392.0,NEFT
5084,6055,2026-03-09,945.31,NEFT
5085,6056,2025-10-26,13494.2,UPI
5086,6057,2026-07-21,11275.38,NEFT
5087,6058,2025-10-19,5593.82,Card
5088,6059,2026-03-21,4639.41,Card
5089,6060,2026-07-28,2811.03,Card
5090,6061,2026-09-08,1999.88,NEFT
5091,6062,2026-05-21,3029.26,UPI
5092,6063,2026-06-03,2062.64,Cheque
5093,6065,2026-03-02,2296.67,Card
5094,6065,2026-04-28,2566.31,UPI
5095,6067,2026-05-03,5457.11,UPI
5096,6071,2026-07-17,2107.66,NEFT
5097,6071,2026-06-04,1287.06,UPI
5098,6072,2026-03-23,1966.41,NEFT
5099,6073,2026-05-28,4684.1,UPI
5100,6074,2025-10-21,12457.92,Card
5101,6075,2026-06-19,8012.42,NEFT
5102,6077,2025-11-27,6478.52,Card
5103,6078,2026-06-07,13223.13,Card
5104,6079,2026-09-04,9965.47,Cheque
5105,6080,2025-12-17,5285.54,UPI
5106,6081,2026-09-07,3610.25,Cheque
5107,6083,2026-07-07,721.92,Card
5108,6084,2026-08-16,13781.84,NEFT
5109,6085,2026-10-15,8683.69,NEFT
5110,6086,2025-11-11,18547.19,NEFT
5111,6087,2025-10-31,2041.66,Card
5112,6088,2026-02-02,12667.78,Cheque
5113,6089,2025-12-29,8501.87,Cheque
5114,6090,2026-07-13,3075.48,Cheque
5115,6092,2026-02-16,2231.91,UPI
5116,6093,2026-02-19,3733.94,Cheque
5117,6094,2025-11-08,1699.81,Cheque
5118,6095,2026-04-08,12793.11,Cheque
5119,6096,2026-08-30,2345.2,Card
5120,6097,2026-10-22,2158.98,Cheque
5121,6098,2025-12-18,13049.75,UPI
5122,6099,2025-09-30,1627.87,UPI
5123,6100,2026-03-21,2974.59,Cheque
5124,6101,2026-01-12,2256.97,Cheque
5125,6102,2026-03-30,18519.46,NEFT
5126,6103,2026-03-28,12483.93,Card
5127,6105,2026-07-30,2251.97,NEFT
5128,6106,2026-04-24,9237.11,Card
5129,6107,2025-10-10,7071.82,Card
5130,6108,2026-01-28,3766.6,Card
5131,6109,2026-01-19,3498.0,NEFT
5132,6110,2025-12-09,4146.8,NEFT
5133,6111,2026-07-18,10288.06,UPI
5134,6112,2026-01-22,17533.61,UPI
5135,6112,2026-03-03,33.07,Card
5136,6113,2026-03-08,21490.59,Card
5137,6114,2025-12-14,1470.51,UPI
5138,6115,2025-10-31,5237.55,Card
5139,6117,2026-09-18,2491.75,Cheque
5140,6119,2026-03-20,9458.69,Cheque
5141,6122,2026-04-09,1792.36,UPI
5142,6122,2026-04-15,787.94,NEFT
5143,6123,2026-07-18,9284.93,Cheque
5144,6123,2026-08-23,1756.75,NEFT
5145,6124,2026-06-09,6102.29,UPI
5146,6125,2026-05-06,1432.82,Card
5147,6127,2025-11-16,21490.64,Cheque
5148,6128,2025-10-14,4729.63,UPI
5149,6129,2026-05-10,2248.68,Card
5150,6129,2026-05-20,1866.65,Cheque
5151,6130,2025-10-22,5032.94,Card
5152,6131,2026-02-24,5891.69,NEFT
5153,6132,2026-01-08,3430.07,NEFT
5154,6133,2026-04-15,10090.49,Card
5155,6133,2026-05-03,4521.89,Card
5156,6134,2026-08-10,3430.37,Card
5157,6135,2025-11-02,6364.01,NEFT
5158,6135,2025-10-29,4708.34,Card
5159,6136,2026-03-13,21485.83,Cheque
5160,6137,2026-05-22,6764.01,Card
5161,6138,2026-04-27,2162.63,Card
5162,6139,2026-07-15,2551.15,NEFT
5163,6139,2026-08-06,3261.47,NEFT
5164,6140,2025-12-16,3184.91,Cheque
5165,6141,2025-12-12,5916.7,Cheque
5166,6141,2025-12-12,4339.69,UPI
5167,6142,2026-05-05,5901.67,Card
5168,6144,2026-01-10,2231.66,UPI
5169,6146,2026-10-15,2612.23,Card
5170,6147,2025-12-22,8417.18,UPI
5171,6149,2025-11-16,3431.45,UPI
5172,6149,2025-11-12,470.03,UPI
5173,6150,2025-12-13,2348.29,Cheque
5174,6151,2026-03-06,5550.12,NEFT
5175,6151,2026-03-25,269.41,Card
5176,6153,2026-04-09,4336.19,UPI
5177,6153,2026-03-26,4974.76,UPI
5178,6154,2026-06-28,3309.24,Card
5179,6156,2026-03-10,13798.28,UPI
5180,6158,2025-12-12,1545.68,UPI
5181,6159,2025-12-14,2024.2,UPI
5182,6160,2026-07-25,12732.11,Cheque
5183,6161,2026-01-26,1273.83,NEFT
5184,6162,2026-04-07,7210.12,NEFT
5185,6163,2026-03-17,1833.62,Cheque
5186,6163,2026-03-27,2530.59,Cheque
5187,6164,2025-12-10,1342.1,Card
5188,6165,2026-01-07,6101.37,Cheque
5189,6166,2025-12-31,4341.77,Card
5190,6167,2026-06-13,9535.17,UPI
5191,6168,2026-07-07,1077.62,Cheque
5192,6169,2026-03-13,2446.33,NEFT
5193,6170,2026-07-01,2485.83,UPI
5194,6171,2026-07-28,8488.86,UPI
5195,6174,2025-12-27,3634.25,Card
5196,6175,2026-05-25,5965.29,Cheque
5197,6177,2025-12-22,1093.13,UPI
5198,6178,2025-10-29,5117.35,Card
5199,6179,2026-06-21,4774.25,NEFT
5200,6180,2026-01-05,2662.23,Card
5201,6182,2026-11-02,6418.48,Cheque
5202,6183,2026-08-07,1875.22,UPI
5203,6184,2026-04-19,5226.62,UPI
5204,6185,2026-09-19,1364.28,NEFT
5205,6185,2026-09-18,847.17,Cheque
5206,6188,2025-11-26,10911.66,Cheque
5207,6190,2025-12-01,4609.53,Cheque
5208,6191,2026-08-27,3849.95,Card
5209,6192,2025-11-02,9023.24,NEFT
5210,6193,2026-02-06,12717.02,Cheque
5211,6194,2025-11-06,3453.43,Cheque
5212,6194,2025-11-07,1891.72,Card
5213,6195,2026-10-22,16762.93,NEFT
5214,6196,2026-01-23,8827.79,UPI
5215,6197,2026-02-19,3166.51,NEFT
5216,6198,2026-06-05,1396.06,Cheque
5217,6201,2025-11-14,2945.32,UPI
5218,6201,2025-11-23,266.01,UPI
5219,6202,2026-06-12,12454.59,Card
5220,6203,2025-11-03,7957.32,Cheque
5221,6203,2025-11-17,6708.87,UPI
5222,6204,2025-12-11,6285.61,NEFT
5223,6205,2026-01-07,7191.73,UPI
5224,6206,2026-03-05,3902.05,Card
5225,6207,2026-09-10,2996.12,Card
5226,6208,2026-06-28,7007.4,UPI
5227,6208,2026-07-17,883.29,Card
5228,6209,2026-08-04,3516.94,Card
5229,6210,2026-07-19,8556.81,NEFT
5230,6210,2026-07-13,10774.11,UPI
5231,6211,2026-04-22,6933.13,Cheque
5232,6212,2025-12-16,7139.59,Card
5233,6213,2026-03-14,2142.18,UPI
5234,6214,2025-10-21,782.36,Card
5235,6215,2026-08-22,7138.77,NEFT
5236,6216,2025-09-26,3359.92,UPI
5237,6217,2026-08-17,10985.92,UPI
5238,6218,2025-12-08,2409.07,UPI
5239,6221,2026-04-17,7091.33,Card
5240,6222,2026-07-18,2244.27,Cheque
5241,6223,2026-08-13,5137.9,Card
5242,6224,2026-01-30,22929.45,Card
5243,6225,2026-04-18,5608.83,NEFT
5244,6226,2025-10-19,4441.56,Card
5245,6227,2026-08-08,4504.02,NEFT
5246,6228,2026-01-24,6627.69,NEFT
5247,6229,2026-08-26,15869.05,NEFT
5248,6230,2025-09-20,9147.82,Card
5249,6231,2026-01-04,10317.19,UPI
5250,6232,2026-02-01,8023.16,UPI
5251,6232,2026-01-30,8475.59,UPI
5252,6233,2026-08-24,1739.03,Card
5253,6233,2026-08-22,2197.09,Card
5254,6234,2026-06-08,3096.98,Cheque
5255,6236,2026-04-24,4223.9,UPI
5256,6237,2026-02-02,1755.14,Card
5257,6238,2026-06-23,3116.39,UPI
5258,6239,2026-03-25,3060.71,UPI
5259,6240,2025-12-02,5702.72,UPI
5260,6240,2025-12-12,5094.68,UPI
5261,6241,2025-10-18,9322.03,Card
5262,6242,2026-04-19,3661.08,Cheque
5263,6243,2025-10-26,10918.64,Cheque
5264,6244,2026-07-06,5634.04,NEFT
5265,6245,2025-10-17,677.11,NEFT
5266,6245,2025-10-28,535.08,NEFT
5267,6247,2026-04-18,2801.37,UPI
5268,6248,2026-04-14,5041.14,Card
5269,6249,2026-02-10,3547.32,Card
5270,6250,2026-02-26,3274.79,UPI
5271,6251,2026-07-16,7958.29,UPI
5272,6252,2026-07-12,9383.67,UPI
5273,6253,2025-11-04,2665.39,Cheque
5274,6254,2026-09-17,2533.62,NEFT
5275,6255,2026-07-07,13746.7,Cheque
5276,6256,2026-02-18,25863.66,NEFT
5277,6257,2026-01-29,2353.53,Cheque
5278,6258,2026-09-23,7143.05,Cheque
5279,6258,2026-09-05,3056.56,NEFT
5280,6259,2026-06-02,4473.71,NEFT
5281,6260,2026-04-15,8586.8,UPI
5282,6261,2026-09-03,1981.13,NEFT
5283,6262,2026-01-06,1184.27,UPI
5284,6262,2026-01-22,652.56,NEFT
5285,6264,2026-02-28,3183.97,Card
5286,6265,2025-11-16,2969.83,Cheque
5287,6266,2026-05-06,10275.47,NEFT
5288,6266,2026-05-02,374.32,Card
5289,6267,2026-08-19,2566.82,Card
5290,6269,2026-05-25,26412.91,NEFT
5291,6270,2025-12-01,5218.13,UPI
5292,6271,2026-04-08,4279.37,Card
5293,6271,2026-04-07,2002.65,NEFT
5294,6272,2026-02-21,6878.89,NEFT
5295,6272,2026-02-01,2197.56,UPI
5296,6273,2025-12-14,3288.29,NEFT
5297,6274,2026-02-16,4927.16,Card
5298,6276,2026-08-06,4678.64,UPI
5299,6277,2026-03-08,9816.18,NEFT
5300,6278,2026-08-19,6896.2,NEFT
5301,6279,2025-11-08,805.42,Cheque
5302,6281,2025-10-31,3791.86,Cheque
5303,6282,2025-11-24,3034.78,UPI
5304,6282,2025-11-29,3822.29,Card
5305,6283,2026-07-15,3608.84,Card
5306,6284,2025-11-04,2118.19,UPI
5307,6285,2026-03-01,14320.18,Card
5308,6286,2026-05-08,6542.36,Cheque
5309,6287,2026-08-26,11679.03,NEFT
5310,6287,2026-08-30,2067.34,Cheque
5311,6288,2025-11-13,4676.86,Card
5312,6288,2025-11-03,123.36,NEFT
5313,6289,2026-10-05,4417.22,Cheque
5314,6290,2026-09-21,5048.95,Card
5315,6291,2025-11-03,1810.96,Card
5316,6292,2026-02-22,580.79,Card
5317,6293,2025-12-15,2677.41,Cheque
5318,6294,2026-03-13,11372.8,NEFT
5319,6295,2025-12-06,15578.13,UPI
5320,6297,2026-05-21,13996.11,NEFT
5321,6298,2026-02-19,3112.97,UPI
5322,6299,2026-04-26,1314.83,Cheque
5323,6299,2026-04-09,282.48,Cheque
5324,6300,2026-09-27,11667.64,NEFT
5325,6301,2026-09-12,3337.04,Card
5326,6302,2025-11-20,40522.85,NEFT
5327,6306,2025-11-08,5637.04,Cheque
5328,6307,2026-02-01,9051.47,Card
5329,6308,2025-11-05,1252.6,UPI
5330,6310,2026-05-21,1932.59,NEFT
5331,6311,2026-10-06,1141.36,NEFT
5332,6311,2026-09-12,1369.72,Card
5333,6312,2025-12-14,1629.8,UPI
5334,6314,2025-10-13,6288.91,Cheque
5335,6315,2026-02-24,2368.04,UPI
5336,6315,2026-02-22,770.55,UPI
5337,6316,2025-12-14,9327.86,NEFT
5338,6317,2026-01-18,7639.25,UPI
5339,6318,2026-05-01,10011.31,Card
5340,6319,2026-05-28,18576.87,Cheque
5341,6320,2025-12-21,5950.37,NEFT
5342,6322,2025-10-21,15666.14,NEFT
5343,6323,2025-12-27,8524.56,NEFT
5344,6323,2025-12-28,833.06,Card
5345,6324,2026-10-19,1292.34,Card
5346,6325,2026-05-23,5459.03,UPI
5347,6326,2026-05-28,6089.09,Cheque
5348,6327,2026-03-07,5941.1,NEFT
5349,6328,2026-01-04,4579.51,UPI
5350,6329,2025-12-21,8383.6,UPI
5351,6330,2026-03-18,4509.11,UPI
5352,6332,2026-08-26,14780.52,Cheque
5353,6333,2025-12-18,1534.61,NEFT
5354,6334,2026-10-12,2276.0,UPI
5355,6334,2026-09-22,1337.65,NEFT
5356,6335,2026-08-30,2458.07,Card
5357,6336,2026-02-18,1547.98,NEFT
5358,6336,2026-02-16,1258.77,Cheque
5359,6337,2026-04-02,11925.33,NEFT
5360,6338,2026-02-17,5510.93,UPI
5361,6339,2025-11-14,8632.35,Card
5362,6340,2026-02-01,8290.01,Card
5363,6341,2026-08-22,1080.48,NEFT
5364,6343,2026-07-12,8680.62,UPI
5365,6343,2026-08-01,419.58,NEFT
5366,6344,2025-09-12,8456.27,UPI
5367,6345,2026-02-27,1226.42,NEFT
5368,6346,2026-08-31,11398.25,Cheque
5369,6347,2026-01-03,8184.83,Cheque
5370,6348,2026-03-30,2314.52,Cheque
5371,6350,2026-03-08,4162.64,UPI
5372,6351,2026-04-17,3814.72,Card
5373,6351,2026-03-30,3596.61,UPI
5374,6352,2026-06-09,1184.42,Cheque
5375,6353,2026-09-11,3771.05,NEFT
5376,6356,2026-03-13,9419.2,Cheque
5377,6358,2025-12-27,7853.15,UPI
5378,6359,2026-06-30,4388.41,NEFT
5379,6361,2026-06-13,2929.83,Card
5380,6362,2026-02-24,16001.3,UPI
5381,6363,2026-01-21,12370.26,NEFT
5382,6365,2026-07-24,3580.72,Cheque
5383,6366,2026-04-18,2387.02,UPI
5384,6368,2026-05-01,11103.45,Card
5385,6369,2026-08-13,25403.14,NEFT
5386,6370,2026-06-08,1595.96,Card
5387,6371,2026-05-05,9935.52,Cheque
5388,6372,2026-03-26,4835.16,UPI
5389,6373,2026-04-24,1668.18,Card
5390,6373,2026-03-30,2059.28,NEFT
5391,6374,2026-08-17,2366.01,UPI
5392,6376,2026-04-16,1358.45,UPI
5393,6377,2026-03-16,3379.18,UPI
5394,6378,2026-04-20,6707.83,Cheque
5395,6379,2025-10-27,3676.99,Card
5396,6380,2026-10-19,13556.64,NEFT
5397,6381,2026-06-10,1112.71,Cheque
5398,6381,2026-04-12,1358.96,Cheque
5399,6382,2025-11-08,6633.16,UPI
5400,6382,2025-11-02,1606.4,Cheque
5401,6383,2026-01-15,4383.45,Card
5402,6383,2026-02-11,371.04,Cheque
5403,6384,2025-11-07,5163.48,Cheque
5404,6385,2026-06-23,3461.76,Cheque
5405,6386,2025-10-05,5691.26,UPI
5406,6387,2025-09-25,1967.51,UPI
5407,6388,2026-04-17,3760.06,NEFT
5408,6389,2026-06-06,3284.7,UPI
5409,6391,2026-01-08,1724.13,Cheque
5410,6393,2026-02-11,1680.63,UPI
5411,6393,2026-02-16,1024.81,Cheque
5412,6395,2026-04-03,4578.06,Card
5413,6396,2026-06-08,10003.35,NEFT
5414,6397,2025-11-26,6270.5,NEFT
5415,6397,2025-11-26,2200.51,NEFT
5416,6398,2026-02-15,6314.66,UPI
5417,6399,2026-05-07,5740.94,NEFT
5418,6400,2026-06-01,2247.55,NEFT
5419,6400,2026-06-08,2044.43,Cheque
5420,6401,2026-07-10,4228.98,NEFT
5421,6402,2026-01-26,1235.09,UPI
5422,6403,2026-09-07,8992.92,Card
5423,6404,2026-05-13,4656.91,UPI
5424,6404,2026-05-12,1531.38,Cheque
5425,6405,2026-03-07,13062.39,Card
5426,6406,2026-03-25,3208.45,Card
5427,6407,2025-11-20,13704.63,Cheque
5428,6408,2026-04-07,2160.52,Cheque
5429,6408,2026-04-28,2128.17,Cheque
5430,6409,2025-11-21,1586.17,Card
5431,6409,2025-12-06,1574.9,UPI
5432,6410,2025-10-02,7826.21,Card
5433,6411,2026-07-27,5421.55,NEFT
5434,6411,2026-08-24,1268.04,Card
5435,6412,2026-07-10,14387.46,UPI
5436,6413,2026-05-21,5730.65,NEFT
5437,6414,2026-07-05,9538.88,Cheque
5438,6416,2026-02-21,3992.2,Cheque
5439,6418,2026-05-27,5656.54,UPI
5440,6419,2026-07-28,9730.8,Cheque
5441,6421,2025-11-22,8087.7,Cheque
5442,6422,2026-04-07,10441.73,UPI
5443,6423,2026-08-29,2895.44,UPI
5444,6424,2025-12-03,2470.15,NEFT
5445,6425,2026-10-04,1326.86,Cheque
5446,6427,2026-01-11,2784.57,Cheque
5447,6428,2026-10-15,15545.95,NEFT
5448,6430,2026-06-11,12037.23,Card
5449,6431,2026-05-08,7958.1,Cheque
5450,6433,2026-02-11,15896.39,Card
5451,6434,2025-12-04,5929.37,Cheque
5452,6435,2026-01-01,6406.45,Cheque
5453,6436,2025-12-16,5399.21,Cheque
5454,6436,2025-11-26,3209.15,UPI
5455,6437,2026-08-26,42712.07,Cheque
5456,6439,2025-11-21,1099.27,UPI
5457,6439,2025-11-04,678.38,Cheque
5458,6440,2025-12-23,6081.24,UPI
5459,6442,2026-05-31,5920.73,NEFT
5460,6443,2026-06-16,8797.8,NEFT
5461,6443,2026-06-20,3760.23,NEFT
5462,6444,2026-03-20,7483.52,Cheque
5463,6445,2026-10-02,3110.78,NEFT
5464,6446,2026-08-30,4250.86,Cheque
5465,6447,2026-01-30,2130.7,Cheque
5466,6448,2026-08-15,13717.15,NEFT
5467,6448,2026-08-23,155.85,Card
5468,6449,2026-03-23,9640.07,Cheque
5469,6450,2025-11-08,2093.35,UPI
5470,6451,2026-06-29,37505.51,Card
5471,6452,2026-01-10,4203.3,Cheque
5472,6453,2026-08-30,6333.55,Card
5473,6455,2026-09-08,6997.21,Card
5474,6456,2025-11-19,4771.11,NEFT
5475,6457,2026-06-21,1634.52,Cheque
5476,6458,2025-12-24,12784.65,Cheque
5477,6459,2026-02-23,2577.78,NEFT
5478,6461,2025-12-20,4153.49,UPI
5479,6462,2026-02-27,2786.55,Card
5480,6463,2026-01-16,7353.15,Card
5481,6464,2026-03-24,5580.36,UPI
5482,6465,2025-10-18,4083.29,UPI
5483,6466,2025-12-02,1343.73,Cheque
5484,6466,2025-11-19,1493.64,Card
5485,6468,2025-11-14,2192.43,UPI
5486,6469,2026-01-04,2408.9,UPI
5487,6470,2026-10-12,7693.3,NEFT
5488,6470,2026-10-11,252.55,NEFT
5489,6471,2025-11-23,11577.63,UPI
5490,6472,2025-11-05,6274.51,Cheque
5491,6473,2026-01-24,16497.3,Cheque
5492,6475,2026-07-16,1968.35,UPI
5493,6477,2026-06-15,5513.94,Card
5494,6478,2026-03-22,5579.57,Cheque
5495,6479,2026-07-09,2196.83,NEFT
5496,6480,2026-03-08,3507.35,NEFT
5497,6481,2026-06-21,12277.15,UPI
5498,6481,2026-06-02,7882.17,Card
5499,6482,2026-02-06,2223.29,Cheque
5500,6482,2026-03-10,2033.97,NEFT
5501,6483,2026-07-31,15652.67,UPI
5502,6484,2026-09-13,9308.0,Card
5503,6485,2026-03-25,3979.15,Card
5504,6486,2026-03-16,15469.1,Card
5505,6487,2025-10-03,6491.68,UPI
5506,6490,2026-09-03,7102.89,Card
5507,6491,2026-06-10,1035.39,NEFT
5508,6492,2026-06-29,10264.07,NEFT
5509,6493,2026-08-08,7117.59,UPI
5510,6494,2025-12-07,2890.51,Card
5511,6494,2025-12-24,275.58,NEFT
5512,6495,2025-09-05,1215.77,Card
5513,6495,2025-10-17,596.64,Cheque
5514,6496,2026-10-25,4091.45,Cheque
5515,6497,2026-05-03,6107.84,NEFT
5516,6498,2025-12-04,5664.49,NEFT
5517,6499,2026-08-10,5636.64,Card
5518,6500,2026-07-18,8571.81,NEFT
5519,6501,2026-02-23,1991.5,Card
5520,6502,2026-04-28,4669.56,UPI
5521,6503,2026-05-17,6345.27,UPI
5522,6504,2026-03-16,3260.94,UPI
5523,6504,2026-02-19,3967.32,NEFT
5524,6506,2026-09-30,4248.81,NEFT
5525,6507,2026-05-28,3921.26,UPI
5526,6508,2026-08-10,2762.68,Cheque
5527,6509,2026-04-18,6821.19,NEFT
5528,6510,2026-02-21,2491.98,NEFT
5529,6511,2026-07-06,7912.29,NEFT
5530,6512,2026-03-06,12168.27,Cheque
5531,6512,2026-02-28,694.68,NEFT
5532,6515,2026-09-13,3478.68,NEFT
5533,6516,2026-04-22,1077.74,Cheque
5534,6516,2026-05-12,838.7,Cheque
5535,6517,2026-08-16,2990.19,NEFT
5536,6517,2026-08-05,1402.82,Cheque
5537,6518,2026-09-09,3059.36,UPI
5538,6520,2026-05-02,845.34,NEFT
5539,6521,2026-01-01,4893.6,Cheque
5540,6521,2026-01-20,860.64,Cheque
5541,6522,2026-09-22,5086.77,Card
5542,6523,2026-04-08,9814.84,UPI
5543,6524,2026-05-15,7782.8,Card
5544,6525,2026-06-18,4345.6,Card
5545,6526,2025-09-16,10079.65,Cheque
5546,6528,2026-03-15,3131.94,Card
5547,6528,2026-02-17,254.73,Cheque
5548,6529,2025-12-02,5849.3,UPI
5549,6530,2026-10-04,16740.56,Cheque
5550,6531,2025-12-12,3671.59,Card
5551,6532,2026-05-05,2590.11,Card
5552,6533,2025-12-12,2036.95,Cheque
5553,6534,2026-04-14,1540.93,Card
5554,6535,2025-11-19,971.65,UPI
5555,6536,2025-11-02,2454.02,NEFT
5556,6537,2026-08-14,4348.31,Card
5557,6538,2026-03-23,1291.78,NEFT
5558,6538,2026-02-18,997.82,Cheque
5559,6541,2025-10-24,1412.7,NEFT
5560,6542,2026-07-21,2031.06,Cheque
5561,6542,2026-08-14,2333.59,NEFT
5562,6543,2026-04-25,8536.84,Cheque
5563,6545,2025-11-26,12165.39,NEFT
5564,6545,2025-12-21,242.33,NEFT
5565,6546,2026-09-15,5651.63,Cheque
5566,6547,2025-10-22,5965.52,Cheque
5567,6547,2025-10-01,4249.36,Cheque
5568,6548,2026-10-09,3481.55,Card
5569,6548,2026-09-27,1646.85,UPI
5570,6551,2026-07-04,9810.04,UPI
5571,6552,2025-12-19,5026.08,NEFT
5572,6553,2026-03-14,12034.51,Card
5573,6554,2026-07-06,4086.3,Cheque
5574,6555,2026-05-11,20141.76,NEFT
5575,6556,2026-04-06,7663.02,Card
5576,6557,2026-02-22,2423.53,Cheque
5577,6558,2025-12-29,9801.05,Card
5578,6558,2026-01-25,2527.75,UPI
5579,6559,2026-03-02,2145.04,Cheque
5580,6560,2026-03-12,2051.19,UPI
5581,6561,2025-12-29,14019.53,UPI
5582,6564,2026-09-03,2706.89,Card
5583,6565,2026-09-27,9725.95,UPI
5584,6566,2026-01-03,4023.05,UPI
5585,6567,2026-09-10,5120.33,Card
5586,6567,2026-09-19,754.91,UPI
5587,6568,2026-08-15,2029.21,Card
5588,6569,2025-11-03,4774.56,Cheque
5589,6571,2026-04-28,6265.27,NEFT
5590,6571,2026-05-16,1401.45,NEFT
5591,6572,2026-08-09,4616.52,UPI
5592,6572,2026-08-07,1934.77,Card
5593,6573,2026-02-01,2141.38,NEFT
5594,6573,2026-02-27,1687.62,Card
5595,6574,2026-05-02,6279.04,UPI
5596,6575,2026-03-17,10957.32,NEFT
5597,6576,2026-02-15,1525.25,NEFT
5598,6577,2026-06-24,4380.04,Card
5599,6578,2026-03-24,2729.16,Card
5600,6578,2026-03-15,3179.48,Card
5601,6579,2026-03-29,2390.8,NEFT
5602,6580,2025-11-10,10519.3,Cheque
5603,6581,2026-05-29,7697.46,UPI
5604,6582,2025-11-29,8051.33,Cheque
5605,6582,2025-12-09,3059.66,Cheque
5606,6583,2026-04-25,18378.68,NEFT
5607,6584,2025-12-31,6511.36,Card
5608,6585,2026-03-27,3947.3,Card
5609,6585,2026-03-03,39.15,Card
5610,6587,2025-11-28,3123.85,NEFT
5611,6588,2026-06-23,3058.45,UPI
5612,6588,2026-07-09,4189.62,Cheque
5613,6589,2026-06-03,11460.43,NEFT
5614,6590,2025-11-21,9729.78,UPI
5615,6591,2026-01-26,15414.58,Card
5616,6592,2026-01-20,2191.43,NEFT
5617,6592,2026-01-09,1826.9,Cheque
5618,6593,2026-08-23,8817.01,NEFT
5619,6595,2026-01-22,5018.46,Cheque
5620,6596,2025-12-08,6123.1,Card
5621,6598,2026-04-22,4597.71,NEFT
5622,6599,2026-03-19,1604.94,Cheque
5623,6600,2025-12-01,5656.53,UPI
5624,6601,2026-06-13,6678.19,UPI
5625,6602,2025-12-29,4835.31,UPI
5626,6603,2026-07-29,7083.9,Cheque
5627,6604,2026-07-06,3800.81,Cheque
5628,6604,2026-06-30,728.88,NEFT
5629,6605,2026-01-20,4025.0,Card
5630,6606,2026-09-29,13216.27,UPI
5631,6606,2026-09-30,1999.12,Cheque
5632,6607,2026-04-10,30419.07,Cheque
5633,6608,2026-09-17,10105.97,Cheque
5634,6610,2026-04-27,5986.1,Cheque
5635,6612,2026-08-14,8550.71,Cheque
5636,6614,2026-06-09,5561.23,Cheque
5637,6615,2026-06-06,10321.27,Card
5638,6615,2026-05-21,10587.05,UPI
5639,6616,2025-11-10,1144.27,Cheque
5640,6617,2025-10-14,3334.83,UPI
5641,6618,2026-08-21,10772.22,UPI
5642,6619,2026-01-28,4826.24,Card
5643,6621,2026-10-17,4295.63,Cheque
5644,6622,2025-10-06,17419.2,Cheque
5645,6623,2025-11-11,12660.13,UPI
5646,6624,2026-08-12,4147.69,Card
5647,6624,2026-08-12,2201.92,NEFT
5648,6625,2026-05-29,19083.23,NEFT
5649,6626,2026-07-03,6405.58,Cheque
5650,6627,2026-09-22,5272.09,Cheque
5651,6628,2026-03-30,16209.06,UPI
5652,6629,2026-06-20,1632.43,NEFT
5653,6630,2025-12-20,5718.56,Cheque
5654,6631,2026-01-01,4378.65,Cheque
5655,6631,2026-01-24,2253.74,Cheque
5656,6632,2025-11-18,4184.31,Cheque
5657,6633,2026-02-09,1263.02,NEFT
5658,6634,2026-02-04,4720.51,UPI
5659,6635,2026-04-17,1493.59,NEFT
5660,6638,2026-02-27,5302.01,Card
5661,6639,2025-11-30,3898.77,UPI
5662,6640,2026-03-16,1533.86,NEFT
5663,6641,2026-08-15,2963.62,NEFT
5664,6642,2026-02-01,16374.98,NEFT
5665,6643,2026-03-20,5032.58,Card
5666,6644,2026-08-06,2178.85,NEFT
5667,6644,2026-07-26,1136.02,UPI
5668,6645,2026-03-29,2572.03,Card
5669,6645,2026-03-26,2617.52,NEFT
5670,6646,2025-12-16,3247.63,NEFT
5671,6647,2026-08-21,1416.52,UPI
5672,6649,2026-05-21,1189.06,NEFT
5673,6649,2026-04-15,978.01,UPI
5674,6650,2025-12-01,7041.67,Cheque
5675,6652,2025-10-27,2828.59,UPI
5676,6653,2025-11-30,5842.56,Card
5677,6654,2026-06-11,2997.12,Card
5678,6654,2026-06-10,1940.83,Cheque
5679,6655,2026-04-02,2772.77,UPI
5680,6656,2026-07-08,808.44,NEFT
5681,6657,2025-10-22,2202.8,Cheque
5682,6658,2026-04-19,2687.36,Cheque
5683,6659,2026-08-18,5607.34,Cheque
5684,6660,2026-01-19,3781.09,NEFT
5685,6660,2025-12-10,2292.74,Cheque
5686,6661,2026-03-28,13499.72,Card
5687,6662,2026-06-29,2187.44,Cheque
5688,6663,2026-04-09,2092.69,Cheque
5689,6663,2026-05-11,502.25,NEFT
5690,6664,2025-11-24,2164.79,Cheque
5691,6664,2025-10-21,820.19,NEFT
5692,6665,2026-02-13,2784.9,Card
5693,6666,2026-06-06,5960.11,Card
5694,6667,2026-06-03,7053.87,Cheque
5695,6668,2026-09-26,1109.13,NEFT
5696,6669,2026-08-21,13006.33,Card
5697,6670,2026-03-20,7279.61,UPI
5698,6671,2026-02-13,10131.08,UPI
5699,6672,2026-08-01,348.47,UPI
5700,6672,2026-09-08,391.11,Card
5701,6674,2026-07-30,2255.53,UPI
5702,6675,2026-08-06,2208.94,NEFT
5703,6675,2026-08-18,1277.42,Cheque
5704,6676,2026-06-19,15746.89,Card
5705,6677,2025-09-24,8461.4,UPI
5706,6678,2026-05-17,2909.81,Card
5707,6679,2026-03-23,9453.55,UPI
5708,6680,2026-04-16,6673.08,Cheque
5709,6681,2026-08-23,3609.43,Cheque
5710,6682,2026-04-13,7316.03,NEFT
5711,6683,2026-01-22,2220.0,Card
5712,6683,2026-01-24,1474.7,Cheque
5713,6684,2026-06-14,6813.96,UPI
5714,6685,2026-04-13,6744.84,Cheque
5715,6686,2026-03-30,7479.64,NEFT
5716,6687,2026-06-29,23310.57,NEFT
5717,6688,2026-08-17,10650.9,Cheque
5718,6689,2026-04-20,11127.53,Card
5719,6690,2026-09-14,3280.23,NEFT
5720,6691,2026-07-12,1485.17,Card
5721,6692,2025-10-23,2592.42,Card
5722,6692,2025-11-22,1710.46,NEFT
5723,6693,2026-03-27,3388.32,Cheque
5724,6694,2026-09-17,8077.86,UPI
5725,6695,2025-11-24,3520.05,Cheque
5726,6696,2025-10-05,14446.0,Card
5727,6697,2026-06-10,1209.55,Card
5728,6697,2026-07-10,34.16,Card
5729,6698,2026-09-09,3998.68,Card
5730,6699,2026-01-10,6737.38,Cheque
5731,6700,2025-11-15,2291.02,UPI
5732,6701,2026-01-29,10313.83,Card
5733,6702,2025-11-15,9243.4,Cheque
5734,6702,2025-11-22,804.2,UPI
5735,6703,2026-07-21,3541.13,NEFT
5736,6704,2026-07-04,29315.8,UPI
5737,6705,2026-02-16,2044.58,UPI
5738,6706,2025-10-27,1702.9,UPI
5739,6707,2026-05-16,3421.4,Card
5740,6708,2026-02-10,5822.16,UPI
5741,6709,2026-03-25,1375.53,Card
5742,6711,2025-09-20,35790.15,Cheque
5743,6712,2026-07-02,1640.55,NEFT
5744,6713,2026-07-16,5075.16,UPI
5745,6713,2026-07-05,775.6,Card
5746,6714,2026-02-27,10759.62,Card
5747,6716,2026-04-12,28111.05,NEFT
5748,6717,2025-10-26,1516.43,Cheque
5749,6717,2025-09-11,1918.3,Cheque
5750,6718,2026-03-12,10782.96,Cheque
5751,6719,2026-06-17,4764.67,Card
5752,6720,2026-05-20,3324.31,UPI
5753,6722,2026-06-30,3725.74,Card
5754,6723,2026-05-15,11779.52,Card
5755,6724,2025-12-28,3371.31,NEFT
5756,6725,2026-03-29,1804.34,NEFT
5757,6726,2026-04-23,1808.39,Cheque
5758,6727,2025-10-13,6365.65,Card
5759,6727,2025-11-23,2427.09,NEFT
5760,6728,2026-04-01,2134.64,NEFT
5761,6729,2026-01-07,2452.39,Card
5762,6729,2026-01-13,1774.08,Card
5763,6730,2026-03-08,2973.66,NEFT
5764,6731,2026-08-11,2456.68,UPI
5765,6733,2026-07-17,5901.77,NEFT
5766,6734,2025-11-08,461.67,Cheque
5767,6735,2025-11-23,9822.74,Card
5768,6736,2026-04-07,1774.44,Card
5769,6737,2026-08-30,828.6,Cheque
5770,6737,2026-07-10,1136.42,NEFT
5771,6739,2026-10-30,6201.4,UPI
5772,6740,2026-02-26,9550.5,UPI
5773,6740,2026-02-25,6577.53,Card
5774,6741,2026-05-02,4485.84,Cheque
5775,6743,2025-12-09,4763.07,NEFT
5776,6744,2026-05-25,9046.66,Cheque
5777,6745,2026-03-24,2240.23,Card
5778,6746,2026-04-11,17889.31,Card
5779,6747,2026-07-01,3827.72,NEFT
5780,6748,2025-12-02,6260.66,UPI
5781,6749,2025-10-26,4434.69,Card
5782,6750,2025-11-25,3501.03,NEFT
5783,6751,2026-10-05,8087.0,UPI
5784,6751,2026-10-28,2515.53,Cheque
5785,6752,2026-05-20,8310.56,NEFT
5786,6753,2026-03-03,771.1,UPI
5787,6753,2026-02-03,98.69,Card
5788,6754,2026-05-12,6991.98,Cheque
5789,6755,2026-01-31,26776.85,UPI
5790,6756,2026-01-25,5800.98,UPI
5791,6757,2026-06-25,3322.7,Card
5792,6758,2025-12-03,3679.12,NEFT
5793,6759,2026-06-07,3189.61,UPI
5794,6760,2026-09-23,1994.15,Card
5795,6761,2026-10-06,4313.26,Cheque
5796,6763,2026-10-19,6674.53,Cheque
5797,6763,2026-10-30,1406.9,Cheque
5798,6764,2026-06-18,3291.84,NEFT
5799,6765,2026-01-07,24982.57,Cheque
5800,6766,2026-07-30,1724.18,Card
5801,6766,2026-07-28,639.15,Cheque
5802,6768,2025-12-18,2749.39,NEFT
5803,6769,2025-10-24,3249.51,NEFT
5804,6770,2026-05-10,3998.3,UPI
5805,6772,2026-06-16,9504.45,Cheque
5806,6773,2026-06-14,2862.55,UPI
5807,6773,2026-07-04,582.44,Card
5808,6774,2026-01-31,1509.8,Cheque
5809,6775,2026-07-25,14956.52,NEFT
5810,6776,2026-03-24,2259.53,UPI
5811,6778,2026-04-13,5225.51,Card
5812,6780,2025-12-26,1615.91,UPI
5813,6781,2026-06-03,9965.01,NEFT
5814,6782,2026-01-31,524.57,NEFT
5815,6783,2026-10-16,9047.57,Card
5816,6783,2026-10-19,1901.67,UPI
5817,6784,2026-07-18,8856.18,NEFT
5818,6784,2026-06-30,3754.36,Card
5819,6785,2026-08-07,10298.5,NEFT
5820,6786,2026-06-05,2554.95,Cheque
5821,6786,2026-06-20,1364.87,NEFT
5822,6787,2026-02-11,5545.38,Cheque
5823,6788,2026-08-16,2927.12,Cheque
5824,6789,2026-07-11,5282.37,Cheque
5825,6791,2026-05-12,2082.16,NEFT
5826,6792,2025-10-27,4490.7,Cheque
5827,6793,2026-07-16,3413.3,Card
5828,6794,2025-11-28,12778.09,UPI
5829,6795,2026-01-02,2153.08,NEFT
5830,6796,2026-07-04,8251.24,NEFT
5831,6797,2026-01-22,4793.34,Card
5832,6798,2026-08-04,4526.86,UPI
5833,6799,2026-02-16,8451.14,Card
5834,6800,2026-06-25,3677.55,Card
5835,6801,2026-07-15,5430.62,NEFT
5836,6802,2026-01-30,12162.06,NEFT
5837,6803,2026-09-13,2685.48,Card
5838,6804,2026-05-20,6210.36,Cheque
5839,6805,2026-03-20,10120.03,UPI
5840,6806,2025-12-23,7264.42,NEFT
5841,6807,2026-09-22,13934.74,UPI
5842,6808,2025-10-29,4542.89,UPI
5843,6810,2026-07-20,5073.69,UPI
5844,6810,2026-07-28,7007.01,Cheque
5845,6811,2026-07-30,1291.97,NEFT
5846,6812,2025-10-25,3611.11,UPI
5847,6813,2026-06-11,6771.29,NEFT
5848,6814,2026-03-26,10442.83,NEFT
5849,6815,2026-06-30,2916.31,UPI
5850,6816,2025-11-29,15283.18,Card
5851,6817,2026-07-05,3261.22,Cheque
5852,6818,2026-07-01,1861.79,Cheque
5853,6820,2026-04-29,2122.94,NEFT
5854,6820,2026-04-24,2444.89,NEFT
5855,6821,2026-09-15,2374.8,Cheque
5856,6821,2026-09-06,183.16,Cheque
5857,6822,2026-08-19,10464.12,NEFT
5858,6822,2026-07-28,9148.48,UPI
5859,6823,2026-02-27,9087.9,UPI
5860,6824,2025-12-10,6767.41,NEFT
5861,6826,2025-11-02,3668.45,UPI
5862,6827,2025-09-28,15490.03,NEFT
5863,6828,2026-08-18,6988.36,Card
5864,6829,2026-02-23,3119.65,Card
5865,6830,2026-07-20,4972.11,UPI
5866,6831,2026-07-25,5804.92,UPI
5867,6832,2025-12-31,9609.35,Cheque
5868,6832,2026-01-03,2568.4,Card
5869,6833,2026-02-03,1131.72,Card
5870,6833,2026-02-12,566.24,Card
5871,6834,2026-05-06,702.42,Cheque
5872,6834,2026-04-29,532.08,Card
5873,6835,2026-03-03,2662.83,Cheque
5874,6836,2026-04-18,4736.27,NEFT
5875,6838,2026-07-24,3446.49,UPI
5876,6838,2026-08-14,20.1,Cheque
5877,6839,2025-10-22,6980.73,Card
5878,6840,2026-05-23,18028.4,Card
5879,6841,2026-04-24,1284.05,NEFT
5880,6842,2026-03-18,4484.41,Cheque
5881,6843,2026-08-05,34640.06,Cheque
5882,6844,2026-05-12,2831.66,Cheque
5883,6845,2026-06-01,2601.09,Cheque
5884,6847,2026-01-15,3272.74,Card
5885,6848,2026-05-06,6897.01,UPI
5886,6848,2026-05-16,4926.21,Cheque
5887,6849,2026-03-22,36216.17,UPI
5888,6850,2026-01-27,5308.05,Cheque
5889,6852,2025-11-05,3480.2,UPI
5890,6853,2026-08-21,4372.49,UPI
5891,6854,2026-09-26,2319.98,Card
5892,6856,2026-06-10,4130.82,Card
5893,6857,2026-02-24,6963.12,Cheque
5894,6859,2025-10-31,3304.89,NEFT
5895,6860,2026-03-09,3372.6,Card
5896,6861,2026-03-19,10219.26,UPI
5897,6862,2025-11-28,5489.04,UPI
5898,6864,2025-10-19,5344.37,Cheque
5899,6865,2026-06-04,1238.31,Cheque
5900,6867,2026-07-02,2385.69,Cheque
5901,6868,2026-06-19,6521.89,Cheque
5902,6869,2025-12-30,4175.78,NEFT
5903,6870,2026-06-25,3065.7,NEFT
5904,6871,2025-11-25,11523.64,NEFT
5905,6872,2025-12-28,1662.0,NEFT
5906,6873,2026-07-22,2058.92,Cheque
5907,6874,2026-10-03,2831.1,NEFT
5908,6875,2026-09-21,5808.0,Card
5909,6877,2026-06-30,4698.8,Cheque
5910,6878,2026-04-23,4730.14,Card
5911,6879,2026-03-14,4413.18,UPI
5912,6879,2026-02-21,1022.64,Card
5913,6880,2026-01-23,4451.42,Cheque
5914,6881,2026-04-18,15544.57,NEFT
5915,6882,2026-01-20,2279.14,NEFT
5916,6884,2026-07-23,8569.71,Cheque
5917,6884,2026-07-26,684.31,Cheque
5918,6885,2026-01-15,12151.03,UPI
5919,6886,2026-09-10,2930.73,Card
5920,6887,2026-06-25,2300.25,Cheque
5921,6889,2025-10-19,3800.28,NEFT
5922,6891,2026-01-07,3427.03,Cheque
5923,6893,2026-05-21,4744.53,Card
5924,6894,2026-03-11,8142.04,NEFT
5925,6895,2026-07-22,4177.53,UPI
5926,6896,2026-06-21,1298.53,Cheque
5927,6897,2025-09-27,1992.84,NEFT
5928,6898,2026-04-11,12618.05,NEFT
5929,6899,2026-09-14,2362.88,UPI
5930,6900,2026-04-23,9884.73,UPI
5931,6902,2025-10-29,2274.59,Card
5932,6903,2026-09-12,9108.01,Card
5933,6904,2026-10-26,3412.0,UPI
5934,6905,2025-10-28,5644.53,Cheque
5935,6906,2026-10-02,4227.26,Card
5936,6907,2026-09-10,574.69,Cheque
5937,6908,2026-03-16,8571.48,UPI
5938,6909,2025-12-06,9236.68,UPI
5939,6910,2026-08-28,3367.54,Cheque
5940,6911,2025-11-27,8358.89,NEFT
5941,6912,2026-08-19,2489.38,UPI
5942,6913,2026-08-16,1086.11,Cheque
5943,6913,2026-07-25,1444.22,NEFT
5944,6916,2026-07-19,4509.09,NEFT
5945,6917,2026-02-04,2358.98,Cheque
5946,6918,2026-05-26,1789.21,Card
5947,6919,2026-06-06,5903.86,Card
5948,6920,2026-03-11,3256.38,Card
5949,6920,2026-03-14,2691.73,Cheque
5950,6922,2025-12-04,1989.49,Cheque
5951,6923,2026-09-02,1260.7,NEFT
5952,6923,2026-08-05,1587.15,Card
5953,6924,2025-12-24,2105.37,UPI
5954,6926,2026-09-28,2571.87,UPI
5955,6927,2025-10-22,11318.79,Card
5956,6928,2026-09-03,6014.9,Cheque
5957,6929,2025-10-02,6670.12,NEFT
5958,6930,2026-04-26,1206.96,Cheque
5959,6931,2025-12-21,5800.88,NEFT
5960,6932,2026-02-07,5382.76,UPI
5961,6932,2026-01-13,1164.8,NEFT
5962,6933,2026-09-29,17780.98,UPI
5963,6934,2025-10-25,2247.84,UPI
5964,6935,2026-05-31,3648.83,NEFT
5965,6936,2026-06-04,2346.17,Card
5966,6937,2026-03-11,3121.86,Cheque
5967,6937,2026-03-14,2122.92,Cheque
5968,6938,2026-04-13,4150.15,UPI
5969,6938,2026-05-24,127.99,Card
5970,6939,2025-10-08,12272.99,Cheque
5971,6940,2025-09-29,10288.59,Card
5972,6941,2026-10-11,1028.52,Cheque
5973,6941,2026-10-25,1226.99,UPI
5974,6944,2026-06-19,1547.75,Card
5975,6945,2026-05-04,4306.07,Cheque
5976,6947,2026-06-29,4134.47,UPI
5977,6948,2026-03-19,3864.46,UPI
5978,6951,2026-07-29,4367.53,UPI
5979,6953,2026-07-10,1682.24,NEFT
5980,6953,2026-08-29,125.31,Cheque
5981,6954,2025-07-31,5116.32,UPI
5982,6954,2025-10-24,1072.82,NEFT
5983,6955,2025-12-08,11853.64,NEFT
5984,6958,2026-09-25,8575.47,NEFT
5985,6959,2026-06-15,2433.22,NEFT
5986,6960,2025-10-07,5362.34,NEFT
5987,6961,2026-02-21,2928.17,Card
5988,6961,2026-02-24,1448.15,Cheque
5989,6962,2026-07-29,5256.95,Cheque
5990,6963,2026-08-22,19118.65,NEFT
5991,6965,2026-08-01,12436.33,NEFT
5992,6965,2026-07-30,3920.83,Cheque
5993,6966,2026-10-07,1513.35,Cheque
5994,6967,2026-01-07,2207.9,NEFT
5995,6968,2026-05-13,7263.29,Card
5996,6969,2026-09-22,6479.59,UPI
5997,6971,2026-01-31,6550.52,Card
5998,6972,2026-01-11,25720.49,NEFT
5999,6973,2025-10-31,11459.04,Cheque
6000,6974,2026-10-13,2856.74,NEFT
6001,6975,2025-11-04,5789.0,Card
6002,6975,2025-11-27,3041.94,NEFT
6003,6976,2026-05-07,2455.21,Card
6004,6977,2026-07-25,4630.75,Cheque
6005,6978,2025-10-20,1395.05,Card
6006,6979,2026-09-13,1962.51,NEFT
6007,6980,2025-10-16,10135.77,Card
6008,6981,2025-11-06,6287.94,NEFT
6009,6982,2026-07-18,4844.82,Card
6010,6983,2026-08-20,8296.76,Cheque
6011,6984,2026-05-20,5133.51,UPI
6012,6984,2026-06-13,721.16,Cheque
6013,6987,2026-09-08,2301.98,Card
6014,6987,2026-08-09,1898.27,NEFT
6015,6988,2025-10-19,4290.12,Cheque
6016,6989,2025-11-06,2350.25,Card
6017,6991,2026-04-01,3176.09,NEFT
6018,6992,2026-01-01,7734.77,Card
6019,6993,2026-08-16,4729.95,Cheque
6020,6994,2026-05-04,20821.27,NEFT
6021,6995,2026-03-26,4744.66,Card
6022,6996,2025-11-01,5843.72,Cheque
6023,6997,2026-06-05,4266.84,UPI
6024,6997,2026-06-13,800.09,Cheque
6025,6998,2026-07-07,2136.82,Card
6026,6999,2026-07-02,2017.18,Cheque
6027,7000,2026-05-27,2127.11,NEFT
6028,7002,2026-06-15,1223.22,UPI
6029,7003,2026-06-09,4729.73,UPI
6030,7004,2026-06-26,5628.69,UPI
6031,7006,2026-08-17,1586.94,Cheque
6032,7007,2026-03-20,7344.95,Card
6033,7008,2026-03-23,8471.03,Cheque
6034,7009,2026-07-25,1241.66,Card
6035,7010,2026-04-23,10998.17,Cheque
6036,7011,2026-07-30,5814.72,UPI
6037,7012,2025-12-18,4764.84,UPI
6038,7013,2026-08-27,3299.76,Card
6039,7013,2026-08-20,4575.51,UPI
6040,7014,2026-08-18,18294.56,NEFT
6041,7016,2026-05-10,3367.73,Card
6042,7017,2026-06-19,26415.49,Cheque
6043,7018,2026-01-26,2366.31,Cheque
6044,7019,2026-06-06,6704.38,Cheque
6045,7020,2026-04-15,4352.56,Cheque
6046,7021,2025-10-22,1382.36,Card
6047,7022,2026-07-27,2324.19,Card
6048,7023,2026-02-18,5006.05,Cheque
6049,7024,2026-05-21,2615.84,Card
6050,7025,2025-12-30,14354.66,UPI
6051,7026,2025-12-17,9210.58,UPI
6052,7027,2026-02-16,1782.55,NEFT
6053,7027,2026-01-15,456.43,NEFT
6054,7028,2026-01-15,1611.1,Card
6055,7028,2026-02-01,296.62,Cheque
6056,7030,2026-07-21,2766.13,NEFT
6057,7030,2026-07-27,839.52,NEFT
6058,7031,2026-01-17,2091.24,Cheque
6059,7033,2026-01-22,1939.81,Cheque
6060,7034,2026-03-23,1580.86,Cheque
6061,7035,2025-11-29,10802.24,NEFT
6062,7036,2026-04-27,4049.9,NEFT
6063,7037,2026-07-24,7004.92,UPI
6064,7038,2026-01-26,7250.35,Card
6065,7039,2026-08-02,1561.88,Cheque
6066,7041,2025-11-17,8166.68,Cheque
6067,7042,2026-02-08,8427.04,Cheque
6068,7043,2026-07-02,2905.18,Cheque
6069,7044,2026-09-21,4353.35,NEFT
6070,7044,2026-09-12,1936.89,NEFT
6071,7045,2026-10-03,4316.41,NEFT
6072,7045,2026-09-22,37.55,UPI
6073,7046,2026-02-28,5386.78,UPI
6074,7047,2026-10-13,1786.8,Card
6075,7047,2026-10-25,898.15,Card
6076,7048,2026-02-09,4294.1,Card
6077,7049,2026-05-11,10923.97,Card
6078,7052,2026-06-05,8334.85,NEFT
6079,7053,2025-10-20,2094.16,UPI
6080,7054,2026-03-29,6887.58,Card
6081,7055,2026-09-03,7276.62,Card
6082,7056,2026-04-10,4423.43,UPI
6083,7057,2025-10-13,6362.59,NEFT
6084,7058,2026-01-25,18400.04,UPI
6085,7059,2025-12-29,2919.9,NEFT
6086,7060,2026-01-21,1647.35,Card
6087,7061,2026-02-26,3560.33,NEFT
6088,7062,2026-04-21,2091.0,UPI
6089,7062,2026-04-07,165.55,Card
6090,7063,2026-06-15,6803.64,UPI
6091,7064,2026-03-13,3473.04,Card
6092,7065,2026-09-11,8165.58,NEFT
6093,7066,2026-06-05,6311.58,NEFT
6094,7067,2025-11-02,2890.04,Cheque
6095,7068,2026-08-27,2390.16,Cheque
6096,7069,2026-10-25,1640.49,UPI
6097,7070,2026-05-17,8217.43,Cheque
6098,7071,2026-09-17,7606.48,NEFT
6099,7072,2026-01-16,3599.5,Card
6100,7073,2026-02-04,8120.92,NEFT
6101,7074,2025-10-29,2066.69,Card
6102,7075,2026-04-20,2483.21,Cheque
6103,7077,2026-03-16,6238.38,Cheque
6104,7078,2026-05-23,3082.45,UPI
6105,7079,2026-05-23,1562.33,Card
6106,7080,2026-03-16,5378.98,Cheque
6107,7081,2026-01-21,7303.51,Card
6108,7081,2026-02-13,604.36,UPI
6109,7082,2026-04-28,4484.75,UPI
6110,7083,2026-09-04,12443.98,UPI
6111,7085,2026-02-18,10625.93,NEFT
6112,7085,2026-03-05,1610.05,Card
6113,7086,2026-01-10,9360.14,Cheque
6114,7087,2026-03-30,6038.35,NEFT
6115,7088,2026-07-12,1848.46,NEFT
6116,7089,2025-12-04,1863.98,Cheque
6117,7089,2025-12-21,1926.65,Cheque
6118,7090,2026-01-22,3318.48,UPI
6119,7092,2026-02-24,3156.9,UPI
6120,7093,2026-03-13,1549.42,Card
6121,7094,2025-12-13,10141.06,NEFT
6122,7095,2025-10-21,2143.22,NEFT
6123,7096,2026-07-26,9583.66,Card
6124,7097,2026-01-08,14451.98,NEFT
6125,7098,2026-06-05,2353.05,Cheque
6126,7100,2025-12-10,7450.44,NEFT
6127,7101,2026-08-16,2036.89,UPI
6128,7101,2026-08-14,1489.4,NEFT
6129,7102,2026-08-22,1713.57,UPI
6130,7103,2025-12-12,7114.99,Cheque
6131,7104,2026-01-02,2764.72,Card
6132,7105,2026-04-02,27650.28,Cheque
6133,7106,2026-09-11,7836.62,UPI
6134,7107,2026-03-29,8541.05,Cheque
6135,7110,2026-07-27,1821.64,UPI
6136,7110,2026-07-30,938.64,Card
6137,7111,2026-06-06,8009.1,UPI
6138,7114,2025-12-12,9634.58,NEFT
6139,7116,2025-11-04,7614.16,Cheque
6140,7117,2026-07-23,11700.55,Cheque
6141,7118,2026-06-20,2445.41,Cheque
6142,7122,2026-03-24,5784.34,UPI
6143,7123,2026-05-08,5127.24,Card
6144,7124,2026-03-01,2624.83,Card
6145,7125,2025-12-21,3363.87,Cheque
6146,7125,2026-01-02,873.36,NEFT
6147,7126,2025-11-03,2820.35,UPI
6148,7127,2026-03-22,4114.66,Cheque
6149,7127,2026-02-18,3253.7,Cheque
6150,7128,2026-04-03,1338.18,UPI
6151,7128,2026-04-24,815.42,Card
6152,7129,2026-04-02,2638.69,NEFT
6153,7130,2026-03-31,9599.26,NEFT
6154,7132,2026-10-03,18131.02,Cheque
6155,7132,2026-09-26,2322.75,UPI
6156,7133,2026-09-18,5849.12,Card
6157,7134,2026-08-29,1172.15,Cheque
6158,7135,2026-03-17,1531.34,NEFT
6159,7135,2026-02-15,201.89,Card
6160,7139,2026-06-04,3395.75,UPI
6161,7140,2026-07-03,13401.06,UPI
6162,7141,2026-01-21,6377.76,Cheque
6163,7141,2025-12-01,126.28,UPI
6164,7142,2026-01-31,3873.4,Cheque
6165,7144,2026-06-19,2050.81,Card
6166,7144,2026-06-13,570.08,UPI
6167,7145,2025-10-07,7795.39,NEFT
6168,7146,2025-10-11,5624.5,UPI
6169,7146,2025-10-11,2834.04,UPI
6170,7147,2026-02-03,5234.62,Cheque
6171,7147,2026-01-10,2965.81,NEFT
6172,7148,2026-08-18,4414.84,Cheque
6173,7150,2026-06-20,20877.4,Card
6174,7150,2026-06-02,939.91,UPI
6175,7151,2026-05-13,4415.86,NEFT
6176,7152,2026-04-26,5277.45,Cheque
6177,7153,2026-01-07,10480.69,Card
6178,7154,2025-10-11,3250.34,UPI
6179,7154,2025-10-23,792.24,NEFT
6180,7155,2026-08-02,3955.22,NEFT
6181,7157,2025-10-22,1258.75,Cheque
6182,7159,2026-07-31,9970.42,Card
6183,7160,2026-05-13,2142.67,NEFT
6184,7161,2026-01-09,7378.86,Cheque
6185,7162,2025-11-27,15009.78,Card
6186,7162,2025-11-14,1397.18,NEFT
6187,7163,2026-01-11,5676.64,Card
6188,7164,2026-04-12,2468.3,Cheque
6189,7166,2026-05-17,6775.4,NEFT
6190,7168,2026-05-17,5490.86,Cheque
6191,7169,2025-12-12,8287.72,NEFT
6192,7170,2025-09-25,11124.11,NEFT
6193,7171,2026-09-27,3406.14,Cheque
6194,7173,2026-02-23,6508.62,Cheque
6195,7174,2025-11-07,842.96,UPI
6196,7175,2026-05-10,4302.32,Card
6197,7176,2026-01-01,2509.01,Card
6198,7177,2026-01-14,11864.51,Cheque
6199,7179,2026-08-23,5633.71,Cheque
6200,7180,2026-01-04,1217.59,Cheque
6201,7181,2026-01-16,2573.48,Cheque
6202,7182,2026-01-10,9459.52,NEFT
6203,7183,2026-06-24,1882.04,Card
6204,7185,2026-06-25,12446.09,NEFT
6205,7186,2026-07-31,10191.53,Card
6206,7186,2026-07-22,3306.37,Cheque
6207,7187,2026-01-20,17213.51,Card
6208,7188,2026-02-16,5376.62,UPI
6209,7188,2026-03-17,3919.38,Cheque
6210,7189,2026-08-22,7027.31,NEFT
6211,7190,2026-05-04,8208.28,Cheque
6212,7191,2026-06-24,5011.99,UPI
6213,7191,2026-06-24,281.44,UPI
6214,7192,2026-03-05,2820.79,Card
6215,7193,2026-06-25,9258.33,Card
6216,7195,2026-03-31,10111.61,UPI
6217,7196,2025-11-04,4231.51,UPI
6218,7197,2025-12-30,2686.19,NEFT
6219,7198,2025-11-06,5921.75,Cheque
6220,7200,2025-11-14,48564.69,Cheque
6221,7202,2026-02-20,5017.2,Cheque
6222,7203,2026-01-06,4502.96,UPI
6223,7204,2025-12-27,7143.91,Cheque
6224,7206,2026-01-09,3498.77,NEFT
6225,7207,2026-03-12,5174.59,Card
6226,7208,2026-09-22,3714.83,Cheque
6227,7209,2026-06-11,5791.85,UPI
6228,7211,2026-03-30,392.04,Cheque
6229,7212,2026-09-24,620.63,UPI
6230,7212,2026-08-29,450.08,Card
6231,7213,2026-10-15,2537.74,Cheque
6232,7214,2026-03-02,6253.7,Card
6233,7216,2026-04-19,31738.12,Cheque
6234,7217,2026-09-12,10228.11,Cheque
6235,7219,2026-03-03,10273.6,NEFT
6236,7220,2026-03-02,1147.54,UPI
6237,7220,2026-02-18,260.74,NEFT
6238,7221,2026-10-08,1967.91,NEFT
6239,7223,2026-02-09,1920.61,Card
6240,7225,2026-07-20,4159.39,Card
6241,7225,2026-06-14,245.13,Card
6242,7228,2026-04-29,23355.08,Card
6243,7229,2025-12-19,4024.21,Card
6244,7230,2026-06-15,1678.29,UPI
6245,7231,2026-08-09,1932.53,UPI
6246,7232,2026-06-24,12540.5,Card
6247,7233,2026-05-04,6183.73,Cheque
6248,7234,2026-06-24,2453.24,UPI
6249,7235,2025-11-22,8809.22,Card
6250,7236,2025-12-17,1486.56,Card
6251,7236,2025-11-15,627.18,Cheque
6252,7237,2026-02-22,1211.1,UPI
6253,7238,2026-08-19,1003.27,Card
6254,7239,2026-04-23,1572.5,UPI
6255,7240,2026-01-10,12620.1,UPI
6256,7241,2026-09-06,4252.0,NEFT
6257,7242,2026-06-24,2665.35,UPI
6258,7242,2026-07-03,2201.26,Card
6259,7244,2026-08-03,2227.88,Card
6260,7245,2026-03-11,3406.56,NEFT
6261,7246,2026-07-08,3053.7,Cheque
6262,7246,2026-05-13,625.53,Card
6263,7247,2026-10-04,2374.19,Cheque
6264,7248,2026-04-28,3389.79,UPI
6265,7249,2026-09-22,4536.31,UPI
6266,7251,2026-09-11,7070.9,NEFT
6267,7252,2026-01-16,3390.35,Card
6268,7253,2025-10-20,17206.96,Card
6269,7254,2026-09-05,2188.56,UPI
6270,7255,2026-06-19,3271.37,Card
6271,7256,2026-09-03,4776.3,NEFT
6272,7256,2026-08-15,2076.4,Card
6273,7257,2026-08-21,8195.01,UPI
6274,7258,2026-03-24,1905.07,Card
6275,7259,2026-05-27,3522.25,Cheque
6276,7260,2025-11-12,9478.87,NEFT
6277,7262,2026-03-16,3387.14,UPI
6278,7263,2026-08-22,1521.81,Card
6279,7264,2026-07-16,2609.32,NEFT
6280,7265,2026-08-13,5354.24,NEFT
6281,7266,2026-09-23,3006.08,NEFT
6282,7267,2026-03-29,2007.62,UPI
6283,7270,2025-10-07,7762.85,Card
6284,7271,2026-08-15,11023.33,Card
6285,7272,2026-01-28,2910.44,UPI
6286,7273,2026-01-12,8181.91,Cheque
6287,7274,2026-06-14,6969.68,UPI
6288,7275,2025-09-16,1645.1,Card
6289,7276,2025-11-28,13134.3,UPI
6290,7277,2026-09-19,5420.51,Card
6291,7278,2026-08-19,3264.71,UPI
6292,7279,2026-02-01,1368.53,Card
6293,7280,2026-06-28,1587.63,Cheque
6294,7280,2026-06-13,216.38,NEFT
6295,7281,2026-01-18,4584.24,Card
6296,7282,2026-09-27,1232.2,Card
6297,7282,2026-09-19,482.35,Card
6298,7283,2025-11-23,7252.87,Card
6299,7284,2026-05-27,3692.19,UPI
6300,7285,2025-12-01,872.81,Cheque
6301,7285,2026-02-20,560.96,NEFT
6302,7286,2026-05-28,2450.05,Card
6303,7286,2026-05-23,491.92,Cheque
6304,7287,2026-07-08,2136.41,Cheque
6305,7288,2026-06-30,1877.85,NEFT
6306,7291,2026-02-23,936.89,NEFT
6307,7291,2026-02-26,1394.28,Cheque
6308,7293,2025-11-06,11061.81,Cheque
6309,7294,2026-07-12,9265.36,NEFT
6310,7295,2026-08-05,7698.88,Card
6311,7296,2026-07-01,3132.19,NEFT
6312,7297,2026-05-19,6479.89,Card
6313,7299,2026-04-14,5799.91,Card
6314,7299,2026-05-25,766.33,Cheque
6315,7300,2026-03-21,10200.71,UPI
6316,7302,2026-08-12,2121.4,UPI
6317,7303,2025-12-22,5270.37,Card
6318,7304,2026-06-10,5960.29,Cheque
6319,7306,2026-09-07,3379.43,Cheque
6320,7307,2026-01-08,4065.21,Cheque
6321,7308,2026-05-01,3331.63,Card
6322,7309,2026-08-02,5580.5,Cheque
6323,7310,2026-02-05,8321.04,Card
6324,7313,2025-11-28,11794.76,Cheque
6325,7315,2025-12-20,1506.21,Card
6326,7316,2026-02-28,6466.79,UPI
6327,7318,2026-02-03,4374.26,UPI
6328,7320,2026-06-16,5861.0,UPI
6329,7322,2026-04-29,1723.24,NEFT
6330,7323,2025-11-01,4409.48,Card
6331,7324,2026-10-04,2554.62,Cheque
6332,7325,2026-03-26,3174.77,Card
6333,7326,2026-05-17,5702.82,Card
6334,7327,2025-10-01,3496.68,UPI
6335,7329,2026-10-10,4077.66,Card
6336,7330,2026-05-22,3251.7,Card
6337,7331,2026-01-14,4701.01,UPI
6338,7332,2026-02-15,7348.14,Card
6339,7333,2026-03-06,1438.31,Cheque
6340,7334,2026-02-23,8710.76,Card
6341,7335,2026-09-26,2797.82,UPI
6342,7336,2025-11-24,8200.35,UPI
6343,7339,2026-06-09,3969.05,Card
6344,7340,2026-04-09,2377.16,NEFT
6345,7341,2026-08-08,3519.83,UPI
6346,7342,2025-11-21,11843.4,Card
6347,7342,2025-11-26,1149.09,Card
6348,7344,2025-10-11,3466.03,Card
6349,7345,2026-05-30,12451.83,NEFT
6350,7348,2025-12-22,4167.5,Cheque
6351,7348,2026-01-09,77.94,UPI
6352,7349,2025-12-09,1220.71,UPI
6353,7350,2025-11-10,10044.25,Cheque
6354,7351,2025-11-27,5016.29,Cheque
6355,7352,2026-01-01,8546.88,UPI
6356,7353,2026-03-19,1049.7,UPI
6357,7354,2026-09-27,3993.84,Cheque
6358,7355,2026-04-30,5717.37,Card
6359,7356,2025-12-08,918.37,UPI
6360,7357,2026-10-10,6158.88,Card
6361,7357,2026-09-05,2294.11,Card
6362,7358,2025-10-26,3860.0,Cheque
6363,7359,2026-04-07,1228.34,NEFT
6364,7360,2026-08-27,3312.93,UPI
6365,7362,2026-07-10,2184.03,UPI
6366,7362,2026-07-17,224.34,UPI
6367,7363,2026-07-12,2255.92,Cheque
6368,7364,2025-09-13,3535.77,Cheque
6369,7365,2026-08-02,1014.26,Cheque
6370,7366,2026-05-08,3792.01,NEFT
6371,7367,2026-01-28,9541.27,Card
6372,7368,2026-08-18,12533.73,Card
6373,7369,2026-05-07,5036.18,Cheque
6374,7370,2026-06-02,7367.81,Card
6375,7371,2026-03-07,1374.66,NEFT
6376,7372,2026-08-03,6058.96,Card
6377,7373,2026-09-16,3877.06,Card
6378,7374,2025-10-24,4701.46,Card
6379,7375,2025-11-03,1255.02,UPI
6380,7377,2026-03-30,1334.64,Card
6381,7378,2026-06-02,6215.51,Card
6382,7380,2026-03-19,27229.95,NEFT
6383,7381,2025-12-25,8720.97,Cheque
6384,7382,2025-10-29,4887.3,UPI
6385,7383,2026-09-19,2197.02,NEFT
6386,7386,2025-10-05,6798.99,NEFT
6387,7387,2026-01-31,7521.32,Cheque
6388,7388,2026-05-25,5984.21,Card
6389,7388,2026-03-27,1192.4,Cheque
6390,7389,2026-02-26,9773.9,Card
6391,7390,2026-10-04,2319.4,NEFT
6392,7390,2026-10-07,862.44,Card
6393,7391,2026-01-04,7759.28,NEFT
6394,7392,2026-07-25,2925.44,Card
6395,7394,2026-06-29,2189.25,UPI
6396,7395,2026-07-25,4087.18,NEFT
6397,7396,2026-02-17,12163.23,Card
6398,7397,2025-11-14,19717.35,NEFT
6399,7398,2025-10-26,4027.32,Card
6400,7399,2025-12-23,2984.59,Cheque
6401,7400,2026-01-04,14483.11,NEFT
6402,7401,2025-12-26,7072.26,Cheque
6403,7402,2025-12-01,5117.6,NEFT
6404,7403,2026-02-19,2055.83,UPI
6405,7404,2025-11-16,15717.89,Cheque
6406,7405,2026-05-20,5389.14,Cheque
6407,7406,2026-03-29,5000.64,Card
6408,7407,2026-01-04,7443.8,Card
6409,7407,2026-01-17,268.2,Card
6410,7408,2026-08-10,5088.36,NEFT
6411,7409,2025-11-24,16267.14,Cheque
6412,7410,2026-06-12,11233.26,NEFT
6413,7411,2026-09-05,3191.12,UPI
6414,7412,2026-01-08,4893.04,NEFT
6415,7412,2026-02-16,466.93,UPI
6416,7413,2026-03-31,3130.22,UPI
6417,7414,2026-03-24,15535.22,Card
6418,7414,2026-03-29,7132.21,NEFT
6419,7415,2026-04-29,2112.32,UPI
6420,7415,2026-05-04,691.93,UPI
6421,7416,2026-03-08,4545.85,Card
6422,7417,2026-07-16,6689.77,NEFT
6423,7418,2026-07-03,7493.33,Cheque
6424,7419,2026-07-31,8577.15,Cheque
6425,7420,2026-08-15,9489.74,NEFT
6426,7421,2026-03-04,4766.93,NEFT
6427,7421,2026-02-15,3936.58,UPI
6428,7422,2026-08-09,3536.22,Card
6429,7424,2026-05-27,5155.28,Card
6430,7425,2025-12-01,1873.17,Cheque
6431,7425,2025-11-30,1342.64,Cheque
6432,7426,2026-03-10,1280.24,NEFT
6433,7426,2026-03-16,1674.06,Card
6434,7427,2026-07-11,3567.58,NEFT
6435,7428,2025-12-02,15575.43,Card
6436,7429,2026-01-26,17192.89,NEFT
6437,7431,2026-09-07,957.17,NEFT
6438,7432,2026-05-05,2083.43,Cheque
6439,7433,2025-12-02,10109.29,UPI
6440,7434,2026-01-15,1429.05,Card
6441,7435,2026-03-05,8105.25,NEFT
6442,7436,2026-06-14,7699.91,Cheque
6443,7437,2026-08-22,5069.78,UPI
6444,7438,2026-04-27,4851.82,NEFT
6445,7439,2026-08-19,2424.87,Card
6446,7441,2026-01-04,4859.96,UPI
6447,7441,2026-02-02,1546.9,Cheque
6448,7442,2025-11-16,3403.95,UPI
6449,7443,2026-08-22,2668.26,Card
6450,7444,2025-12-08,1068.66,NEFT
6451,7444,2025-11-23,855.9,Cheque
6452,7445,2026-09-18,4599.1,NEFT
6453,7446,2026-04-13,4253.08,UPI
6454,7447,2026-03-03,4296.67,Cheque
6455,7449,2026-03-08,1213.61,NEFT
6456,7449,2026-02-10,868.33,Cheque
6457,7450,2026-10-16,1282.4,Cheque
6458,7450,2026-09-27,626.04,Cheque
6459,7451,2026-10-18,9248.29,NEFT
6460,7452,2025-11-17,5736.21,NEFT
6461,7453,2026-04-10,3987.05,Cheque
6462,7454,2026-08-11,12108.25,NEFT
6463,7455,2026-07-20,4728.74,Cheque
6464,7456,2025-11-14,9927.73,NEFT
6465,7456,2025-11-23,2179.3,NEFT
6466,7457,2026-08-17,4119.79,Card
6467,7458,2026-09-26,796.29,NEFT
6468,7459,2026-02-12,19582.52,Cheque
6469,7460,2026-04-27,3746.38,NEFT
6470,7460,2026-05-14,3858.61,NEFT
6471,7461,2026-07-24,7732.13,UPI
6472,7462,2026-02-23,8586.0,Card
6473,7463,2026-01-08,45615.01,Cheque
6474,7464,2026-07-18,4613.96,UPI
6475,7465,2026-03-01,15778.12,Cheque
6476,7466,2025-12-15,2527.79,Cheque
6477,7467,2026-05-08,9598.66,Card
6478,7468,2025-12-10,20825.78,Card
6479,7469,2026-08-11,2251.29,Card
6480,7469,2026-08-15,2564.35,UPI
6481,7471,2026-03-23,7869.92,NEFT
6482,7472,2026-03-03,4203.47,Cheque
6483,7473,2025-12-13,9824.16,Card
6484,7475,2026-08-12,33767.65,Card
6485,7476,2026-04-12,5444.38,UPI
6486,7479,2026-03-02,1791.15,Cheque
6487,7480,2026-04-11,1295.35,NEFT
6488,7480,2026-04-20,476.35,Card
6489,7481,2026-07-24,1781.26,Card
6490,7482,2026-08-21,8603.84,Cheque
6491,7483,2026-06-25,3086.47,NEFT
6492,7484,2026-04-20,1810.16,Card
6493,7485,2026-05-30,2863.62,Cheque
6494,7486,2026-07-18,8778.88,UPI
6495,7487,2026-03-19,8605.38,UPI
6496,7488,2026-04-23,11100.16,Card
6497,7489,2026-04-21,3991.69,Card
6498,7490,2026-05-26,12146.29,Card
6499,7490,2026-05-16,12561.9,NEFT
6500,7491,2026-07-27,11882.28,NEFT
6501,7492,2026-09-02,1121.98,NEFT
6502,7492,2026-09-09,832.48,Cheque
6503,7493,2026-01-23,9574.94,UPI
6504,7495,2026-05-04,4381.44,UPI
6505,7496,2026-06-04,5039.53,UPI
6506,7497,2025-11-20,2934.9,UPI
6507,7498,2026-05-01,11208.08,NEFT
6508,7500,2026-02-03,3194.1,Card
6509,7501,2026-05-31,9185.19,UPI
6510,7502,2026-04-09,28383.81,NEFT
6511,7503,2026-08-06,3359.86,Card
6512,7505,2026-07-03,5798.86,NEFT
6513,7505,2026-07-07,6646.07,Cheque
6514,7506,2025-12-03,5371.68,Card
6515,7508,2025-12-25,5139.22,UPI
6516,7509,2026-08-26,8039.07,Cheque
6517,7510,2026-04-25,6689.56,Card
6518,7511,2026-02-14,2752.92,NEFT
6519,7511,2026-02-12,536.36,NEFT
6520,7513,2026-06-03,7459.72,Card
6521,7515,2025-10-12,4353.69,NEFT
6522,7516,2025-10-23,2666.4,NEFT
6523,7517,2026-04-12,7235.13,UPI
6524,7518,2026-06-12,7298.72,Card
6525,7519,2026-07-10,4847.4,Cheque
6526,7520,2026-08-28,2010.65,Card
6527,7521,2026-02-15,991.45,NEFT
6528,7522,2025-10-21,1778.57,UPI
6529,7522,2025-10-10,2376.48,NEFT
6530,7524,2026-04-15,8374.4,Card
6531,7525,2026-05-22,8261.84,Card
6532,7525,2026-06-05,4113.22,Card
6533,7526,2026-07-01,2839.46,Card
6534,7527,2026-03-06,1373.43,UPI
6535,7527,2026-03-15,36.83,Card
6536,7529,2026-07-27,28675.73,Card
6537,7531,2026-08-02,7042.12,Card
6538,7532,2026-04-30,3540.09,Cheque
6539,7533,2025-11-06,4647.9,UPI
6540,7534,2026-04-05,19711.41,Card
6541,7535,2025-10-15,5914.64,Cheque
6542,7536,2026-04-25,1678.57,Card
6543,7538,2026-08-02,1052.64,UPI
6544,7540,2026-06-10,1903.24,NEFT
6545,7541,2026-05-17,11142.19,Card
6546,7542,2026-01-25,3192.53,NEFT
6547,7543,2025-11-25,1210.48,Cheque
6548,7544,2026-02-26,2873.96,UPI
6549,7545,2025-11-26,3430.39,Card
6550,7546,2026-02-10,4206.17,NEFT
6551,7546,2026-01-20,531.01,Cheque
6552,7547,2026-09-09,3152.91,Cheque
6553,7548,2026-08-09,10843.62,Card
6554,7549,2026-06-14,3895.46,UPI
6555,7550,2026-06-27,1784.05,NEFT
6556,7551,2026-06-08,5190.32,UPI
6557,7552,2026-05-22,3565.6,NEFT
6558,7552,2026-05-31,2505.6,Cheque
6559,7553,2026-03-28,3090.63,Cheque
6560,7554,2025-11-09,1280.21,UPI
6561,7555,2026-09-10,3378.79,UPI
6562,7556,2026-02-10,7109.16,UPI
6563,7557,2025-12-13,4694.47,NEFT
6564,7558,2026-07-10,7107.27,UPI
6565,7558,2026-07-13,6417.44,Card
6566,7559,2026-01-18,7474.38,UPI
6567,7560,2026-06-08,3277.57,Cheque
6568,7561,2026-03-05,16194.45,Card
6569,7562,2026-02-18,2494.76,UPI
6570,7563,2026-08-09,1275.26,Card
6571,7563,2026-07-08,33.8,UPI
6572,7565,2025-10-21,2670.69,Cheque
6573,7566,2026-08-09,4778.36,Card
6574,7567,2026-06-12,2120.94,NEFT
6575,7568,2026-07-26,5018.2,UPI
6576,7569,2026-02-22,7368.94,Cheque
6577,7570,2026-05-09,8293.74,UPI
6578,7571,2026-08-08,2011.37,UPI
6579,7573,2025-12-07,6871.78,Card
6580,7574,2025-11-17,3690.56,Card
6581,7576,2025-10-31,2689.05,NEFT
6582,7577,2026-04-04,4096.55,NEFT
6583,7577,2026-04-13,266.24,NEFT
6584,7578,2025-12-15,3174.36,Card
6585,7578,2025-12-13,3569.28,Cheque
6586,7579,2026-01-01,7384.97,Card
6587,7580,2026-01-01,10152.57,NEFT
6588,7581,2026-10-14,4066.8,NEFT
6589,7582,2026-01-02,11090.13,UPI
6590,7584,2026-04-13,8831.18,NEFT
6591,7584,2026-03-10,1221.68,Cheque
6592,7585,2026-07-21,2062.71,NEFT
6593,7586,2025-10-26,4604.3,Cheque
6594,7587,2026-03-09,22774.21,Cheque
6595,7588,2026-03-15,1669.44,NEFT
6596,7589,2026-06-06,20961.08,Card
6597,7590,2025-10-19,10629.37,Cheque
6598,7591,2026-08-29,8980.07,UPI
6599,7592,2025-11-02,1702.4,UPI
6600,7593,2025-10-19,4204.57,Cheque
6601,7594,2026-02-15,3976.82,NEFT
6602,7594,2026-02-14,5449.36,UPI
6603,7595,2026-08-30,1731.16,NEFT
6604,7597,2025-11-29,5451.17,Card
6605,7601,2026-08-26,9307.85,Card
6606,7602,2026-08-11,4381.9,Card
6607,7603,2025-11-02,5141.25,UPI
6608,7605,2026-04-24,1177.35,Card
6609,7606,2026-05-31,14016.42,UPI
6610,7607,2025-12-23,5956.67,Cheque
6611,7608,2025-11-23,4900.51,NEFT
6612,7608,2025-11-23,5828.41,Card
6613,7609,2025-11-03,2647.86,Cheque
6614,7611,2026-07-13,6458.37,Card
6615,7612,2026-02-07,11408.56,Card
6616,7613,2025-12-31,20985.57,Card
6617,7614,2025-09-29,2075.75,Cheque
6618,7616,2026-06-08,4107.73,Card
6619,7617,2025-12-09,2865.31,Card
6620,7617,2025-12-07,237.78,Card
6621,7619,2026-06-05,1302.35,NEFT
6622,7620,2025-11-04,33947.67,NEFT
6623,7620,2025-10-11,8938.79,UPI
6624,7621,2026-06-02,5536.32,NEFT
6625,7621,2026-06-20,2797.94,Cheque
6626,7622,2026-05-03,4680.36,UPI
6627,7623,2026-01-06,2558.27,NEFT
6628,7624,2026-04-07,4840.73,Card
6629,7625,2025-12-16,3184.96,Cheque
6630,7627,2025-12-12,8283.46,Card
6631,7628,2026-04-08,19032.94,UPI
6632,7630,2026-02-28,3306.43,Card
6633,7630,2026-03-18,2292.14,Card
6634,7631,2026-06-09,4127.77,Card
6635,7631,2026-06-04,497.41,Card
6636,7632,2026-09-15,3295.22,UPI
6637,7633,2026-09-07,1885.31,NEFT
6638,7633,2026-08-19,309.74,Card
6639,7634,2026-01-29,8890.09,Card
6640,7635,2026-05-16,6568.34,UPI
6641,7636,2026-07-18,4814.58,Cheque
6642,7637,2025-12-07,7476.71,Card
6643,7638,2026-09-14,2314.23,Card
6644,7638,2026-09-19,1281.42,Cheque
6645,7639,2026-07-25,5061.17,UPI
6646,7640,2026-02-22,9964.85,Cheque
6647,7642,2026-08-05,16979.18,Cheque
6648,7644,2026-04-15,2314.83,Cheque
6649,7645,2026-04-16,1989.53,Card
6650,7646,2026-06-05,2976.85,Cheque
6651,7647,2025-09-25,3823.93,UPI
6652,7648,2026-01-19,7092.84,Cheque
6653,7650,2026-06-06,3281.26,Card
6654,7650,2026-05-26,367.37,NEFT
6655,7651,2026-09-20,7096.4,NEFT
6656,7652,2026-05-25,13899.24,Cheque
6657,7653,2026-07-20,3473.74,UPI
6658,7654,2025-11-24,3992.43,NEFT
6659,7655,2026-08-08,5271.58,Card
6660,7656,2026-03-27,1308.58,Card
6661,7657,2026-04-08,4357.75,Card
6662,7658,2026-05-09,1907.05,UPI
6663,7660,2026-01-03,3541.97,NEFT
6664,7661,2026-03-05,3323.84,UPI
6665,7662,2026-05-02,2285.34,Cheque
6666,7663,2026-02-03,7707.84,Card
6667,7664,2026-06-04,7667.72,NEFT
6668,7665,2025-10-24,3474.03,UPI
6669,7666,2026-10-01,21063.79,Card
6670,7667,2026-01-06,5139.09,NEFT
6671,7668,2026-08-05,4944.48,Cheque
6672,7669,2025-11-03,5242.94,Cheque
6673,7670,2025-10-04,1483.37,NEFT
6674,7670,2025-09-27,1418.0,UPI
6675,7671,2025-10-16,2118.35,Card
6676,7672,2026-09-14,3188.41,Card
6677,7672,2026-08-22,520.04,UPI
6678,7673,2026-05-30,8303.07,NEFT
6679,7674,2026-02-23,1136.99,Card
6680,7675,2026-05-15,1169.08,Cheque
6681,7675,2026-05-10,337.46,Card
6682,7677,2025-12-09,1190.26,Card
6683,7678,2025-09-29,1119.3,Cheque
6684,7678,2025-09-25,490.44,Card
6685,7679,2026-02-25,9554.46,Cheque
6686,7680,2025-10-10,3484.4,Card
6687,7681,2025-10-26,2541.41,Card
6688,7682,2026-10-19,5592.37,Cheque
6689,7684,2026-02-07,8869.85,NEFT
6690,7685,2026-06-26,1204.19,Card
6691,7686,2026-06-11,2382.83,NEFT
6692,7687,2026-06-02,3101.32,UPI
6693,7688,2025-12-19,6836.99,Card
6694,7689,2026-07-14,50549.55,NEFT
6695,7690,2026-02-18,7992.81,NEFT
6696,7692,2026-10-01,1894.23,Card
6697,7693,2025-10-17,1713.78,Cheque
6698,7694,2026-09-16,8133.86,Card
6699,7694,2026-09-04,2164.19,Cheque
6700,7695,2026-04-19,2647.5,UPI
6701,7696,2025-10-04,2500.9,Card
6702,7696,2025-10-07,1265.69,UPI
6703,7697,2026-04-15,10044.44,UPI
6704,7697,2026-04-04,8781.83,NEFT
6705,7698,2026-01-14,649.54,UPI
6706,7698,2026-02-01,618.84,UPI
6707,7699,2026-04-16,6207.91,Card
6708,7700,2025-11-22,2426.69,Card
6709,7701,2026-05-29,18512.66,Cheque
6710,7702,2026-03-22,2359.8,Card
6711,7703,2025-12-03,8538.38,Card
6712,7704,2026-05-14,1176.91,UPI
6713,7705,2026-05-17,16580.13,Cheque
6714,7705,2026-04-25,743.31,UPI
6715,7706,2026-05-31,10435.54,UPI
6716,7707,2025-12-26,3204.27,Cheque
6717,7708,2026-06-18,6847.09,Card
6718,7709,2026-08-24,10754.23,UPI
6719,7710,2026-06-23,5650.27,Card
6720,7711,2026-03-13,1678.52,UPI
6721,7711,2026-02-26,1985.64,NEFT
6722,7712,2026-06-26,4622.65,Card
6723,7713,2026-05-23,5460.05,Card
6724,7714,2025-11-13,5230.53,NEFT
6725,7715,2026-05-10,7078.44,Cheque
6726,7716,2026-01-11,2208.78,UPI
6727,7717,2026-06-09,1376.08,NEFT
6728,7718,2026-06-10,2965.32,Card
6729,7718,2026-06-27,694.1,Cheque
6730,7719,2026-07-05,7288.08,Card
6731,7720,2026-01-18,1472.54,NEFT
6732,7722,2026-06-10,9337.75,Card
6733,7723,2025-12-22,5197.4,Cheque
6734,7725,2026-04-23,3348.92,Cheque
6735,7725,2026-05-13,576.35,Card
6736,7726,2025-12-06,5255.26,UPI
6737,7727,2026-03-06,1806.37,Card
6738,7727,2025-12-26,1706.92,Cheque
6739,7729,2026-06-07,3511.75,UPI
6740,7730,2026-03-15,2663.67,NEFT
6741,7730,2026-02-28,1667.92,UPI
6742,7731,2026-02-15,3878.19,NEFT
6743,7732,2026-01-31,1943.49,Card
6744,7733,2026-02-05,1014.25,NEFT
6745,7733,2026-02-21,484.99,UPI
6746,7734,2026-02-21,5327.17,Cheque
6747,7735,2026-07-28,8105.49,NEFT
6748,7737,2026-08-18,12031.06,NEFT
6749,7740,2026-03-18,5500.43,Card
6750,7741,2026-08-28,2659.42,NEFT
6751,7742,2025-10-24,2429.4,Card
6752,7743,2026-01-18,5823.18,UPI
6753,7744,2026-05-14,1039.89,UPI
6754,7745,2026-07-03,4650.49,UPI
6755,7746,2025-10-10,677.89,Cheque
6756,7748,2026-07-16,2185.06,NEFT
6757,7749,2026-05-03,1595.54,Card
6758,7751,2026-10-12,10803.8,Card
6759,7753,2026-06-02,1226.65,Card
6760,7753,2026-06-03,1590.55,NEFT
6761,7754,2026-07-29,8882.32,Card
6762,7755,2026-01-08,2702.66,UPI
6763,7758,2025-12-16,6750.73,Cheque
6764,7759,2025-11-20,3703.1,NEFT
6765,7759,2025-11-24,1115.64,Card
6766,7760,2025-12-12,4009.73,Card
6767,7761,2026-04-28,4858.22,Card
6768,7762,2026-01-11,6185.72,Card
6769,7763,2026-09-28,1637.32,NEFT
6770,7763,2026-09-26,394.68,Cheque
6771,7764,2025-10-10,13145.03,NEFT
6772,7765,2026-06-22,3465.74,UPI
6773,7766,2026-06-14,4245.32,Card
6774,7767,2026-04-10,6980.02,Card
6775,7767,2026-05-15,2606.28,Card
6776,7768,2026-06-23,4464.96,UPI
6777,7769,2025-12-16,10117.42,Cheque
6778,7770,2026-02-26,4815.39,Cheque
6779,7771,2026-07-22,5413.55,NEFT
6780,7772,2026-01-06,5940.16,UPI
6781,7773,2025-11-20,6743.39,UPI
6782,7775,2026-05-16,11600.33,NEFT
6783,7776,2026-07-22,7796.67,Cheque
6784,7776,2026-07-20,3265.57,NEFT
6785,7777,2026-08-24,2650.68,UPI
6786,7779,2025-12-06,1282.78,NEFT
6787,7780,2025-10-04,3017.64,UPI
6788,7781,2026-02-10,3420.38,UPI
6789,7781,2026-02-03,1057.76,UPI
6790,7782,2026-05-24,1070.38,UPI
6791,7782,2026-05-18,896.46,NEFT
6792,7783,2026-04-04,6254.47,NEFT
6793,7784,2026-01-18,8600.31,Card
6794,7785,2025-10-24,2827.35,Card
6795,7786,2026-07-09,7244.17,NEFT
6796,7787,2026-08-11,9766.09,Cheque
6797,7788,2025-12-08,1062.92,UPI
6798,7789,2025-12-26,5747.89,NEFT
6799,7791,2026-02-03,1396.31,NEFT
6800,7791,2026-01-26,1004.17,Cheque
6801,7792,2026-06-26,1922.24,NEFT
6802,7793,2025-12-03,2884.12,Card
6803,7795,2026-03-05,2742.6,Cheque
6804,7796,2025-12-09,7798.21,Cheque
6805,7797,2026-01-17,7031.12,NEFT
6806,7800,2026-05-11,8379.56,Cheque
6807,7801,2026-08-29,6272.33,NEFT
6808,7802,2026-07-07,1473.68,NEFT
6809,7802,2026-07-07,403.42,NEFT
6810,7803,2026-01-21,5838.91,UPI
6811,7803,2025-12-10,6782.96,Card
6812,7804,2026-04-30,13773.86,NEFT
6813,7807,2026-05-19,9144.03,UPI
6814,7808,2026-02-17,1165.52,NEFT
6815,7809,2026-05-18,4605.2,Cheque
6816,7809,2026-06-27,2271.39,Cheque
6817,7810,2026-05-12,15197.74,NEFT
6818,7811,2026-04-29,1827.13,UPI
6819,7812,2025-12-03,6069.02,Card
6820,7813,2026-10-17,5420.9,Cheque
6821,7814,2026-01-10,11520.1,Card
6822,7815,2026-01-23,3516.16,Cheque
6823,7815,2026-02-12,1926.86,Card
6824,7816,2026-08-24,3801.01,UPI
6825,7817,2026-06-01,1483.01,Cheque
6826,7819,2026-07-16,4728.4,NEFT
6827,7821,2026-09-17,2234.74,NEFT
6828,7822,2025-11-20,3099.77,NEFT
6829,7824,2026-09-05,4602.19,Card
6830,7824,2026-09-06,286.21,NEFT
6831,7825,2026-02-21,4579.64,Cheque
6832,7826,2025-12-22,4755.18,UPI
6833,7828,2026-05-12,3512.4,Card
6834,7829,2025-12-12,2469.15,Card
6835,7829,2025-12-23,24.98,NEFT
6836,7830,2026-06-27,17514.57,NEFT
6837,7831,2025-12-16,16128.55,UPI
6838,7832,2026-01-18,2103.62,Cheque
6839,7834,2026-03-31,1141.22,Cheque
6840,7835,2025-12-31,49687.32,UPI
6841,7836,2026-06-27,20815.72,NEFT
6842,7837,2025-12-13,7652.14,Card
6843,7838,2026-10-23,9937.29,NEFT
6844,7839,2025-11-02,4207.39,UPI
6845,7840,2026-07-17,2919.15,Cheque
6846,7840,2026-05-23,32.05,UPI
6847,7841,2026-06-19,9217.02,Cheque
6848,7841,2026-07-15,3796.24,Card
6849,7842,2026-09-01,14796.11,Cheque
6850,7843,2026-01-18,2794.44,UPI
6851,7844,2026-07-03,4300.38,UPI
6852,7847,2025-11-08,3050.48,UPI
6853,7847,2025-11-04,985.9,NEFT
6854,7849,2025-12-24,17995.3,NEFT
6855,7850,2026-01-09,2135.1,UPI
6856,7851,2026-06-08,9251.15,Cheque
6857,7852,2025-12-24,8417.5,Cheque
6858,7852,2025-12-10,1688.85,Cheque
6859,7853,2026-01-02,1235.09,NEFT
6860,7855,2026-02-11,1319.79,Cheque
6861,7855,2026-03-10,212.77,Card
6862,7856,2026-03-22,3321.64,UPI
6863,7858,2026-02-28,1422.69,Card
6864,7859,2026-06-29,9377.48,UPI
6865,7859,2026-07-27,2713.64,NEFT
6866,7860,2026-02-21,2352.96,UPI
6867,7861,2026-08-20,3641.54,NEFT
6868,7862,2026-02-22,4972.79,Cheque
6869,7863,2026-08-05,9059.63,UPI
6870,7864,2026-09-27,1117.71,Cheque
6871,7864,2026-09-06,1186.02,UPI
6872,7865,2025-10-13,7384.84,UPI
6873,7867,2026-03-12,2232.18,Cheque
6874,7869,2025-11-19,26369.36,Cheque
6875,7870,2026-07-01,2803.61,NEFT
6876,7870,2026-07-27,3082.48,Cheque
6877,7871,2026-03-22,3071.8,NEFT
6878,7872,2026-01-11,2775.62,UPI
6879,7873,2025-12-28,9531.27,UPI
6880,7874,2026-02-07,5054.38,Cheque
6881,7875,2026-04-03,2137.37,Cheque
6882,7876,2026-04-16,1290.31,NEFT
6883,7877,2026-06-24,6782.93,Card
6884,7878,2026-02-14,1816.97,UPI
6885,7879,2025-12-08,3623.3,UPI
6886,7880,2026-10-02,18401.07,NEFT
6887,7881,2026-07-03,2571.6,UPI
6888,7882,2026-01-11,11616.01,UPI
6889,7883,2025-10-29,2208.86,NEFT
6890,7884,2026-08-31,10066.25,Cheque
6891,7886,2026-05-26,7388.91,NEFT
6892,7887,2026-10-27,3072.56,Cheque
6893,7889,2026-09-18,6747.03,NEFT
6894,7890,2026-03-21,22641.68,NEFT
6895,7891,2025-12-10,1373.46,UPI
6896,7891,2025-12-17,1681.22,NEFT
6897,7892,2026-05-26,13988.43,NEFT
6898,7893,2026-06-29,1347.73,UPI
6899,7893,2026-06-19,1084.81,Cheque
6900,7894,2026-09-10,4130.51,Cheque
6901,7895,2026-05-14,3000.06,Cheque
6902,7896,2026-09-08,3363.84,NEFT
6903,7897,2026-09-15,1825.03,Cheque
6904,7897,2026-09-26,2583.47,UPI
6905,7898,2026-07-12,13828.47,UPI
6906,7898,2026-08-02,2016.25,Card
6907,7899,2026-01-14,6229.99,Card
6908,7899,2025-10-26,974.84,UPI
6909,7900,2026-08-21,11701.89,Card
6910,7900,2026-07-21,1717.49,UPI
6911,7901,2026-01-14,5058.64,NEFT
6912,7902,2026-01-20,13952.05,UPI
6913,7903,2026-02-25,5995.72,UPI
6914,7904,2025-11-16,1561.46,Card
6915,7904,2025-11-06,1097.76,Cheque
6916,7905,2026-04-11,11637.57,UPI
6917,7906,2025-12-19,16388.17,UPI
6918,7908,2025-09-18,9719.57,Card
6919,7910,2025-10-10,3930.8,Cheque
6920,7910,2025-11-13,97.72,NEFT
6921,7911,2025-11-15,1171.01,Cheque
6922,7912,2026-02-23,6683.19,Cheque
6923,7913,2025-10-12,19897.59,NEFT
6924,7914,2026-01-26,6362.3,Cheque
6925,7915,2026-05-20,6828.91,UPI
6926,7915,2026-06-20,1445.79,Cheque
6927,7916,2026-07-02,5308.04,UPI
6928,7917,2026-01-14,6025.28,Cheque
6929,7918,2025-10-30,1495.14,UPI
6930,7918,2025-10-11,1782.17,Card
6931,7919,2026-02-13,7752.78,Cheque
6932,7920,2026-05-24,10091.22,Card
6933,7921,2026-08-15,1502.94,NEFT
6934,7922,2026-02-27,1307.06,Card
6935,7922,2026-02-08,197.54,Card
6936,7923,2026-06-26,1229.18,UPI
6937,7924,2025-10-31,16277.82,NEFT
6938,7925,2026-07-08,2385.96,UPI
6939,7926,2026-02-28,6624.8,Card
6940,7927,2026-09-28,13184.26,NEFT
6941,7927,2026-09-13,7667.76,Card
6942,7928,2025-09-21,6523.8,Card
6943,7929,2026-08-05,4970.33,NEFT
6944,7929,2026-08-20,2574.58,Card
6945,7930,2025-11-26,2547.05,UPI
6946,7931,2026-01-24,6527.39,Card
6947,7932,2026-02-05,946.52,NEFT
6948,7933,2026-07-04,791.68,NEFT
6949,7933,2026-07-25,298.99,NEFT
6950,7934,2025-11-28,5213.81,UPI
6951,7935,2026-02-16,3396.42,UPI
6952,7935,2026-01-24,3066.56,Card
6953,7936,2026-01-27,3034.08,Cheque
6954,7937,2026-04-12,1299.09,Cheque
6955,7939,2025-11-09,1784.91,UPI
6956,7940,2026-04-25,9053.93,Cheque
6957,7941,2026-11-14,7148.59,Card
6958,7945,2026-09-16,5744.84,UPI
6959,7946,2026-03-14,3710.04,NEFT
6960,7947,2026-04-14,1022.91,NEFT
6961,7948,2026-08-23,7131.7,UPI
6962,7949,2026-01-09,32372.05,Card
6963,7950,2026-03-21,8844.65,UPI
6964,7951,2026-08-09,23950.45,NEFT
6965,7952,2026-05-27,10245.87,Cheque
6966,7953,2026-01-31,4427.63,Card
6967,7954,2026-02-05,8090.61,UPI
6968,7955,2026-09-27,11767.63,UPI
6969,7956,2026-05-02,664.44,Card
6970,7957,2026-02-12,7137.02,Cheque
6971,7958,2026-01-19,4621.37,Cheque
6972,7959,2025-12-06,9337.92,Cheque
6973,7960,2025-12-24,6734.87,UPI
6974,7961,2025-11-13,698.51,Card
6975,7962,2026-04-14,7108.9,Cheque
6976,7963,2026-05-19,960.75,Card
6977,7964,2026-01-16,13856.09,NEFT
6978,7965,2025-11-29,2705.07,UPI
6979,7966,2026-04-17,2023.53,Card
6980,7967,2026-04-23,2698.24,Card
6981,7968,2025-12-27,2059.81,UPI
6982,7969,2025-12-25,4414.39,UPI
6983,7971,2026-10-20,3669.42,UPI
6984,7973,2026-01-23,4088.27,Card
6985,7974,2025-12-02,15603.7,UPI
6986,7975,2026-02-18,3492.33,NEFT
6987,7976,2025-11-23,8237.98,UPI
6988,7978,2026-07-19,7950.18,UPI
6989,7979,2026-07-09,7432.71,NEFT
6990,7979,2026-06-19,4989.74,NEFT
6991,7980,2026-08-30,14643.97,NEFT
6992,7980,2026-09-02,992.52,NEFT
6993,7981,2025-10-21,2355.35,Card
6994,7981,2025-10-05,3515.72,Cheque
6995,7982,2026-07-18,8555.65,NEFT
6996,7983,2025-12-08,1795.03,NEFT
6997,7984,2026-06-19,2634.92,Cheque
6998,7984,2026-07-05,1044.33,NEFT
6999,7985,2026-05-22,2635.86,NEFT
7000,7986,2026-04-01,6502.59,Card
7001,7987,2026-08-28,3276.79,Card
7002,7988,2026-02-21,8661.33,Card
7003,7989,2026-09-03,36028.5,UPI
7004,7990,2026-08-27,7195.97,Card
7005,7990,2026-07-04,1025.08,Card
7006,7991,2026-06-22,15467.86,Card
7007,7993,2026-02-27,4671.41,UPI
7008,7994,2026-06-13,5947.21,Cheque
7009,7995,2026-02-18,2756.08,Card
7010,7995,2026-03-02,2511.03,Card
7011,7996,2026-08-11,14813.24,Card
7012,7996,2026-08-02,7034.62,Card
7013,7997,2025-10-28,2757.51,Cheque
7014,7998,2026-02-13,6474.93,NEFT
7015,7999,2026-07-07,716.53,UPI
7016,8000,2026-04-20,7022.9,Card
7017,8001,2026-03-24,7494.51,Cheque
7018,8002,2025-12-08,4795.3,NEFT
7019,8003,2026-02-24,6859.81,NEFT
7020,8004,2026-09-24,3183.07,Card
7021,8005,2025-10-22,1881.79,Cheque
7022,8006,2026-08-19,2267.34,Card
7023,8007,2026-05-11,2527.89,UPI
7024,8008,2026-02-20,1778.12,Card
7025,8009,2025-11-25,1722.85,Card
7026,8010,2026-07-23,2573.81,UPI
7027,8012,2025-11-17,5556.34,NEFT
7028,8013,2026-07-17,1878.2,NEFT
7029,8014,2025-12-22,2157.25,NEFT
7030,8014,2026-01-13,211.47,Cheque
7031,8015,2026-08-21,2610.65,Card
7032,8015,2026-07-06,448.16,Cheque
7033,8017,2026-01-23,1921.93,UPI
7034,8019,2026-05-02,5575.81,NEFT
7035,8019,2026-05-09,5308.94,UPI
7036,8020,2026-01-10,1780.28,Card
7037,8020,2026-02-18,867.55,UPI
7038,8021,2026-05-12,1843.41,Cheque
7039,8022,2026-07-27,4663.02,Card
7040,8023,2026-06-01,2571.45,Card
7041,8024,2026-03-29,548.75,Cheque
7042,8025,2026-06-20,5863.08,Cheque
7043,8026,2026-05-19,10030.47,Cheque
7044,8027,2025-11-25,4911.36,NEFT
7045,8028,2026-08-10,6783.7,NEFT
7046,8029,2026-02-05,8370.04,Card
7047,8030,2026-09-03,1332.48,Cheque
7048,8030,2026-09-06,1190.7,Cheque
7049,8031,2026-10-10,25765.68,UPI
7050,8034,2025-12-29,2258.42,Card
7051,8035,2025-12-29,786.96,NEFT
7052,8036,2025-11-01,995.78,NEFT
7053,8036,2025-10-31,1105.87,UPI
7054,8037,2026-06-22,10438.69,UPI
7055,8038,2026-01-28,19645.27,Card
7056,8039,2026-02-14,6299.3,Cheque
7057,8040,2026-07-08,5384.14,NEFT
7058,8041,2026-01-17,10839.85,Cheque
7059,8042,2026-01-16,6880.4,UPI
7060,8043,2026-07-31,1564.84,UPI
7061,8044,2026-05-10,18389.6,NEFT
7062,8045,2026-01-10,1561.78,Cheque
7063,8045,2025-12-08,2126.07,Card
7064,8047,2025-11-07,1469.27,UPI
7065,8048,2026-09-15,11429.98,UPI
7066,8049,2026-06-25,1588.01,Cheque
7067,8050,2026-05-11,12261.79,Cheque
7068,8053,2025-12-31,13870.56,NEFT
7069,8054,2026-04-20,1938.2,Card
7070,8055,2026-05-26,12475.55,NEFT
7071,8056,2025-12-14,5612.64,Card
7072,8057,2026-07-19,1844.89,NEFT
7073,8058,2026-10-07,2223.01,NEFT
7074,8060,2026-07-26,22523.83,Cheque
7075,8061,2025-09-20,4224.48,Cheque
7076,8062,2026-01-17,7022.71,NEFT
7077,8064,2026-04-08,1778.8,Cheque
7078,8065,2026-07-12,8683.17,Card
7079,8066,2026-03-19,11014.06,Cheque
7080,8067,2026-06-14,6678.64,NEFT
7081,8068,2026-03-14,15166.89,UPI
7082,8068,2026-02-16,46.78,UPI
7083,8069,2026-02-14,5649.42,Cheque
7084,8070,2025-11-21,6727.83,Cheque
7085,8070,2026-01-05,5377.86,Cheque
7086,8072,2026-08-08,1321.56,Card
7087,8072,2026-09-22,144.36,Card
7088,8073,2025-11-01,10597.39,NEFT
7089,8074,2026-07-11,14168.13,NEFT
7090,8076,2026-03-27,1712.86,Card
7091,8077,2025-12-11,10013.13,Cheque
7092,8078,2025-12-05,6440.58,Card
7093,8079,2026-01-27,6341.07,Cheque
7094,8080,2026-04-13,3414.9,Card
7095,8080,2026-05-07,2401.34,Card
7096,8081,2025-11-26,11196.56,NEFT
7097,8082,2025-10-25,6295.2,NEFT
7098,8083,2026-05-28,3419.52,UPI
7099,8084,2026-04-13,1373.32,NEFT
7100,8085,2026-06-07,3456.36,NEFT
7101,8086,2025-09-26,10351.02,NEFT
7102,8087,2026-03-04,3825.27,Cheque
7103,8089,2026-08-06,1612.91,Card
7104,8090,2026-07-07,2225.79,Cheque
7105,8091,2026-04-13,2124.8,Cheque
7106,8092,2025-12-05,3514.53,Cheque
7107,8092,2025-11-21,2057.38,UPI
7108,8093,2026-08-05,19412.79,NEFT
7109,8094,2025-10-22,30110.63,UPI
7110,8095,2026-08-12,11651.89,UPI
7111,8096,2025-10-30,1044.05,Cheque
7112,8097,2026-05-10,1721.67,Cheque
7113,8097,2026-04-19,1017.82,Cheque
7114,8098,2026-07-12,439.71,NEFT
7115,8100,2026-01-06,18344.74,Cheque
7116,8101,2025-10-05,6189.69,NEFT
7117,8101,2025-10-01,3411.08,UPI
7118,8102,2026-03-16,1217.82,Cheque
7119,8103,2026-10-22,13510.08,Card
7120,8103,2026-10-07,1676.56,UPI
7121,8104,2026-06-27,9728.25,NEFT
7122,8104,2026-07-02,3375.02,UPI
7123,8106,2026-01-19,12142.66,UPI
7124,8107,2025-12-13,3282.25,Card
7125,8108,2026-05-24,965.75,Cheque
7126,8108,2026-06-02,167.97,UPI
7127,8109,2026-03-29,7798.2,NEFT
7128,8109,2026-04-14,4960.06,NEFT
7129,8110,2025-12-12,5432.81,Cheque
7130,8110,2026-01-22,3873.73,NEFT
7131,8111,2026-07-29,758.64,Card
7132,8111,2026-06-27,273.77,Cheque
7133,8112,2025-12-08,2311.74,UPI
7134,8113,2026-03-09,2364.28,Card
7135,8115,2026-06-30,4938.38,UPI
7136,8116,2026-10-11,4049.09,NEFT
7137,8117,2026-05-17,2385.06,Card
7138,8117,2026-02-11,1189.54,NEFT
7139,8118,2026-08-10,2028.45,Cheque
7140,8118,2026-08-13,3.31,Card
7141,8119,2026-09-03,10823.76,Cheque
7142,8120,2026-01-29,2795.26,Cheque
7143,8121,2026-06-05,12671.29,UPI
7144,8123,2026-08-20,3373.2,UPI
7145,8124,2025-12-30,24078.14,NEFT
7146,8125,2026-10-07,6032.34,Card
7147,8126,2025-11-22,1841.75,Card
7148,8126,2025-11-27,1535.29,Card
7149,8127,2026-03-14,1370.17,NEFT
7150,8127,2026-03-08,1655.0,Card
7151,8128,2026-05-28,2494.09,UPI
7152,8129,2026-07-29,7187.87,Cheque
7153,8130,2026-03-09,6095.33,Cheque
7154,8131,2026-08-24,6113.35,UPI
7155,8132,2026-10-02,2688.59,Card
7156,8133,2026-03-16,8090.52,Card
7157,8134,2026-01-25,1625.46,Cheque
7158,8135,2026-01-29,4645.77,UPI
7159,8135,2025-12-19,2120.19,Cheque
7160,8136,2026-03-18,7079.2,Cheque
7161,8137,2026-03-06,3778.23,Card
7162,8138,2026-08-14,1962.32,Card
7163,8138,2026-07-25,1244.42,Card
7164,8139,2026-08-05,2689.63,Card
7165,8140,2026-07-04,1133.17,Cheque
7166,8140,2026-09-14,632.93,Card
7167,8141,2026-09-26,16214.46,UPI
7168,8142,2026-10-09,4782.18,Card
7169,8143,2026-04-18,3562.28,UPI
7170,8144,2026-03-07,3295.16,Card
7171,8145,2025-11-22,2326.22,NEFT
7172,8146,2026-09-20,3257.22,UPI
7173,8147,2026-09-19,13176.32,Card
7174,8148,2026-06-11,7963.01,Card
7175,8149,2025-09-16,9701.04,UPI
7176,8150,2026-04-01,6822.15,NEFT
7177,8150,2026-05-06,3948.95,UPI
7178,8151,2025-10-30,29058.24,Card
7179,8153,2026-04-21,3550.35,Card
7180,8154,2025-11-18,7093.51,Card
7181,8155,2026-03-08,3709.54,Card
7182,8155,2026-02-09,4691.7,Cheque
7183,8156,2025-11-27,4865.65,Card
7184,8157,2026-03-25,2445.54,NEFT
7185,8158,2026-03-10,5802.19,UPI
7186,8159,2025-10-12,7729.39,Card
7187,8160,2026-04-17,6601.84,NEFT
7188,8161,2026-01-05,1149.5,UPI
7189,8163,2025-11-23,8871.69,Cheque
7190,8164,2026-01-19,3712.07,Card
7191,8166,2026-08-05,14619.65,UPI
7192,8167,2026-06-23,1812.91,NEFT
7193,8168,2026-02-18,10601.35,UPI
7194,8168,2026-03-01,764.92,Card
7195,8169,2026-03-03,17991.5,Cheque
7196,8170,2026-03-21,3501.6,NEFT
7197,8172,2026-02-06,3225.24,Card
7198,8173,2026-08-19,2036.66,Card
7199,8174,2026-06-22,17584.57,NEFT
7200,8174,2026-06-16,70.45,Card
7201,8176,2025-11-17,2182.77,UPI
7202,8176,2025-11-03,731.95,UPI
7203,8177,2026-09-02,3235.75,NEFT
7204,8177,2026-08-29,330.34,UPI
7205,8178,2026-03-21,5670.0,Card
7206,8180,2026-02-04,14781.63,UPI
7207,8181,2026-05-01,1151.1,Card
7208,8182,2026-04-06,517.52,UPI
7209,8182,2026-04-08,647.13,UPI
7210,8183,2026-06-26,5237.69,Cheque
7211,8185,2026-08-22,5904.08,NEFT
7212,8188,2026-04-17,2187.15,Cheque
7213,8188,2026-05-15,192.95,UPI
7214,8189,2026-08-25,15880.29,NEFT
7215,8190,2025-11-30,8272.72,NEFT
7216,8191,2025-10-23,2726.34,UPI
7217,8192,2025-12-09,8238.64,UPI
7218,8193,2026-08-10,5619.54,NEFT
7219,8194,2026-08-02,7869.18,UPI
7220,8194,2026-07-12,1503.94,UPI
7221,8195,2026-06-28,8076.78,Cheque
7222,8196,2026-05-25,6419.41,Cheque
7223,8196,2026-05-24,245.57,Cheque
7224,8197,2026-02-18,5265.41,Cheque
7225,8198,2026-01-17,10309.0,Cheque
7226,8199,2026-04-22,12754.9,NEFT
7227,8200,2026-05-26,5577.23,Cheque
7228,8201,2026-09-09,8120.22,UPI
7229,8202,2026-09-26,10582.95,UPI
7230,8204,2026-08-12,15723.19,Cheque
7231,8205,2026-04-27,11396.69,UPI
7232,8206,2026-11-04,3589.96,Cheque
7233,8207,2026-06-08,1749.16,UPI
7234,8208,2026-03-15,7821.49,Card
7235,8209,2026-01-17,7774.27,NEFT
7236,8210,2025-11-16,3639.64,Cheque
7237,8211,2026-08-02,1462.72,Card
7238,8211,2026-08-07,256.79,Card
7239,8212,2026-02-14,7679.22,UPI
7240,8212,2026-02-06,11124.84,Cheque
7241,8213,2026-08-28,7028.08,NEFT
7242,8214,2026-06-10,1901.88,Card
7243,8215,2025-10-11,4517.03,NEFT
7244,8216,2026-04-30,684.79,Cheque
7245,8216,2026-05-04,1021.79,Card
7246,8217,2025-12-29,8626.73,Card
7247,8219,2026-02-12,4308.63,Cheque
7248,8220,2026-02-14,2668.09,NEFT
7249,8220,2026-03-26,1975.32,Card
7250,8221,2026-03-07,3446.22,NEFT
7251,8221,2026-01-27,562.25,UPI
7252,8222,2026-03-06,2529.85,UPI
7253,8222,2026-02-27,1648.52,Card
7254,8223,2026-02-21,2687.73,NEFT
7255,8224,2026-07-03,15105.7,Cheque
7256,8225,2026-08-09,3129.39,Cheque
7257,8227,2026-03-16,4172.83,NEFT
7258,8228,2026-06-26,1806.01,Cheque
7259,8229,2026-07-23,10592.47,NEFT
7260,8230,2025-12-19,15608.33,NEFT
7261,8231,2026-07-08,1127.79,Card
7262,8232,2026-05-24,8819.77,UPI
7263,8234,2026-02-28,13968.46,Card
7264,8235,2026-07-14,13115.7,NEFT
7265,8236,2025-10-08,41185.24,UPI
7266,8237,2025-11-05,6887.07,Cheque
7267,8239,2025-12-17,5049.98,Card
7268,8240,2026-01-02,1106.28,Cheque
7269,8241,2026-01-03,8811.49,UPI
7270,8242,2026-06-08,11072.59,Cheque
7271,8243,2026-08-22,2800.72,UPI
7272,8244,2026-03-17,876.79,NEFT
7273,8244,2026-03-25,447.98,UPI
7274,8246,2026-02-14,9237.52,Card
7275,8248,2026-03-08,6647.98,NEFT
7276,8249,2026-03-08,7356.55,UPI
7277,8250,2026-03-31,4562.65,Card
7278,8251,2026-10-07,4073.78,Card
7279,8252,2026-07-14,4505.16,UPI
7280,8253,2026-06-19,8025.55,UPI
7281,8254,2026-08-01,7340.72,Cheque
7282,8255,2025-12-18,2638.63,Cheque
7283,8256,2025-12-10,4941.01,Cheque
7284,8257,2025-11-28,2140.14,Card
7285,8258,2025-11-11,7545.28,NEFT
7286,8259,2026-07-19,1569.83,Card
7287,8260,2026-07-15,8892.92,NEFT
7288,8261,2026-01-03,4125.12,UPI
7289,8262,2026-01-23,12486.43,Card
7290,8263,2025-12-05,6531.91,UPI
7291,8263,2025-12-07,7993.3,Card
7292,8264,2026-08-20,7133.48,UPI
7293,8265,2025-10-25,3727.15,Card
7294,8266,2026-08-06,2362.22,UPI
7295,8268,2026-05-28,4742.11,UPI
7296,8269,2026-01-27,5196.36,UPI
7297,8270,2026-09-10,3664.59,NEFT
7298,8271,2026-08-22,1654.01,Card
7299,8273,2026-05-04,4672.37,Cheque
7300,8274,2026-03-25,1004.36,NEFT
7301,8274,2026-03-03,122.73,UPI
7302,8275,2026-05-25,3450.19,NEFT
7303,8275,2026-05-23,1027.09,Cheque
7304,8276,2026-02-08,1466.85,UPI
7305,8276,2026-01-16,224.76,Card
7306,8278,2026-01-05,7183.89,UPI
7307,8279,2025-09-22,7777.18,Card
7308,8279,2025-11-01,8933.39,Card
7309,8280,2026-07-11,1534.45,UPI
7310,8281,2026-08-19,15787.28,Cheque
7311,8282,2025-09-30,7575.4,UPI
7312,8283,2026-01-17,1675.16,Cheque
7313,8284,2026-01-25,21564.57,NEFT
7314,8286,2025-12-22,1025.21,NEFT
7315,8286,2025-12-31,902.73,NEFT
7316,8287,2026-07-01,11485.72,UPI
7317,8288,2026-07-05,2092.4,Cheque
7318,8289,2026-02-20,12609.05,Cheque
7319,8290,2026-02-03,1867.98,UPI
7320,8290,2026-01-27,2420.24,UPI
7321,8293,2026-04-24,2169.65,UPI
7322,8294,2026-04-06,5684.88,NEFT
7323,8295,2026-03-27,1347.27,NEFT
7324,8296,2025-12-11,8678.23,Cheque
7325,8297,2026-05-10,2476.9,Card
7326,8297,2026-06-09,808.82,NEFT
7327,8298,2026-01-24,3641.25,Cheque
7328,8299,2026-02-18,7696.82,Cheque
7329,8299,2026-03-05,275.45,Cheque
7330,8300,2026-04-06,4246.86,NEFT
7331,8301,2026-03-22,13381.84,Card
7332,8303,2026-08-31,9485.84,UPI
7333,8304,2025-12-07,5097.29,NEFT
7334,8305,2026-09-30,2431.88,UPI
7335,8305,2026-10-04,522.04,Card
7336,8306,2026-03-09,10682.76,UPI
7337,8307,2026-01-08,7995.64,UPI
7338,8308,2025-10-07,6002.1,UPI
7339,8309,2026-09-13,4083.58,NEFT
7340,8311,2025-12-05,2109.15,NEFT
7341,8312,2026-01-02,14912.3,NEFT
7342,8313,2025-12-31,9687.41,NEFT
7343,8314,2025-10-10,7880.26,NEFT
7344,8315,2026-04-27,2265.47,UPI
7345,8315,2026-04-22,1287.7,Card
7346,8316,2026-05-03,25445.84,NEFT
7347,8317,2025-11-22,2868.76,NEFT
7348,8318,2025-12-01,3695.0,UPI
7349,8319,2026-08-06,21323.32,UPI
7350,8320,2026-06-11,4794.7,NEFT
7351,8321,2026-01-03,12198.09,Cheque
7352,8321,2025-12-10,7885.95,UPI
7353,8322,2025-10-21,6768.73,Card
7354,8323,2026-07-22,3312.21,Card
7355,8324,2026-06-19,4275.03,UPI
7356,8325,2026-03-24,2817.9,Card
7357,8326,2026-05-16,8706.8,Cheque
7358,8327,2026-09-23,13299.8,NEFT
7359,8328,2026-03-06,7266.67,NEFT
7360,8329,2026-08-31,5985.79,UPI
7361,8329,2026-08-08,287.76,NEFT
7362,8330,2025-09-26,2177.22,NEFT
7363,8331,2025-12-13,10596.05,Cheque
7364,8332,2026-04-08,9789.94,Cheque
7365,8333,2026-09-18,5665.79,UPI
7366,8333,2026-09-18,580.03,UPI
7367,8334,2026-07-06,3928.82,Cheque
7368,8335,2026-09-15,5006.82,UPI
7369,8336,2026-09-01,2414.58,NEFT
7370,8338,2026-05-05,3933.62,NEFT
7371,8340,2026-08-04,3331.19,UPI
7372,8342,2026-04-22,4697.44,NEFT
7373,8343,2026-08-30,4457.03,Cheque
7374,8345,2025-11-02,6604.53,NEFT
7375,8346,2026-09-06,4043.37,Cheque
7376,8346,2026-10-11,1511.28,Card
7377,8347,2026-04-08,9793.3,UPI
7378,8347,2026-03-31,993.85,Card
7379,8348,2026-01-06,4213.91,UPI
7380,8349,2026-02-05,11631.66,Cheque
7381,8350,2025-10-14,2926.92,Card
7382,8351,2026-05-26,4474.4,Cheque
7383,8351,2026-05-24,2088.95,Cheque
7384,8352,2026-09-22,1266.08,UPI
7385,8352,2026-09-07,1134.55,Cheque
7386,8353,2025-11-16,11214.14,UPI
7387,8353,2025-11-23,1193.37,Card
7388,8354,2026-02-14,14146.06,UPI
7389,8355,2026-05-19,22558.02,Card
7390,8356,2026-06-23,3239.71,UPI
7391,8357,2026-02-18,5863.35,Cheque
7392,8358,2026-03-08,1580.28,Card
7393,8360,2026-01-07,7847.43,NEFT
7394,8361,2026-01-28,4568.41,Cheque
7395,8362,2026-01-04,1788.48,UPI
7396,8363,2026-02-03,3454.11,Cheque
7397,8364,2026-04-07,10552.37,NEFT
7398,8365,2026-04-13,5258.87,NEFT
7399,8366,2025-10-24,13359.39,Cheque
7400,8367,2025-11-09,2947.13,Cheque
7401,8368,2026-03-28,11889.23,Card
7402,8370,2025-10-31,13377.45,Card
7403,8371,2026-04-11,1808.48,Cheque
7404,8372,2026-09-18,5509.25,UPI
7405,8373,2025-12-28,6003.45,UPI
7406,8374,2026-07-11,7323.81,NEFT
7407,8375,2026-03-17,3774.63,Cheque
7408,8377,2026-02-05,4266.56,UPI
7409,8378,2026-07-06,3163.26,Cheque
7410,8378,2026-08-03,117.82,Cheque
7411,8380,2026-03-03,5322.08,NEFT
7412,8381,2025-10-18,1489.4,Cheque
7413,8382,2026-04-19,2918.34,NEFT
7414,8384,2025-09-30,1523.56,UPI
7415,8384,2025-09-09,893.5,Cheque
7416,8385,2026-04-30,7706.88,NEFT
7417,8386,2026-09-10,2868.54,Card
7418,8387,2026-07-29,1582.29,Card
7419,8388,2025-10-13,7343.4,NEFT
7420,8389,2025-11-03,3701.24,UPI
7421,8389,2025-11-30,142.97,Cheque
7422,8390,2026-08-19,17818.92,NEFT
7423,8391,2026-06-26,12303.37,UPI
7424,8393,2026-01-19,7838.22,NEFT
7425,8393,2026-01-15,3893.63,NEFT
7426,8394,2026-01-12,8680.23,Cheque
7427,8395,2026-08-15,1676.64,UPI
7428,8399,2026-01-25,2915.4,Cheque
7429,8399,2026-01-29,1966.04,NEFT
7430,8400,2026-07-20,8123.54,Cheque
7431,8400,2026-06-30,803.88,UPI
7432,8401,2026-01-05,9785.37,NEFT
7433,8401,2026-01-12,1852.72,Cheque
7434,8402,2026-05-19,2390.17,UPI
7435,8403,2026-08-31,8546.06,NEFT
7436,8404,2026-06-12,7857.02,Cheque
7437,8405,2025-12-31,2231.37,NEFT
7438,8405,2026-01-08,35.37,Card
7439,8406,2025-11-24,3083.69,NEFT
7440,8406,2025-12-11,528.27,NEFT
7441,8407,2026-06-04,5636.06,Card
7442,8408,2026-01-23,15201.54,Card
7443,8409,2026-02-06,2226.85,Cheque
7444,8409,2026-02-17,1361.3,Card
7445,8410,2026-09-17,6983.58,Cheque
7446,8411,2026-03-29,12736.24,NEFT
7447,8412,2026-05-12,22047.13,Cheque
7448,8415,2026-03-21,10466.4,UPI
7449,8417,2026-05-19,2543.41,Cheque
7450,8418,2026-09-27,8831.18,Card
7451,8419,2025-12-13,12236.76,Cheque
7452,8419,2025-11-26,9999.03,NEFT
7453,8420,2026-05-30,5909.9,Card
7454,8422,2025-11-04,15874.46,UPI
7455,8423,2026-07-24,3997.53,Cheque
7456,8423,2026-06-27,1093.87,UPI
7457,8424,2025-12-25,8841.68,UPI
7458,8427,2026-10-05,8516.32,Card
7459,8429,2025-11-30,5622.45,UPI
7460,8430,2026-05-30,1524.15,UPI
7461,8431,2026-02-19,5837.96,Cheque
7462,8433,2026-03-05,2736.15,NEFT
7463,8434,2026-01-14,2062.91,NEFT
7464,8435,2026-01-17,14524.84,Card
7465,8436,2025-10-02,19350.21,Cheque
7466,8437,2026-09-27,3720.78,UPI
7467,8437,2026-10-07,1435.09,Cheque
7468,8438,2026-09-06,8088.26,NEFT
7469,8440,2025-12-16,556.25,Cheque
7470,8440,2026-01-28,317.89,Card
7471,8441,2026-05-05,5601.78,Card
7472,8441,2026-05-01,297.44,NEFT
7473,8442,2026-10-10,16154.79,NEFT
7474,8443,2025-11-29,1954.12,NEFT
7475,8444,2026-09-26,1816.24,UPI
7476,8445,2026-05-24,2787.54,UPI
7477,8446,2025-12-15,3421.67,Cheque
7478,8447,2026-07-10,8526.27,UPI
7479,8449,2025-09-29,13613.63,Card
7480,8449,2025-09-24,500.59,NEFT
7481,8450,2026-05-06,8436.74,Card
7482,8451,2025-12-29,1400.14,NEFT
7483,8452,2026-05-23,1395.56,NEFT
7484,8453,2026-01-27,3677.94,Cheque
7485,8453,2026-02-14,5318.08,Cheque
7486,8454,2025-11-26,906.73,NEFT
7487,8454,2025-12-23,498.0,NEFT
7488,8455,2026-03-26,3146.75,Cheque
7489,8455,2026-03-30,4650.12,UPI
7490,8456,2026-04-21,6242.84,Card
7491,8457,2026-05-09,2525.29,Cheque
7492,8458,2026-06-30,652.03,UPI
7493,8459,2026-01-13,2983.2,Card
7494,8460,2026-06-14,7530.21,NEFT
7495,8461,2026-05-13,3204.49,NEFT
7496,8462,2026-04-06,849.91,UPI
7497,8462,2026-03-23,1237.43,Cheque
7498,8463,2026-04-30,6322.45,Cheque
7499,8464,2025-10-17,1564.59,UPI
7500,8465,2026-05-24,5334.6,UPI
7501,8465,2026-06-18,2855.5,NEFT
7502,8466,2026-05-15,11636.1,Cheque
7503,8468,2026-05-02,3277.0,NEFT
7504,8469,2026-07-09,2115.25,UPI
7505,8470,2026-04-10,4923.0,UPI
7506,8471,2026-09-13,1286.27,UPI
7507,8472,2026-09-22,1716.74,Cheque
7508,8473,2026-09-20,3460.2,Card
7509,8474,2026-06-11,4506.57,Card
7510,8474,2026-05-11,3864.09,Cheque
7511,8475,2026-04-12,7818.7,Card
7512,8475,2026-03-24,73.07,Card
7513,8476,2026-09-09,6512.25,Cheque
7514,8476,2026-09-24,1457.07,Cheque
7515,8477,2026-07-06,13602.18,Card
7516,8478,2025-11-21,2163.15,Card
7517,8479,2026-04-05,3695.28,NEFT
7518,8480,2025-12-10,2940.34,NEFT
7519,8480,2025-12-21,1372.38,Cheque
7520,8482,2025-10-13,5982.46,Card
7521,8483,2026-03-17,3228.51,Card
7522,8484,2026-07-28,2014.47,Card
7523,8485,2026-05-27,10038.95,NEFT
7524,8486,2026-01-15,9544.08,NEFT
7525,8487,2025-12-17,6884.7,Cheque
7526,8488,2026-03-06,1158.4,NEFT
7527,8489,2025-12-20,2295.68,Cheque
7528,8490,2026-07-30,6376.8,UPI
7529,8491,2026-09-07,3253.96,Cheque
7530,8492,2025-12-29,3226.06,NEFT
7531,8492,2026-01-08,930.87,NEFT
7532,8493,2025-12-13,2040.51,Cheque
7533,8493,2025-12-23,31.49,UPI
7534,8494,2026-09-03,5829.69,Card
7535,8495,2025-10-12,16664.33,NEFT
7536,8496,2026-02-02,6478.11,Cheque
7537,8497,2026-04-21,10874.65,UPI
7538,8498,2026-06-22,10089.83,Cheque
7539,8499,2026-05-05,3754.24,NEFT
7540,8500,2026-01-25,4310.22,UPI
7541,8502,2025-12-04,8984.21,NEFT
7542,8504,2026-10-17,5712.86,UPI
7543,8505,2025-09-29,3654.18,UPI
7544,8506,2026-01-08,4027.87,Cheque
7545,8507,2026-05-13,15048.26,NEFT
7546,8508,2026-01-16,4996.76,NEFT
7547,8510,2025-11-17,15387.36,Card
7548,8511,2026-06-24,9341.41,Card
7549,8511,2026-06-27,1101.52,Card
7550,8513,2026-08-15,19432.78,UPI
7551,8514,2026-08-05,2541.99,NEFT
7552,8515,2025-11-11,3595.24,UPI
7553,8516,2026-06-18,1825.68,Cheque
7554,8517,2026-03-09,1509.05,UPI
7555,8519,2026-10-20,5990.3,Card
7556,8519,2026-09-20,208.12,UPI
7557,8520,2026-08-13,7491.18,NEFT
7558,8521,2026-05-21,1544.1,Card
7559,8521,2026-04-29,1318.16,UPI
7560,8522,2026-03-31,2169.74,NEFT
7561,8522,2026-03-31,1423.29,UPI
7562,8523,2025-11-19,4673.45,Cheque
7563,8523,2025-10-15,5170.23,NEFT
7564,8524,2026-09-19,1554.31,Cheque
7565,8525,2025-10-26,5050.96,NEFT
7566,8526,2026-01-22,14213.48,NEFT
7567,8527,2026-07-20,4042.87,Card
7568,8528,2026-06-01,3569.8,Card
7569,8529,2026-08-27,13513.72,Cheque
7570,8530,2026-01-03,1195.17,Cheque
7571,8531,2026-06-22,2627.98,Cheque
7572,8533,2025-12-01,8712.94,UPI
7573,8534,2025-12-17,1129.74,Cheque
7574,8534,2025-12-09,255.94,Cheque
7575,8535,2025-12-17,13414.44,Card
7576,8537,2026-03-22,11542.95,Cheque
7577,8538,2026-05-22,13492.01,NEFT
7578,8539,2026-09-07,2667.01,Cheque
7579,8540,2026-10-04,5073.89,NEFT
7580,8541,2025-09-20,1997.08,NEFT
7581,8541,2025-10-18,2169.02,Card
7582,8542,2026-09-20,2127.27,UPI
7583,8542,2026-09-27,2617.68,NEFT
7584,8543,2026-09-09,3170.08,Cheque
7585,8545,2026-03-04,3518.87,Card
7586,8545,2026-02-19,789.63,Card
7587,8546,2026-08-25,3827.2,NEFT
7588,8547,2026-01-25,12283.73,Card
7589,8548,2026-03-08,9760.81,NEFT
7590,8549,2026-06-19,6293.23,Cheque
7591,8551,2026-04-03,16137.19,Cheque
7592,8552,2026-06-21,2146.76,Cheque
7593,8553,2026-02-11,11335.46,Cheque
7594,8553,2026-02-24,455.63,UPI
7595,8555,2026-05-04,1815.42,Cheque
7596,8556,2025-10-25,5304.53,Card
7597,8557,2026-04-27,869.98,UPI
7598,8557,2026-04-18,868.21,NEFT
7599,8559,2025-11-22,6256.15,NEFT
7600,8560,2026-02-13,2221.08,Cheque
7601,8561,2025-12-02,499.02,UPI
7602,8562,2026-02-22,2149.12,NEFT
7603,8563,2026-04-06,3136.73,Card
7604,8563,2026-03-17,2799.55,NEFT
7605,8564,2025-10-19,2709.52,Cheque
7606,8564,2025-10-12,988.72,Card
7607,8565,2025-11-20,3725.16,NEFT
7608,8565,2025-11-09,1213.66,UPI
7609,8566,2026-02-15,3770.24,Cheque
7610,8566,2025-12-11,560.53,UPI
7611,8567,2026-05-14,2215.11,UPI
7612,8569,2026-04-11,6443.22,UPI
7613,8570,2026-08-22,3556.49,NEFT
7614,8571,2026-04-30,2584.7,Card
7615,8572,2026-09-27,2101.45,Card
7616,8572,2026-09-17,1536.38,Cheque
7617,8573,2026-08-04,3733.96,NEFT
7618,8574,2026-07-01,4202.5,NEFT
7619,8575,2026-02-03,9995.28,NEFT
7620,8575,2026-02-02,2513.15,Cheque
7621,8576,2026-02-13,2626.84,Cheque
7622,8577,2026-02-04,5763.92,UPI
7623,8578,2026-04-11,9479.66,NEFT
7624,8579,2026-07-14,2916.43,Cheque
7625,8580,2026-07-28,2903.05,UPI
7626,8581,2025-11-14,1495.04,NEFT
7627,8582,2026-04-01,8139.95,NEFT
7628,8583,2025-12-09,7506.57,NEFT
7629,8584,2026-01-09,2335.03,Card
7630,8584,2026-01-16,833.07,NEFT
7631,8585,2025-12-25,1479.64,UPI
7632,8585,2025-12-30,1580.59,Cheque
7633,8586,2025-10-05,1118.81,NEFT
7634,8587,2025-12-14,3143.12,UPI
7635,8587,2026-01-12,2526.48,NEFT
7636,8588,2026-05-21,3802.72,Cheque
7637,8589,2026-07-25,2400.15,Cheque
7638,8590,2026-03-07,2696.75,UPI
7639,8592,2026-05-15,3685.07,Cheque
7640,8593,2026-09-02,1871.98,UPI
7641,8594,2026-07-18,5265.53,Cheque
7642,8595,2026-07-23,2003.28,UPI
7643,8596,2026-05-17,8383.75,Card
7644,8597,2026-01-09,16693.03,Card
7645,8599,2026-04-20,2840.23,UPI
7646,8600,2026-02-28,5585.93,Card
7647,8601,2025-12-13,4599.74,Cheque
7648,8601,2026-01-08,103.61,Card
7649,8602,2025-10-15,5951.8,UPI
7650,8602,2025-11-09,7659.75,UPI
7651,8603,2026-08-25,4923.39,NEFT
7652,8604,2026-07-29,5888.01,Card
7653,8605,2026-02-28,7057.58,NEFT
7654,8607,2026-07-15,7550.36,UPI
7655,8608,2025-11-25,5255.77,Cheque
7656,8609,2026-07-14,4611.12,UPI
7657,8610,2026-03-04,1078.13,UPI
7658,8612,2026-04-29,5800.93,Card
7659,8613,2026-01-16,4260.33,NEFT
7660,8614,2025-11-21,9103.19,UPI
7661,8615,2025-12-30,5643.39,Card
7662,8615,2025-12-16,3518.18,Card
7663,8616,2026-02-11,6075.57,UPI
7664,8616,2026-02-03,511.51,NEFT
7665,8618,2026-01-21,7459.68,Cheque
7666,8619,2025-10-10,1559.05,Card
7667,8621,2025-10-24,2075.81,Cheque
7668,8622,2026-08-03,16513.09,UPI
7669,8623,2026-01-10,1832.83,Card
7670,8624,2026-05-24,943.79,UPI
7671,8625,2025-12-11,27274.98,Cheque
7672,8626,2026-07-08,4642.04,Cheque
7673,8627,2026-02-11,10229.15,NEFT
7674,8628,2025-11-14,8987.09,NEFT
7675,8629,2026-07-02,11539.28,Card
7676,8630,2026-04-28,4234.16,Cheque
7677,8630,2026-05-06,3789.1,Cheque
7678,8631,2026-01-25,8063.48,Cheque
7679,8632,2026-03-26,769.07,UPI
7680,8633,2026-04-02,2302.35,NEFT
7681,8633,2026-04-21,10.64,NEFT
7682,8634,2026-06-23,610.89,Card
7683,8635,2026-09-13,2594.78,UPI
7684,8636,2026-01-30,3032.9,NEFT
7685,8636,2026-02-14,231.25,Cheque
7686,8637,2026-09-19,4554.77,UPI
7687,8638,2026-08-11,1895.05,Card
7688,8639,2026-04-14,3771.59,NEFT
7689,8640,2026-05-27,2377.29,NEFT
7690,8640,2026-05-27,926.68,Card
7691,8642,2026-01-14,6117.92,Card
7692,8643,2026-10-06,5934.63,NEFT
7693,8644,2026-02-21,8278.71,Card
7694,8645,2026-06-26,5824.71,Card
7695,8646,2026-05-02,9793.39,Card
7696,8646,2026-04-23,3130.02,Cheque
7697,8647,2026-01-29,22214.73,Cheque
7698,8648,2026-06-03,706.4,UPI
7699,8649,2026-06-29,12379.0,UPI
7700,8650,2026-02-17,979.38,NEFT
7701,8650,2026-03-09,802.66,Cheque
7702,8651,2026-01-25,5801.27,NEFT
7703,8652,2026-10-05,6162.74,UPI
7704,8653,2026-07-01,8135.09,Card
7705,8654,2026-08-29,4800.35,Card
7706,8655,2026-02-20,4980.52,Card
7707,8657,2026-06-22,3790.6,UPI
7708,8659,2026-05-13,4992.99,NEFT
7709,8660,2025-10-17,2746.63,Card
7710,8661,2026-03-20,2565.13,Cheque
7711,8662,2026-06-25,1320.18,UPI
7712,8662,2026-06-23,1052.89,NEFT
7713,8663,2026-08-13,1032.97,Card
7714,8665,2026-09-18,2282.21,NEFT
7715,8665,2026-09-13,2720.98,Card
7716,8666,2026-02-25,9242.81,NEFT
7717,8667,2026-01-30,1798.59,UPI
7718,8668,2026-03-12,17662.63,Cheque
7719,8669,2026-01-27,7976.06,Card
7720,8670,2026-09-19,2039.22,NEFT
7721,8671,2026-06-14,3383.16,Card
7722,8672,2026-01-21,25195.69,Cheque
7723,8674,2026-01-19,3280.29,UPI
7724,8675,2026-04-06,10211.99,UPI
7725,8676,2025-09-28,1822.97,NEFT
7726,8677,2026-08-23,3213.29,NEFT
7727,8678,2026-01-06,775.29,UPI
7728,8679,2026-02-10,6977.31,Cheque
7729,8679,2026-03-11,1127.05,NEFT
7730,8680,2026-09-24,1967.95,Cheque
7731,8682,2026-04-19,1451.05,Card
7732,8683,2026-09-21,5869.51,Card
7733,8684,2026-04-12,4712.0,Card
7734,8685,2026-01-12,1537.82,UPI
7735,8686,2025-12-06,3412.92,UPI
7736,8687,2026-08-02,5238.63,UPI
7737,8687,2026-08-05,323.58,UPI
7738,8688,2025-12-09,7139.07,Cheque
7739,8689,2026-06-16,17744.56,UPI
7740,8690,2025-12-11,13246.56,Card
7741,8691,2026-07-22,1717.47,Cheque
7742,8691,2026-07-25,1149.91,UPI
7743,8692,2026-04-12,2839.53,Cheque
7744,8693,2026-03-21,1591.9,Cheque
7745,8694,2026-08-07,2148.97,Card
7746,8695,2025-09-17,9949.9,UPI
7747,8696,2026-05-15,1402.34,Cheque
7748,8697,2026-04-27,4417.15,Cheque
7749,8698,2026-02-19,3928.27,UPI
7750,8699,2026-01-08,2726.91,UPI
7751,8701,2025-12-23,1098.51,Card
7752,8702,2026-08-08,1776.73,NEFT
7753,8703,2026-02-23,4678.39,NEFT
7754,8704,2026-08-18,4332.01,Card
7755,8704,2026-08-25,3733.23,NEFT
7756,8705,2026-03-19,18155.67,Card
7757,8706,2026-02-01,6072.75,Cheque
7758,8707,2026-03-10,8033.81,Cheque
7759,8708,2025-12-05,18101.79,NEFT
7760,8709,2025-11-20,6554.17,Cheque
7761,8710,2026-09-14,10978.08,Card
7762,8711,2026-01-07,2793.97,UPI
7763,8711,2025-12-25,896.54,Card
7764,8712,2026-07-01,8903.45,UPI
7765,8713,2026-08-04,4026.15,UPI
7766,8713,2026-08-19,1888.52,NEFT
7767,8715,2026-04-02,17239.44,Card
7768,8716,2026-08-25,1909.74,Card
7769,8717,2026-08-01,2513.08,NEFT
7770,8718,2026-04-19,11520.67,UPI
7771,8718,2026-04-04,1305.94,NEFT
7772,8719,2026-07-22,10873.81,Cheque
7773,8720,2026-07-23,4036.69,UPI
7774,8720,2026-07-05,1014.36,Cheque
7775,8721,2026-09-19,6561.33,UPI
7776,8722,2026-06-06,7563.58,NEFT
7777,8723,2026-05-23,6695.6,Cheque
7778,8724,2026-09-11,6063.96,Cheque
7779,8725,2026-02-18,2552.47,NEFT
7780,8726,2026-01-17,6094.92,NEFT
7781,8726,2026-01-18,7369.13,Card
7782,8727,2026-05-05,4246.93,Cheque
7783,8728,2026-10-11,2263.64,Card
7784,8729,2026-01-26,5279.0,Cheque
7785,8729,2026-01-29,287.22,Cheque
7786,8730,2026-07-01,6579.83,Card
7787,8731,2025-11-16,6860.1,Card
7788,8733,2026-06-08,3148.11,UPI
7789,8734,2026-01-13,4746.05,NEFT
7790,8735,2026-09-02,2545.37,Card
7791,8738,2026-06-23,3118.98,Cheque
7792,8739,2026-05-13,10981.36,UPI
7793,8740,2026-04-06,3294.45,Card
7794,8741,2026-07-10,15628.41,UPI
7795,8742,2026-04-15,12817.51,UPI
7796,8743,2026-01-19,5941.92,NEFT
7797,8745,2026-02-27,3177.42,NEFT
7798,8746,2026-05-07,11525.52,Card
7799,8747,2025-10-16,6685.48,UPI
7800,8748,2026-09-02,10351.04,UPI
7801,8749,2025-10-31,2980.07,UPI
7802,8751,2026-07-21,7472.59,UPI
7803,8752,2026-02-28,5876.92,Card
7804,8752,2026-02-16,2896.02,NEFT
7805,8753,2026-07-18,3023.94,Cheque
7806,8753,2026-06-25,2286.05,UPI
7807,8754,2026-04-24,7943.32,Card
7808,8755,2026-02-26,2529.04,Cheque
7809,8756,2026-08-07,10600.24,Cheque
7810,8757,2026-07-03,10750.89,NEFT
7811,8758,2026-10-04,11313.35,Cheque
7812,8759,2026-08-19,5521.3,Card
7813,8760,2025-11-22,12918.15,UPI
7814,8761,2026-08-22,2004.0,UPI
7815,8762,2025-09-26,7910.69,UPI
7816,8763,2026-06-25,8869.32,Cheque
7817,8764,2026-02-27,5867.07,Card
7818,8765,2026-06-29,2356.42,NEFT
7819,8766,2026-02-05,6006.99,Cheque
7820,8768,2026-05-26,1044.48,Cheque
7821,8769,2025-11-16,1948.9,Card
7822,8770,2025-10-27,12659.96,Cheque
7823,8773,2026-09-07,12482.89,NEFT
7824,8774,2026-10-18,7740.22,UPI
7825,8776,2026-02-02,8939.52,Card
7826,8776,2026-01-19,1702.66,NEFT
7827,8777,2025-10-12,3854.43,Cheque
7828,8778,2026-08-23,5181.9,UPI
7829,8780,2026-05-22,3349.5,Card
7830,8781,2025-10-31,2439.5,Cheque
7831,8784,2026-06-03,10468.66,Card
7832,8785,2026-05-28,3084.58,Card
7833,8785,2026-06-02,2777.92,UPI
7834,8786,2026-08-05,3911.68,Card
7835,8788,2026-03-25,3581.48,NEFT
7836,8789,2026-03-27,4650.16,Card
7837,8789,2026-04-03,225.95,Card
7838,8790,2026-08-07,2591.57,Card
7839,8791,2026-05-09,8414.45,Cheque
7840,8792,2026-05-01,8759.73,Cheque
7841,8793,2026-06-09,10345.2,UPI
7842,8796,2025-12-20,2169.25,Cheque
7843,8797,2026-10-03,2097.82,Card
7844,8798,2026-04-24,6516.14,NEFT
7845,8799,2026-03-21,12063.16,UPI
7846,8801,2026-04-26,4456.71,UPI
7847,8801,2026-04-25,565.78,NEFT
7848,8802,2026-04-21,5064.4,Cheque
7849,8803,2026-08-08,488.74,Cheque
7850,8803,2026-08-27,655.58,UPI
7851,8804,2026-05-22,6060.41,UPI
7852,8806,2026-07-04,8152.32,Card
7853,8808,2026-08-19,1824.29,Card
7854,8808,2026-08-26,2507.7,NEFT
7855,8809,2026-04-30,4408.15,Card
7856,8810,2026-01-28,3849.03,UPI
7857,8811,2025-12-04,937.43,Card
7858,8811,2025-12-20,744.93,Cheque
7859,8812,2025-12-16,10720.06,UPI
7860,8813,2026-03-30,3011.13,UPI
7861,8815,2026-01-11,5326.48,Cheque
7862,8816,2026-06-09,2048.27,UPI
7863,8818,2025-11-06,23164.76,UPI
7864,8819,2026-05-02,6545.81,Cheque
7865,8820,2026-08-27,1017.55,UPI
7866,8820,2026-07-26,1499.77,Card
7867,8822,2025-11-28,11140.12,Cheque
7868,8823,2026-01-06,2225.03,UPI
7869,8824,2026-02-02,3238.6,NEFT
7870,8825,2025-12-07,3583.9,Cheque
7871,8826,2026-01-21,1395.46,Card
7872,8826,2026-01-13,1012.87,UPI
7873,8827,2025-12-23,4704.17,Cheque
7874,8828,2025-11-27,3216.55,NEFT
7875,8829,2025-11-05,8152.67,Cheque
7876,8830,2026-04-14,5595.03,Card
7877,8831,2025-12-14,13027.2,Cheque
7878,8832,2025-10-02,7807.3,UPI
7879,8833,2026-06-29,2329.34,NEFT
7880,8834,2026-05-23,3849.05,UPI
7881,8835,2026-07-10,28018.99,NEFT
7882,8836,2026-04-29,1979.16,NEFT
7883,8837,2026-01-07,9464.41,UPI
7884,8838,2026-02-16,7751.11,NEFT
7885,8839,2026-01-15,2535.21,UPI
7886,8840,2026-07-11,2634.99,Cheque
7887,8841,2026-07-13,14915.76,Card
7888,8842,2026-04-03,12354.52,UPI
7889,8843,2026-04-04,5065.15,UPI
7890,8843,2026-04-13,1987.27,NEFT
7891,8844,2026-09-01,1649.5,NEFT
7892,8845,2026-07-21,6805.05,Cheque
7893,8845,2026-07-24,6861.13,Card
7894,8846,2026-01-18,1643.93,Card
7895,8847,2026-09-10,8860.45,Card
7896,8848,2025-11-04,1368.93,UPI
7897,8849,2026-01-22,5030.57,Cheque
7898,8850,2026-06-12,10149.48,NEFT
7899,8852,2026-04-25,3276.37,NEFT
7900,8853,2025-10-21,3589.19,NEFT
7901,8853,2025-11-18,2063.25,Card
7902,8855,2026-07-12,1983.25,Card
7903,8855,2026-06-06,939.66,UPI
7904,8856,2026-05-11,4493.62,NEFT
7905,8857,2026-05-31,11466.81,Card
7906,8858,2026-03-16,14948.36,UPI
7907,8859,2026-09-15,8788.59,Cheque
7908,8860,2026-08-02,17324.59,UPI
7909,8861,2026-03-30,3259.63,NEFT
7910,8863,2026-03-08,2213.03,UPI
7911,8864,2026-05-12,52161.12,Card
7912,8865,2025-11-20,5417.07,Cheque
7913,8866,2025-12-22,9513.61,Card
7914,8867,2026-05-17,1220.75,NEFT
7915,8869,2026-02-28,5476.12,NEFT
7916,8870,2026-07-31,4236.4,UPI
7917,8870,2026-06-21,3011.57,Card
7918,8871,2025-10-11,5054.58,Cheque
7919,8872,2026-04-12,4543.06,NEFT
7920,8873,2026-07-21,3907.58,NEFT
7921,8874,2026-02-24,4653.93,Cheque
7922,8875,2026-01-22,16184.57,NEFT
7923,8876,2026-01-08,3726.73,UPI
7924,8877,2026-01-19,30461.54,UPI
7925,8878,2025-12-29,5251.63,UPI
7926,8879,2026-01-25,8167.5,Card
7927,8880,2026-07-01,12485.64,Cheque
7928,8881,2026-09-17,1184.8,NEFT
7929,8881,2026-09-22,246.65,NEFT
7930,8882,2026-09-18,1695.44,Cheque
7931,8883,2026-03-05,2906.22,Cheque
7932,8884,2026-09-19,1454.25,Card
7933,8886,2026-06-05,5113.75,Cheque
7934,8888,2026-02-15,5777.08,Cheque
7935,8889,2026-10-01,5021.0,UPI
7936,8890,2026-02-12,11341.07,Card
7937,8891,2025-10-30,5279.95,UPI
7938,8892,2026-02-08,23004.98,Card
7939,8894,2026-01-22,726.63,NEFT
7940,8896,2025-11-23,30712.29,Cheque
7941,8897,2026-08-03,11361.46,Card
7942,8898,2026-05-16,13649.16,UPI
7943,8899,2025-11-10,5394.08,Card
7944,8901,2026-03-14,7883.24,Cheque
7945,8901,2026-02-20,6352.86,NEFT
7946,8903,2025-12-15,2154.4,NEFT
7947,8903,2025-11-29,1195.1,Cheque
7948,8904,2026-05-03,7193.66,NEFT
7949,8905,2026-10-02,10857.4,Cheque
7950,8907,2026-01-22,4278.55,UPI
7951,8908,2026-08-02,1047.78,Card
7952,8910,2026-09-22,16481.18,Cheque
7953,8910,2026-09-17,2838.6,Cheque
7954,8911,2026-09-25,3035.04,Card
7955,8912,2026-03-27,3977.17,UPI
7956,8913,2026-03-20,8490.83,Card
7957,8914,2026-01-25,11072.52,Card
7958,8915,2026-04-28,10744.26,Card
7959,8916,2026-04-24,5151.52,Cheque
7960,8918,2025-12-27,7619.45,NEFT
7961,8919,2026-03-04,2099.78,UPI
7962,8919,2026-03-10,747.72,Card
7963,8920,2026-08-30,1231.95,NEFT
7964,8921,2026-01-19,2439.56,Cheque
7965,8922,2026-11-08,9343.19,UPI
7966,8922,2026-10-25,6463.33,Cheque
7967,8923,2026-03-21,29371.02,Cheque
7968,8924,2026-01-28,4648.87,UPI
7969,8925,2025-09-22,15326.48,Cheque
7970,8926,2026-01-25,3941.33,UPI
7971,8927,2026-01-28,6156.16,Cheque
7972,8928,2026-02-12,3058.96,UPI
7973,8929,2026-06-16,11257.97,NEFT
7974,8930,2026-08-15,2999.8,Cheque
7975,8932,2026-07-15,5190.55,NEFT
7976,8934,2025-12-09,5699.4,UPI
7977,8935,2025-10-26,3435.69,Cheque
7978,8936,2025-10-31,2434.39,Card
7979,8937,2025-09-27,1296.83,UPI
7980,8938,2026-08-07,3470.97,UPI
7981,8939,2025-12-10,2882.7,Cheque
7982,8939,2025-12-08,1541.58,Card
7983,8940,2026-03-29,7363.8,Cheque
7984,8941,2025-12-14,1965.51,Cheque
7985,8942,2026-01-10,5076.01,UPI
7986,8942,2026-01-13,3457.39,Card
7987,8943,2025-10-15,3108.41,Card
7988,8944,2026-03-31,3025.29,Card
7989,8944,2026-05-25,289.59,NEFT
7990,8945,2025-11-12,11478.93,Cheque
7991,8945,2025-11-17,2098.57,Card
7992,8946,2025-10-14,449.7,Cheque
7993,8946,2025-10-29,239.35,Card
7994,8947,2026-07-22,1873.81,NEFT
7995,8948,2026-08-21,5185.96,Cheque
7996,8949,2026-09-12,4980.16,Cheque
7997,8950,2026-02-21,544.04,UPI
7998,8950,2026-03-03,737.23,NEFT
7999,8951,2026-08-29,2095.19,UPI
8000,8951,2026-08-21,1271.98,UPI
8001,8952,2025-11-24,8516.38,Cheque
8002,8952,2025-11-10,2243.78,UPI
8003,8953,2026-09-22,1132.48,UPI
8004,8953,2026-08-21,839.77,Cheque
8005,8955,2025-12-17,2819.36,UPI
8006,8956,2026-06-26,1117.51,Cheque
8007,8957,2026-08-10,4399.11,Cheque
8008,8957,2026-09-26,5229.19,Cheque
8009,8958,2026-03-30,6110.39,NEFT
8010,8959,2025-11-21,1547.57,UPI
8011,8960,2026-07-22,3238.84,Cheque
8012,8961,2026-08-14,10974.5,Card
8013,8962,2025-12-08,7935.81,UPI
8014,8963,2025-12-21,6515.21,Cheque
8015,8963,2026-03-25,5688.58,NEFT
8016,8964,2025-10-15,2011.31,Cheque
8017,8965,2026-07-15,13325.25,NEFT
8018,8966,2026-04-13,1600.44,Card
8019,8967,2026-03-15,1641.45,UPI
8020,8968,2026-08-08,9752.59,Card
8021,8969,2025-11-03,1723.87,NEFT
8022,8970,2026-01-19,16835.45,Cheque
8023,8971,2025-11-06,845.13,NEFT
8024,8971,2025-10-16,990.72,Cheque
8025,8972,2026-01-19,2297.42,NEFT
8026,8975,2026-08-25,5607.14,NEFT
8027,8975,2026-08-05,3838.58,Cheque
8028,8976,2026-02-05,2051.82,NEFT
8029,8977,2026-08-22,4007.46,NEFT
8030,8978,2026-06-30,9044.26,UPI
8031,8979,2026-08-16,2541.76,Card
8032,8980,2025-11-26,6529.35,Cheque
8033,8981,2025-10-03,3747.95,UPI
8034,8982,2026-04-18,5504.2,NEFT
8035,8983,2026-01-16,2241.86,NEFT
8036,8985,2026-06-27,2544.98,Cheque
8037,8986,2026-09-20,3071.79,NEFT
8038,8987,2026-03-25,12164.27,NEFT
8039,8987,2026-03-13,5061.39,NEFT
8040,8989,2026-01-06,7176.97,Card
8041,8990,2026-03-09,2163.84,Card
8042,8990,2026-02-05,788.34,UPI
8043,8991,2026-03-18,2549.19,Cheque
8044,8994,2026-06-26,5633.96,Cheque
8045,8995,2025-10-26,8173.16,Card
8046,8996,2026-03-31,5057.97,NEFT
8047,8997,2026-08-18,6615.36,Card
8048,8998,2026-10-07,10571.89,Cheque
8049,9000,2026-03-15,5869.44,NEFT
8050,9000,2026-02-08,6169.45,NEFT
8051,9002,2026-08-21,3554.53,UPI
8052,9003,2025-11-24,5129.51,NEFT
8053,9004,2026-03-11,2580.42,NEFT
8054,9006,2026-09-05,9877.7,Card
8055,9007,2026-02-09,3083.45,Cheque
8056,9008,2026-09-11,15171.28,UPI
8057,9009,2026-09-01,6477.2,Cheque
8058,9009,2026-09-23,8774.08,NEFT
8059,9010,2026-03-07,7173.03,Card
8060,9011,2025-12-23,2721.37,UPI
8061,9011,2025-12-25,1171.59,NEFT
8062,9013,2026-04-19,699.26,UPI
8063,9013,2026-04-03,314.78,NEFT
8064,9014,2026-09-16,7700.92,Card
8065,9015,2025-11-05,2054.93,Card
8066,9016,2026-08-16,1360.05,NEFT
8067,9016,2026-08-28,938.44,NEFT
8068,9017,2026-01-23,7769.8,NEFT
8069,9019,2026-05-14,5950.75,Cheque
8070,9020,2025-11-20,7227.58,UPI
8071,9021,2026-10-18,18050.94,UPI
8072,9023,2026-03-29,3221.17,NEFT
8073,9024,2025-10-17,3264.0,NEFT
8074,9024,2025-09-25,1444.53,Card
8075,9025,2026-03-21,2827.71,NEFT
8076,9026,2026-09-09,22493.84,UPI
8077,9027,2026-07-21,6734.37,NEFT
8078,9028,2025-10-23,6459.17,Cheque
8079,9028,2025-11-22,1522.69,Card
8080,9029,2026-06-20,14752.9,Cheque
8081,9030,2026-02-18,2537.85,Cheque
8082,9031,2026-04-28,1597.19,NEFT
8083,9032,2026-09-08,4909.86,Card
8084,9033,2025-12-10,1600.79,NEFT
8085,9034,2026-09-17,3598.63,Cheque
8086,9035,2025-10-05,874.86,NEFT
8087,9036,2026-05-07,1695.69,Card
8088,9037,2026-05-27,13300.24,Cheque
8089,9039,2026-08-13,21063.87,UPI
8090,9040,2025-11-05,4876.99,Cheque
8091,9041,2026-05-22,3369.35,NEFT
8092,9042,2026-02-01,5940.64,Cheque
8093,9043,2026-08-11,87919.45,Cheque
8094,9044,2025-11-05,11605.99,Cheque
8095,9045,2025-12-29,2552.2,UPI
8096,9046,2025-10-12,6926.2,NEFT
8097,9047,2026-03-18,5649.07,Card
8098,9048,2025-09-21,7661.97,NEFT
8099,9048,2025-10-06,1239.01,Card
8100,9050,2026-10-07,7010.81,UPI
8101,9051,2025-11-23,1699.87,NEFT
8102,9052,2026-06-20,22218.32,NEFT
8103,9053,2026-07-13,1758.99,UPI
8104,9055,2026-05-10,10284.16,Card
8105,9056,2026-05-09,1833.66,UPI
8106,9057,2026-03-09,2229.66,Cheque
8107,9057,2026-03-11,2567.47,NEFT
8108,9059,2026-06-20,2753.04,UPI
8109,9059,2026-06-10,2095.93,Card
8110,9060,2026-04-04,1412.9,NEFT
8111,9062,2026-10-05,3841.03,NEFT
8112,9063,2025-11-02,14457.75,Card
8113,9064,2026-02-15,6806.22,NEFT
8114,9065,2026-04-18,9024.49,Cheque
8115,9067,2026-05-16,3532.13,Card
8116,9069,2025-11-27,5880.68,UPI
8117,9070,2026-02-22,683.37,NEFT
8118,9070,2026-03-30,37.21,Cheque
8119,9071,2025-10-16,5136.03,NEFT
8120,9072,2025-11-22,6118.33,NEFT
8121,9072,2025-12-02,2440.87,Cheque
8122,9073,2026-05-16,2819.5,Card
8123,9074,2026-04-15,10008.7,Card
8124,9075,2025-09-22,6645.31,UPI
8125,9076,2026-08-14,3640.11,NEFT
8126,9078,2025-10-20,3723.13,NEFT
8127,9079,2026-07-13,4245.58,UPI
8128,9079,2026-07-28,1993.77,Cheque
8129,9080,2026-04-16,4061.29,UPI
8130,9081,2026-08-01,7757.36,NEFT
8131,9082,2025-10-16,14686.04,Cheque
8132,9083,2025-09-28,3527.34,Card
8133,9084,2026-08-09,4615.99,NEFT
8134,9084,2026-08-14,5674.49,Cheque
8135,9085,2026-03-12,3936.41,UPI
8136,9088,2025-10-23,1295.68,UPI
8137,9092,2025-11-01,13735.68,Card
8138,9092,2025-11-13,3604.98,NEFT
8139,9093,2026-03-20,18937.32,Card
8140,9094,2026-07-07,14236.32,NEFT
8141,9096,2026-09-16,2410.0,Cheque
8142,9096,2026-09-22,1567.27,Card
8143,9097,2026-05-06,2214.25,Cheque
8144,9098,2026-09-06,5253.57,Card
8145,9099,2026-03-26,5033.12,UPI
8146,9100,2025-12-06,7692.1,NEFT
8147,9102,2026-05-06,3706.28,Card
8148,9103,2026-01-18,1288.5,UPI
8149,9104,2025-11-29,2819.63,Card
8150,9106,2026-08-22,2071.55,Cheque
8151,9107,2025-09-21,20178.56,Cheque
8152,9108,2026-09-24,11207.24,Cheque
8153,9110,2026-04-09,14530.75,NEFT
8154,9111,2025-10-12,4538.57,Cheque
8155,9112,2026-01-04,2771.58,Cheque
8156,9113,2026-04-13,4630.59,NEFT
8157,9114,2026-10-22,1264.1,Cheque
8158,9115,2026-09-05,12962.08,Card
8159,9116,2025-12-08,3782.28,Cheque
8160,9117,2026-04-12,2700.96,UPI
8161,9117,2026-04-23,31.69,Cheque
8162,9118,2025-12-30,2997.57,NEFT
8163,9119,2025-10-04,5066.75,UPI
8164,9120,2025-11-25,5502.14,Cheque
8165,9121,2026-08-15,3494.61,NEFT
8166,9121,2026-07-29,953.84,UPI
8167,9122,2026-03-18,4432.65,UPI
8168,9124,2025-11-19,2076.11,Card
8169,9125,2025-12-01,5987.0,Card
8170,9126,2026-03-05,3877.33,Card
8171,9127,2026-04-12,1011.11,Cheque
8172,9128,2026-03-11,2101.8,UPI
8173,9129,2026-06-09,1993.47,NEFT
8174,9129,2026-06-06,659.96,NEFT
8175,9130,2026-09-05,17922.29,Cheque
8176,9131,2026-09-04,7181.02,Cheque
8177,9133,2025-12-24,3386.72,NEFT
8178,9134,2026-09-13,2314.8,UPI
8179,9135,2026-02-05,1329.09,Card
8180,9135,2026-02-04,611.78,Card
8181,9136,2026-06-30,3850.91,NEFT
8182,9137,2026-02-14,15028.15,Cheque
8183,9138,2025-12-07,1741.84,UPI
8184,9139,2026-08-29,3127.69,Card
8185,9140,2026-08-25,8703.77,Card
8186,9141,2026-05-04,10466.9,UPI
8187,9142,2026-08-14,2809.5,Cheque
8188,9143,2026-03-05,8418.59,Cheque
8189,9143,2026-03-25,4265.32,Card
8190,9144,2026-03-13,3531.35,Card
8191,9145,2026-09-28,1172.53,Cheque
8192,9145,2026-09-14,821.25,Cheque
8193,9146,2026-05-08,16578.18,NEFT
8194,9148,2026-06-05,2231.92,Cheque
8195,9148,2026-07-06,2139.77,Cheque
8196,9149,2026-06-27,5750.59,Cheque
8197,9150,2025-11-23,2301.36,Cheque
8198,9151,2025-12-25,3189.66,Cheque
8199,9152,2026-07-24,11404.95,NEFT
8200,9152,2026-08-26,4378.46,Card
8201,9153,2026-07-21,22125.79,Cheque
8202,9154,2026-05-23,1730.05,NEFT
8203,9155,2026-05-18,3661.79,NEFT
8204,9156,2026-01-05,5017.58,Card
8205,9157,2025-11-27,3676.51,Card
8206,9159,2026-02-26,8413.1,Cheque
8207,9160,2026-02-07,8937.26,NEFT
8208,9161,2025-12-16,9871.85,NEFT
8209,9162,2026-08-20,9128.57,Card
8210,9164,2026-04-16,11043.95,Card
8211,9165,2026-03-30,7726.77,Cheque
8212,9166,2026-03-19,1525.52,Card
8213,9167,2025-11-22,1534.13,NEFT
8214,9168,2026-10-04,6400.0,Card
8215,9169,2026-06-24,13986.5,Card
8216,9171,2025-12-12,8005.19,Cheque
8217,9172,2026-03-13,2142.91,Cheque
8218,9174,2026-08-05,12467.47,NEFT
8219,9175,2026-06-20,7142.67,UPI
8220,9176,2025-11-10,5436.59,Cheque
8221,9177,2025-12-26,4031.54,Cheque
8222,9179,2026-02-20,6719.64,Cheque
8223,9180,2025-10-08,5989.86,Card
8224,9181,2025-11-30,4878.51,Cheque
8225,9182,2026-07-30,1583.61,NEFT
8226,9183,2026-02-28,8841.7,NEFT
8227,9183,2026-01-02,4368.0,Cheque
8228,9184,2026-04-12,2356.32,NEFT
8229,9185,2026-01-03,6046.14,Card
8230,9187,2026-04-02,9233.2,Cheque
8231,9187,2026-02-15,11691.0,Cheque
8232,9188,2026-04-21,5346.15,Card
8233,9189,2026-03-28,15217.89,UPI
8234,9190,2025-12-12,5110.75,UPI
8235,9192,2025-12-22,45721.8,NEFT
8236,9194,2025-11-15,51753.78,NEFT
8237,9195,2026-08-17,18395.97,UPI
8238,9196,2026-01-14,3156.92,UPI
8239,9197,2025-11-05,6676.96,Card
8240,9198,2026-01-01,1296.28,Card
8241,9198,2026-02-25,338.05,Cheque
8242,9199,2026-08-23,8035.46,NEFT
8243,9200,2026-01-07,6469.62,Cheque
8244,9201,2026-09-04,10000.32,Card
8245,9202,2025-12-11,3619.21,NEFT
8246,9203,2026-02-22,5678.33,UPI
8247,9204,2026-07-16,7318.88,NEFT
8248,9205,2026-09-11,3382.68,Cheque
8249,9207,2026-04-30,5548.62,Card
8250,9208,2026-06-21,6585.94,Card
8251,9209,2026-05-29,2568.23,Cheque
8252,9210,2025-12-05,1334.24,Card
8253,9211,2026-06-01,1702.96,Card
8254,9212,2026-02-12,8056.58,UPI
8255,9213,2026-02-23,1966.59,UPI
8256,9214,2026-03-02,8957.94,Card
8257,9215,2026-08-16,11048.97,Cheque
8258,9215,2026-08-16,7739.27,Card
8259,9216,2026-06-07,7096.1,UPI
8260,9216,2026-05-21,2168.67,Cheque
8261,9217,2026-05-01,7032.11,NEFT
8262,9218,2026-01-29,5419.91,UPI
8263,9218,2026-01-06,3028.55,NEFT
8264,9219,2026-02-05,12093.36,NEFT
8265,9222,2026-02-02,1778.54,Card
8266,9222,2026-03-22,1402.17,UPI
8267,9223,2026-04-23,2289.81,NEFT
8268,9224,2026-07-17,1425.05,Cheque
8269,9224,2026-08-08,1911.05,Cheque
8270,9225,2026-08-28,3851.07,Cheque
8271,9226,2026-05-24,3727.38,Card
8272,9228,2026-03-09,569.4,NEFT
8273,9230,2026-04-16,9061.75,Cheque
8274,9231,2026-03-13,8800.85,UPI
8275,9232,2026-01-01,2596.83,NEFT
8276,9233,2025-12-04,20093.82,Cheque
8277,9234,2026-01-22,1652.74,UPI
8278,9236,2026-03-05,3902.34,NEFT
8279,9237,2025-12-29,3871.17,Cheque
8280,9239,2026-04-22,2833.99,NEFT
8281,9239,2026-04-28,2230.27,Cheque
8282,9240,2026-05-14,6457.6,Card
8283,9241,2026-03-10,10103.6,NEFT
8284,9242,2026-06-25,2997.48,Card
8285,9243,2026-01-05,4417.85,UPI
8286,9244,2026-05-10,19111.54,Cheque
8287,9247,2025-12-25,2520.23,Cheque
8288,9248,2026-08-10,10206.09,UPI
8289,9249,2026-01-18,2025.59,Cheque
8290,9250,2025-12-19,1433.78,Card
8291,9250,2025-12-24,1991.03,Cheque
8292,9251,2025-10-14,5883.08,NEFT
8293,9252,2026-03-14,5054.78,Cheque
8294,9253,2026-07-10,16379.2,Card
8295,9254,2026-04-21,657.62,Cheque
8296,9254,2026-05-13,46.32,NEFT
8297,9255,2026-01-15,7352.17,NEFT
8298,9256,2026-07-25,3988.33,Card
8299,9257,2026-05-02,14339.88,NEFT
8300,9258,2026-04-29,4141.0,Card
8301,9259,2025-12-16,4238.11,Cheque
8302,9260,2026-07-07,4983.72,Card
8303,9261,2026-06-13,2946.23,Card
8304,9262,2025-10-21,2690.3,Cheque
8305,9264,2026-10-05,18641.98,NEFT
8306,9265,2026-10-28,3374.87,Cheque
8307,9266,2026-07-31,2884.76,Cheque
8308,9267,2025-12-26,1757.96,UPI
8309,9268,2025-12-29,5013.6,NEFT
8310,9270,2026-10-09,2713.96,Card
8311,9272,2026-05-20,7179.84,Card
8312,9273,2026-04-02,2246.06,Card
8313,9274,2025-10-25,3227.26,UPI
8314,9275,2026-01-11,848.89,Card
8315,9275,2026-02-07,213.24,NEFT
8316,9276,2026-07-05,4112.62,Cheque
8317,9278,2026-02-08,5125.92,Card
8318,9279,2026-05-24,9503.73,NEFT
8319,9280,2026-03-08,2885.77,NEFT
8320,9280,2026-03-08,4158.59,UPI
8321,9281,2026-09-23,13164.79,NEFT
8322,9282,2025-10-31,1139.41,UPI
8323,9282,2025-11-05,1143.95,UPI
8324,9285,2026-06-09,38926.58,UPI
8325,9286,2025-11-18,15575.5,Cheque
8326,9287,2026-03-04,5735.16,Cheque
8327,9288,2025-11-09,2258.88,NEFT
8328,9288,2025-10-25,51.05,Card
8329,9289,2026-05-11,2601.63,UPI
8330,9290,2026-07-25,4353.14,Card
8331,9291,2025-11-29,22139.78,Card
8332,9294,2026-06-26,10612.67,Cheque
8333,9296,2026-03-14,2135.52,Card
8334,9297,2026-05-11,23854.55,Card
8335,9298,2025-10-23,11467.95,UPI
8336,9299,2026-05-27,9680.59,NEFT
8337,9299,2026-05-23,1897.95,NEFT
8338,9300,2026-04-19,2358.07,UPI
8339,9301,2026-09-02,12789.82,NEFT
8340,9301,2026-08-04,3179.02,Card
8341,9302,2025-10-27,2600.97,Cheque
8342,9304,2026-08-14,8716.27,NEFT
8343,9305,2026-05-28,9735.19,NEFT
8344,9306,2025-12-04,6219.77,Cheque
8345,9307,2026-03-12,3289.58,UPI
8346,9307,2026-02-25,967.97,UPI
8347,9308,2026-09-26,1140.39,UPI
8348,9309,2026-05-24,5340.5,Cheque
8349,9310,2026-05-20,866.49,Card
8350,9310,2026-04-21,15.69,Cheque
8351,9311,2026-01-24,7873.49,NEFT
8352,9312,2026-01-18,2189.37,Card
8353,9312,2026-02-16,95.96,Cheque
8354,9313,2026-03-29,4400.93,Cheque
8355,9314,2026-03-07,3320.82,UPI
8356,9315,2025-12-26,7863.63,NEFT
8357,9316,2026-06-25,2422.33,UPI
8358,9317,2026-03-24,6137.44,UPI
8359,9318,2026-07-07,5795.47,Card
8360,9319,2026-07-02,5270.12,UPI
8361,9320,2026-06-15,6845.41,Card
8362,9321,2026-08-13,1910.66,Cheque
8363,9322,2026-01-18,1967.43,Card
8364,9323,2026-06-24,15740.21,Cheque
8365,9324,2026-06-01,1458.69,UPI
8366,9325,2026-09-01,28290.22,Cheque
8367,9326,2025-12-14,3810.31,UPI
8368,9326,2025-12-17,667.92,UPI
8369,9327,2026-08-08,2532.11,UPI
8370,9328,2026-05-10,9957.81,Cheque
8371,9329,2026-10-17,3188.82,NEFT
8372,9330,2025-12-19,6553.47,Cheque
8373,9331,2026-07-28,13516.39,Cheque
8374,9332,2026-01-30,8846.68,Cheque
8375,9333,2025-12-01,7033.14,Cheque
8376,9334,2026-09-04,8441.36,UPI
8377,9335,2026-06-23,5162.89,NEFT
8378,9336,2026-06-14,8323.32,NEFT
8379,9336,2026-05-21,1243.62,NEFT
8380,9337,2025-11-11,2119.57,UPI
8381,9338,2026-07-29,16066.41,NEFT
8382,9339,2026-03-29,3662.37,Card
8383,9339,2026-03-29,750.27,Card
8384,9340,2026-09-01,5761.42,Cheque
8385,9341,2026-06-12,3890.73,Card
8386,9342,2025-12-23,4279.06,Card
8387,9343,2026-01-24,11620.11,UPI
8388,9344,2026-01-01,2260.94,NEFT
8389,9346,2026-04-17,5727.75,Card
8390,9349,2025-10-12,3539.1,UPI
8391,9350,2026-09-11,10158.59,Cheque
8392,9351,2026-01-20,4504.2,Cheque
8393,9351,2026-02-08,3006.65,Card
8394,9352,2026-01-20,3816.03,UPI
8395,9352,2025-12-25,2124.57,Card
8396,9353,2026-03-10,6149.05,NEFT
8397,9353,2026-05-17,7435.89,Card
8398,9354,2026-01-23,781.51,Cheque
8399,9355,2026-08-09,8620.18,UPI
8400,9356,2026-09-05,6161.86,NEFT
8401,9358,2026-04-27,12711.41,Cheque
8402,9359,2025-11-08,8015.11,Cheque
8403,9360,2025-12-05,8918.35,NEFT
8404,9361,2026-04-17,3921.65,Card
8405,9362,2026-07-11,4788.42,UPI
8406,9362,2026-07-14,4414.39,UPI
8407,9363,2026-01-25,2786.22,Card
8408,9364,2026-07-15,1704.21,UPI
8409,9365,2026-05-06,4948.05,Cheque
8410,9367,2026-09-17,11261.37,NEFT
8411,9368,2026-03-08,5640.6,UPI
8412,9369,2026-07-02,5302.96,Card
8413,9370,2026-10-20,11255.92,Cheque
8414,9371,2025-11-03,3827.79,NEFT
8415,9372,2025-11-04,2045.58,Card
8416,9372,2025-10-22,1143.52,Cheque
8417,9373,2026-01-01,18247.52,NEFT
8418,9374,2026-03-30,4003.74,Cheque
8419,9375,2025-11-08,10409.61,Cheque
8420,9376,2026-05-21,14837.27,Card
8421,9378,2026-06-03,6175.07,Cheque
8422,9379,2026-07-12,21066.44,Cheque
8423,9380,2026-02-09,1756.04,Cheque
8424,9381,2025-10-02,1732.37,NEFT
8425,9382,2026-09-22,9601.02,Card
8426,9383,2026-08-17,1456.63,Cheque
8427,9383,2026-08-25,2148.77,NEFT
8428,9384,2026-08-24,6515.12,NEFT
8429,9384,2026-08-21,3445.45,NEFT
8430,9385,2026-03-14,4779.31,Card
8431,9387,2026-09-15,2470.13,Cheque
8432,9388,2025-10-29,8165.64,Cheque
8433,9389,2026-01-11,3349.01,UPI
8434,9390,2025-11-06,8896.18,UPI
8435,9391,2026-01-27,33152.4,Card
8436,9392,2026-08-13,2627.0,Card
8437,9393,2026-07-22,3766.58,Cheque
8438,9394,2026-04-19,4514.27,Cheque
8439,9395,2025-12-14,6472.99,UPI
8440,9396,2025-10-03,799.6,Cheque
8441,9397,2026-06-11,5134.74,NEFT
8442,9398,2026-08-23,2515.34,NEFT
8443,9398,2026-09-13,1682.84,Cheque
8444,9399,2025-11-14,4221.9,Cheque
8445,9400,2026-03-25,6328.51,NEFT
8446,9401,2025-12-11,6637.24,Card
8447,9402,2026-06-08,5996.97,UPI
8448,9403,2026-05-15,2112.35,NEFT
8449,9404,2026-08-29,3924.91,UPI
8450,9404,2026-08-27,167.46,NEFT
8451,9405,2026-02-03,3957.22,UPI
8452,9406,2026-05-28,7623.78,Cheque
8453,9407,2026-08-13,2308.43,NEFT
8454,9408,2025-10-30,5836.51,NEFT
8455,9409,2025-11-09,11209.53,Cheque
8456,9409,2025-10-11,6901.56,NEFT
8457,9410,2025-11-13,594.97,Cheque
8458,9411,2026-03-17,4364.53,Card
8459,9412,2026-07-25,1021.81,Card
8460,9413,2026-08-09,5001.1,Card
8461,9414,2026-02-04,9755.28,NEFT
8462,9415,2025-12-29,3322.47,Card
8463,9416,2026-02-07,10488.57,Cheque
8464,9417,2026-05-11,14851.62,NEFT
8465,9418,2026-08-29,6895.42,Card
8466,9419,2026-10-16,3311.69,Cheque
8467,9420,2025-12-03,7677.1,Cheque
8468,9421,2026-07-23,19185.42,NEFT
8469,9422,2025-12-20,1723.79,UPI
8470,9423,2025-11-12,12133.39,Cheque
8471,9424,2026-01-03,1783.01,Cheque
8472,9426,2026-06-23,1863.81,UPI
8473,9427,2026-04-25,4844.91,UPI
8474,9428,2026-08-20,9167.0,Card
8475,9428,2026-09-05,4566.4,Cheque
8476,9429,2025-09-27,1000.58,Card
8477,9431,2026-04-09,2549.12,Card
8478,9431,2026-05-04,1874.48,Card
8479,9432,2026-04-16,2069.13,Cheque
8480,9434,2026-07-14,3419.77,Cheque
8481,9435,2026-05-12,30464.44,Cheque
8482,9436,2026-05-03,7449.95,Card
8483,9437,2026-09-21,5228.9,NEFT
8484,9439,2026-10-16,14647.31,Card
8485,9440,2026-01-23,15833.09,UPI
8486,9441,2026-04-03,5855.28,Card
8487,9441,2026-02-16,4649.9,NEFT
8488,9443,2026-04-17,5799.06,UPI
8489,9443,2026-04-07,7293.58,NEFT
8490,9444,2026-03-11,10348.8,NEFT
8491,9445,2026-09-10,3647.29,UPI
8492,9446,2026-03-22,13670.33,Cheque
8493,9447,2026-05-13,3548.5,UPI
8494,9448,2026-05-17,6173.67,Cheque
8495,9449,2026-02-20,1803.23,UPI
8496,9449,2025-12-26,1897.43,UPI
8497,9450,2025-12-30,8042.59,Card
8498,9450,2025-11-27,530.46,NEFT
8499,9451,2025-12-20,13916.68,Cheque
8500,9452,2025-11-14,1748.31,NEFT
8501,9452,2025-12-24,1862.55,UPI
8502,9453,2026-06-05,1616.16,Cheque
8503,9454,2025-12-30,11221.92,Cheque
8504,9455,2026-05-13,11449.17,NEFT
8505,9456,2025-11-27,17479.17,Cheque
8506,9457,2025-10-28,10222.1,UPI
8507,9459,2026-04-20,2816.52,UPI
8508,9460,2026-10-17,9016.54,Card
8509,9461,2026-04-28,27851.87,NEFT
8510,9462,2026-10-05,3212.48,NEFT
8511,9463,2026-08-27,1887.12,Card
8512,9464,2026-01-09,5595.08,Card
8513,9465,2026-04-19,5515.11,Card
8514,9465,2026-03-21,5069.38,Cheque
8515,9467,2025-10-28,20831.26,Cheque
8516,9468,2026-04-05,2512.14,Card
8517,9469,2026-03-21,1487.34,NEFT
8518,9470,2026-07-14,15683.96,UPI
8519,9471,2025-10-30,1621.07,Cheque
8520,9472,2025-12-14,5908.36,NEFT
8521,9472,2025-12-06,535.55,UPI
8522,9473,2026-04-19,15346.61,UPI
8523,9474,2026-08-18,5944.53,UPI
8524,9475,2026-03-25,2860.82,Card
8525,9476,2026-07-07,13835.95,Cheque
8526,9477,2026-09-18,5732.0,UPI
8527,9478,2026-07-31,4190.16,NEFT
8528,9479,2026-03-05,18620.14,UPI
8529,9480,2026-06-17,3700.7,Cheque
8530,9482,2026-03-06,2428.43,Card
8531,9483,2026-05-28,13227.14,UPI
8532,9484,2025-12-16,7039.63,Card
8533,9485,2026-01-19,3385.36,UPI
8534,9486,2026-10-11,804.48,Cheque
8535,9486,2026-09-14,776.83,UPI
8536,9487,2026-02-07,15431.58,Card
8537,9488,2026-02-28,3425.4,Cheque
8538,9489,2025-12-13,1166.59,UPI
8539,9490,2026-09-15,3798.01,Cheque
8540,9490,2026-09-05,1563.87,Card
8541,9491,2025-11-09,11422.45,Cheque
8542,9492,2025-09-21,8895.48,UPI
8543,9493,2026-09-23,4604.61,UPI
8544,9493,2026-08-27,730.96,Card
8545,9494,2026-05-28,3511.35,NEFT
8546,9495,2026-09-15,2620.58,NEFT
8547,9496,2026-01-15,13876.8,UPI
8548,9497,2025-12-23,1048.32,UPI
8549,9498,2026-06-20,2339.87,UPI
8550,9499,2026-03-13,4631.0,Card
8551,9500,2026-05-20,1014.08,Card
8552,9501,2026-03-22,3956.66,NEFT
8553,9501,2026-03-25,243.31,Card
8554,9502,2026-07-22,1873.61,Cheque
8555,9503,2025-12-01,7310.21,Card
8556,9504,2025-11-07,3160.98,UPI
8557,9505,2026-08-26,2808.32,NEFT
8558,9506,2026-01-28,2989.18,Cheque
8559,9507,2026-02-04,4148.26,Card
8560,9508,2026-06-25,4731.81,Cheque
8561,9509,2026-04-13,10657.68,Cheque
8562,9510,2026-04-22,13141.88,UPI
8563,9511,2026-08-31,3974.12,NEFT
8564,9512,2026-08-13,1150.69,Cheque
8565,9512,2026-07-10,1711.97,Card
8566,9513,2026-06-28,3576.11,Cheque
8567,9514,2026-04-27,42051.58,UPI
8568,9515,2026-07-13,3050.96,UPI
8569,9518,2025-10-22,7742.25,Cheque
8570,9521,2026-02-28,6038.85,UPI
8571,9522,2026-05-31,4437.14,UPI
8572,9524,2025-12-27,2459.93,UPI
8573,9525,2026-05-27,7696.71,UPI
8574,9526,2026-02-19,3716.49,Cheque
8575,9527,2026-03-28,8800.14,NEFT
8576,9527,2026-03-20,5184.36,NEFT
8577,9528,2026-01-19,14872.83,Cheque
8578,9529,2026-07-11,4349.97,UPI
8579,9530,2026-02-24,2492.1,NEFT
8580,9531,2026-06-04,794.51,NEFT
8581,9532,2026-07-11,5987.09,Card
8582,9533,2025-12-23,907.86,Cheque
8583,9534,2026-09-11,4671.14,UPI
8584,9535,2025-12-22,3192.07,NEFT
8585,9536,2026-04-05,7813.77,UPI
8586,9537,2026-05-09,4945.73,Card
8587,9539,2025-11-05,5278.99,NEFT
8588,9540,2025-12-19,2088.4,UPI
8589,9541,2026-02-13,7845.17,UPI
8590,9542,2026-09-12,26028.15,NEFT
8591,9543,2026-05-16,6509.32,NEFT
8592,9543,2026-04-25,4316.08,UPI
8593,9544,2025-12-13,1519.17,Card
8594,9544,2025-12-05,2095.8,NEFT
8595,9546,2026-03-24,10560.97,Cheque
8596,9547,2026-06-26,1877.59,NEFT
8597,9548,2026-03-27,5024.12,Card
8598,9549,2026-09-22,8926.68,Card
8599,9550,2025-12-02,2230.61,UPI
8600,9552,2026-10-01,1742.19,Cheque
8601,9553,2026-04-04,17904.12,Cheque
8602,9554,2026-02-19,19457.73,UPI
8603,9555,2026-09-12,19227.33,Card
8604,9556,2025-11-28,17001.94,Cheque
8605,9556,2025-12-06,4397.68,Card
8606,9557,2026-05-06,3013.22,NEFT
8607,9558,2026-03-04,972.92,NEFT
8608,9558,2026-03-06,199.78,NEFT
8609,9559,2026-05-09,8485.38,Card
8610,9559,2026-05-14,11046.27,Cheque
8611,9561,2025-11-10,9859.73,NEFT
8612,9562,2026-02-20,1168.29,UPI
8613,9562,2026-02-21,1007.56,Card
8614,9563,2026-09-25,5403.67,NEFT
8615,9564,2025-10-28,4076.96,Cheque
8616,9565,2026-04-30,4753.72,NEFT
8617,9566,2026-07-03,1918.5,Card
8618,9566,2026-08-14,614.05,Card
8619,9567,2026-06-24,674.93,Cheque
8620,9567,2026-06-27,417.83,NEFT
8621,9568,2026-07-24,2738.22,UPI
8622,9569,2026-06-27,273.09,Card
8623,9569,2026-06-25,229.62,Card
8624,9572,2026-04-18,1964.54,Cheque
8625,9574,2025-09-25,2069.09,Card
8626,9575,2026-01-05,4024.96,Card
8627,9576,2026-01-28,15214.23,Cheque
8628,9577,2025-11-17,3867.38,Card
8629,9578,2026-02-15,7188.26,NEFT
8630,9579,2026-07-14,2102.11,Cheque
8631,9580,2026-10-03,6133.61,UPI
8632,9581,2026-01-01,2914.81,Cheque
8633,9581,2026-01-07,1691.36,UPI
8634,9582,2026-04-30,3180.22,NEFT
8635,9582,2026-04-15,2204.04,Card
8636,9583,2025-10-01,1876.78,Card
8637,9584,2025-11-20,2025.16,NEFT
8638,9585,2026-07-19,3790.51,Cheque
8639,9586,2025-12-22,14497.11,Cheque
8640,9587,2026-09-27,1009.47,UPI
8641,9587,2026-09-06,570.22,NEFT
8642,9588,2026-01-11,19179.63,NEFT
8643,9589,2026-07-01,2425.82,Card
8644,9589,2026-06-24,415.3,UPI
8645,9590,2026-06-02,5343.66,NEFT
8646,9591,2026-05-04,11150.89,Cheque
8647,9592,2025-09-09,3761.83,Card
8648,9593,2026-02-06,4114.61,NEFT
8649,9594,2025-10-25,15905.33,Cheque
8650,9595,2026-09-08,12022.0,Cheque
8651,9596,2026-05-18,8757.78,UPI
8652,9597,2025-11-27,4448.94,UPI
8653,9598,2025-10-05,4703.52,UPI
8654,9600,2026-01-06,3983.38,UPI
8655,9601,2026-03-15,5276.93,Cheque
8656,9602,2026-07-22,4867.43,Cheque
8657,9604,2025-10-23,12165.66,Card
8658,9605,2026-07-24,1259.45,NEFT
8659,9606,2026-04-03,1427.31,NEFT
8660,9607,2025-11-15,12490.81,NEFT
8661,9609,2026-02-15,2075.64,Card
8662,9609,2026-02-13,42.34,Cheque
8663,9610,2026-08-13,3031.75,Card
8664,9611,2026-05-15,1755.11,Cheque
8665,9612,2026-01-19,980.4,NEFT
8666,9613,2026-04-10,3489.45,NEFT
8667,9615,2026-10-10,1764.53,NEFT
8668,9615,2026-09-19,2169.78,NEFT
8669,9616,2026-08-19,3487.69,Cheque
8670,9617,2026-05-17,4116.75,NEFT
8671,9617,2026-05-12,458.0,Card
8672,9618,2025-12-14,1302.64,UPI
8673,9618,2025-12-07,1869.94,Card
8674,9619,2026-05-25,4828.68,Card
8675,9620,2026-01-30,15164.43,Card
8676,9621,2026-03-26,2579.34,Card
8677,9622,2026-02-26,3986.86,UPI
8678,9623,2026-08-29,4514.63,Card
8679,9624,2026-08-30,3175.4,NEFT
8680,9625,2026-05-01,5279.22,Card
8681,9626,2026-03-02,676.7,Card
8682,9627,2026-08-10,7907.16,UPI
8683,9628,2026-06-10,2297.16,Card
8684,9629,2026-06-13,2552.11,NEFT
8685,9630,2026-09-01,3579.13,UPI
8686,9631,2025-12-03,1644.9,Card
8687,9632,2025-10-08,9020.62,NEFT
8688,9633,2026-01-12,1566.14,Card
8689,9633,2025-12-23,1020.5,UPI
8690,9634,2026-01-12,41082.86,Card
8691,9635,2026-01-24,8277.97,Cheque
8692,9636,2026-08-30,3173.4,Cheque
8693,9637,2025-11-17,3913.06,UPI
8694,9638,2026-08-12,2755.26,Cheque
8695,9641,2026-07-12,4704.25,NEFT
8696,9642,2026-08-09,3915.65,UPI
8697,9643,2026-03-10,3176.87,Cheque
8698,9644,2026-03-24,8325.82,NEFT
8699,9647,2025-11-17,2891.29,Cheque
8700,9648,2026-06-05,2187.59,Cheque
8701,9649,2025-12-06,1310.79,NEFT
8702,9650,2026-02-22,3497.31,NEFT
8703,9652,2026-04-02,4920.38,Card
8704,9654,2026-07-09,2592.39,NEFT
8705,9654,2026-08-22,844.01,Card
8706,9655,2026-04-09,21024.02,Card
8707,9656,2025-11-25,2010.7,NEFT
8708,9657,2026-05-14,8633.53,Cheque
8709,9658,2025-10-10,1884.74,Card
8710,9659,2026-04-21,2532.16,UPI
8711,9660,2025-11-27,6260.37,UPI
8712,9661,2026-03-25,11523.37,Cheque
8713,9662,2026-10-06,3998.04,Cheque
8714,9663,2026-01-20,5350.17,Card
8715,9664,2026-07-19,13730.56,Card
8716,9665,2026-05-04,1880.85,Card
8717,9666,2026-01-04,5955.56,Cheque
8718,9666,2025-12-30,3301.11,NEFT
8719,9667,2026-01-09,2881.14,UPI
8720,9668,2026-09-30,5254.02,Card
8721,9668,2026-09-21,819.36,Cheque
8722,9669,2025-12-29,5066.86,Cheque
8723,9669,2026-01-09,2633.19,Cheque
8724,9670,2026-06-21,1288.1,Card
8725,9670,2026-04-25,663.88,Cheque
8726,9671,2026-10-01,2751.62,UPI
8727,9672,2026-06-06,4457.1,Cheque
8728,9672,2026-07-03,4060.41,UPI
8729,9673,2026-07-16,3022.99,UPI
8730,9673,2026-07-19,1037.69,Cheque
8731,9674,2026-07-05,2825.0,Card
8732,9676,2025-11-24,2108.35,Cheque
8733,9678,2025-11-16,739.88,NEFT
8734,9679,2026-03-02,3947.9,Card
8735,9679,2026-02-21,2719.77,Cheque
8736,9680,2026-06-05,5129.62,UPI
8737,9681,2026-07-16,5514.4,Card
8738,9681,2026-07-07,2190.91,UPI
8739,9682,2026-07-11,11748.27,UPI
8740,9682,2026-08-06,1540.58,NEFT
8741,9683,2026-03-17,4122.21,Card
8742,9684,2026-05-09,4729.42,Card
8743,9686,2026-03-01,3168.87,UPI
8744,9687,2026-03-16,1557.79,UPI
8745,9688,2026-02-01,1990.04,UPI
8746,9689,2026-09-15,4843.24,Cheque
8747,9692,2026-06-03,2774.54,Card
8748,9692,2026-06-02,1207.03,Card
8749,9693,2026-05-12,3130.6,Cheque
8750,9693,2026-05-26,2587.95,Card
8751,9694,2026-04-05,11024.72,NEFT
8752,9695,2025-12-16,7560.18,UPI
8753,9696,2026-05-09,5580.13,UPI
8754,9697,2026-04-02,3923.97,UPI
8755,9697,2026-03-09,1991.47,Cheque
8756,9698,2026-04-14,7964.6,Card
8757,9699,2026-03-09,1883.63,NEFT
8758,9700,2026-01-15,9187.76,UPI
8759,9701,2026-08-20,7104.52,UPI
8760,9702,2026-10-18,11941.59,Card
8761,9703,2026-10-25,7424.13,Cheque
8762,9704,2026-02-16,11318.48,NEFT
8763,9705,2026-01-06,2389.63,Cheque
8764,9706,2026-08-31,3102.77,Cheque
8765,9707,2025-12-23,5051.54,NEFT
8766,9708,2026-03-09,2741.4,Card
8767,9709,2026-09-05,9912.8,UPI
8768,9710,2025-11-29,1611.25,NEFT
8769,9711,2026-07-27,4400.69,NEFT
8770,9712,2025-09-28,3177.97,NEFT
8771,9713,2026-02-04,2760.75,NEFT
8772,9714,2025-11-25,1669.71,UPI
8773,9715,2026-06-29,5170.03,Cheque
8774,9716,2026-02-06,4678.38,Cheque
8775,9717,2026-07-12,22941.47,NEFT
8776,9720,2025-11-03,1090.93,UPI
8777,9721,2026-06-24,1913.46,Cheque
8778,9723,2026-05-21,12299.7,Card
8779,9724,2026-01-13,3401.68,Cheque
8780,9725,2026-02-11,6398.85,NEFT
8781,9725,2026-02-13,1542.32,Card
8782,9726,2026-03-24,2638.49,Card
8783,9727,2026-05-08,3386.31,Cheque
8784,9728,2025-10-31,5713.75,UPI
8785,9729,2025-11-14,4955.66,NEFT
8786,9730,2026-09-11,4857.83,UPI
8787,9731,2026-09-09,2104.33,Cheque
8788,9732,2025-09-11,13331.81,UPI
8789,9733,2026-04-09,13251.4,Card
8790,9734,2026-05-23,10005.29,UPI
8791,9735,2026-03-15,2908.56,UPI
8792,9736,2026-08-29,5501.11,Card
8793,9737,2026-05-22,3285.56,UPI
8794,9738,2026-09-11,2292.55,Card
8795,9739,2026-10-07,6280.24,NEFT
8796,9740,2026-04-23,915.36,Cheque
8797,9742,2026-07-21,840.65,Card
8798,9744,2026-03-11,565.6,Card
8799,9744,2026-02-11,248.35,Card
8800,9745,2026-02-10,21234.86,NEFT
8801,9746,2026-05-30,3957.76,Cheque
8802,9747,2025-12-15,5355.56,NEFT
8803,9750,2025-11-19,4259.66,UPI
8804,9751,2026-02-23,6367.5,NEFT
8805,9752,2025-12-21,3187.03,Card
8806,9752,2025-12-06,973.17,Card
8807,9753,2026-04-05,7645.93,Card
8808,9754,2026-07-30,14869.58,Card
8809,9755,2025-11-10,2118.94,Cheque
8810,9756,2026-02-13,6041.35,UPI
8811,9758,2026-04-08,1814.1,Cheque
8812,9758,2026-03-19,2085.35,UPI
8813,9760,2026-08-13,7231.5,Card
8814,9761,2025-11-23,3788.63,Cheque
8815,9761,2025-11-09,4798.94,NEFT
8816,9762,2026-01-24,11579.7,UPI
8817,9763,2025-12-31,5456.79,UPI
8818,9764,2026-01-17,2647.33,UPI
8819,9765,2026-03-18,7830.67,Cheque
8820,9766,2025-12-11,2306.9,Card
8821,9767,2025-11-09,6520.85,UPI
8822,9768,2026-09-17,2471.6,Cheque
8823,9768,2026-08-24,2847.15,UPI
8824,9769,2026-06-10,3748.26,Card
8825,9770,2026-08-09,4681.41,Cheque
8826,9771,2026-08-04,11144.68,NEFT
8827,9772,2026-07-10,8197.84,Card
8828,9773,2026-07-07,8715.41,Card
8829,9774,2026-05-24,3450.5,UPI
8830,9775,2026-07-01,1344.17,UPI
8831,9776,2025-10-05,3639.11,UPI
8832,9778,2026-09-22,5131.28,Cheque
8833,9779,2026-05-09,3536.79,Cheque
8834,9781,2025-12-16,4037.74,Card
8835,9782,2025-10-09,5199.06,Card
8836,9783,2026-04-16,1018.56,NEFT
8837,9784,2026-05-11,9236.41,NEFT
8838,9786,2026-08-27,27091.97,Cheque
8839,9787,2026-09-22,1732.49,Card
8840,9787,2026-09-06,1096.42,NEFT
8841,9788,2026-01-16,3343.05,NEFT
8842,9790,2026-03-28,4865.41,Card
8843,9791,2026-02-17,17695.87,NEFT
8844,9792,2026-08-18,3606.63,Card
8845,9793,2026-03-06,4421.41,UPI
8846,9794,2026-01-22,3188.86,NEFT
8847,9795,2026-05-13,14117.42,NEFT
8848,9796,2026-07-16,5329.64,UPI
8849,9797,2026-07-06,17569.19,Card
8850,9798,2025-09-10,51495.2,Card
8851,9799,2026-04-13,2716.07,NEFT
8852,9802,2026-08-07,2004.3,Cheque
8853,9803,2026-03-05,1547.15,NEFT
8854,9804,2026-10-13,11715.37,NEFT
8855,9805,2026-04-16,11145.83,UPI
8856,9806,2025-12-10,4134.72,Card
8857,9806,2025-11-13,40.2,NEFT
8858,9807,2026-03-14,8223.41,Card
8859,9808,2026-02-28,1176.16,UPI
8860,9809,2026-01-02,4636.38,Card
8861,9810,2026-08-24,2718.02,UPI
8862,9811,2026-04-09,15893.25,Cheque
8863,9814,2026-06-26,10668.85,Card
8864,9815,2026-06-27,2972.92,UPI
8865,9816,2025-12-30,8872.9,Card
8866,9817,2026-01-04,1307.75,UPI
8867,9817,2026-01-11,350.78,Card
8868,9818,2026-09-22,1489.0,Card
8869,9819,2026-04-06,4595.39,NEFT
8870,9820,2026-04-13,4149.58,UPI
8871,9821,2026-04-13,4552.04,UPI
8872,9822,2026-08-19,1829.09,NEFT
8873,9823,2026-06-25,1445.1,Cheque
8874,9824,2026-06-02,1518.14,NEFT
8875,9825,2025-12-25,2458.74,Card
8876,9825,2025-10-25,21.39,Cheque
8877,9826,2026-03-03,8158.43,Card
8878,9828,2026-05-29,23392.45,Cheque
8879,9828,2026-06-24,293.44,NEFT
8880,9829,2026-05-25,6681.39,NEFT
8881,9830,2026-03-27,4445.52,Cheque
8882,9831,2026-04-15,1996.86,UPI
8883,9832,2026-03-09,1737.65,UPI
8884,9833,2026-07-05,3033.45,NEFT
8885,9833,2026-07-04,834.42,NEFT
8886,9834,2026-02-21,3134.47,NEFT
8887,9834,2026-02-09,12.27,NEFT
8888,9835,2026-03-01,619.43,NEFT
8889,9835,2026-03-18,631.61,Cheque
8890,9836,2025-10-22,13724.51,NEFT
8891,9836,2025-11-20,1255.91,UPI
8892,9837,2026-06-02,1685.46,Card
8893,9837,2026-06-15,379.81,NEFT
8894,9838,2026-03-23,6629.5,Card
8895,9839,2026-04-18,7122.1,NEFT
8896,9840,2025-10-23,1369.39,UPI
8897,9841,2025-12-09,3675.41,NEFT
8898,9842,2026-05-05,1618.87,NEFT
8899,9843,2025-12-10,6927.62,NEFT
8900,9844,2025-09-16,5256.43,NEFT
8901,9845,2026-08-28,4700.23,Card
8902,9846,2026-06-25,1188.99,Cheque
8903,9846,2026-06-03,1405.27,UPI
8904,9848,2025-11-11,3695.72,UPI
8905,9849,2025-10-06,1533.51,UPI
8906,9850,2025-11-20,2349.03,NEFT
8907,9851,2025-11-09,1003.76,UPI
8908,9852,2026-02-07,1908.62,Card
8909,9852,2026-01-27,1053.67,NEFT
8910,9853,2026-01-25,2214.2,NEFT
8911,9854,2026-05-03,8715.48,UPI
8912,9855,2026-06-07,7902.82,Cheque
8913,9856,2026-09-18,4667.43,Cheque
8914,9856,2026-08-23,1259.86,UPI
8915,9857,2025-10-29,10666.78,NEFT
8916,9858,2026-08-04,1947.83,Cheque
8917,9860,2026-05-16,1582.55,NEFT
8918,9861,2025-11-22,2832.34,UPI
8919,9861,2025-11-24,581.92,NEFT
8920,9862,2025-12-24,6569.16,Cheque
8921,9864,2026-03-07,18468.03,Card
8922,9865,2026-09-21,3784.86,NEFT
8923,9866,2026-02-03,9488.39,NEFT
8924,9867,2026-07-15,3128.62,NEFT
8925,9867,2026-07-19,917.73,NEFT
8926,9868,2025-11-17,5555.41,Card
8927,9869,2026-05-24,3733.75,Card
8928,9870,2026-08-06,5761.25,Cheque
8929,9872,2026-10-19,17183.75,NEFT
8930,9873,2025-12-10,2980.39,UPI
8931,9873,2025-12-16,405.79,NEFT
8932,9874,2026-04-30,1981.57,NEFT
8933,9874,2026-05-30,2181.42,Cheque
8934,9875,2026-07-25,5207.55,UPI
8935,9877,2026-05-28,22043.69,Cheque
8936,9878,2026-07-15,13987.89,Card
8937,9879,2026-04-09,4039.14,NEFT
8938,9880,2026-01-26,6175.72,UPI
8939,9881,2025-12-08,5989.55,UPI
8940,9882,2026-08-04,3079.68,Cheque
8941,9883,2026-03-20,11248.93,NEFT
8942,9885,2026-03-13,11182.4,Cheque
8943,9886,2026-01-23,6951.33,UPI
8944,9887,2025-11-13,1178.53,NEFT
8945,9888,2026-03-09,1296.73,Cheque
8946,9888,2026-03-01,876.08,NEFT
8947,9889,2026-04-06,957.65,UPI
8948,9890,2026-09-16,19430.79,UPI
8949,9893,2026-08-18,10656.23,UPI
8950,9894,2026-09-25,3238.99,Card
8951,9894,2026-10-04,1300.89,Card
8952,9895,2026-04-13,2938.15,UPI
8953,9897,2026-04-01,2859.11,NEFT
8954,9897,2026-03-18,3081.3,Cheque
8955,9898,2026-04-10,10574.32,UPI
8956,9899,2026-06-26,1955.79,Cheque
8957,9900,2026-03-09,11329.2,Card
8958,9901,2026-03-04,14696.1,UPI
8959,9902,2026-03-12,3350.75,Cheque
8960,9902,2026-03-22,720.8,NEFT
8961,9903,2026-09-04,2327.16,NEFT
8962,9904,2026-06-10,3396.72,Card
8963,9905,2026-06-27,2996.17,NEFT
8964,9906,2026-09-06,4326.54,UPI
8965,9907,2026-08-27,2770.24,Card
8966,9908,2026-04-15,7204.06,Cheque
8967,9909,2025-12-21,7061.02,Card
8968,9910,2025-09-05,3751.81,Card
8969,9911,2026-07-28,1046.92,UPI
8970,9912,2026-07-11,7126.77,Card
8971,9913,2026-05-01,1536.24,UPI
8972,9914,2026-02-17,5649.22,Card
8973,9915,2026-05-29,3084.82,Card
8974,9915,2026-06-03,2211.08,NEFT
8975,9916,2026-06-28,3843.03,Card
8976,9917,2025-11-05,8375.44,UPI
8977,9918,2026-08-22,6687.83,Cheque
8978,9919,2025-09-28,6818.12,Card
8979,9920,2026-01-27,9643.22,Cheque
8980,9921,2026-05-21,3593.69,NEFT
8981,9923,2026-09-10,11836.84,Cheque
8982,9924,2026-05-06,4526.56,Card
8983,9924,2026-06-03,3829.24,UPI
8984,9925,2026-05-02,3433.85,Card
8985,9926,2026-07-17,1006.47,Cheque
8986,9927,2026-03-21,6841.94,UPI
8987,9928,2026-04-07,4947.95,UPI
8988,9928,2026-04-02,2427.55,Card
8989,9929,2026-02-01,763.97,Card
8990,9930,2026-08-16,2536.05,UPI
8991,9933,2026-10-01,32205.0,Cheque
8992,9933,2026-10-09,4258.03,Card
8993,9934,2025-12-26,12226.53,NEFT
8994,9935,2026-05-20,885.13,Cheque
8995,9936,2026-07-26,3527.07,UPI
8996,9937,2026-07-18,4635.81,Cheque
8997,9938,2026-08-31,7473.79,UPI
8998,9940,2025-10-20,7980.99,Cheque
8999,9943,2026-08-08,5312.55,Cheque
9000,9944,2026-05-23,10857.03,UPI
9001,9945,2026-02-21,4707.48,NEFT
9002,9946,2025-12-01,14304.13,UPI
9003,9947,2026-03-07,2145.37,Cheque
9004,9949,2026-01-06,4488.16,UPI
9005,9949,2026-01-10,2007.78,UPI
9006,9950,2026-04-19,1454.44,Cheque
9007,9951,2026-01-28,11539.14,UPI
9008,9952,2026-05-21,5550.12,UPI
9009,9954,2026-06-01,7354.38,Card
9010,9956,2026-01-06,2574.29,NEFT
9011,9956,2025-12-31,1958.3,Card
9012,9957,2026-06-05,2702.98,UPI
9013,9959,2026-07-04,10179.45,UPI
9014,9960,2025-11-25,8532.25,Card
9015,9961,2026-01-19,13419.3,NEFT
9016,9962,2026-02-05,3231.35,UPI
9017,9963,2026-10-08,12274.32,NEFT
9018,9964,2026-07-12,4341.31,Card
9019,9965,2026-05-27,7951.7,UPI
9020,9966,2026-10-05,14050.59,NEFT
9021,9967,2026-06-20,26213.35,NEFT
9022,9969,2026-08-30,5880.79,UPI
9023,9970,2026-05-15,7831.89,Card
9024,9972,2025-12-28,8822.97,Cheque
9025,9974,2025-11-26,8176.54,UPI
9026,9975,2025-12-05,14187.36,NEFT
9027,9976,2025-12-09,21314.38,UPI
9028,9977,2025-12-15,5254.83,NEFT
9029,9978,2026-03-08,2046.29,NEFT
9030,9979,2025-12-29,1204.06,Cheque
9031,9980,2026-06-02,9449.37,UPI
9032,9981,2025-12-08,1466.23,NEFT
9033,9982,2025-10-22,3140.26,NEFT
9034,9982,2025-11-08,3318.71,Cheque
9035,9983,2025-12-05,11841.14,UPI
9036,9984,2026-04-09,4388.09,UPI
9037,9985,2026-08-14,1510.87,Card
9038,9986,2026-02-08,1824.83,UPI
9039,9987,2026-01-01,2228.05,UPI
9040,9987,2025-12-14,167.43,Cheque
9041,9988,2026-01-14,4527.6,NEFT
9042,9989,2025-11-30,13101.88,Cheque
9043,9990,2026-02-18,5047.25,Cheque
9044,9991,2026-06-05,20348.93,Cheque
9045,9993,2026-07-20,6333.31,Card
9046,9994,2026-01-23,4721.81,UPI
9047,9995,2026-03-17,3357.86,UPI
9048,9996,2026-02-16,5634.29,Cheque
9049,9997,2025-10-18,7716.22,NEFT
9050,9998,2026-05-15,5510.35,NEFT
9051,9999,2026-05-12,3355.33,UPI
9052,10000,2026-07-16,2190.0,UPI
9053,10001,2025-11-28,22186.64,UPI
9054,10002,2026-01-15,8304.82,Card
9055,10003,2025-11-23,5569.33,Cheque
9056,10003,2025-11-04,1075.51,NEFT
9057,10004,2026-05-24,7497.34,Card
9058,10005,2026-03-19,12067.64,UPI
9059,10007,2026-07-26,4507.39,Card
9060,10008,2026-09-01,2738.57,Card
9061,10009,2026-01-24,2137.83,Card
9062,10009,2026-02-04,2833.5,NEFT
9063,10010,2026-01-28,2911.54,Card
9064,10011,2026-05-25,1687.22,NEFT
9065,10011,2026-06-02,548.0,Card
9066,10012,2026-08-24,1145.62,Card
9067,10013,2026-02-08,18837.83,Card
9068,10015,2026-07-25,6415.86,Card
9069,10015,2026-07-14,964.65,Card
9070,10016,2026-02-16,5400.68,NEFT
9071,10017,2026-01-10,7442.59,NEFT
9072,10018,2026-01-02,1006.65,NEFT
9073,10019,2025-12-15,2403.87,Cheque
9074,10019,2025-11-13,1029.45,UPI
9075,10020,2026-03-31,12642.59,Cheque
9076,10021,2026-10-06,23662.52,Card
9077,10022,2026-05-18,2404.79,Card
9078,10022,2026-04-07,1330.5,Card
9079,10023,2026-07-27,4096.08,NEFT
9080,10024,2025-11-21,11734.94,Cheque
9081,10025,2026-04-16,7113.69,Cheque
9082,10026,2025-11-24,5119.97,Card
9083,10027,2026-07-29,2467.69,Card
9084,10027,2026-07-12,2280.66,Card
9085,10030,2026-01-28,5557.07,UPI
9086,10031,2026-07-04,6441.53,UPI
9087,10032,2026-04-07,6715.39,UPI
9088,10034,2026-03-13,8847.21,UPI
9089,10034,2026-03-14,5672.63,Cheque
9090,10035,2026-02-04,1366.72,Card
9091,10036,2025-11-23,7637.96,Card
9092,10039,2026-01-02,3855.79,Cheque
9093,10040,2026-07-18,1399.55,NEFT
9094,10041,2026-02-19,6638.31,UPI
9095,10042,2026-07-09,18192.79,NEFT
9096,10043,2026-08-12,2986.24,NEFT
9097,10044,2025-11-13,32790.2,Cheque
9098,10045,2026-07-30,2356.47,Cheque
9099,10045,2026-07-02,154.7,UPI
9100,10046,2026-05-01,3563.88,UPI
9101,10047,2026-06-04,14839.41,Card
9102,10049,2026-08-19,4170.94,UPI
9103,10050,2026-04-12,13636.34,NEFT
9104,10052,2025-12-08,8019.53,UPI
9105,10053,2025-10-14,7522.56,Card
9106,10054,2026-04-20,1073.85,Cheque
9107,10056,2026-09-25,33603.52,Cheque
9108,10057,2026-08-06,5980.32,Cheque
9109,10058,2026-04-27,6797.17,Card
9110,10059,2025-11-21,4302.96,UPI
9111,10059,2025-10-30,1745.4,NEFT
9112,10060,2026-04-02,25627.83,NEFT
9113,10061,2026-06-01,1248.49,UPI
9114,10062,2026-04-05,2905.69,Cheque
9115,10063,2025-11-01,4576.04,Card
9116,10064,2026-05-13,7799.23,NEFT
9117,10065,2025-10-28,3958.88,UPI
9118,10065,2025-11-19,1695.35,UPI
9119,10066,2026-07-24,4088.12,Cheque
9120,10066,2026-07-26,1695.5,Card
9121,10067,2026-04-20,3214.55,NEFT
9122,10068,2026-07-20,3378.04,Card
9123,10068,2026-09-12,4748.43,Card
9124,10069,2025-11-10,492.48,Card
9125,10069,2025-12-11,607.86,NEFT
9126,10070,2026-03-11,3226.48,Cheque
9127,10071,2026-03-18,2592.16,Card
9128,10072,2026-03-03,1854.19,NEFT
9129,10073,2026-01-21,1203.1,UPI
9130,10074,2025-12-26,6022.19,Cheque
9131,10075,2025-10-13,7050.6,Card
9132,10076,2025-09-28,7090.94,Cheque
9133,10077,2026-03-10,4398.38,Cheque
9134,10077,2026-04-23,6218.86,NEFT
9135,10078,2026-09-29,12204.72,UPI
9136,10079,2026-08-26,978.24,NEFT
9137,10080,2026-06-26,8282.82,Card
9138,10081,2025-12-01,5785.95,UPI
9139,10082,2026-07-26,5734.64,NEFT
9140,10083,2026-09-20,4528.3,UPI
9141,10084,2026-04-27,3219.17,Cheque
9142,10085,2026-01-31,7627.37,NEFT
9143,10087,2026-07-14,12082.07,UPI
9144,10088,2026-03-20,3357.87,UPI
9145,10091,2026-01-03,1189.45,UPI
9146,10091,2025-12-29,759.93,NEFT
9147,10092,2026-09-02,1917.22,Card
9148,10093,2026-07-31,8640.63,UPI
9149,10094,2026-04-12,10561.31,Cheque
9150,10095,2026-01-22,4582.39,UPI
9151,10096,2026-05-01,999.18,Cheque
9152,10097,2026-09-23,7648.99,Card
9153,10098,2026-07-10,3015.52,Card
9154,10100,2026-02-01,22522.22,NEFT
9155,10100,2026-02-19,1600.25,Card
9156,10101,2025-10-25,841.4,Card
9157,10101,2025-09-24,659.43,NEFT
9158,10102,2025-12-15,29792.37,NEFT
9159,10102,2025-11-30,6351.42,NEFT
9160,10103,2026-06-13,1437.4,Cheque
9161,10104,2026-05-12,3250.3,NEFT
9162,10105,2026-05-18,11364.25,NEFT
9163,10106,2026-03-23,2807.0,Cheque
9164,10108,2025-11-20,1276.7,Cheque
9165,10109,2026-08-11,1717.58,Cheque
9166,10110,2026-05-24,1155.1,UPI
9167,10110,2026-06-18,1451.29,NEFT
9168,10111,2026-09-15,9290.19,NEFT
9169,10113,2026-01-09,2725.28,Cheque
9170,10115,2025-09-07,2257.69,Cheque
9171,10116,2026-06-01,1472.35,Cheque
9172,10117,2026-05-19,696.12,UPI
9173,10118,2026-03-09,1802.24,NEFT
9174,10119,2026-08-03,3220.55,Card
9175,10120,2026-02-27,3024.33,NEFT
9176,10121,2026-05-15,3697.44,NEFT
9177,10122,2026-07-30,6868.08,NEFT
9178,10123,2025-12-21,4643.31,NEFT
9179,10124,2026-04-29,1969.5,Card
9180,10125,2025-12-03,8715.77,Card
9181,10125,2025-12-06,2038.03,NEFT
9182,10126,2026-01-08,992.4,Cheque
9183,10127,2026-03-13,2692.01,Card
9184,10128,2025-11-21,19829.6,UPI
9185,10129,2026-09-08,6565.56,NEFT
9186,10130,2025-12-04,1186.32,Cheque
9187,10131,2026-10-01,636.46,NEFT
9188,10131,2026-08-19,772.41,Cheque
9189,10132,2025-10-03,3809.49,Cheque
9190,10134,2026-05-14,6518.0,Cheque
9191,10134,2026-04-01,2299.12,NEFT
9192,10137,2026-04-08,4595.89,Cheque
9193,10138,2026-01-22,2188.87,NEFT
9194,10139,2026-08-03,2712.94,UPI
9195,10139,2026-07-21,1693.96,NEFT
9196,10141,2026-02-11,5098.47,NEFT
9197,10142,2026-02-15,2214.21,NEFT
9198,10142,2026-04-09,814.86,Cheque
9199,10143,2026-06-29,8247.81,NEFT
9200,10144,2026-05-10,10058.88,Cheque
9201,10144,2026-04-23,1517.47,Cheque
9202,10145,2026-10-03,13483.11,UPI
9203,10146,2026-09-17,3819.21,Cheque
9204,10147,2026-09-16,8126.59,Card
9205,10148,2025-11-12,3352.65,Cheque
9206,10150,2026-07-16,987.99,NEFT
9207,10151,2026-04-16,5485.0,Cheque
9208,10151,2026-05-03,1176.22,NEFT
9209,10152,2025-12-07,969.48,NEFT
9210,10154,2026-05-26,3460.85,NEFT
9211,10154,2026-05-30,291.55,Card
9212,10155,2026-08-05,3956.24,Cheque
9213,10156,2026-06-27,7430.75,UPI
9214,10158,2026-05-07,4186.37,Card
9215,10159,2026-06-14,17675.56,UPI
9216,10160,2026-10-08,3611.65,Card
9217,10160,2026-10-22,372.54,Card
9218,10161,2026-05-03,1734.87,UPI
9219,10162,2026-08-05,3789.36,NEFT
9220,10164,2025-11-26,2711.09,Card
9221,10165,2026-07-10,984.34,Card
9222,10167,2025-10-04,1625.22,Card
9223,10168,2025-11-13,747.51,Cheque
9224,10170,2026-01-11,11563.77,Cheque
9225,10172,2026-05-12,4271.99,NEFT
9226,10172,2026-05-10,5946.76,UPI
9227,10173,2026-06-09,3612.31,Cheque
9228,10174,2026-07-16,14208.73,Card
9229,10174,2026-07-17,535.35,NEFT
9230,10176,2025-12-23,2215.29,NEFT
9231,10176,2025-11-24,2786.77,Card
9232,10178,2026-10-01,1628.64,NEFT
9233,10179,2026-08-29,3006.43,NEFT
9234,10180,2026-02-17,29749.48,Card
9235,10181,2026-06-20,17049.54,Cheque
9236,10182,2026-08-06,9295.54,UPI
9237,10183,2026-01-15,3237.42,Cheque
9238,10183,2026-02-05,311.33,NEFT
9239,10185,2026-09-02,19689.33,Cheque
9240,10186,2026-05-20,5090.05,Card
9241,10187,2026-05-31,9411.75,UPI
9242,10189,2026-09-20,3941.59,NEFT
9243,10190,2026-09-02,9336.89,Cheque
9244,10191,2026-09-16,2552.91,UPI
9245,10191,2026-08-30,223.38,UPI
9246,10192,2026-08-17,6606.5,UPI
9247,10193,2026-03-30,2855.31,Cheque
9248,10194,2026-03-23,7520.13,NEFT
9249,10195,2025-09-26,2787.58,NEFT
9250,10196,2026-07-12,18999.81,UPI
9251,10198,2026-05-05,9290.86,Cheque
9252,10199,2026-03-16,3758.61,NEFT
9253,10199,2026-03-19,1159.43,Cheque
9254,10200,2026-01-18,3347.93,Card
9255,10201,2026-01-14,7915.96,Cheque
9256,10202,2026-03-05,12584.67,Card
9257,10205,2025-11-16,4539.69,Card
9258,10205,2025-12-17,46.12,UPI
9259,10206,2026-04-30,5913.6,Card
9260,10207,2025-10-17,13761.21,Card
9261,10207,2025-09-29,1007.58,Cheque
9262,10208,2026-04-13,9606.69,Card
9263,10210,2026-05-18,3210.11,Cheque
9264,10211,2026-09-03,3534.39,UPI
9265,10212,2026-06-18,718.64,NEFT
9266,10214,2026-08-18,676.6,UPI
9267,10216,2026-01-23,9044.71,Card
9268,10219,2026-03-06,7460.91,UPI
9269,10220,2026-02-10,2406.05,UPI
9270,10220,2026-02-05,1905.21,UPI
9271,10221,2026-08-18,5312.55,NEFT
9272,10222,2026-07-07,2800.09,Card
9273,10223,2026-02-05,2722.73,Cheque
9274,10223,2026-03-10,1828.97,UPI
9275,10224,2025-12-12,2540.17,Cheque
9276,10226,2026-09-03,4898.46,Cheque
9277,10227,2026-03-03,4300.0,NEFT
9278,10227,2026-02-23,619.95,UPI
9279,10228,2025-11-28,4651.55,Cheque
9280,10229,2026-03-30,3049.53,Cheque
9281,10230,2025-10-03,5260.66,Card
9282,10230,2025-10-06,2562.4,Cheque
9283,10233,2026-06-04,1073.16,Card
9284,10233,2026-06-15,1280.6,NEFT
9285,10234,2025-10-13,3501.88,UPI
9286,10234,2025-11-10,5066.72,NEFT
9287,10235,2026-03-24,1866.23,UPI
9288,10236,2025-10-30,3291.11,UPI
9289,10237,2026-09-26,5380.79,UPI
9290,10238,2026-07-12,12548.01,UPI
9291,10239,2025-12-24,1902.52,Card
9292,10240,2025-12-16,2267.12,Card
9293,10241,2026-05-04,452.37,UPI
9294,10241,2026-05-14,587.53,NEFT
9295,10243,2026-07-26,3095.85,Card
9296,10244,2026-08-07,7021.44,UPI
9297,10245,2025-10-31,6553.71,NEFT
9298,10247,2025-11-16,5005.76,Card
9299,10248,2025-12-28,2834.87,Cheque
9300,10250,2026-06-07,6966.29,Cheque
9301,10251,2026-08-05,3783.9,Card
9302,10252,2026-01-17,5376.86,UPI
9303,10253,2026-04-23,1704.77,Card
9304,10254,2025-12-23,1806.6,Cheque
9305,10256,2026-03-19,6298.33,NEFT
9306,10257,2025-12-11,9037.75,UPI
9307,10258,2026-01-27,1598.35,Card
9308,10259,2026-05-25,5381.86,UPI
9309,10259,2026-07-03,305.97,UPI
9310,10260,2026-03-03,7150.39,UPI
9311,10262,2025-11-06,18005.5,Card
9312,10263,2026-09-11,670.66,Cheque
9313,10264,2026-04-05,3696.52,NEFT
9314,10266,2025-11-13,6592.55,Cheque
9315,10267,2026-09-11,2784.02,NEFT
9316,10268,2025-12-24,1029.29,Cheque
9317,10269,2026-07-13,6715.83,NEFT
9318,10271,2026-01-23,3911.25,UPI
9319,10273,2026-05-27,2676.35,NEFT
9320,10274,2026-03-12,8369.55,UPI
9321,10275,2026-01-16,9401.58,UPI
9322,10276,2025-12-17,1714.15,Card
9323,10276,2026-01-04,1473.99,Card
9324,10278,2025-11-06,9999.63,Card
9325,10278,2025-10-26,9152.86,UPI
9326,10279,2025-10-20,2229.12,UPI
9327,10280,2026-04-14,7794.22,Cheque
9328,10281,2026-03-19,5254.72,Cheque
9329,10282,2026-09-02,8513.34,NEFT
9330,10282,2026-07-31,5304.85,Cheque
9331,10284,2026-01-12,8654.16,Cheque
9332,10286,2026-01-27,760.52,UPI
9333,10286,2026-01-24,139.0,NEFT
9334,10287,2025-12-05,2159.87,NEFT
9335,10289,2026-05-02,3766.32,Card
9336,10290,2026-06-15,11980.27,Cheque
9337,10291,2026-05-25,3651.17,NEFT
9338,10292,2026-08-17,2153.57,UPI
9339,10292,2026-08-19,2942.65,UPI
9340,10293,2026-06-12,5590.6,Cheque
9341,10294,2026-06-29,2837.32,Card
9342,10294,2026-07-11,179.6,Card
9343,10295,2026-04-13,4927.31,Cheque
9344,10296,2026-07-05,11592.6,Card
9345,10297,2026-08-20,6352.13,Cheque
9346,10300,2026-02-28,13013.89,NEFT
9347,10300,2026-01-31,5660.2,NEFT
9348,10301,2025-12-15,2154.41,NEFT
9349,10303,2026-08-20,11095.19,NEFT
9350,10304,2026-07-21,12832.09,NEFT
9351,10305,2025-12-02,14259.19,Card
9352,10306,2026-07-18,11455.99,UPI
9353,10307,2026-01-19,1607.46,UPI
9354,10307,2026-01-06,173.85,NEFT
9355,10308,2026-06-02,2019.87,UPI
9356,10309,2026-09-05,8747.83,Card
9357,10310,2025-12-14,6967.75,Cheque
9358,10313,2026-06-14,1743.0,Cheque
9359,10314,2026-10-05,4578.34,Card
9360,10315,2026-02-07,9047.87,Cheque
9361,10316,2025-12-14,4083.28,UPI
9362,10317,2025-10-17,4981.01,UPI
9363,10318,2026-06-01,5121.67,UPI
9364,10320,2026-04-05,1813.8,UPI
9365,10320,2026-03-07,793.49,Card
9366,10321,2025-11-10,27008.14,Card
9367,10322,2025-12-29,17397.35,Cheque
9368,10323,2025-10-03,10982.59,NEFT
9369,10323,2025-10-15,787.38,UPI
9370,10324,2026-07-16,6968.94,NEFT
9371,10325,2026-05-28,2238.21,Card
9372,10326,2026-04-05,8555.8,Cheque
9373,10327,2026-01-19,12203.05,UPI
9374,10329,2025-12-21,2128.2,Cheque
9375,10330,2026-03-07,7035.54,Card
9376,10331,2026-10-04,11749.02,NEFT
9377,10332,2026-09-01,2996.38,Cheque
9378,10333,2025-11-16,7632.43,UPI
9379,10334,2026-07-11,2419.32,UPI
9380,10335,2026-01-20,2013.94,Card
9381,10336,2026-05-06,5890.44,Cheque
9382,10337,2026-04-08,2111.14,UPI
9383,10337,2026-03-10,495.15,Card
9384,10338,2026-07-16,7053.38,NEFT
9385,10339,2025-11-27,1373.13,UPI
9386,10340,2026-02-16,2518.87,Cheque
9387,10342,2026-03-30,8701.11,Card
9388,10344,2025-10-13,1538.59,Card
9389,10344,2025-10-21,1962.42,NEFT
9390,10346,2026-06-28,4177.15,UPI
9391,10347,2026-07-30,32344.94,NEFT
9392,10348,2026-09-21,6440.37,Cheque
9393,10349,2026-05-05,2707.84,Cheque
9394,10350,2026-04-08,4686.6,Card
9395,10351,2025-10-11,1303.44,NEFT
9396,10352,2025-07-26,768.23,Card
9397,10352,2025-10-20,322.03,NEFT
9398,10353,2025-11-16,16112.72,UPI
9399,10355,2026-01-31,3483.95,Cheque
9400,10356,2026-01-16,4182.69,NEFT
9401,10356,2026-02-04,712.34,Cheque
9402,10358,2025-11-18,5277.8,Cheque
9403,10359,2026-08-27,5628.22,NEFT
9404,10359,2026-07-30,6895.65,NEFT
9405,10360,2025-12-07,7673.61,NEFT
9406,10361,2026-08-27,3603.01,Cheque
9407,10362,2025-12-21,627.21,Card
9408,10363,2026-05-18,1783.2,NEFT
9409,10363,2026-06-18,459.29,Card
9410,10364,2026-03-18,9172.44,Card
9411,10366,2025-11-21,2477.08,NEFT
9412,10367,2026-04-13,2194.93,Card
9413,10368,2026-01-30,3537.89,UPI
9414,10369,2026-02-17,20841.85,Card
9415,10370,2026-09-19,3927.07,Cheque
9416,10370,2026-09-30,1700.06,NEFT
9417,10372,2026-02-25,3745.41,Card
9418,10373,2025-10-22,3276.87,Cheque
9419,10374,2026-09-02,4523.53,UPI
9420,10374,2026-07-29,4258.82,Card
9421,10376,2025-10-29,5551.7,Card
9422,10377,2026-05-22,7118.39,Cheque
9423,10377,2026-06-21,4876.04,Cheque
9424,10378,2026-06-21,1703.33,NEFT
9425,10379,2026-08-30,32532.59,Cheque
9426,10380,2026-09-24,1712.88,Cheque
9427,10381,2026-03-23,8010.31,NEFT
9428,10381,2026-03-30,5172.52,Card
9429,10382,2026-02-14,3062.69,NEFT
9430,10382,2026-01-19,3493.01,NEFT
9431,10383,2026-09-26,1827.51,UPI
9432,10384,2026-09-25,9747.39,Card
9433,10385,2026-03-01,4885.02,Card
9434,10386,2026-01-22,2105.22,Cheque
9435,10388,2026-06-11,1335.83,NEFT
9436,10389,2026-06-20,3399.24,NEFT
9437,10390,2026-04-07,2311.49,Cheque
9438,10391,2026-04-25,4321.17,UPI
9439,10392,2026-04-04,1252.09,Cheque
9440,10393,2026-01-02,1193.22,NEFT
9441,10394,2026-01-12,2534.92,Cheque
9442,10395,2026-01-05,4437.81,Card
9443,10395,2026-01-17,411.28,Cheque
9444,10396,2025-09-04,2295.23,UPI
9445,10397,2025-09-10,5041.53,NEFT
9446,10397,2025-10-05,2191.62,NEFT
9447,10399,2026-11-08,2544.99,UPI
9448,10400,2026-03-02,15207.88,Cheque
9449,10403,2026-08-10,1687.63,UPI
9450,10404,2026-08-28,2038.33,UPI
9451,10405,2026-06-21,13355.27,NEFT
9452,10406,2025-12-21,1571.18,Card
9453,10406,2025-11-17,602.27,NEFT
9454,10407,2026-05-02,8885.18,Cheque
9455,10408,2025-11-15,5506.55,UPI
9456,10409,2026-04-03,3205.05,UPI
9457,10410,2026-07-01,2703.9,NEFT
9458,10411,2025-09-26,4666.65,Card
9459,10412,2026-03-22,8613.38,UPI
9460,10413,2025-10-16,2379.41,NEFT
9461,10413,2025-10-28,2462.77,Cheque
9462,10414,2026-01-21,16330.67,NEFT
9463,10415,2026-01-17,1951.94,Cheque
9464,10416,2026-09-11,4628.1,UPI
9465,10417,2026-07-20,12060.87,UPI
9466,10418,2026-08-03,1908.5,Cheque
9467,10419,2026-01-12,11491.98,NEFT
9468,10420,2025-12-20,5079.81,Card
9469,10421,2026-10-05,5460.46,Card
9470,10422,2026-02-26,2494.08,UPI
9471,10422,2026-02-17,1316.55,Card
9472,10423,2026-05-21,1728.78,Card
9473,10423,2026-05-05,172.01,Card
9474,10424,2025-10-23,4694.49,Card
9475,10425,2025-12-29,3205.32,Cheque
9476,10426,2026-01-19,16926.54,UPI
9477,10427,2026-08-26,3135.89,UPI
9478,10427,2026-06-29,4385.69,Card
9479,10428,2026-04-23,5139.92,UPI
9480,10429,2026-07-06,14348.27,NEFT
9481,10430,2026-08-24,3902.38,NEFT
9482,10430,2026-09-15,878.13,NEFT
9483,10431,2026-09-08,6064.63,Card
9484,10432,2025-11-15,12689.91,UPI
9485,10433,2025-12-19,2744.81,NEFT
9486,10433,2026-01-13,1276.57,NEFT
9487,10434,2026-06-16,7080.83,NEFT
9488,10436,2026-01-06,12508.2,NEFT
9489,10437,2025-11-28,4892.2,Card
9490,10438,2026-04-28,14968.29,Cheque
9491,10439,2026-04-21,5862.19,UPI
9492,10441,2026-10-29,2839.75,NEFT
9493,10442,2026-04-25,9946.29,Cheque
9494,10443,2026-05-27,4830.33,Card
9495,10444,2026-03-05,4175.98,Card
9496,10445,2026-08-12,1095.28,NEFT
9497,10446,2026-09-12,4882.24,Cheque
9498,10447,2026-03-13,2293.37,NEFT
9499,10448,2025-11-23,3902.78,UPI
9500,10449,2025-12-12,2366.64,Cheque
9501,10451,2026-05-05,2119.75,Cheque
9502,10452,2026-05-01,2137.32,NEFT
9503,10453,2026-02-27,679.4,Cheque
9504,10454,2026-07-01,6755.85,NEFT
9505,10455,2026-03-17,5072.92,NEFT
9506,10456,2025-09-25,8808.1,Cheque
9507,10458,2026-03-05,2949.5,Card
9508,10459,2026-05-25,4660.6,NEFT
9509,10460,2026-06-08,4518.75,NEFT
9510,10461,2026-02-05,4087.71,UPI
9511,10461,2026-02-01,2267.72,Card
9512,10462,2026-05-07,5052.03,UPI
9513,10463,2026-03-04,5063.79,Card
9514,10463,2026-01-31,3443.68,Card
9515,10464,2025-11-11,5020.24,Cheque
9516,10465,2026-04-24,2409.44,NEFT
9517,10468,2026-03-24,1605.05,Cheque
9518,10470,2026-01-23,3670.58,NEFT
9519,10470,2026-01-26,1684.82,Card
9520,10472,2026-08-11,2704.76,UPI
9521,10472,2026-09-06,1142.45,Cheque
9522,10473,2026-05-09,14759.78,NEFT
9523,10474,2026-06-16,1507.73,Card
9524,10475,2026-08-16,5570.17,NEFT
9525,10476,2026-04-26,9173.83,NEFT
9526,10477,2025-11-05,15133.63,Card
9527,10478,2026-07-30,10479.13,UPI
9528,10478,2026-08-27,4060.82,UPI
9529,10479,2025-12-17,2080.25,Card
9530,10481,2026-03-19,4213.11,UPI
9531,10483,2026-10-12,12386.19,UPI
9532,10484,2026-04-15,12591.82,Card
9533,10485,2025-11-17,4141.07,UPI
9534,10486,2026-08-15,1021.07,Card
9535,10487,2026-01-24,1190.11,NEFT
9536,10487,2026-01-18,126.05,UPI
9537,10488,2026-08-10,4817.42,Card
9538,10489,2025-09-27,11106.04,UPI
9539,10491,2026-08-08,4290.9,Card
9540,10492,2026-01-11,13632.83,NEFT
9541,10492,2025-12-24,4609.86,UPI
9542,10493,2026-04-12,3640.98,UPI
9543,10494,2026-06-06,20322.28,NEFT
9544,10495,2025-12-29,3543.86,Cheque
9545,10496,2026-05-15,10307.32,NEFT
9546,10497,2026-08-06,5317.06,NEFT
9547,10498,2026-06-21,9306.8,Card
9548,10499,2025-10-26,24936.95,Cheque
9549,10501,2026-01-26,13712.35,UPI
9550,10502,2026-05-04,2444.24,NEFT
9551,10503,2026-03-05,2199.13,Card
9552,10503,2026-02-14,174.2,NEFT
9553,10504,2026-01-02,1354.58,Cheque
9554,10505,2026-06-13,1157.68,Card
9555,10506,2025-12-13,16831.48,Card
9556,10507,2026-09-04,3262.15,NEFT
9557,10508,2025-10-17,4037.06,NEFT
9558,10509,2026-02-27,5887.28,Cheque
9559,10510,2026-09-19,8615.78,Cheque
9560,10511,2026-03-01,9320.75,Card
9561,10512,2026-06-10,5955.41,Card
9562,10514,2026-07-25,2299.82,UPI
9563,10515,2026-03-27,3776.91,UPI
9564,10516,2026-09-15,12751.49,UPI
9565,10517,2026-04-15,8610.28,Cheque
9566,10517,2026-04-22,2135.61,UPI
9567,10518,2026-09-08,6726.81,UPI
9568,10519,2026-02-11,2378.81,Cheque
9569,10520,2026-01-22,9388.56,NEFT
9570,10521,2026-03-13,1994.5,UPI
9571,10522,2026-06-20,9048.88,Cheque
9572,10523,2025-10-31,16891.6,Card
9573,10524,2026-06-28,3153.6,NEFT
9574,10525,2026-08-25,39650.41,UPI
9575,10528,2026-06-19,4214.47,UPI
9576,10529,2025-11-02,4601.52,Card
9577,10531,2025-10-23,7096.64,Cheque
9578,10533,2026-05-15,5455.73,UPI
9579,10534,2026-07-03,5632.19,UPI
9580,10534,2026-07-19,2867.32,NEFT
9581,10536,2026-05-29,8674.08,Cheque
9582,10536,2026-06-02,4618.2,Card
9583,10537,2026-05-29,5370.65,Cheque
9584,10538,2026-02-19,9479.34,UPI
9585,10539,2026-01-31,3419.43,Card
9586,10539,2026-01-30,1042.41,Cheque
9587,10541,2025-12-23,2006.4,UPI
9588,10542,2025-12-19,17507.46,UPI
9589,10543,2026-01-11,1495.36,NEFT
9590,10544,2026-04-30,6126.81,Cheque
9591,10545,2026-06-21,6938.97,Cheque
9592,10546,2025-12-14,2281.62,UPI
9593,10547,2026-08-16,10279.98,Cheque
9594,10548,2026-07-08,1697.33,Cheque
9595,10549,2025-10-10,3144.61,Cheque
9596,10550,2026-03-25,8914.02,NEFT
9597,10551,2026-04-01,1301.67,Card
9598,10551,2026-03-31,464.53,UPI
9599,10552,2026-07-16,4302.6,NEFT
9600,10553,2026-06-05,12207.67,UPI
9601,10554,2026-05-01,11798.08,Cheque
9602,10555,2026-10-03,6745.93,Cheque
9603,10556,2025-12-06,2556.4,NEFT
9604,10557,2026-04-09,2264.27,NEFT
9605,10558,2026-08-29,3342.57,UPI
9606,10559,2025-09-22,265.77,Cheque
9607,10559,2025-12-02,164.64,Cheque
9608,10560,2026-08-04,5093.72,Card
9609,10561,2025-11-27,4560.08,UPI
9610,10562,2025-09-11,5312.95,NEFT
9611,10563,2026-01-22,4125.83,Cheque
9612,10564,2026-08-30,5759.17,UPI
9613,10566,2026-03-13,1554.84,NEFT
9614,10567,2026-09-13,6255.13,Cheque
9615,10568,2026-03-08,4916.35,Card
9616,10571,2025-10-24,3938.51,Cheque
9617,10572,2025-11-26,8314.01,Cheque
9618,10573,2026-08-31,4825.94,UPI
9619,10574,2026-07-19,1203.55,UPI
9620,10575,2026-03-10,4985.59,UPI
9621,10575,2026-03-12,1123.96,UPI
9622,10576,2025-10-17,7437.72,NEFT
9623,10578,2025-10-16,10429.02,NEFT
9624,10579,2026-03-21,7925.95,Card
9625,10579,2026-04-07,5114.96,NEFT
9626,10580,2026-10-07,9011.62,Cheque
9627,10582,2025-11-19,3438.43,UPI
9628,10583,2025-10-28,11029.66,Card
9629,10584,2026-10-09,3664.6,Cheque
9630,10586,2026-01-20,11327.24,Cheque
9631,10588,2026-07-08,8122.11,Card
9632,10588,2026-07-14,831.7,Card
9633,10590,2026-03-20,7992.95,Cheque
9634,10591,2026-05-18,18181.28,Cheque
9635,10592,2026-04-04,10608.1,UPI
9636,10592,2026-03-17,3983.53,UPI
9637,10594,2026-02-06,17609.25,NEFT
9638,10595,2025-10-20,4044.66,Card
9639,10595,2025-10-13,132.51,NEFT
9640,10596,2025-11-04,31193.76,UPI
9641,10598,2026-08-30,8496.91,NEFT
9642,10599,2025-11-30,8292.8,UPI
9643,10600,2026-02-25,1146.71,NEFT
9644,10600,2026-03-03,937.32,UPI
9645,10601,2025-12-22,15036.05,UPI
9646,10602,2026-01-01,3384.64,UPI
9647,10603,2026-01-31,2755.63,UPI
9648,10604,2026-03-24,1301.0,UPI
9649,10604,2026-03-09,1440.22,Cheque
9650,10605,2026-09-13,3087.26,NEFT
9651,10607,2026-05-05,2129.05,UPI
9652,10608,2025-12-16,2602.13,Cheque
9653,10609,2025-10-14,1254.72,Card
9654,10610,2026-07-02,2616.95,UPI
9655,10611,2026-09-07,14893.71,Card
9656,10612,2026-08-08,9539.07,Card
9657,10613,2025-11-09,6205.81,NEFT
9658,10615,2026-02-22,8877.43,Card
9659,10615,2026-01-25,4337.0,NEFT
9660,10616,2025-11-06,3023.23,Cheque
9661,10617,2026-06-03,4351.08,UPI
9662,10620,2026-04-22,1664.39,Cheque
9663,10620,2026-03-31,2375.56,UPI
9664,10621,2026-06-18,627.36,Cheque
9665,10622,2026-10-03,1629.64,NEFT
9666,10623,2026-09-14,12500.85,NEFT
9667,10623,2026-09-07,2676.87,NEFT
9668,10624,2026-09-02,5319.48,UPI
9669,10625,2026-02-02,2130.91,UPI
9670,10626,2026-06-18,7622.19,Card
9671,10627,2026-05-05,8069.37,Cheque
9672,10628,2026-07-19,17168.73,NEFT
9673,10629,2026-07-10,20739.97,Card
9674,10630,2026-04-06,9341.03,NEFT
9675,10632,2026-01-01,30991.92,NEFT
9676,10633,2026-04-21,14763.32,NEFT
9677,10634,2026-04-20,9863.06,UPI
9678,10637,2026-07-20,1282.86,NEFT
9679,10637,2026-08-21,1911.59,NEFT
9680,10638,2026-01-14,4800.44,NEFT
9681,10639,2026-06-22,3628.12,NEFT
9682,10641,2026-04-27,4703.1,UPI
9683,10642,2026-07-11,2686.14,Card
9684,10643,2026-10-01,7463.45,Card
9685,10644,2026-05-30,2575.54,NEFT
9686,10645,2026-08-19,1355.34,Card
9687,10647,2026-01-12,4718.26,Cheque
9688,10648,2025-10-08,5668.32,NEFT
9689,10649,2026-03-01,15035.68,Cheque
9690,10650,2025-10-03,6111.82,Cheque
9691,10651,2026-04-17,7883.67,Card
9692,10652,2026-01-16,5033.73,Cheque
9693,10655,2025-11-11,2000.91,Cheque
9694,10655,2025-11-20,690.21,Card
9695,10657,2026-05-04,3407.2,Card
9696,10658,2026-02-04,2654.21,NEFT
9697,10659,2026-03-26,2568.82,NEFT
9698,10659,2026-03-20,2113.76,Cheque
9699,10660,2025-10-07,4485.7,Card
9700,10661,2025-10-18,4680.68,Cheque
9701,10662,2026-02-09,5869.71,UPI
9702,10663,2026-07-23,7445.95,NEFT
9703,10664,2026-07-13,2687.66,Cheque
9704,10665,2026-03-14,3292.22,NEFT
9705,10666,2026-03-15,10460.66,UPI
9706,10668,2025-12-11,2619.76,NEFT
9707,10669,2026-01-08,2694.1,Cheque
9708,10670,2026-04-05,4261.12,Cheque
9709,10672,2025-11-30,7603.11,Cheque
9710,10673,2026-05-25,2487.04,UPI
9711,10674,2026-07-19,21328.08,Card
9712,10676,2026-10-05,1366.78,NEFT
9713,10678,2026-05-05,2559.87,Card
9714,10679,2026-08-01,3973.77,UPI
9715,10680,2025-10-03,3127.55,Card
9716,10680,2025-10-16,1364.24,Cheque
9717,10681,2026-02-07,5707.82,NEFT
9718,10681,2026-02-06,2255.46,UPI
9719,10682,2026-08-29,1150.11,Card
9720,10683,2026-06-22,2305.83,Card
9721,10683,2026-06-01,1625.15,Cheque
9722,10684,2026-05-23,3728.56,NEFT
9723,10685,2026-08-05,15493.29,UPI
9724,10686,2026-01-29,3236.82,Cheque
9725,10687,2026-05-14,3610.13,Cheque
9726,10687,2026-05-21,258.29,Card
9727,10688,2026-03-22,9184.94,UPI
9728,10689,2026-08-07,7527.46,Card
9729,10690,2026-07-26,2801.64,Card
9730,10691,2025-11-06,7043.91,Card
9731,10692,2025-12-30,2771.91,UPI
9732,10693,2026-04-25,9506.96,NEFT
9733,10695,2026-08-13,1829.64,Cheque
9734,10696,2025-11-06,900.13,Cheque
9735,10697,2026-04-20,3701.08,UPI
9736,10698,2025-12-20,2671.07,Cheque
9737,10699,2026-07-23,4127.79,NEFT
9738,10700,2026-06-13,4806.85,UPI
9739,10701,2026-06-14,1081.6,Card
9740,10702,2026-05-09,2788.6,Cheque
9741,10703,2026-08-17,4508.41,Card
9742,10704,2026-05-30,5416.64,Card
9743,10705,2026-01-11,9468.97,Card
9744,10706,2025-11-09,7096.65,Card
9745,10706,2025-11-02,3771.91,NEFT
9746,10707,2025-12-06,4130.99,NEFT
9747,10708,2026-05-03,4133.3,Card
9748,10708,2026-05-18,308.84,UPI
9749,10709,2026-04-15,3403.81,NEFT
9750,10710,2026-06-07,8448.93,Card
9751,10711,2025-12-19,1917.88,Cheque
9752,10711,2025-11-24,1758.13,Card
9753,10712,2026-06-28,2307.08,Cheque
9754,10713,2026-09-08,1322.38,Card
9755,10714,2025-12-30,2343.0,NEFT
9756,10715,2026-02-01,4042.01,Cheque
9757,10716,2026-09-28,10947.2,Card
9758,10717,2025-09-30,5185.41,UPI
9759,10718,2026-07-26,5479.56,Card
9760,10719,2025-11-24,5013.51,Card
9761,10720,2026-06-07,13919.51,NEFT
9762,10723,2025-10-20,3097.22,NEFT
9763,10724,2026-01-26,1824.02,Cheque
9764,10725,2025-11-18,18753.88,NEFT
9765,10726,2026-01-30,9509.89,NEFT
9766,10727,2026-08-15,2950.26,NEFT
9767,10727,2026-07-31,1333.02,NEFT
9768,10728,2026-02-24,17907.24,Cheque
9769,10728,2026-02-22,3094.47,NEFT
9770,10729,2026-05-27,4969.58,Card
9771,10730,2025-12-14,2601.38,NEFT
9772,10731,2026-04-09,13286.75,Card
9773,10732,2026-06-19,1794.35,Card
9774,10733,2026-08-11,3628.14,NEFT
9775,10734,2026-05-30,1913.46,NEFT
9776,10735,2026-01-27,2637.83,Cheque
9777,10736,2026-02-10,4433.88,NEFT
9778,10737,2025-11-21,6548.2,UPI
9779,10738,2026-07-29,1537.58,UPI
9780,10738,2026-07-31,532.7,UPI
9781,10739,2026-05-27,21258.7,UPI
9782,10740,2026-06-20,940.0,NEFT
9783,10741,2026-08-10,5546.1,NEFT
9784,10742,2026-02-18,5660.77,NEFT
9785,10744,2026-05-24,10103.69,Card
9786,10745,2026-07-28,237.65,NEFT
9787,10745,2026-07-20,198.33,NEFT
9788,10747,2026-07-27,5643.21,UPI
9789,10748,2026-04-05,15722.85,NEFT
9790,10748,2026-05-16,3806.13,UPI
9791,10751,2025-12-30,4932.68,UPI
9792,10752,2026-05-15,1899.87,Cheque
9793,10753,2026-05-14,5090.59,NEFT
9794,10754,2026-08-08,2745.89,NEFT
9795,10755,2026-07-27,3071.17,NEFT
9796,10756,2026-09-20,3891.29,NEFT
9797,10756,2026-10-21,3586.0,Card
9798,10758,2026-06-11,5745.44,NEFT
9799,10759,2026-02-26,836.54,UPI
9800,10760,2025-11-09,2038.82,Card
9801,10760,2025-12-18,451.83,NEFT
9802,10761,2026-02-02,16328.07,Card
9803,10762,2026-09-12,4128.05,UPI
9804,10763,2026-02-18,1956.39,UPI
9805,10764,2026-03-05,9143.81,UPI
9806,10765,2026-10-03,1870.33,Cheque
9807,10766,2026-04-08,5142.21,UPI
9808,10767,2025-10-28,2021.98,Cheque
9809,10768,2026-03-10,3578.67,Cheque
9810,10769,2026-08-03,4880.83,Card
9811,10770,2026-08-13,4612.66,Card
9812,10771,2025-12-01,6747.39,NEFT
9813,10772,2026-08-20,5873.22,NEFT
9814,10773,2026-05-07,2213.69,Cheque
9815,10774,2026-05-07,19261.18,UPI
9816,10775,2025-09-25,4410.65,Cheque
9817,10776,2026-09-16,1125.05,Cheque
9818,10776,2026-09-20,572.2,UPI
9819,10777,2025-12-25,589.35,Cheque
9820,10777,2025-12-30,255.65,Cheque
9821,10778,2025-10-09,3670.39,Card
9822,10778,2025-11-12,1639.57,UPI
9823,10779,2026-05-20,2383.16,Cheque
9824,10780,2026-08-11,7906.47,UPI
9825,10781,2025-10-19,5197.23,Card
9826,10782,2026-09-03,116773.98,NEFT
9827,10783,2025-12-04,1823.48,UPI
9828,10784,2026-09-22,9795.02,Cheque
9829,10785,2026-06-08,1237.07,UPI
9830,10785,2026-05-31,854.17,Card
9831,10786,2025-11-16,5368.59,UPI
9832,10786,2025-09-17,4351.58,NEFT
9833,10787,2025-11-16,11799.98,UPI
9834,10788,2026-04-09,2969.85,Card
9835,10789,2026-06-26,2790.1,Card
9836,10792,2025-12-18,9721.36,UPI
9837,10792,2025-12-27,8415.21,NEFT
9838,10793,2025-10-17,4268.98,Card
9839,10794,2026-02-19,7106.88,Cheque
9840,10795,2026-10-05,5324.29,Cheque
9841,10795,2026-09-17,1951.47,UPI
9842,10796,2026-10-28,10208.17,Cheque
9843,10797,2026-03-30,3482.77,NEFT
9844,10799,2026-02-14,12302.79,NEFT
9845,10799,2026-02-24,1858.84,Cheque
9846,10800,2026-05-11,3259.74,NEFT
9847,10800,2026-04-16,1154.76,NEFT
9848,10801,2026-03-22,1721.23,UPI
9849,10802,2026-05-06,14944.06,Cheque
9850,10803,2026-02-23,5745.12,Card
9851,10805,2025-11-13,8592.14,NEFT
9852,10806,2026-05-25,15686.23,Cheque
9853,10807,2026-03-16,4186.46,UPI
9854,10808,2026-03-21,13652.89,NEFT
9855,10809,2026-01-04,4696.99,Cheque
9856,10809,2026-02-03,599.9,NEFT
9857,10810,2026-05-06,5022.74,NEFT
9858,10810,2026-03-20,3212.98,Card
9859,10811,2026-09-09,3076.78,NEFT
9860,10813,2026-09-10,11907.63,UPI
9861,10814,2025-11-26,596.84,NEFT
9862,10814,2025-10-19,441.84,Cheque
9863,10815,2026-08-05,8204.8,Cheque
9864,10815,2026-08-30,551.7,Card
9865,10816,2025-11-16,6773.75,Card
9866,10817,2026-04-26,18882.89,NEFT
9867,10818,2026-02-27,11182.12,UPI
9868,10819,2025-10-13,5759.9,Cheque
9869,10820,2026-01-01,1807.54,UPI
9870,10821,2025-12-05,2288.39,UPI
9871,10821,2025-12-27,853.97,UPI
9872,10822,2026-03-23,4169.94,UPI
9873,10823,2026-02-16,12143.42,NEFT
9874,10823,2026-02-03,4351.59,NEFT
9875,10824,2026-07-24,7177.95,UPI
9876,10824,2026-07-18,2310.28,Cheque
9877,10825,2026-06-20,2646.96,Card
9878,10827,2026-03-06,3464.0,Cheque
9879,10828,2025-11-10,2982.57,UPI
9880,10829,2025-10-24,8267.18,Cheque
9881,10830,2026-03-09,4454.47,Cheque
9882,10831,2026-04-25,791.8,Card
9883,10831,2026-03-23,1178.19,UPI
9884,10832,2026-06-07,9688.93,NEFT
9885,10833,2025-11-02,5646.52,NEFT
9886,10834,2026-04-09,3729.8,Card
9887,10835,2026-05-14,16500.89,NEFT
9888,10836,2026-02-27,11713.44,Card
9889,10837,2026-09-21,4466.46,UPI
9890,10837,2026-09-21,1044.37,Cheque
9891,10838,2026-11-01,1271.11,Cheque
9892,10840,2026-03-26,2999.23,NEFT
9893,10840,2026-05-08,397.12,Card
9894,10841,2026-01-02,4406.77,NEFT
9895,10842,2026-03-12,3924.57,Cheque
9896,10843,2026-04-03,1773.49,Cheque
9897,10844,2025-12-13,5780.84,Card
9898,10844,2026-01-12,1400.19,Card
9899,10846,2025-12-19,5539.19,Cheque
9900,10847,2026-07-11,2364.53,Card
9901,10848,2026-02-08,3476.28,UPI
9902,10850,2025-10-29,5519.49,Cheque
9903,10851,2026-11-05,8221.9,Card
9904,10852,2026-06-29,8733.92,Cheque
9905,10853,2026-02-27,14516.71,Cheque
9906,10854,2025-11-27,3160.65,Cheque
9907,10854,2025-12-07,1836.37,UPI
9908,10856,2026-06-01,3863.27,NEFT
9909,10857,2025-11-13,8038.74,Cheque
9910,10857,2025-12-20,1277.21,NEFT
9911,10858,2026-08-05,12283.9,Card
9912,10859,2026-05-25,12246.94,UPI
9913,10860,2026-08-20,1556.42,Cheque
9914,10861,2025-11-09,195.73,Card
9915,10862,2025-12-01,7795.16,UPI
9916,10863,2026-05-21,5010.07,Cheque
9917,10864,2026-08-30,6257.44,Card
9918,10865,2026-10-25,5380.46,UPI
9919,10866,2026-05-26,2260.96,UPI
9920,10866,2026-05-30,1550.63,UPI
9921,10867,2026-01-02,7905.08,Card
9922,10868,2026-06-22,6557.39,UPI
9923,10869,2026-08-13,2429.13,NEFT
9924,10869,2026-08-22,2168.75,UPI
9925,10870,2026-05-03,5117.1,Card
9926,10871,2025-11-11,8190.33,UPI
9927,10872,2026-01-27,3108.36,Cheque
9928,10873,2026-04-25,2054.56,Cheque
9929,10874,2025-11-16,859.93,Card
9930,10875,2026-05-14,2709.19,Cheque
9931,10875,2026-05-25,619.52,NEFT
9932,10876,2026-07-10,16395.28,UPI
9933,10877,2026-04-02,5560.31,UPI
9934,10878,2026-04-15,2904.39,UPI
9935,10879,2026-04-25,5878.37,Cheque
9936,10880,2026-06-06,2168.43,NEFT
9937,10881,2026-07-29,4309.28,Cheque
9938,10882,2026-06-03,3600.6,Cheque
9939,10883,2026-01-09,1734.67,Cheque
9940,10884,2026-06-07,8472.63,UPI
9941,10884,2026-06-09,3516.76,Card
9942,10885,2025-12-11,3699.27,Card
9943,10886,2026-04-29,4848.6,UPI
9944,10887,2026-07-13,8731.08,NEFT
9945,10888,2026-03-05,6625.1,Cheque
9946,10889,2026-02-11,2297.06,Cheque
9947,10889,2026-01-16,3021.49,Card
9948,10890,2026-07-10,4132.99,Cheque
9949,10892,2026-09-04,4971.21,Card
9950,10893,2026-09-01,5611.32,NEFT
9951,10894,2026-07-19,5893.62,UPI
9952,10894,2026-08-04,6285.72,Cheque
9953,10895,2026-02-28,12743.97,NEFT
9954,10897,2026-06-01,5436.45,UPI
9955,10898,2025-10-27,8449.38,NEFT
9956,10899,2026-09-09,4088.23,NEFT
9957,10901,2026-01-26,4755.44,NEFT
9958,10902,2026-04-20,2213.71,Cheque
9959,10903,2025-12-25,23373.05,NEFT
9960,10903,2026-01-02,9720.72,NEFT
9961,10904,2026-08-26,3552.59,Cheque
9962,10904,2026-09-18,79.03,Card
9963,10905,2026-07-23,3930.74,NEFT
9964,10905,2026-07-21,3337.71,UPI
9965,10906,2026-04-03,3898.14,UPI
9966,10906,2026-03-10,1034.59,Card
9967,10907,2026-01-26,8669.41,NEFT
9968,10909,2026-07-14,5946.99,Cheque
9969,10910,2026-01-11,2532.64,Cheque
9970,10911,2026-07-24,12334.29,Card
9971,10912,2025-10-06,8488.27,Card
9972,10913,2026-05-14,1610.18,UPI
9973,10914,2026-04-01,5056.87,NEFT
9974,10915,2026-01-07,1643.87,UPI
9975,10916,2026-03-16,2637.53,UPI
9976,10917,2026-03-25,10446.07,Card
9977,10919,2025-12-03,11537.99,NEFT
9978,10920,2025-12-15,4116.16,Card
9979,10920,2025-10-27,2653.66,Card
9980,10921,2025-10-21,4689.58,NEFT
9981,10922,2025-10-12,10092.09,NEFT
9982,10923,2025-11-24,24428.14,Cheque
9983,10923,2025-12-13,19024.87,Cheque
9984,10925,2026-07-07,19380.13,UPI
9985,10926,2026-02-17,10832.64,Cheque
9986,10927,2025-12-04,1700.71,Card
9987,10927,2025-12-08,1144.42,Card
9988,10929,2025-10-28,2053.89,NEFT
9989,10930,2026-05-17,3209.47,NEFT
9990,10930,2026-05-22,162.0,NEFT
9991,10932,2026-10-05,1699.91,UPI
9992,10934,2026-03-16,7283.53,UPI
9993,10935,2026-08-30,7219.31,NEFT
9994,10936,2025-11-11,7154.56,NEFT
9995,10936,2025-11-12,1163.11,Cheque
9996,10938,2025-12-12,8603.1,Cheque
9997,10939,2026-07-21,11797.83,NEFT
9998,10940,2026-04-30,3903.11,NEFT
9999,10940,2026-04-02,2186.36,Card
10000,10941,2026-02-19,3532.26,Cheque
10001,10943,2026-08-24,2561.1,UPI
10002,10944,2026-05-19,9880.4,Cheque
10003,10945,2026-06-05,1384.14,UPI
10004,10946,2026-07-24,3298.16,Cheque
10005,10946,2026-07-22,1103.36,NEFT
10006,10947,2026-06-25,7883.3,UPI
10007,10948,2025-12-24,2210.85,Card
10008,10949,2026-02-17,1634.01,Cheque
10009,10950,2026-10-16,807.13,UPI
10010,10951,2026-03-15,3982.76,NEFT
10011,10953,2026-10-24,4792.65,NEFT
10012,10953,2026-09-11,5290.22,Cheque
10013,10954,2026-06-07,1445.11,Cheque
10014,10956,2026-05-11,1764.39,Card
10015,10957,2025-12-31,1490.27,Cheque
10016,10959,2025-10-23,9577.64,Cheque
10017,10959,2025-10-04,2241.32,Cheque
10018,10961,2025-09-28,12465.64,Card
10019,10962,2025-12-23,5880.01,UPI
10020,10964,2026-01-31,2154.64,Card
10021,10965,2026-05-10,21242.4,Card
10022,10965,2026-04-19,1699.91,NEFT
10023,10966,2025-12-03,3122.88,Card
10024,10970,2025-12-01,4470.41,Card
10025,10971,2026-03-05,12894.82,Card
10026,10972,2026-06-17,3063.05,UPI
10027,10973,2026-05-23,30175.06,UPI
10028,10974,2026-08-15,1751.42,Cheque
10029,10975,2025-12-06,2406.52,Card
10030,10976,2025-10-27,14290.98,NEFT
10031,10978,2026-01-30,14986.78,UPI
10032,10979,2026-07-11,3443.48,Cheque
10033,10980,2026-08-14,8472.7,Cheque
10034,10981,2026-05-16,1166.7,NEFT
10035,10982,2026-02-06,4706.02,UPI
10036,10983,2025-09-30,1795.06,UPI
10037,10984,2026-02-13,4812.18,NEFT
10038,10985,2025-10-12,2477.34,Card
10039,10986,2026-08-17,26245.08,Cheque
10040,10987,2025-12-03,3868.57,Card
10041,10988,2026-01-04,1918.05,Cheque
10042,10989,2026-06-04,8696.42,NEFT
10043,10990,2026-08-18,1902.43,NEFT
10044,10991,2026-03-08,10084.73,UPI
10045,10992,2026-08-18,3199.88,Cheque
10046,10993,2026-06-03,4851.38,NEFT
10047,10994,2026-01-17,4295.83,Cheque
10048,10995,2026-08-06,4081.36,Cheque
10049,10996,2025-12-29,5255.24,UPI
10050,10997,2026-09-08,2941.33,Card
10051,10998,2025-11-08,2087.21,UPI
10052,10999,2025-10-26,5157.79,NEFT
10053,11000,2025-11-14,3637.3,Cheque
10054,11001,2026-09-20,1797.27,Cheque
10055,11002,2026-01-24,6300.9,Cheque
10056,11003,2025-11-26,4935.05,Card
10057,11004,2026-07-29,2096.13,NEFT
10058,11006,2025-12-30,4453.98,UPI
10059,11007,2026-08-25,2191.99,UPI
10060,11009,2026-02-06,4264.74,Card
10061,11010,2026-04-14,4193.36,NEFT
10062,11012,2025-10-16,7204.5,Card
10063,11013,2026-09-26,13150.15,NEFT
10064,11014,2025-10-17,5391.79,UPI
10065,11015,2026-05-02,2325.77,Cheque
10066,11016,2026-01-31,1054.9,Cheque
10067,11016,2026-01-23,1467.46,Cheque
10068,11017,2026-10-20,8538.17,Cheque
10069,11018,2026-05-23,11682.41,Cheque
10070,11018,2026-04-17,10259.38,UPI
10071,11019,2026-05-14,17656.79,Card
10072,11020,2025-10-10,1898.32,NEFT
10073,11021,2026-08-26,22133.38,NEFT
10074,11022,2026-05-14,2579.35,Card
10075,11023,2026-05-08,1863.0,Cheque
10076,11023,2026-05-03,492.94,UPI
10077,11024,2026-04-19,2461.44,Card
10078,11025,2026-05-27,3656.9,UPI
10079,11028,2025-10-27,4062.47,NEFT
10080,11029,2025-09-15,5168.86,Card
10081,11030,2026-01-10,2189.89,NEFT
10082,11030,2025-12-08,1172.45,Cheque
10083,11031,2025-09-25,1399.12,Cheque
10084,11032,2026-03-10,3114.91,UPI
10085,11032,2026-03-30,944.75,Card
10086,11034,2025-09-14,2228.44,UPI
10087,11035,2025-11-17,2288.08,Card
10088,11036,2026-09-18,7021.0,Cheque
10089,11038,2026-04-07,3977.46,Card
10090,11038,2026-04-12,2012.52,UPI
10091,11039,2026-07-28,6071.97,Cheque
10092,11039,2026-08-30,1060.6,UPI
10093,11040,2026-06-03,2634.36,Card
10094,11040,2026-06-28,552.45,UPI
10095,11041,2026-08-04,2744.61,Card
10096,11042,2026-07-19,1619.63,Cheque
10097,11043,2026-02-02,2655.38,Cheque
10098,11044,2026-03-15,6155.05,Card
10099,11044,2026-02-05,1719.63,Cheque
10100,11045,2025-12-29,9777.09,Cheque
10101,11046,2026-07-06,5261.29,Card
10102,11047,2026-06-28,3058.35,UPI
10103,11048,2026-03-11,3142.99,Cheque
10104,11048,2026-05-01,2159.02,Card
10105,11049,2026-09-14,2598.1,UPI
10106,11050,2025-10-04,5770.24,UPI
10107,11051,2026-07-19,5554.35,Cheque
10108,11053,2025-12-30,1421.71,NEFT
10109,11054,2026-03-31,3384.69,Card
10110,11055,2025-10-09,11615.24,UPI
10111,11055,2025-10-25,319.42,NEFT
10112,11056,2026-08-13,24171.33,UPI
10113,11058,2026-05-18,4715.77,Cheque
10114,11059,2025-11-09,2294.76,NEFT
10115,11060,2026-04-02,1268.46,Card
10116,11061,2026-01-22,7039.67,NEFT
10117,11062,2026-04-20,1185.48,UPI
10118,11062,2026-03-28,1493.93,Cheque
10119,11063,2026-04-27,6152.16,NEFT
10120,11063,2026-04-21,5177.51,Cheque
10121,11064,2026-02-26,3085.73,NEFT
10122,11065,2026-04-03,15609.65,Cheque
10123,11066,2026-03-30,3603.75,Cheque
10124,11067,2025-12-25,12381.34,UPI
10125,11068,2026-03-25,8566.44,Cheque
10126,11069,2026-06-25,9845.21,Cheque
10127,11070,2026-08-22,4733.25,Card
10128,11071,2026-10-02,2375.45,Cheque
10129,11071,2026-08-25,563.52,NEFT
10130,11072,2025-11-19,11212.64,NEFT
10131,11073,2026-04-16,18668.48,UPI
10132,11073,2026-02-22,2319.52,Card
10133,11074,2025-12-10,2242.39,Cheque
10134,11075,2026-09-21,7314.64,UPI
10135,11076,2026-04-02,5372.56,UPI
10136,11076,2026-05-14,1919.9,UPI
10137,11077,2026-03-28,5709.21,Card
10138,11078,2025-10-31,15710.67,UPI
10139,11079,2025-12-17,2688.54,NEFT
10140,11080,2026-03-11,12038.74,UPI
10141,11081,2026-07-01,4005.03,Cheque
10142,11082,2025-10-24,771.26,NEFT
10143,11083,2026-02-10,1558.11,NEFT
10144,11085,2026-08-30,11285.37,NEFT
10145,11085,2026-08-20,1984.6,UPI
10146,11087,2025-10-12,5234.52,Card
10147,11088,2025-11-27,1706.48,Card
10148,11088,2025-12-08,293.63,NEFT
10149,11089,2026-04-03,1902.86,Card
10150,11090,2026-03-14,6999.68,NEFT
10151,11091,2026-02-19,4237.75,Cheque
10152,11091,2026-02-02,595.98,NEFT
10153,11092,2026-03-16,10872.17,Cheque
10154,11093,2026-02-22,3710.09,NEFT
10155,11093,2026-02-21,123.41,NEFT
10156,11094,2026-01-31,1218.14,Card
10157,11094,2026-02-18,1478.14,Card
10158,11095,2026-08-20,4002.32,Cheque
10159,11096,2026-07-20,4947.93,Cheque
10160,11097,2026-06-19,983.39,NEFT
10161,11099,2025-10-24,5604.66,NEFT
10162,11100,2026-08-11,10666.02,Card
10163,11101,2026-05-17,9331.92,Cheque
10164,11102,2026-02-27,11894.46,UPI
10165,11103,2026-04-20,11398.6,NEFT
10166,11104,2026-07-14,2873.44,UPI
10167,11104,2026-07-14,2717.15,Cheque
10168,11105,2026-09-05,855.66,Card
10169,11106,2026-05-16,9958.55,UPI
10170,11108,2026-01-15,4168.3,Card
10171,11110,2026-09-10,6978.95,NEFT
10172,11110,2026-10-07,4509.26,UPI
10173,11112,2026-03-03,1719.03,UPI
10174,11113,2026-07-19,4036.86,Cheque
10175,11114,2025-12-15,4643.59,Cheque
10176,11114,2025-12-15,336.8,UPI
10177,11115,2026-07-04,4035.79,Card
10178,11116,2026-09-02,3336.87,UPI
10179,11117,2025-12-22,10708.02,NEFT
10180,11118,2026-05-26,14736.9,UPI
10181,11119,2025-10-11,23452.64,Cheque
10182,11120,2026-08-06,2239.96,NEFT
10183,11122,2026-09-05,5824.98,NEFT
10184,11123,2026-10-05,6753.56,NEFT
10185,11124,2026-06-09,13209.88,Card
10186,11125,2025-11-05,4804.35,Card
10187,11126,2026-05-30,3117.68,NEFT
10188,11127,2026-02-23,2870.86,Cheque
10189,11128,2025-12-23,1966.26,NEFT
10190,11129,2025-10-28,3014.7,UPI
10191,11130,2025-11-04,3884.5,Card
10192,11131,2025-12-29,4802.83,Cheque
10193,11132,2026-07-06,3605.57,UPI
10194,11132,2026-07-10,81.91,NEFT
10195,11135,2026-04-30,4578.92,UPI
10196,11135,2026-05-08,1175.37,UPI
10197,11136,2026-01-19,2258.57,UPI
10198,11139,2026-03-24,8156.33,Card
10199,11139,2026-03-02,2590.31,UPI
10200,11141,2026-08-22,9857.82,UPI
10201,11142,2025-11-30,7495.37,Card
10202,11144,2026-08-01,4398.27,Cheque
10203,11146,2026-04-07,25557.44,NEFT
10204,11149,2025-11-05,2673.0,Cheque
10205,11149,2025-12-20,21.67,UPI
10206,11150,2026-04-29,3278.81,Cheque
10207,11150,2026-06-19,518.16,NEFT
10208,11151,2026-02-04,2618.82,UPI
10209,11152,2026-01-15,25826.92,Cheque
10210,11152,2026-01-03,2770.39,UPI
10211,11154,2026-09-16,9672.65,UPI
10212,11155,2025-11-23,3356.4,UPI
10213,11156,2025-12-29,7249.69,UPI
10214,11157,2026-09-10,2471.74,NEFT
10215,11158,2025-10-07,14574.26,Cheque
10216,11159,2026-01-20,2475.13,Cheque
10217,11159,2026-01-11,2183.78,Cheque
10218,11160,2025-12-24,16605.91,Card
10219,11161,2026-07-13,7028.5,NEFT
10220,11162,2025-11-18,16950.76,Cheque
10221,11162,2025-11-09,3389.9,NEFT
10222,11163,2026-08-31,5316.17,Card
10223,11163,2026-07-26,2766.26,Card
10224,11165,2026-09-28,15393.38,NEFT
10225,11167,2026-01-22,4340.31,UPI
10226,11167,2026-02-28,3349.57,NEFT
10227,11168,2026-05-05,5370.06,UPI
10228,11169,2026-05-31,3243.62,UPI
10229,11170,2026-06-13,3448.15,NEFT
10230,11170,2026-07-08,953.15,NEFT
10231,11171,2026-08-25,8835.33,Card
10232,11172,2025-12-25,10882.66,UPI
10233,11173,2026-01-10,993.75,Cheque
10234,11174,2026-02-02,6460.39,Card
10235,11175,2026-05-29,4697.91,Card
10236,11176,2026-03-17,1670.83,NEFT
10237,11177,2026-03-25,9928.87,Card
10238,11179,2026-02-09,16358.96,UPI
10239,11181,2025-12-28,6482.21,Card
10240,11182,2026-02-01,2973.4,UPI
10241,11183,2025-11-24,3493.32,NEFT
10242,11184,2026-02-20,4086.52,Card
10243,11185,2026-08-22,844.78,Card
10244,11186,2026-05-20,529.07,Cheque
10245,11186,2026-05-22,434.48,Cheque
10246,11187,2026-08-19,5352.66,NEFT
10247,11188,2026-05-09,6095.8,Cheque
10248,11190,2025-12-27,1841.28,Cheque
10249,11191,2026-04-30,3618.96,UPI
10250,11192,2026-09-11,15891.59,NEFT
10251,11193,2026-09-28,3740.53,UPI
10252,11194,2025-12-18,3344.11,Card
10253,11196,2025-12-09,4207.38,Cheque
10254,11198,2026-03-26,7229.14,Cheque
10255,11199,2026-07-04,1670.93,Cheque
10256,11199,2026-07-16,777.97,UPI
10257,11200,2026-03-02,1008.38,UPI
10258,11200,2026-03-12,1255.03,Cheque
10259,11201,2026-09-15,1700.82,NEFT
10260,11202,2025-12-23,2229.29,NEFT
10261,11203,2026-09-11,9689.38,Cheque
10262,11204,2026-06-12,2590.88,Cheque
10263,11205,2026-03-10,4477.7,Cheque
10264,11207,2026-01-06,6774.16,Cheque
10265,11208,2026-08-30,1620.75,Cheque
10266,11208,2026-07-21,57.33,Card
10267,11209,2026-06-23,7666.12,UPI
10268,11209,2026-06-05,4369.6,NEFT
10269,11210,2026-10-12,11331.07,UPI
10270,11211,2026-02-07,4900.39,UPI
10271,11212,2025-11-04,833.39,Cheque
10272,11213,2025-10-19,2514.72,Card
10273,11214,2026-03-13,6438.18,NEFT
10274,11215,2026-09-29,6733.9,UPI
10275,11217,2026-03-11,12060.45,UPI
10276,11218,2026-01-16,3153.29,Cheque
10277,11219,2026-05-04,10987.12,Cheque
10278,11220,2026-08-30,2766.97,UPI
10279,11220,2026-09-03,2237.05,Card
10280,11221,2026-04-19,3179.01,NEFT
10281,11222,2026-05-29,8977.25,UPI
10282,11224,2026-09-18,10169.75,Cheque
10283,11225,2025-10-06,25570.94,UPI
10284,11225,2025-12-08,25567.43,Cheque
10285,11226,2026-01-02,2368.48,Card
10286,11227,2026-03-25,10115.52,Cheque
10287,11230,2025-10-28,9544.25,UPI
10288,11230,2025-10-18,844.84,UPI
10289,11231,2026-06-10,17598.05,Cheque
10290,11232,2026-07-15,2275.99,UPI
10291,11234,2026-07-12,1745.5,UPI
10292,11234,2026-08-15,610.44,NEFT
10293,11235,2025-12-05,4410.39,NEFT
10294,11236,2026-05-02,15111.4,UPI
10295,11237,2026-06-27,8511.75,UPI
10296,11237,2026-06-15,9554.31,UPI
10297,11238,2025-11-18,3734.37,Card
10298,11239,2026-03-13,4570.65,Card
10299,11240,2025-12-04,1437.77,NEFT
10300,11240,2025-11-25,520.12,Cheque
10301,11241,2026-04-07,5299.71,Cheque
10302,11242,2026-03-17,4266.82,NEFT
10303,11244,2026-07-23,9153.08,UPI
10304,11245,2025-12-06,6912.18,UPI
10305,11246,2026-03-21,1756.8,UPI
10306,11247,2026-03-22,650.04,UPI
10307,11249,2026-08-26,4434.85,Cheque
10308,11249,2026-08-20,1586.65,Card
10309,11250,2025-09-18,6763.62,UPI
10310,11251,2026-01-09,6022.13,Card
10311,11252,2026-08-24,1688.67,Cheque
10312,11253,2026-04-14,4295.72,UPI
10313,11255,2025-10-19,4685.28,Card
10314,11256,2025-10-14,8324.2,UPI
10315,11257,2025-10-17,3150.38,NEFT
10316,11259,2026-06-13,9509.1,Card
10317,11259,2026-07-03,5096.36,UPI
10318,11260,2026-07-16,2787.73,NEFT
10319,11261,2025-10-25,12570.91,Cheque
10320,11263,2026-04-08,7845.99,UPI
10321,11265,2026-09-28,4266.92,Cheque
10322,11266,2026-04-02,10380.23,UPI
10323,11267,2026-06-09,4909.2,Card
10324,11268,2026-01-08,15514.55,UPI
10325,11269,2025-11-07,8333.36,UPI
10326,11270,2026-03-23,6767.27,NEFT
10327,11271,2026-08-01,5200.97,Card
10328,11272,2026-01-09,3367.29,NEFT
10329,11273,2026-03-16,4990.97,NEFT
10330,11274,2025-10-19,6319.86,Card
10331,11275,2026-05-27,4070.97,UPI
10332,11276,2026-01-16,6346.15,Card
10333,11277,2026-03-07,10598.13,Card
10334,11277,2026-02-10,402.18,UPI
10335,11278,2026-02-28,5353.78,UPI
10336,11280,2026-04-02,551.52,NEFT
10337,11281,2026-06-01,13203.02,Card
10338,11282,2025-12-10,4576.69,UPI
10339,11283,2025-10-27,2847.2,NEFT
10340,11284,2025-10-17,7732.5,Cheque
10341,11285,2026-04-08,7734.08,Cheque
10342,11286,2026-02-08,9167.49,Card
10343,11287,2025-11-06,11206.61,UPI
10344,11288,2026-07-27,9151.06,NEFT
10345,11289,2026-07-13,268.88,Card
10346,11290,2026-03-20,6847.08,Cheque
10347,11291,2025-09-22,3428.05,UPI
10348,11291,2025-10-23,2703.42,UPI
10349,11292,2026-03-23,4084.49,Card
10350,11293,2026-07-04,7337.97,Card
10351,11296,2026-10-30,11862.61,NEFT
10352,11296,2026-10-30,1585.47,UPI
10353,11298,2025-09-27,5739.85,NEFT
10354,11299,2026-07-09,423.22,UPI
10355,11299,2026-07-30,521.0,NEFT
10356,11300,2025-12-03,27449.38,Card
10357,11301,2025-10-28,870.95,UPI
10358,11301,2025-11-08,254.27,Card
10359,11303,2025-10-25,6125.3,Cheque
10360,11303,2025-11-18,2719.38,UPI
10361,11304,2026-03-12,18633.71,NEFT
10362,11305,2026-06-23,2316.61,Cheque
10363,11306,2026-09-05,2618.03,NEFT
10364,11307,2026-04-01,9485.26,Card
10365,11309,2025-10-13,19509.02,NEFT
10366,11310,2026-01-23,11933.71,Cheque
10367,11311,2026-08-19,3814.13,Cheque
10368,11312,2026-07-22,4574.94,Card
10369,11313,2026-09-15,4477.08,NEFT
10370,11314,2026-04-30,1472.08,Cheque
10371,11315,2026-06-23,7635.39,UPI
10372,11315,2026-05-12,197.32,Card
10373,11316,2026-03-08,8299.37,UPI
10374,11317,2026-05-30,2615.34,UPI
10375,11318,2025-11-17,4216.69,Card
10376,11319,2025-09-19,1024.11,NEFT
10377,11320,2025-09-13,10512.35,UPI
10378,11321,2026-08-21,6985.26,Cheque
10379,11322,2026-01-05,1757.99,Cheque
10380,11323,2026-07-06,2141.25,UPI
10381,11324,2026-04-13,3531.63,NEFT
10382,11325,2026-05-02,9863.8,UPI
10383,11326,2026-05-06,3386.82,Cheque
10384,11328,2026-03-20,3110.61,Card
10385,11329,2026-01-25,5214.88,Card
10386,11330,2025-12-24,2518.15,UPI
10387,11331,2026-01-16,3297.22,UPI
10388,11332,2026-06-30,7129.1,NEFT
10389,11332,2026-06-28,1567.51,NEFT
10390,11333,2026-03-17,1873.82,Cheque
10391,11334,2026-03-31,2950.27,Cheque
10392,11335,2025-12-28,4203.96,NEFT
10393,11336,2026-04-12,4831.48,Card
10394,11337,2025-12-12,6176.84,NEFT
10395,11339,2026-02-06,9363.44,UPI
10396,11340,2026-03-08,2226.59,NEFT
10397,11341,2026-04-14,4078.97,NEFT
10398,11341,2026-04-06,350.56,Card
10399,11342,2026-04-24,6620.71,Card
10400,11343,2026-06-02,5775.07,Cheque
10401,11344,2025-11-08,7893.21,UPI
10402,11345,2026-02-10,7164.88,UPI
10403,11348,2026-05-19,5014.73,UPI
10404,11349,2026-02-24,8751.29,NEFT
10405,11350,2025-12-04,8149.1,Cheque
10406,11351,2026-07-12,6215.08,NEFT
10407,11352,2026-01-05,3586.65,Card
10408,11353,2025-11-09,10499.26,NEFT
10409,11354,2026-09-10,4232.55,UPI
10410,11356,2026-09-13,4225.0,Card
10411,11357,2026-02-20,12808.0,NEFT
10412,11358,2026-02-22,3361.26,Card
10413,11359,2026-08-13,5348.87,Card
10414,11361,2025-10-27,11917.18,Cheque
10415,11362,2026-08-15,2588.07,Card
10416,11363,2025-12-27,6521.33,Card
10417,11364,2025-11-26,3478.1,Cheque
10418,11365,2026-05-27,12458.28,Card
10419,11366,2026-06-29,4771.27,NEFT
10420,11367,2026-09-22,8417.81,Card
10421,11368,2025-09-23,1370.98,UPI
10422,11368,2025-10-13,729.92,Cheque
10423,11369,2025-10-11,3017.64,Card
10424,11370,2026-06-05,8126.02,UPI
10425,11371,2026-10-06,14044.07,Cheque
10426,11372,2026-05-18,7616.34,UPI
10427,11375,2026-09-04,5064.49,UPI
10428,11376,2026-07-10,3135.01,NEFT
10429,11376,2026-07-25,732.61,UPI
10430,11377,2026-09-03,21393.62,Card
10431,11378,2026-07-26,9539.07,UPI
10432,11379,2025-11-27,3310.49,NEFT
10433,11380,2025-10-17,2951.54,UPI
10434,11381,2025-11-06,2940.11,UPI
10435,11382,2026-05-19,7526.57,NEFT
10436,11383,2026-04-04,1484.26,NEFT
10437,11384,2025-12-26,3322.39,NEFT
10438,11385,2026-01-04,2691.34,Cheque
10439,11385,2025-12-19,3652.34,Card
10440,11386,2025-12-08,5111.68,UPI
10441,11387,2026-04-17,3474.47,Cheque
10442,11388,2026-06-04,8717.2,NEFT
10443,11389,2025-12-27,8681.58,Card
10444,11390,2026-07-28,4204.97,Card
10445,11391,2026-04-07,3268.39,UPI
10446,11392,2026-06-08,9985.15,Cheque
10447,11393,2026-04-27,2537.47,NEFT
10448,11395,2026-09-02,9353.17,NEFT
10449,11396,2025-10-09,2073.83,NEFT
10450,11397,2026-10-27,3284.12,Card
10451,11397,2026-11-23,18.9,Card
10452,11398,2026-06-30,2065.84,UPI
10453,11398,2026-06-25,1992.21,Cheque
10454,11399,2025-11-05,9343.42,NEFT
10455,11399,2025-11-10,13648.81,Card
10456,11400,2025-11-06,1835.57,Cheque
10457,11401,2025-12-23,5161.68,Cheque
10458,11402,2026-09-10,2460.03,NEFT
10459,11403,2025-09-24,31715.69,NEFT
10460,11404,2025-12-23,6189.73,Cheque
10461,11406,2025-10-16,1339.98,UPI
10462,11407,2026-07-29,8158.38,NEFT
10463,11408,2026-09-27,5835.35,Card
10464,11409,2026-09-10,8314.66,Cheque
10465,11410,2026-02-15,2234.85,Cheque
10466,11411,2026-01-20,22165.93,UPI
10467,11411,2026-02-04,122.41,Card
10468,11412,2026-01-15,5338.56,Card
10469,11414,2025-11-02,8236.51,Card
10470,11415,2025-11-23,5428.05,Card
10471,11417,2026-11-16,3272.29,NEFT
10472,11418,2026-08-16,11328.21,Cheque
10473,11419,2025-12-26,14526.16,Cheque
10474,11420,2026-07-18,9709.43,UPI
10475,11420,2026-07-20,1749.27,UPI
10476,11421,2026-06-15,14125.47,Card
10477,11421,2026-06-14,1625.7,UPI
10478,11422,2026-07-13,1728.73,UPI
10479,11422,2026-07-14,1058.79,UPI
10480,11424,2026-07-11,5516.26,Card
10481,11424,2026-04-27,1466.01,NEFT
10482,11426,2025-12-29,5811.09,UPI
10483,11427,2026-01-01,13132.02,Card
10484,11428,2025-10-20,1966.46,NEFT
10485,11428,2025-10-17,838.95,Cheque
10486,11429,2026-02-20,1903.61,UPI
10487,11430,2026-03-15,4243.66,NEFT
10488,11431,2026-04-02,685.13,Card
10489,11432,2025-10-06,4730.05,NEFT
10490,11433,2026-09-06,10693.24,Card
10491,11435,2026-01-11,3579.74,Card
10492,11436,2026-08-28,1650.29,Card
10493,11436,2026-09-04,363.6,Cheque
10494,11437,2026-03-25,6015.51,UPI
10495,11437,2026-03-06,852.04,NEFT
10496,11438,2026-07-19,8322.02,Card
10497,11439,2026-01-28,5086.44,Card
10498,11440,2026-01-08,2890.88,Card
10499,11441,2026-08-06,5822.05,UPI
10500,11443,2026-03-25,10187.74,UPI
10501,11444,2026-06-01,3610.85,UPI
10502,11446,2026-04-06,3562.89,Card
10503,11446,2026-04-04,210.84,Card
10504,11447,2026-02-12,7402.21,NEFT
10505,11448,2026-01-09,1655.25,UPI
10506,11451,2025-10-10,4044.98,Card
10507,11453,2026-09-10,8975.14,NEFT
10508,11454,2025-12-26,3111.98,UPI
10509,11455,2025-12-31,2244.16,NEFT
10510,11455,2026-01-31,76.7,NEFT
10511,11456,2025-10-27,3145.98,NEFT
10512,11457,2025-12-12,2103.77,Cheque
10513,11459,2025-11-08,2069.34,Cheque
10514,11460,2025-11-24,4829.94,Cheque
10515,11461,2026-07-23,2971.09,Cheque
10516,11462,2025-10-15,17536.3,UPI
10517,11465,2026-07-05,5735.49,Card
10518,11466,2026-03-14,2415.56,Card
10519,11467,2026-08-04,7423.05,Card
10520,11468,2026-06-22,5717.92,Card
10521,11469,2026-06-10,4633.87,UPI
10522,11469,2026-06-15,2357.12,NEFT
10523,11470,2026-09-01,2331.59,Cheque
10524,11471,2026-05-10,1652.62,UPI
10525,11472,2026-04-14,1321.31,Cheque
10526,11473,2026-07-10,1122.3,Cheque
10527,11473,2026-08-16,281.56,UPI
10528,11476,2025-12-06,3632.92,NEFT
10529,11477,2026-09-28,3146.95,NEFT
10530,11478,2026-06-02,4787.62,Cheque
10531,11479,2026-09-06,2665.71,UPI
10532,11480,2026-05-21,1793.19,Card
10533,11481,2026-03-31,2961.78,Card
10534,11482,2025-10-29,4169.82,UPI
10535,11483,2026-05-29,22130.59,NEFT
10536,11484,2026-06-17,3382.55,NEFT
10537,11485,2026-07-08,3348.46,Cheque
10538,11485,2026-07-21,2494.64,UPI
10539,11486,2025-10-21,1668.43,Card
10540,11487,2026-10-20,8710.56,UPI
10541,11488,2025-11-29,1372.3,Card
10542,11488,2025-11-30,1395.35,NEFT
10543,11489,2026-09-16,2025.73,Card
10544,11490,2026-01-19,2196.72,Card
10545,11491,2026-07-01,2991.87,Cheque
10546,11492,2026-07-25,1982.85,Cheque
10547,11493,2026-07-19,3979.14,Card
10548,11493,2026-07-11,2332.94,UPI
10549,11494,2026-09-24,2100.05,UPI
10550,11495,2026-05-03,4416.87,NEFT
10551,11495,2026-06-02,3965.43,Card
10552,11496,2026-03-21,3328.57,UPI
10553,11497,2026-07-11,2400.96,Cheque
10554,11500,2026-05-03,5087.09,Cheque
10555,11501,2025-11-10,3232.53,NEFT
10556,11502,2026-01-08,12164.72,NEFT
10557,11503,2026-03-26,790.73,Card
10558,11504,2026-05-02,6533.71,Cheque
10559,11504,2026-05-12,6195.91,UPI
10560,11505,2025-10-20,1350.94,NEFT
10561,11505,2025-10-01,1568.3,UPI
10562,11506,2026-06-22,17989.12,Card
10563,11508,2026-09-05,13055.34,NEFT
10564,11509,2026-10-09,2569.63,NEFT
10565,11509,2026-10-17,2134.96,UPI
10566,11510,2026-01-24,4478.93,Card
10567,11511,2026-02-05,2340.45,NEFT
10568,11512,2026-03-20,4647.19,NEFT
10569,11513,2026-02-27,1235.32,UPI
10570,11513,2026-03-09,1011.63,NEFT
10571,11514,2025-10-10,5808.26,UPI
10572,11515,2025-10-23,5688.85,NEFT
10573,11517,2026-10-01,13216.31,Card
10574,11517,2026-10-16,234.23,NEFT
10575,11518,2026-07-10,7444.83,Cheque
10576,11519,2025-09-28,2394.87,Cheque
10577,11520,2026-03-12,4724.78,UPI
10578,11520,2026-03-16,3153.66,Cheque
10579,11521,2025-11-21,10708.78,NEFT
10580,11522,2026-07-22,736.18,Cheque
10581,11523,2026-04-14,2102.33,NEFT
10582,11524,2026-08-18,3435.55,NEFT
10583,11526,2026-02-07,8330.63,NEFT
10584,11527,2025-11-21,1979.69,Cheque
10585,11527,2026-01-07,480.75,UPI
10586,11528,2026-06-15,2256.62,Cheque
10587,11530,2026-02-06,4156.37,Cheque
10588,11532,2026-08-18,6727.37,UPI
10589,11533,2025-11-27,76068.03,Card
10590,11534,2026-01-13,1217.25,Card
10591,11534,2026-02-11,872.14,UPI
10592,11535,2026-06-26,1154.27,NEFT
10593,11536,2025-10-15,11291.64,UPI
10594,11536,2025-12-03,3738.22,Card
10595,11537,2026-04-02,58136.68,NEFT
10596,11538,2025-11-18,4182.08,UPI
10597,11539,2025-12-12,3876.33,UPI
10598,11540,2026-02-18,5535.96,Card
10599,11541,2026-06-02,2527.8,Card
10600,11542,2026-05-23,1054.85,UPI
10601,11543,2026-05-13,6072.29,UPI
10602,11545,2025-10-12,1293.91,UPI
10603,11545,2025-10-21,359.09,NEFT
10604,11546,2026-05-07,3051.5,Cheque
10605,11547,2026-04-20,1623.22,Cheque
10606,11548,2026-08-05,4474.43,Card
10607,11549,2025-12-29,3721.54,Cheque
10608,11549,2026-01-20,1172.02,NEFT
10609,11551,2025-10-21,7578.5,NEFT
10610,11552,2026-01-16,12018.15,UPI
10611,11553,2026-03-02,4502.61,Cheque
10612,11553,2026-03-15,1262.56,Cheque
10613,11554,2026-03-14,8179.08,Card
10614,11555,2026-06-19,11130.72,UPI
10615,11555,2026-08-22,10296.91,UPI
10616,11556,2026-06-04,8872.94,Card
10617,11556,2026-07-06,1960.96,NEFT
10618,11557,2025-10-11,2720.08,NEFT
10619,11557,2025-10-29,3233.66,NEFT
10620,11560,2026-05-21,2241.39,Cheque
10621,11564,2026-09-16,6737.75,Card
10622,11565,2026-03-06,6308.46,Cheque
10623,11566,2026-05-01,12781.26,NEFT
10624,11568,2026-09-03,4009.87,UPI
10625,11569,2026-02-12,6147.85,NEFT
10626,11570,2025-10-31,6921.47,UPI
10627,11571,2025-11-20,15326.47,Card
10628,11572,2026-09-29,1687.88,UPI
10629,11573,2026-09-10,2767.69,UPI
10630,11574,2026-05-15,4563.33,UPI
10631,11574,2026-05-29,153.35,UPI
10632,11575,2026-07-27,7038.5,Card
10633,11576,2026-02-06,9386.14,Cheque
10634,11577,2026-07-16,5452.68,NEFT
10635,11581,2025-12-24,2562.23,NEFT
10636,11582,2026-01-07,614.53,NEFT
10637,11583,2025-12-01,8113.9,NEFT
10638,11584,2026-05-05,1588.53,NEFT
10639,11585,2026-02-18,1953.98,Cheque
10640,11585,2026-02-20,1373.85,NEFT
10641,11586,2026-04-18,4458.9,NEFT
10642,11587,2025-11-02,6968.14,Card
10643,11588,2025-12-08,11243.44,UPI
10644,11589,2025-11-11,1698.4,Cheque
10645,11590,2026-08-09,2032.0,UPI
10646,11591,2026-07-31,76727.39,Cheque
10647,11592,2026-06-10,4222.87,NEFT
10648,11593,2025-10-16,1342.8,Card
10649,11594,2026-03-19,2231.31,UPI
10650,11596,2026-01-26,4550.03,Card
10651,11596,2026-01-13,469.96,Cheque
10652,11597,2025-11-10,12981.1,Cheque
10653,11598,2026-09-26,18477.36,Cheque
10654,11599,2025-11-17,2257.09,Card
10655,11600,2026-09-07,3174.2,Card
10656,11603,2026-05-05,11240.06,Card
10657,11603,2026-05-04,1743.73,UPI
10658,11604,2026-08-11,35974.51,NEFT
10659,11605,2026-07-31,5086.07,UPI
10660,11606,2025-11-18,6502.46,Cheque
10661,11607,2026-01-21,3128.86,Card
10662,11608,2025-10-29,6540.64,Card
10663,11610,2026-01-13,2339.99,Cheque
10664,11611,2026-01-12,581.21,Card
10665,11611,2025-12-16,587.48,UPI
10666,11612,2026-09-29,9603.96,NEFT
10667,11613,2026-02-10,15187.68,NEFT
10668,11614,2026-02-25,10876.84,Cheque
10669,11614,2026-03-23,527.01,UPI
10670,11615,2026-06-05,3595.89,Cheque
10671,11615,2026-06-08,1794.21,Card
10672,11616,2026-09-28,3891.43,NEFT
10673,11617,2025-12-09,4642.48,Card
10674,11618,2026-04-08,1143.62,UPI
10675,11618,2026-04-02,1068.59,Card
10676,11619,2025-11-17,10613.95,UPI
10677,11620,2026-03-14,7836.7,UPI
10678,11620,2026-03-19,3730.42,Card
10679,11621,2026-01-08,2137.13,UPI
10680,11622,2026-02-22,1905.91,Cheque
10681,11622,2026-02-02,461.95,Card
10682,11625,2025-11-20,3788.85,Card
10683,11625,2025-12-06,1125.06,Card
10684,11626,2026-05-08,5273.0,Card
10685,11627,2026-09-04,1722.41,UPI
10686,11629,2025-12-24,2787.53,Cheque
10687,11630,2026-06-28,5540.22,UPI
10688,11631,2026-05-05,2253.84,Cheque
10689,11632,2026-07-01,5222.22,UPI
10690,11633,2025-12-11,2412.17,Cheque
10691,11634,2026-03-09,4289.47,UPI
10692,11636,2026-05-18,1424.29,UPI
10693,11636,2026-05-21,431.6,UPI
10694,11637,2026-06-23,621.14,UPI
10695,11638,2025-11-25,1713.34,UPI
10696,11639,2026-09-26,6981.7,UPI
10697,11640,2026-06-28,1918.29,Cheque
10698,11641,2026-05-15,2827.24,Card
10699,11643,2026-03-30,9512.06,NEFT
10700,11644,2026-05-10,11422.48,NEFT
10701,11645,2026-09-02,7788.56,Card
10702,11646,2026-06-27,2031.62,UPI
10703,11647,2026-08-08,18074.01,UPI
10704,11648,2026-05-26,2351.65,NEFT
10705,11649,2025-12-16,3005.62,UPI
10706,11650,2026-03-22,3530.09,Cheque
10707,11650,2026-03-25,1447.98,Card
10708,11651,2025-11-17,6249.0,Cheque
10709,11652,2026-08-26,15804.87,UPI
10710,11653,2025-12-31,3013.81,NEFT
10711,11654,2026-02-13,6778.6,Card
10712,11656,2026-03-10,18091.49,Card
10713,11657,2026-01-04,7037.2,Cheque
10714,11659,2026-05-18,1988.24,Cheque
10715,11660,2025-11-20,3191.67,Cheque
10716,11661,2025-12-29,3834.2,Cheque
10717,11662,2025-10-02,9081.19,NEFT
10718,11662,2025-10-26,5122.69,Card
10719,11663,2025-12-16,11059.11,UPI
10720,11664,2026-05-02,9260.29,Cheque
10721,11664,2026-04-12,7345.97,Card
10722,11665,2026-04-30,14621.67,NEFT
10723,11667,2025-10-04,5652.71,Card
10724,11668,2025-10-28,2049.26,Cheque
10725,11669,2026-01-12,899.21,UPI
10726,11670,2026-03-20,5522.93,NEFT
10727,11671,2026-01-27,9502.52,UPI
10728,11673,2025-12-30,1954.51,Card
10729,11674,2026-09-07,1317.84,UPI
10730,11677,2026-06-29,11145.42,Card
10731,11677,2026-07-05,731.41,NEFT
10732,11678,2025-12-17,705.76,NEFT
10733,11678,2025-11-23,1039.17,Card
10734,11679,2026-08-30,6496.38,Cheque
10735,11680,2026-03-10,1648.34,UPI
10736,11681,2026-08-12,9757.72,UPI
10737,11682,2026-08-06,3401.2,UPI
10738,11683,2025-11-09,1895.95,UPI
10739,11684,2026-03-16,2920.14,UPI
10740,11685,2026-04-12,2048.62,UPI
10741,11686,2026-08-24,2775.2,Cheque
10742,11686,2026-08-26,2607.35,Cheque
10743,11687,2026-05-04,6497.68,UPI
10744,11687,2026-05-08,1739.76,UPI
10745,11688,2026-06-04,7300.74,UPI
10746,11688,2026-05-28,4108.43,Card
10747,11689,2026-09-23,3301.45,NEFT
10748,11690,2026-08-02,15177.27,Cheque
10749,11691,2026-03-20,2714.9,Cheque
10750,11691,2026-03-06,2188.58,Card
10751,11692,2025-10-23,13756.83,NEFT
10752,11694,2026-02-10,4156.48,Card
10753,11695,2026-08-13,7942.15,Card
10754,11697,2026-05-15,3209.68,NEFT
10755,11698,2025-12-01,9601.58,UPI
10756,11698,2026-01-02,2997.82,UPI
10757,11699,2025-12-18,2325.85,Cheque
10758,11701,2025-11-09,7667.73,NEFT
10759,11702,2026-01-26,11717.84,NEFT
10760,11703,2026-01-12,11903.09,Cheque
10761,11704,2026-01-28,4322.72,UPI
10762,11705,2026-08-24,3609.04,UPI
10763,11705,2026-08-06,1523.86,UPI
10764,11706,2025-10-17,4865.01,NEFT
10765,11707,2026-04-29,20204.35,UPI
10766,11708,2026-02-09,4917.2,Card
10767,11709,2025-12-30,11524.31,Card
10768,11710,2026-05-27,4090.22,UPI
10769,11712,2025-09-30,2365.67,Cheque
10770,11713,2025-12-03,11239.52,UPI
10771,11714,2026-01-18,2784.73,Card
10772,11715,2025-12-06,64428.88,Card
10773,11716,2026-08-29,3614.37,UPI
10774,11717,2026-05-02,6622.07,NEFT
10775,11718,2025-10-10,3505.11,Card
10776,11718,2025-09-25,3107.43,Cheque
10777,11719,2026-04-10,5772.01,Card
10778,11720,2026-08-26,1884.26,Cheque
10779,11721,2025-12-28,6096.05,UPI
10780,11722,2026-10-04,2812.51,UPI
10781,11722,2026-09-24,3241.0,Card
10782,11723,2025-11-26,3935.17,UPI
10783,11724,2026-04-06,21990.51,Card
10784,11725,2025-11-10,1323.02,NEFT
10785,11726,2026-06-12,1492.45,Cheque
10786,11727,2026-04-01,9137.67,UPI
10787,11730,2026-04-05,5844.21,Card
10788,11731,2026-04-28,9137.94,UPI
10789,11733,2025-09-11,8915.0,UPI
10790,11734,2026-03-26,6514.95,UPI
10791,11735,2025-10-30,1691.61,Card
10792,11735,2025-11-02,2469.78,UPI
10793,11736,2025-12-14,6085.57,Cheque
10794,11737,2026-07-16,6017.9,Card
10795,11737,2026-07-03,150.37,UPI
10796,11738,2026-02-24,7762.66,Cheque
10797,11739,2026-06-27,1462.35,Cheque
10798,11739,2026-06-23,811.26,NEFT
10799,11740,2025-12-17,9503.16,NEFT
10800,11740,2025-12-10,2431.14,NEFT
10801,11741,2026-07-01,11059.56,Cheque
10802,11742,2026-04-01,11323.17,UPI
10803,11743,2026-05-11,1257.71,NEFT
10804,11744,2026-01-17,11559.98,NEFT
10805,11744,2026-01-22,930.1,Cheque
10806,11745,2025-12-28,3243.84,Card
10807,11745,2025-11-23,478.66,Card
10808,11746,2026-06-14,7644.95,UPI
10809,11748,2026-02-02,2894.74,UPI
10810,11749,2025-11-02,9793.75,UPI
10811,11751,2026-09-02,2107.44,UPI
10812,11752,2026-08-21,7385.04,Card
10813,11752,2026-07-26,1230.67,Cheque
10814,11753,2025-12-18,2602.63,Card
10815,11754,2025-09-29,4041.34,Cheque
10816,11755,2026-07-19,1508.99,Cheque
10817,11755,2026-05-30,451.78,Card
10818,11756,2026-07-28,6580.55,Card
10819,11758,2026-02-27,9341.96,NEFT
10820,11758,2026-01-23,807.45,NEFT
10821,11759,2025-12-05,2418.82,NEFT
10822,11760,2026-07-07,4818.65,NEFT
10823,11761,2026-02-09,1421.03,Card
10824,11762,2026-04-19,14893.31,NEFT
10825,11763,2026-06-19,5076.94,Cheque
10826,11764,2026-07-11,8410.08,Cheque
10827,11765,2025-11-17,3847.09,UPI
10828,11766,2026-02-22,3029.94,Card
10829,11767,2026-07-29,3210.24,NEFT
10830,11768,2026-04-12,5087.38,NEFT
10831,11768,2026-04-04,2112.28,NEFT
10832,11769,2026-05-14,18522.2,UPI
10833,11770,2026-05-11,3800.49,Card
10834,11771,2026-06-30,10206.46,UPI
10835,11771,2026-07-11,2584.74,Card
10836,11772,2025-11-10,10460.3,Card
10837,11773,2026-09-07,3567.62,Card
10838,11773,2026-09-15,305.06,UPI
10839,11774,2026-06-29,12056.21,Cheque
10840,11776,2026-07-20,898.68,Cheque
10841,11777,2026-06-07,8651.16,UPI
10842,11777,2026-05-08,113.5,Card
10843,11779,2026-03-29,1965.01,Card
10844,11780,2026-03-04,1748.05,Cheque
10845,11782,2026-05-19,17678.42,Cheque
10846,11783,2026-02-06,1092.58,NEFT
10847,11783,2026-01-15,1001.41,Cheque
10848,11784,2026-05-23,1415.01,UPI
10849,11786,2026-04-15,3111.77,NEFT
10850,11787,2026-07-09,1313.28,Card
10851,11788,2026-01-03,3133.34,UPI
10852,11789,2026-07-18,6609.34,NEFT
10853,11791,2025-11-01,7835.94,Cheque
10854,11792,2026-01-25,9529.26,UPI
10855,11793,2026-04-10,2093.4,Card
10856,11794,2026-05-28,4636.08,NEFT
10857,11795,2026-03-06,4192.3,Cheque
10858,11798,2026-05-20,7681.76,Card
10859,11799,2026-01-15,5129.28,Card
10860,11800,2026-07-12,3179.11,Cheque
10861,11801,2025-11-30,13312.39,NEFT
10862,11802,2026-06-23,8898.36,Card
10863,11802,2026-07-24,32.79,NEFT
10864,11803,2026-06-26,8198.5,NEFT
10865,11804,2026-01-09,4844.7,Card
10866,11805,2026-09-05,13229.4,Card
10867,11806,2026-01-03,1829.03,NEFT
10868,11807,2026-03-24,7199.34,UPI
10869,11807,2026-03-11,3015.42,Card
10870,11808,2026-01-07,10173.85,Card
10871,11809,2026-05-04,2432.27,Card
10872,11810,2026-02-05,2900.86,UPI
10873,11811,2026-01-06,1788.74,Cheque
10874,11812,2026-03-09,4221.08,Card
10875,11812,2026-03-15,3300.27,NEFT
10876,11813,2025-11-08,633.92,UPI
10877,11814,2026-02-23,5977.53,Card
10878,11815,2026-08-18,2713.89,Card
10879,11816,2026-02-25,1458.78,UPI
10880,11817,2026-01-06,1112.87,UPI
10881,11818,2026-03-26,2460.72,Cheque
10882,11819,2026-07-24,8453.62,NEFT
10883,11820,2026-07-23,2812.52,UPI
10884,11821,2025-11-30,6995.62,Card
10885,11822,2025-10-02,958.2,NEFT
10886,11822,2025-10-02,1130.9,Cheque
10887,11823,2026-02-12,4776.71,NEFT
10888,11825,2026-03-16,4167.18,UPI
10889,11826,2025-12-28,6018.48,Card
10890,11827,2026-07-24,6446.37,NEFT
10891,11828,2025-12-23,1900.69,Card
10892,11829,2025-12-11,2608.28,UPI
10893,11830,2026-02-21,10420.44,Card
10894,11832,2025-11-27,5623.28,Card
10895,11833,2026-07-12,4358.86,Cheque
10896,11834,2026-03-27,13105.7,Cheque
10897,11835,2025-10-27,3856.19,UPI
10898,11836,2026-04-01,4703.07,UPI
10899,11837,2026-07-04,8854.38,Card
10900,11838,2026-07-11,24738.05,Card
10901,11840,2025-12-15,6374.58,UPI
10902,11841,2025-11-06,2607.88,Card
10903,11841,2025-10-30,518.33,Card
10904,11842,2026-01-24,4773.36,UPI
10905,11843,2026-05-17,8666.41,Cheque
10906,11844,2025-12-21,7560.35,UPI
10907,11845,2026-01-21,3067.39,NEFT
10908,11845,2025-12-26,27.64,Card
10909,11847,2026-10-10,14272.62,UPI
10910,11848,2026-01-11,3511.15,Cheque
10911,11849,2025-11-16,6256.49,UPI
10912,11850,2026-07-30,2942.88,UPI
10913,11851,2026-03-24,1344.32,UPI
10914,11851,2026-03-23,1273.89,Cheque
10915,11852,2026-06-07,6600.34,Card
10916,11853,2026-08-27,2677.91,NEFT
10917,11854,2026-07-08,8399.92,Cheque
10918,11855,2026-02-06,1716.33,Cheque
10919,11855,2026-02-18,1922.97,Card
10920,11856,2026-06-04,11583.36,Cheque
10921,11857,2026-03-19,4669.02,Card
10922,11858,2026-02-04,1073.28,Cheque
10923,11859,2025-12-03,3712.54,UPI
10924,11860,2025-12-15,5146.33,Cheque
10925,11861,2026-01-15,1249.12,Cheque
10926,11862,2026-05-26,1345.41,UPI
10927,11863,2026-02-19,4303.24,UPI
10928,11864,2026-01-17,7459.05,UPI
10929,11864,2026-02-15,3709.58,Cheque
10930,11865,2026-08-16,8285.86,Cheque
10931,11867,2025-11-15,2527.73,UPI
10932,11868,2025-12-31,1881.05,Cheque
10933,11868,2025-11-26,550.14,UPI
10934,11869,2026-01-25,8404.21,NEFT
10935,11870,2026-04-09,5350.63,Cheque
10936,11872,2026-02-12,7869.39,Card
10937,11873,2026-02-16,2807.72,Cheque
10938,11873,2026-01-08,669.42,Card
10939,11874,2025-10-28,7110.22,UPI
10940,11875,2026-07-06,7902.3,UPI
10941,11876,2026-04-07,2861.97,Cheque
10942,11877,2026-01-26,2984.51,UPI
10943,11879,2026-07-18,5006.94,NEFT
10944,11880,2025-12-13,2487.14,Card
10945,11881,2026-08-17,2596.42,NEFT
10946,11882,2026-05-25,1072.08,Cheque
10947,11882,2026-06-26,718.2,Card
10948,11884,2026-02-06,2195.29,Cheque
10949,11885,2026-02-27,3356.78,Card
10950,11885,2026-02-01,2069.3,NEFT
10951,11886,2026-10-26,31012.99,Card
10952,11887,2026-04-27,7226.24,NEFT
10953,11888,2025-11-24,11741.45,Card
10954,11889,2026-10-16,6889.15,NEFT
10955,11890,2026-02-07,1336.42,UPI
10956,11891,2025-12-22,5532.72,NEFT
10957,11892,2026-04-10,2895.94,Cheque
10958,11894,2026-07-09,4171.3,NEFT
10959,11895,2026-07-11,8283.52,NEFT
10960,11897,2025-12-24,8726.64,NEFT
10961,11897,2025-12-10,1212.12,Card
10962,11898,2026-02-23,5789.31,NEFT
10963,11900,2026-03-24,4769.09,Card
10964,11901,2026-01-04,13987.54,UPI
10965,11902,2026-09-22,2853.91,UPI
10966,11903,2025-12-11,2006.27,Card
10967,11904,2025-12-01,3876.24,Cheque
10968,11905,2026-09-27,7473.25,NEFT
10969,11906,2025-10-21,8324.43,UPI
10970,11907,2025-11-04,3193.78,UPI
10971,11908,2025-10-22,10246.37,Cheque
10972,11909,2026-04-13,2145.34,Card
10973,11910,2026-03-20,8843.94,Cheque
10974,11911,2026-08-31,6656.38,Card
10975,11912,2026-05-05,5070.08,Cheque
10976,11914,2025-11-11,4545.76,NEFT
10977,11915,2026-08-01,6132.63,UPI
10978,11916,2026-08-14,34270.9,Card
10979,11917,2026-09-13,10225.62,NEFT
10980,11918,2026-03-20,3240.44,NEFT
10981,11919,2026-04-30,3916.64,Card
10982,11920,2025-10-23,13144.49,UPI
10983,11922,2026-06-11,19493.03,Card
10984,11923,2026-03-03,9223.32,Cheque
10985,11924,2026-09-05,1463.79,Cheque
10986,11924,2026-08-07,226.02,Card
10987,11925,2026-01-11,10015.21,Cheque
10988,11926,2026-05-04,890.79,UPI
10989,11927,2026-10-12,1641.35,UPI
10990,11928,2025-11-12,8936.97,Card
10991,11928,2025-11-24,973.49,Card
10992,11929,2026-02-15,1123.49,NEFT
10993,11930,2026-03-20,14352.05,Cheque
10994,11930,2026-03-06,11004.19,NEFT
10995,11931,2025-10-30,10850.16,Cheque
10996,11932,2026-05-22,2184.22,Card
10997,11932,2026-05-01,100.73,NEFT
10998,11933,2026-08-20,13958.12,NEFT
10999,11933,2026-07-27,2910.38,Cheque
11000,11934,2025-11-08,1085.16,Cheque
11001,11935,2025-12-18,2233.06,UPI
11002,11937,2025-11-21,1029.92,Cheque
11003,11938,2026-03-23,3830.16,Cheque
11004,11940,2026-10-01,5688.65,Card
11005,11942,2026-03-30,5214.81,UPI
11006,11943,2026-08-31,1943.08,Cheque
11007,11944,2025-12-31,3344.94,NEFT
11008,11945,2025-11-14,492.8,Cheque
11009,11945,2025-11-13,60.81,NEFT
11010,11946,2026-06-05,11858.96,Cheque
11011,11947,2026-09-20,5393.13,UPI
11012,11948,2026-10-11,5280.9,Card
11013,11949,2026-03-06,9327.48,Cheque
11014,11950,2026-04-15,9877.06,Cheque
11015,11951,2025-11-30,3096.36,Cheque
11016,11951,2025-11-27,648.91,Card
11017,11952,2026-02-10,3269.58,UPI
11018,11954,2025-12-02,3130.54,Cheque
11019,11955,2026-03-31,17378.21,Card
11020,11956,2026-03-12,3777.92,NEFT
11021,11958,2026-05-06,5371.21,NEFT
11022,11959,2026-10-18,3754.65,Card
11023,11960,2025-11-15,1700.34,Cheque
11024,11961,2026-01-12,4640.61,UPI
11025,11962,2026-07-24,3390.7,UPI
11026,11963,2026-09-10,22388.05,NEFT
11027,11966,2026-09-18,1290.37,UPI
11028,11967,2026-08-01,10972.48,Cheque
11029,11969,2025-12-09,3830.32,UPI
11030,11970,2026-01-05,3403.17,Cheque
11031,11971,2025-12-22,4516.38,UPI
11032,11972,2025-10-12,4938.85,UPI
11033,11972,2025-10-02,1366.67,Card
11034,11973,2025-11-14,8934.78,Cheque
11035,11974,2025-11-12,4979.26,Card
11036,11974,2025-11-27,4333.18,UPI
11037,11975,2026-05-28,1474.78,Card
11038,11975,2026-05-15,674.07,NEFT
11039,11976,2026-02-20,3749.68,Cheque
11040,11977,2026-04-29,940.97,UPI
11041,11978,2026-09-28,3797.48,UPI
11042,11978,2026-06-24,1109.27,Cheque
11043,11979,2026-08-10,816.65,Card
11044,11980,2025-12-25,2784.28,NEFT
11045,11981,2025-11-12,5844.35,UPI
11046,11981,2025-11-21,6249.21,UPI
11047,11983,2025-10-26,6610.76,Card
11048,11984,2025-10-30,5009.23,UPI
11049,11985,2026-04-25,15370.71,NEFT
11050,11987,2026-07-03,5699.2,Cheque
11051,11988,2025-11-18,3572.49,Card
11052,11988,2025-11-14,1888.28,Cheque
11053,11989,2026-08-31,3783.34,NEFT
11054,11990,2026-03-27,27662.59,Cheque
11055,11992,2026-05-03,565.11,UPI
11056,11992,2026-05-24,574.67,Card
11057,11993,2026-02-12,5451.18,NEFT
11058,11994,2026-09-07,3086.41,Cheque
11059,11995,2025-11-24,780.61,Cheque
11060,11996,2026-05-01,5899.41,Cheque
11061,11996,2026-04-16,854.53,Cheque
11062,11997,2026-03-30,6067.0,NEFT
11063,12001,2026-08-29,2051.33,Cheque
11064,12001,2026-09-24,308.94,NEFT
11065,12002,2025-12-31,1074.61,NEFT
11066,12003,2026-10-13,16557.56,Cheque
11067,12004,2025-11-30,11179.47,Card
11068,12008,2026-02-19,3619.06,NEFT
11069,12011,2026-08-31,7113.89,UPI
11070,12013,2026-04-02,29414.44,Card
11071,12013,2026-05-07,1155.58,Card
11072,12014,2026-04-21,10738.84,Card
11073,12015,2025-12-10,7311.86,Cheque
11074,12016,2026-01-07,3297.88,UPI
11075,12016,2026-02-13,1817.3,UPI
11076,12017,2025-12-08,6617.95,NEFT
11077,12017,2025-12-18,1103.75,Card
11078,12018,2026-05-13,8148.43,Cheque
11079,12019,2026-08-11,953.31,NEFT
11080,12020,2026-02-28,3424.92,UPI
11081,12020,2026-02-09,2506.05,UPI
11082,12021,2026-02-03,602.71,Card
11083,12022,2026-05-25,823.97,Card
11084,12023,2026-03-04,5171.12,NEFT
11085,12024,2026-07-03,7332.35,Card
11086,12025,2025-10-24,1730.97,NEFT
11087,12026,2025-12-24,11995.1,Cheque
11088,12027,2026-01-31,16861.65,Cheque
11089,12028,2026-01-20,9527.6,Cheque
11090,12029,2026-04-16,4894.26,Cheque
11091,12030,2026-07-14,6388.15,UPI
11092,12031,2026-08-29,2357.59,UPI
11093,12031,2026-08-09,3114.93,UPI
11094,12032,2026-01-14,5933.55,Cheque
11095,12033,2026-04-12,2000.25,Cheque
11096,12034,2026-02-06,3254.31,Card
11097,12034,2026-03-07,456.88,Card
11098,12035,2026-01-16,5244.09,Card
11099,12036,2026-02-10,6547.99,Card
11100,12037,2025-11-09,8013.09,NEFT
11101,12038,2026-05-08,2249.44,UPI
11102,12039,2025-11-09,4354.54,Card
11103,12040,2025-10-25,4033.74,Card
11104,12041,2026-01-21,23673.38,NEFT
11105,12042,2026-07-29,6105.85,Card
11106,12043,2026-05-26,8571.52,NEFT
11107,12044,2026-02-02,6241.81,UPI
11108,12045,2026-04-27,9899.58,Card
11109,12046,2026-09-27,981.96,UPI
11110,12048,2026-05-18,4638.85,Card
11111,12048,2026-05-20,3961.74,Cheque
11112,12049,2025-11-19,4696.06,Card
11113,12049,2025-12-09,852.6,UPI
11114,12050,2026-01-03,1050.96,NEFT
11115,12051,2026-04-04,2169.93,Cheque
11116,12052,2026-06-23,2335.86,NEFT
11117,12053,2026-06-24,5848.81,Cheque
11118,12053,2026-06-20,652.63,NEFT
11119,12054,2025-12-18,4730.76,Cheque
11120,12054,2026-01-19,1299.28,Cheque
11121,12056,2025-12-07,5050.73,UPI
11122,12058,2026-06-20,1715.77,NEFT
11123,12059,2026-09-07,4413.97,Card
11124,12060,2026-07-04,14308.6,NEFT
11125,12060,2026-07-23,16510.85,Cheque
11126,12061,2026-07-24,6574.03,Card
11127,12063,2026-04-19,5446.34,Cheque
11128,12064,2026-03-30,11507.43,Card
11129,12065,2026-04-18,7445.97,UPI
11130,12067,2025-11-24,10771.38,Card
11131,12068,2026-07-15,5668.27,Card
11132,12069,2026-03-23,6505.73,UPI
11133,12070,2026-02-01,2584.4,Card
11134,12071,2026-01-07,3070.56,Card
11135,12074,2026-01-08,6716.25,Cheque
11136,12075,2025-10-29,2644.3,NEFT
11137,12076,2025-10-22,5769.44,Card
11138,12077,2025-10-24,7562.71,Cheque
11139,12078,2026-09-17,1631.74,Cheque
11140,12078,2026-09-07,112.04,Cheque
11141,12079,2026-09-18,6941.3,Cheque
11142,12081,2025-12-13,8007.55,Card
11143,12082,2026-02-14,8097.12,UPI
11144,12083,2025-12-19,8548.03,Card
11145,12084,2026-11-17,6582.79,NEFT
11146,12085,2025-11-20,1941.68,Card
11147,12085,2025-12-15,1361.54,NEFT
11148,12086,2026-06-08,3398.41,Cheque
11149,12087,2026-05-22,3054.27,Card
11150,12089,2026-01-14,19336.42,Card
11151,12090,2026-06-05,5349.38,NEFT
11152,12091,2026-05-23,2268.03,Card
11153,12092,2026-07-24,4002.8,UPI
11154,12093,2026-08-07,8087.53,NEFT
11155,12093,2026-08-21,2854.84,NEFT
11156,12094,2026-02-18,7788.09,Cheque
11157,12095,2025-12-06,5137.6,Card
11158,12096,2025-12-16,4047.05,UPI
11159,12097,2025-09-27,923.19,UPI
11160,12097,2025-10-06,372.03,Cheque
11161,12098,2026-08-21,4210.3,UPI
11162,12100,2026-03-26,3569.73,Card
11163,12101,2025-10-07,6263.49,Card
11164,12102,2026-02-23,20096.45,Cheque
11165,12102,2026-03-06,186.9,Card
11166,12103,2025-12-10,5079.77,UPI
11167,12106,2026-03-11,4761.63,NEFT
11168,12107,2026-06-17,12454.08,Card
11169,12109,2026-01-27,9324.06,Card
11170,12110,2025-12-17,13481.52,NEFT
11171,12111,2026-06-07,6684.24,UPI
11172,12112,2025-11-21,6080.5,Card
11173,12113,2026-05-06,9015.84,UPI
11174,12114,2026-08-02,2583.09,NEFT
11175,12114,2026-08-01,392.24,Card
11176,12115,2026-01-16,3016.4,NEFT
11177,12116,2026-07-24,2724.9,UPI
11178,12117,2026-06-27,3376.91,NEFT
11179,12118,2026-02-09,1934.62,Card
11180,12120,2025-12-15,1365.56,UPI
11181,12120,2025-11-25,1225.33,Cheque
11182,12121,2025-12-26,761.62,Card
11183,12123,2026-02-10,5345.55,Card
11184,12123,2026-03-07,65.48,UPI
11185,12124,2026-03-27,5093.79,Cheque
11186,12124,2026-04-03,3952.32,Card
11187,12125,2026-05-15,2371.28,NEFT
11188,12128,2026-07-11,9288.16,Cheque
11189,12129,2025-11-27,1164.06,Cheque
11190,12130,2026-06-19,4135.47,Cheque
11191,12131,2026-02-18,3633.35,UPI
11192,12132,2025-11-27,9459.3,UPI
11193,12133,2025-11-15,9346.86,Card
11194,12134,2025-11-12,8062.5,UPI
11195,12134,2025-09-10,5194.09,UPI
11196,12135,2026-09-07,998.04,Cheque
11197,12137,2026-04-12,2384.39,Cheque
11198,12138,2026-07-16,17625.52,UPI
11199,12138,2026-07-07,1982.11,Cheque
11200,12139,2026-08-08,29618.67,Cheque
11201,12140,2026-04-09,12965.61,NEFT
11202,12141,2026-09-02,2059.84,Card
11203,12141,2026-08-26,458.51,NEFT
11204,12143,2026-03-10,2844.07,Card
11205,12145,2025-11-21,1645.82,Card
11206,12145,2025-11-23,489.85,Cheque
11207,12146,2026-06-28,1130.54,Cheque
11208,12147,2025-11-30,11873.62,Cheque
11209,12148,2026-09-17,3093.02,Card
11210,12149,2026-04-02,9115.06,Card
11211,12150,2026-06-29,6317.58,Cheque
11212,12150,2026-06-26,2952.17,Cheque
11213,12151,2025-10-20,2674.56,NEFT
11214,12152,2026-01-24,9785.73,UPI
11215,12153,2026-06-20,14821.18,Cheque
11216,12153,2026-07-18,1525.98,NEFT
11217,12154,2026-05-19,9214.58,UPI
11218,12155,2026-08-27,9414.41,Cheque
11219,12156,2026-01-28,6817.91,Cheque
11220,12157,2026-04-16,3535.98,UPI
11221,12159,2026-06-27,5910.34,UPI
11222,12160,2026-05-04,7394.62,NEFT
11223,12161,2025-10-07,3026.08,Card
11224,12161,2025-09-26,3503.3,UPI
11225,12163,2025-11-07,9218.24,UPI
11226,12163,2025-12-04,3222.68,UPI
11227,12166,2026-02-11,6103.5,Cheque
11228,12166,2026-02-04,1445.91,Cheque
11229,12167,2026-02-04,2158.65,NEFT
11230,12168,2026-11-13,17442.31,NEFT
11231,12169,2026-03-03,4838.61,Card
11232,12170,2025-11-08,2258.08,NEFT
11233,12171,2025-10-07,5001.46,Card
11234,12172,2026-04-06,2292.95,Cheque
11235,12174,2026-09-16,3095.13,Card
11236,12175,2026-08-05,3788.35,NEFT
11237,12175,2026-07-13,696.8,Cheque
11238,12176,2026-08-18,14898.4,NEFT
11239,12177,2025-10-22,5444.09,NEFT
11240,12178,2026-07-26,5354.55,NEFT
11241,12178,2026-08-17,348.32,Cheque
11242,12180,2026-02-17,4459.94,Card
11243,12180,2026-02-03,1812.08,Card
11244,12182,2025-12-09,4675.09,NEFT
11245,12184,2026-03-12,2354.28,UPI
11246,12185,2026-04-15,5792.51,Card
11247,12186,2026-05-29,578.63,UPI
11248,12187,2026-04-14,2323.19,Cheque
11249,12187,2026-04-23,2317.98,Cheque
11250,12189,2026-01-10,13129.03,Card
11251,12190,2026-09-12,5675.37,UPI
11252,12191,2025-10-01,2615.62,Cheque
11253,12192,2026-04-24,4493.87,Cheque
11254,12193,2026-04-07,39750.4,Cheque
11255,12194,2026-03-15,8814.94,Card
11256,12196,2026-01-14,5342.9,Cheque
11257,12197,2026-08-10,3097.37,NEFT
11258,12198,2026-06-23,1810.3,Card
11259,12199,2025-11-07,4484.49,UPI
11260,12200,2026-08-01,2300.65,NEFT
11261,12201,2026-09-23,17254.79,UPI
11262,12202,2026-09-01,14618.68,UPI
11263,12203,2026-08-21,2789.18,NEFT
11264,12204,2026-05-30,2653.03,UPI
11265,12205,2025-12-14,8568.11,UPI
11266,12206,2026-06-18,11286.96,NEFT
11267,12207,2026-02-16,4088.24,UPI
11268,12208,2026-06-21,8716.09,UPI
11269,12208,2026-05-28,2221.46,UPI
11270,12209,2026-01-19,18934.72,UPI
11271,12210,2025-11-01,6510.16,UPI
11272,12211,2026-01-27,2195.09,NEFT
11273,12212,2026-04-14,6978.03,NEFT
11274,12212,2026-04-21,2395.15,NEFT
11275,12213,2026-01-17,5260.89,NEFT
11276,12213,2026-01-19,345.93,Card
11277,12214,2025-11-17,1735.11,NEFT
11278,12214,2025-12-11,2130.79,Cheque
11279,12215,2026-04-21,9123.07,NEFT
11280,12216,2025-12-26,13132.49,Card
11281,12217,2026-04-18,5802.26,Card
11282,12218,2026-05-08,329.11,Card
11283,12218,2026-05-13,478.34,NEFT
11284,12219,2025-11-12,5502.98,Cheque
11285,12220,2026-07-15,5995.49,Cheque
11286,12223,2026-07-25,1853.06,Card
11287,12223,2026-08-04,2506.55,Cheque
11288,12224,2026-06-14,8682.32,UPI
11289,12225,2025-11-27,3932.68,Card
11290,12226,2026-09-05,1213.65,Card
11291,12226,2026-08-25,1674.27,NEFT
11292,12227,2026-01-31,1152.44,Card
11293,12227,2026-01-27,243.97,Card
11294,12231,2026-01-19,5942.36,Card
11295,12234,2026-02-08,887.02,Card
11296,12234,2026-01-23,694.63,Cheque
11297,12235,2026-10-13,25930.22,Cheque
11298,12236,2026-07-11,4695.15,Card
11299,12237,2026-05-04,8752.03,NEFT
11300,12238,2025-10-24,5560.94,UPI
11301,12239,2026-08-03,9073.82,Card
11302,12240,2026-01-13,6000.65,UPI
11303,12241,2026-08-19,2632.22,Cheque
11304,12242,2026-09-25,7712.91,UPI
11305,12243,2026-09-23,6376.27,Cheque
11306,12244,2026-09-03,1113.26,NEFT
11307,12245,2026-08-22,6328.53,Card
11308,12246,2025-10-21,3668.37,Card
11309,12247,2025-12-16,2933.01,Cheque
11310,12248,2026-01-28,10910.35,UPI
11311,12249,2025-09-17,2704.65,NEFT
11312,12249,2025-10-15,2016.03,UPI
11313,12251,2026-02-27,5370.05,Cheque
11314,12252,2025-12-02,4872.23,NEFT
11315,12253,2026-09-06,4623.86,NEFT
11316,12254,2026-06-12,16027.48,Card
11317,12255,2025-12-23,2510.94,Cheque
11318,12255,2026-01-11,381.33,NEFT
11319,12256,2025-10-14,1246.08,Cheque
11320,12257,2026-03-23,5181.91,UPI
11321,12258,2026-08-28,1803.69,Card
11322,12258,2026-08-21,554.52,NEFT
11323,12259,2026-06-28,2079.31,Cheque
11324,12260,2025-10-28,4937.46,NEFT
11325,12262,2025-12-16,4047.59,Card
11326,12262,2025-12-21,303.81,NEFT
11327,12263,2026-02-20,2241.42,Card
11328,12265,2026-01-04,4800.35,NEFT
11329,12266,2025-12-25,4989.29,NEFT
11330,12267,2026-01-04,1192.04,NEFT
11331,12268,2026-08-02,10059.84,Cheque
11332,12269,2026-01-03,1456.04,UPI
11333,12269,2025-12-02,101.88,NEFT
11334,12270,2026-09-30,2344.18,Card
11335,12270,2026-09-23,578.71,NEFT
11336,12271,2026-05-11,1442.06,UPI
11337,12272,2026-05-26,3845.72,Card
11338,12272,2026-06-16,1870.19,Card
11339,12273,2026-05-18,2831.95,Cheque
11340,12274,2026-01-29,4316.21,UPI
11341,12275,2025-11-23,2759.71,Cheque
11342,12276,2026-05-15,2151.47,NEFT
11343,12277,2026-03-06,671.29,UPI
11344,12278,2026-07-25,3115.2,NEFT
11345,12279,2026-07-24,1899.08,UPI
11346,12280,2026-10-25,7576.93,Cheque
11347,12281,2026-05-10,12553.42,Cheque
11348,12282,2026-06-04,9811.69,Card
11349,12285,2026-02-03,1050.81,Cheque
11350,12286,2026-08-27,3576.64,Cheque
11351,12287,2026-08-13,2410.2,UPI
11352,12288,2026-01-15,2772.14,UPI
11353,12289,2026-01-02,1354.86,NEFT
11354,12290,2025-11-23,8772.63,Cheque
11355,12291,2026-03-06,4533.89,Card
11356,12291,2026-03-18,2980.49,Card
11357,12292,2026-05-26,2403.82,UPI
11358,12293,2026-09-24,9915.72,Cheque
11359,12295,2026-08-04,7641.68,NEFT
11360,12296,2026-08-25,7086.27,NEFT
11361,12296,2026-08-01,2201.75,UPI
11362,12297,2026-08-22,6695.46,NEFT
11363,12298,2026-06-13,2593.35,Card
11364,12299,2026-03-05,11575.4,NEFT
11365,12300,2026-02-16,4578.01,UPI
11366,12300,2026-01-13,4699.85,NEFT
11367,12301,2026-02-13,7870.08,UPI
11368,12301,2026-02-21,1516.9,UPI
11369,12302,2026-07-11,1726.31,Cheque
11370,12303,2026-11-02,1546.32,Card
11371,12304,2026-05-29,16772.07,NEFT
11372,12305,2026-03-02,1917.71,Cheque
11373,12305,2026-03-01,1083.34,Card
11374,12306,2026-09-15,3528.09,UPI
11375,12306,2026-07-12,2590.83,UPI
11376,12308,2026-07-27,18463.82,NEFT
11377,12310,2026-09-14,3292.85,Card
11378,12311,2026-01-22,3975.39,Card
11379,12312,2026-04-01,6726.11,NEFT
11380,12313,2026-10-07,5750.85,Cheque
11381,12314,2025-10-29,1415.61,Card
11382,12314,2025-11-08,1404.13,Cheque
11383,12315,2026-09-20,504.06,UPI
11384,12315,2026-09-08,94.56,Card
11385,12316,2026-05-10,2775.2,Card
11386,12317,2025-12-26,4216.66,UPI
11387,12318,2026-02-19,4961.61,UPI
11388,12319,2026-10-16,19585.65,Cheque
11389,12320,2026-04-30,6214.84,NEFT
11390,12320,2026-04-27,5526.65,UPI
11391,12321,2025-09-26,3456.07,UPI
11392,12322,2025-10-25,3979.79,Card
11393,12323,2026-06-01,382.03,NEFT
11394,12324,2026-07-26,13333.98,UPI
11395,12325,2026-01-26,2021.66,Card
11396,12325,2026-01-20,1339.71,NEFT
11397,12326,2026-06-22,2578.03,NEFT
11398,12326,2026-07-21,3229.66,Card
11399,12327,2026-06-06,5120.7,Card
11400,12328,2026-08-08,11363.69,UPI
11401,12329,2026-09-19,3782.92,NEFT
11402,12330,2026-06-27,7499.05,NEFT
11403,12331,2026-08-31,6276.38,UPI
11404,12331,2026-09-07,417.36,Card
11405,12332,2026-06-29,5515.16,Card
11406,12333,2026-03-07,4585.82,NEFT
11407,12334,2026-04-24,3326.55,UPI
11408,12335,2026-11-03,4378.83,UPI
11409,12336,2026-01-24,3682.61,Card
11410,12337,2026-07-21,2913.02,Card
11411,12337,2026-08-13,4077.04,UPI
11412,12338,2025-10-29,2017.52,NEFT
11413,12339,2025-11-06,5296.81,Card
11414,12340,2026-06-25,9242.0,Card
11415,12340,2026-07-04,7575.37,Card
11416,12341,2026-08-16,3516.65,Card
11417,12342,2026-02-18,7099.98,UPI
11418,12343,2025-12-18,621.53,Cheque
11419,12343,2025-10-31,157.9,Cheque
11420,12344,2026-03-08,1411.78,Cheque
11421,12345,2025-12-28,1944.59,Card
11422,12345,2026-01-06,2550.72,Cheque
11423,12346,2025-12-19,4707.73,Card
11424,12347,2026-10-29,3005.41,NEFT
11425,12347,2026-10-18,2162.73,Cheque
11426,12348,2026-07-12,28848.94,Cheque
11427,12349,2026-08-22,1342.13,Cheque
11428,12349,2026-08-22,1794.36,NEFT
11429,12350,2026-02-14,5349.31,NEFT
11430,12352,2026-01-02,9015.56,NEFT
11431,12353,2026-05-12,1992.02,Card
11432,12355,2026-05-07,1988.85,Cheque
11433,12355,2026-04-16,442.05,Cheque
11434,12357,2026-08-23,5530.22,NEFT
11435,12359,2026-03-03,4281.5,Card
11436,12360,2026-05-05,13155.63,NEFT
11437,12362,2026-03-16,24087.47,NEFT
11438,12363,2026-09-14,13804.49,Cheque
11439,12364,2026-08-20,733.84,UPI
11440,12365,2026-09-21,8333.35,UPI
11441,12366,2026-10-07,9717.46,NEFT
11442,12368,2026-08-05,5153.9,NEFT
11443,12369,2025-12-19,1372.54,Card
11444,12369,2026-02-14,160.29,Cheque
11445,12370,2026-09-12,2253.82,NEFT
11446,12371,2026-08-16,4088.3,UPI
11447,12373,2025-10-25,5225.72,Card
11448,12374,2026-09-09,8412.71,NEFT
11449,12376,2026-01-22,1710.9,NEFT
11450,12378,2026-08-15,13188.79,NEFT
11451,12380,2026-06-07,6334.9,Card
11452,12381,2026-05-05,14212.83,Cheque
11453,12382,2025-10-27,2286.59,NEFT
11454,12383,2026-02-09,2545.35,Card
11455,12384,2026-02-07,5754.48,Cheque
11456,12385,2026-06-15,6061.6,Card
11457,12387,2026-03-20,3291.67,UPI
11458,12388,2025-11-10,2743.97,NEFT
11459,12389,2026-07-04,3618.95,NEFT
11460,12390,2026-07-31,3717.7,Card
11461,12392,2026-01-30,5127.75,Cheque
11462,12393,2026-05-05,11977.35,NEFT
11463,12394,2026-03-02,2299.82,NEFT
11464,12394,2026-04-01,1506.25,Card
11465,12395,2026-03-04,991.49,Cheque
11466,12395,2026-02-09,272.7,UPI
11467,12396,2025-12-13,25718.44,Cheque
11468,12396,2025-11-29,10526.82,Cheque
11469,12397,2026-03-18,2746.73,Cheque
11470,12397,2026-02-27,305.92,NEFT
11471,12398,2026-02-10,6403.58,NEFT
11472,12399,2026-03-30,7716.07,Cheque
11473,12399,2026-04-14,1643.59,NEFT
11474,12400,2026-07-16,3142.65,UPI
11475,12401,2026-03-15,10284.29,Card
11476,12402,2026-07-06,5036.18,Card
11477,12403,2026-08-14,4049.6,Card
11478,12404,2025-11-27,3141.57,Cheque
11479,12407,2026-05-27,47487.02,Cheque
11480,12408,2025-11-02,10696.34,UPI
11481,12409,2025-12-19,5429.19,NEFT
11482,12410,2026-01-26,17417.09,Card
11483,12411,2026-07-27,13425.04,UPI
11484,12411,2026-05-03,2261.48,Card
11485,12412,2026-04-12,8058.04,Cheque
11486,12413,2026-02-02,1656.46,UPI
11487,12413,2026-02-23,2137.61,Card
11488,12414,2026-02-14,11807.7,Cheque
11489,12415,2026-05-11,10343.18,UPI
11490,12416,2026-01-11,9415.64,UPI
11491,12417,2026-02-23,3817.76,NEFT
11492,12418,2026-01-25,6431.65,UPI
11493,12419,2026-03-20,6222.45,UPI
11494,12421,2026-06-14,6722.21,NEFT
11495,12422,2026-02-21,13621.69,Card
11496,12423,2025-11-01,16943.54,Card
11497,12424,2026-06-14,7455.81,NEFT
11498,12425,2026-02-06,2703.09,NEFT
11499,12425,2026-02-11,1674.99,UPI
11500,12426,2026-04-08,9906.67,Card
11501,12429,2026-05-14,13867.81,Card
11502,12430,2025-10-21,21365.04,NEFT
11503,12430,2025-10-14,985.53,UPI
11504,12431,2026-01-01,12445.57,UPI
11505,12432,2026-06-06,4684.05,NEFT
11506,12433,2026-03-27,867.36,Card
11507,12434,2025-10-20,9361.62,UPI
11508,12435,2026-09-15,7601.76,Card
11509,12436,2026-08-02,7778.84,UPI
11510,12437,2026-02-26,1587.56,NEFT
11511,12438,2026-09-10,3838.0,NEFT
11512,12439,2025-11-24,22235.24,UPI
11513,12440,2026-02-18,2204.14,Card
11514,12441,2025-11-03,7941.79,Cheque
11515,12442,2025-12-17,2957.86,UPI
11516,12443,2026-03-31,7503.89,NEFT
11517,12444,2025-11-23,4264.25,Cheque
11518,12445,2026-09-12,13126.53,Cheque
11519,12446,2026-02-07,5167.79,Card
11520,12447,2025-10-11,11080.64,Card
11521,12448,2026-10-11,27070.49,Cheque
11522,12449,2026-01-04,8113.73,UPI
11523,12449,2025-12-27,2890.83,Cheque
11524,12450,2026-09-29,7930.33,UPI
11525,12452,2025-12-15,7842.45,NEFT
11526,12453,2025-12-27,3074.2,Card
11527,12454,2026-05-07,2541.44,Card
11528,12455,2026-10-01,3608.62,NEFT
11529,12456,2025-12-11,3031.92,Card
11530,12457,2025-11-17,2305.15,Card
11531,12457,2025-11-04,500.32,Card
11532,12458,2026-06-06,4292.86,UPI
11533,12459,2026-02-05,1256.78,NEFT
11534,12460,2025-10-31,2963.38,UPI
11535,12462,2026-07-14,35837.99,UPI
11536,12463,2025-10-12,6010.34,Card
11537,12463,2025-09-24,3108.36,Card
11538,12464,2026-06-25,3569.24,Cheque
11539,12465,2026-06-02,1461.76,UPI
11540,12467,2026-08-01,1549.16,NEFT
11541,12468,2025-12-20,1324.91,Card
11542,12469,2026-03-17,1827.89,NEFT
11543,12470,2026-08-27,4958.77,Card
11544,12471,2026-01-25,4302.36,Card
11545,12472,2026-09-10,2447.5,Cheque
11546,12474,2025-10-02,1588.71,UPI
11547,12475,2025-10-04,7133.35,Cheque
11548,12476,2026-06-09,9212.98,Cheque
11549,12478,2026-01-15,10584.47,Card
11550,12478,2025-12-06,1411.49,Card
11551,12479,2026-04-28,1485.21,NEFT
11552,12480,2026-08-17,5161.69,Cheque
11553,12481,2025-12-02,2333.13,Cheque
11554,12482,2025-12-26,1989.69,NEFT
11555,12483,2026-06-27,1612.44,Cheque
11556,12484,2026-05-15,36313.6,NEFT
11557,12485,2025-11-11,10365.58,NEFT
11558,12486,2026-04-28,18310.09,NEFT
11559,12487,2026-07-31,3526.01,UPI
11560,12488,2026-04-09,2578.31,NEFT
11561,12490,2026-05-03,24043.26,NEFT
11562,12492,2026-05-08,4569.45,UPI
11563,12493,2026-03-15,6213.42,Cheque
11564,12494,2026-05-23,12204.09,NEFT
11565,12495,2025-12-27,4936.2,Cheque
11566,12496,2026-04-16,4554.16,UPI
11567,12497,2026-08-15,2150.98,NEFT
11568,12498,2026-09-05,6640.68,Cheque
11569,12499,2026-01-05,1811.5,Cheque
11570,12500,2026-01-13,3675.41,Card
11571,12501,2026-07-08,4511.61,Card
11572,12502,2026-09-07,2141.37,UPI
11573,12503,2026-04-11,4910.6,Card
11574,12505,2026-07-15,14218.81,Card
11575,12505,2026-06-09,1737.48,NEFT
11576,12506,2025-11-17,4137.51,NEFT
11577,12508,2026-02-12,4058.15,Card
11578,12509,2026-07-13,8248.36,UPI
11579,12510,2025-10-09,3035.46,UPI
11580,12511,2026-02-06,3031.93,NEFT
11581,12512,2026-08-14,6210.64,Cheque
11582,12516,2026-07-26,3393.57,Cheque
11583,12517,2026-03-01,5082.04,Card
11584,12519,2026-08-04,17275.02,NEFT
11585,12524,2026-10-11,3736.53,Cheque
11586,12525,2026-08-05,1502.83,Cheque
11587,12525,2026-09-23,567.41,UPI
11588,12526,2026-07-18,2926.41,Card
11589,12527,2026-09-28,1430.99,NEFT
11590,12529,2025-11-28,2184.43,NEFT
11591,12530,2025-12-10,10121.5,UPI
11592,12531,2026-09-07,1367.51,Card
11593,12533,2025-12-23,3865.27,Card
11594,12535,2026-07-12,2311.96,Card
11595,12537,2026-06-12,1544.47,Card
11596,12538,2026-10-04,1537.56,Cheque
11597,12540,2026-09-05,4535.33,Cheque
11598,12541,2025-10-18,4266.78,Cheque
11599,12542,2026-07-14,984.91,UPI
11600,12543,2026-02-27,2490.42,UPI
11601,12545,2025-10-28,3289.69,Cheque
11602,12546,2026-08-19,6137.5,Cheque
11603,12547,2026-04-05,5327.18,UPI
11604,12548,2026-08-28,5372.25,NEFT
11605,12549,2026-09-29,967.55,Cheque
11606,12550,2026-07-15,5852.2,NEFT
11607,12551,2026-06-08,3114.09,NEFT
11608,12552,2026-04-21,2666.18,Cheque
11609,12553,2026-01-30,1861.42,Cheque
11610,12554,2026-03-14,8504.5,NEFT
11611,12555,2026-04-17,912.62,Cheque
11612,12556,2026-03-02,1864.01,NEFT
11613,12557,2025-09-29,5624.56,NEFT
11614,12559,2026-08-09,6766.57,Cheque
11615,12561,2026-01-27,2903.91,Cheque
11616,12563,2026-06-06,3714.52,Card
11617,12563,2026-06-08,5419.05,UPI
11618,12564,2026-02-10,4051.25,UPI
11619,12564,2026-02-11,302.84,UPI
11620,12565,2025-11-17,725.35,Card
11621,12565,2025-12-24,1020.37,NEFT
11622,12566,2025-12-10,707.77,NEFT
11623,12566,2026-01-10,224.6,UPI
11624,12567,2026-05-01,2845.09,Cheque
11625,12567,2026-05-16,3678.76,NEFT
11626,12568,2026-03-27,3007.68,Cheque
11627,12569,2026-08-28,1999.58,Card
11628,12570,2025-11-17,12831.39,Cheque
11629,12571,2025-11-05,670.57,Cheque
11630,12571,2025-11-22,445.11,Cheque
11631,12572,2026-08-25,4094.35,NEFT
11632,12574,2026-04-13,5225.12,Card
11633,12574,2026-03-29,2166.34,Card
11634,12575,2026-09-18,1762.39,Cheque
11635,12576,2025-09-29,14343.6,Cheque
11636,12578,2026-10-08,11009.67,Cheque
11637,12578,2026-09-29,337.54,NEFT
11638,12579,2025-12-03,2499.53,Card
11639,12580,2025-11-01,4175.31,Card
11640,12581,2026-01-14,13679.41,UPI
11641,12582,2026-02-01,7132.99,UPI
11642,12583,2026-08-15,3000.79,Cheque
11643,12585,2025-12-26,1476.43,Cheque
11644,12586,2026-03-02,12538.48,Cheque
11645,12587,2026-04-19,4381.14,NEFT
11646,12590,2026-07-09,2298.45,NEFT
11647,12591,2025-11-20,4793.17,Cheque
11648,12593,2025-10-18,2366.16,UPI
11649,12594,2026-07-30,2722.63,Card
11650,12595,2026-02-14,5071.61,NEFT
11651,12596,2025-12-17,2911.82,Cheque
11652,12597,2026-11-03,10659.93,NEFT
11653,12598,2026-01-18,9959.37,NEFT
11654,12601,2026-01-12,1179.85,Card
11655,12603,2026-04-17,9603.16,Cheque
11656,12604,2026-09-15,11349.19,NEFT
11657,12606,2025-11-19,9589.52,UPI
11658,12608,2026-10-11,2662.4,Cheque
11659,12609,2025-10-31,16169.39,NEFT
11660,12610,2025-11-18,16568.4,NEFT
11661,12611,2026-07-14,3215.13,Card
11662,12612,2026-09-16,2339.92,Card
11663,12613,2026-09-21,6518.9,Card
11664,12613,2026-10-15,2649.04,NEFT
11665,12614,2026-02-01,24580.83,UPI
11666,12619,2026-09-07,2025.61,UPI
11667,12620,2026-09-06,7057.13,NEFT
11668,12621,2026-06-13,5573.16,NEFT
11669,12622,2025-11-05,3176.51,Card
11670,12622,2025-09-14,2026.17,NEFT
11671,12623,2026-06-01,3026.15,Cheque
11672,12624,2026-09-15,3552.41,NEFT
11673,12625,2025-12-01,4741.04,Card
11674,12626,2026-07-29,2825.47,Cheque
11675,12627,2025-11-19,4832.13,Card
11676,12628,2026-06-17,1510.17,UPI
11677,12630,2026-05-19,6599.64,NEFT
11678,12631,2026-05-19,4348.25,NEFT
11679,12632,2025-09-19,6030.99,NEFT
11680,12633,2026-08-15,7626.63,NEFT
11681,12634,2026-09-27,3480.82,UPI
11682,12635,2026-04-29,3773.79,Cheque
11683,12636,2026-07-14,3410.81,NEFT
11684,12637,2025-11-11,1175.09,Cheque
11685,12638,2026-06-12,7918.87,Cheque
11686,12639,2025-12-24,9371.86,UPI
11687,12641,2025-10-08,3505.39,NEFT
11688,12642,2026-10-20,2816.27,UPI
11689,12643,2026-03-02,3431.62,Cheque
11690,12644,2026-08-27,1958.48,UPI
11691,12644,2026-08-13,1351.81,UPI
11692,12645,2025-09-28,1006.69,Cheque
11693,12646,2025-12-29,6341.73,NEFT
11694,12647,2026-06-12,4250.51,UPI
11695,12647,2026-06-04,5568.97,Card
11696,12648,2025-10-25,4774.87,NEFT
11697,12648,2025-09-20,1171.21,NEFT
11698,12649,2026-05-29,5091.01,NEFT
11699,12651,2025-12-21,8117.41,Cheque
11700,12651,2025-12-31,1081.26,NEFT
11701,12652,2025-10-06,3604.98,Card
11702,12653,2025-12-27,1300.3,UPI
11703,12653,2025-12-14,585.69,Card
11704,12654,2026-05-18,14410.79,UPI
11705,12655,2026-09-05,5010.08,Card
11706,12655,2026-08-31,3377.71,NEFT
11707,12656,2025-11-02,12808.54,Cheque
11708,12657,2026-06-04,12675.69,Cheque
11709,12659,2026-07-11,3980.34,Cheque
11710,12660,2026-08-11,5539.38,Cheque
11711,12660,2026-07-20,5691.57,NEFT
11712,12661,2026-05-10,1952.71,NEFT
11713,12662,2026-06-19,18805.56,Card
11714,12663,2026-01-18,6497.49,Cheque
11715,12664,2026-02-14,9696.88,NEFT
11716,12665,2026-07-23,6474.2,Cheque
11717,12666,2026-07-03,3267.34,Cheque
11718,12666,2026-06-12,1950.84,NEFT
11719,12667,2026-07-31,3963.61,Card
11720,12668,2026-06-06,4447.02,Card
11721,12669,2026-04-05,590.28,UPI
11722,12670,2026-05-11,4002.14,NEFT
11723,12671,2025-11-10,15985.13,Cheque
11724,12672,2025-12-26,2575.61,NEFT
11725,12673,2026-06-17,1544.87,Cheque
11726,12674,2026-05-26,10530.75,Card
11727,12675,2025-11-20,6763.29,UPI
11728,12676,2026-03-22,10310.55,UPI
11729,12677,2026-08-24,6580.35,NEFT
11730,12677,2026-09-04,898.49,UPI
11731,12678,2026-02-19,2381.11,NEFT
11732,12680,2026-09-08,1714.01,UPI
11733,12680,2026-09-03,1656.44,NEFT
11734,12683,2026-03-11,5741.14,NEFT
11735,12684,2026-06-04,6958.37,Cheque
11736,12685,2025-11-08,6762.62,UPI
11737,12686,2026-01-08,9302.23,NEFT
11738,12686,2025-12-31,412.83,NEFT
11739,12688,2026-08-18,3816.92,NEFT
11740,12690,2026-08-27,12364.02,Card
11741,12691,2026-03-22,7313.31,UPI
11742,12691,2026-04-03,1723.08,Cheque
11743,12692,2026-02-21,2301.23,NEFT
11744,12692,2026-02-14,855.8,NEFT
11745,12693,2026-02-04,10948.49,Card
11746,12694,2025-12-12,7039.22,Card
11747,12695,2026-09-08,1708.44,UPI
11748,12696,2025-12-05,1938.73,Card
11749,12697,2025-10-22,1267.75,Card
11750,12697,2025-10-09,623.92,NEFT
11751,12698,2026-05-06,1924.97,Cheque
11752,12699,2026-02-10,2081.16,Cheque
11753,12702,2026-01-22,10131.96,NEFT
11754,12703,2026-03-23,2041.0,NEFT
11755,12704,2025-12-08,1456.39,Card
11756,12705,2025-12-31,2506.52,NEFT
11757,12706,2026-04-07,8703.91,Card
11758,12707,2026-05-01,9096.86,UPI
11759,12708,2025-12-17,4169.35,NEFT
11760,12711,2025-11-11,2798.06,NEFT
11761,12712,2026-03-31,6872.73,Cheque
11762,12713,2026-09-11,8497.3,Card
11763,12714,2026-06-17,20943.81,Card
11764,12715,2025-12-21,2249.49,Card
11765,12716,2026-01-12,2035.64,Cheque
11766,12717,2026-04-22,3364.15,UPI
11767,12718,2026-01-12,8166.14,Card
11768,12719,2026-04-05,24919.58,UPI
11769,12720,2026-04-03,3008.35,NEFT
11770,12725,2025-12-07,8841.96,Cheque
11771,12727,2025-09-19,2811.06,Cheque
11772,12728,2026-02-06,1756.09,Card
11773,12729,2026-01-23,8449.38,Cheque
11774,12730,2026-09-04,2892.74,Card
11775,12730,2026-09-11,325.68,Cheque
11776,12731,2026-06-01,3438.83,UPI
11777,12732,2025-11-26,2221.6,Card
11778,12734,2026-04-07,18641.36,NEFT
11779,12735,2025-10-08,2952.19,Card
11780,12736,2026-07-17,970.24,NEFT
11781,12738,2026-02-02,4440.77,UPI
11782,12739,2026-07-11,1117.65,Cheque
11783,12740,2025-12-20,12454.59,Card
11784,12745,2026-02-05,4757.15,UPI
11785,12746,2026-01-10,3403.44,Cheque
11786,12747,2025-10-24,2564.71,UPI
11787,12747,2025-10-28,407.61,Cheque
11788,12748,2026-02-15,18514.39,Cheque
11789,12749,2026-02-19,1185.91,Cheque
11790,12750,2026-08-06,3451.88,Cheque
11791,12751,2025-10-26,5153.27,UPI
11792,12752,2026-05-17,6851.93,UPI
11793,12753,2026-02-05,18091.18,Cheque
11794,12754,2026-07-09,4386.91,UPI
11795,12755,2026-02-06,6310.22,Card
11796,12756,2026-07-27,1907.9,UPI
11797,12757,2026-08-23,7923.61,Card
11798,12758,2025-12-13,23518.89,Card
11799,12760,2025-11-02,9505.4,Card
11800,12761,2025-10-18,1617.88,NEFT
11801,12762,2025-11-08,2173.2,Cheque
11802,12764,2026-04-09,6626.67,UPI
11803,12765,2025-12-31,4471.61,Card
11804,12766,2026-05-25,5621.52,UPI
11805,12766,2026-06-30,6718.21,Cheque
11806,12767,2026-03-01,3315.15,Card
11807,12768,2026-04-05,7556.34,Cheque
11808,12768,2026-03-25,1415.74,UPI
11809,12769,2025-12-19,5689.28,Cheque
11810,12771,2026-09-26,840.88,Cheque
11811,12772,2026-03-02,5622.44,Cheque
11812,12773,2025-12-08,2891.49,NEFT
11813,12774,2025-11-16,3816.14,Cheque
11814,12774,2025-10-24,2415.83,Card
11815,12775,2026-04-07,1823.95,UPI
11816,12776,2026-01-17,7661.93,NEFT
11817,12777,2026-07-29,13642.78,Card
11818,12777,2026-07-31,3892.57,Card
11819,12778,2025-12-02,3372.89,Cheque
11820,12778,2025-11-09,755.66,NEFT
11821,12779,2026-05-13,415.21,UPI
11822,12779,2026-06-07,597.45,NEFT
11823,12780,2025-12-14,4782.06,Card
11824,12781,2026-04-05,2827.59,UPI
11825,12782,2026-05-05,2343.13,Card
11826,12783,2026-06-06,4228.13,NEFT
11827,12784,2026-03-11,11097.81,NEFT
11828,12785,2026-07-06,2059.65,Card
11829,12785,2026-07-26,1091.99,UPI
11830,12787,2026-06-18,4207.88,Card
11831,12788,2026-06-15,2813.95,NEFT
11832,12788,2026-06-10,1836.71,Card
11833,12789,2026-07-11,10698.13,Cheque
11834,12790,2026-02-11,2153.69,Cheque
11835,12790,2026-02-08,1844.0,Cheque
11836,12791,2025-12-12,9228.72,Card
11837,12792,2026-10-14,2896.4,NEFT
11838,12792,2026-09-19,1272.06,NEFT
11839,12793,2026-04-05,7823.46,Card
11840,12794,2026-08-20,4043.16,Card
11841,12795,2026-01-27,3098.71,Card
11842,12796,2026-05-24,6142.26,Cheque
11843,12797,2026-03-20,8584.88,Cheque
11844,12799,2026-09-03,2544.66,Cheque
11845,12800,2026-01-13,21446.41,Cheque
11846,12801,2026-06-11,5105.8,Cheque
11847,12802,2026-08-11,10399.97,Card
11848,12803,2026-04-08,738.95,NEFT
11849,12804,2025-11-22,9508.18,Card
11850,12805,2026-10-11,9222.86,Cheque
11851,12807,2026-08-19,822.16,UPI
11852,12808,2025-09-17,2805.8,NEFT
11853,12809,2025-12-27,2204.37,Card
11854,12810,2026-04-28,12676.18,UPI
11855,12811,2025-10-13,1909.3,NEFT
11856,12812,2025-11-30,7789.4,NEFT
11857,12813,2026-07-31,2388.98,UPI
11858,12814,2026-08-12,11891.2,Cheque
11859,12816,2026-05-22,2983.32,Card
11860,12817,2026-06-17,2690.92,NEFT
11861,12818,2026-04-21,3511.64,UPI
11862,12819,2025-10-22,421.41,Card
11863,12820,2026-06-07,8413.43,NEFT
11864,12821,2026-08-08,14304.18,NEFT
11865,12822,2025-12-01,3168.18,UPI
11866,12822,2025-11-16,2111.45,Card
11867,12823,2026-08-16,10602.95,NEFT
11868,12825,2026-07-29,7088.61,NEFT
11869,12827,2026-01-28,1712.21,NEFT
11870,12828,2025-12-18,9286.93,UPI
11871,12830,2025-09-20,5936.36,Card
11872,12831,2025-11-02,4074.57,NEFT
11873,12831,2025-11-20,868.15,Cheque
11874,12832,2026-01-24,3808.79,UPI
11875,12834,2026-06-02,4120.17,NEFT
11876,12835,2026-04-14,12131.88,Cheque
11877,12836,2025-10-19,4772.42,UPI
11878,12837,2026-05-11,34765.56,Card
11879,12838,2026-02-08,1474.83,NEFT
11880,12838,2026-01-27,883.2,Card
11881,12839,2026-03-01,7792.8,UPI
11882,12840,2026-03-26,8371.94,NEFT
11883,12840,2026-02-21,1858.04,NEFT
11884,12842,2026-08-19,1893.87,Card
11885,12843,2026-04-02,3407.24,NEFT
11886,12843,2026-04-17,76.88,NEFT
11887,12845,2026-04-15,2587.29,Cheque
11888,12846,2026-03-10,5930.93,Cheque
11889,12846,2026-02-27,884.28,Cheque
11890,12847,2025-11-24,39704.38,Cheque
11891,12848,2025-10-15,20043.22,NEFT
11892,12849,2025-10-12,1754.9,UPI
11893,12850,2026-01-01,10654.35,Cheque
11894,12851,2026-08-03,3737.97,Card
11895,12852,2026-02-13,2492.78,NEFT
11896,12853,2026-07-28,4679.87,UPI
11897,12854,2026-04-29,868.41,Card
11898,12855,2026-05-31,1303.27,Card
11899,12856,2025-10-18,10380.12,UPI
11900,12857,2026-06-29,14888.38,Card
11901,12858,2026-02-10,682.1,Cheque
11902,12859,2025-09-23,15750.45,NEFT
11903,12860,2026-06-04,11728.39,Card
11904,12860,2026-05-03,904.87,Cheque
11905,12861,2025-10-23,3783.06,Cheque
11906,12862,2026-02-11,7195.32,NEFT
11907,12863,2026-04-10,20188.97,Cheque
11908,12863,2026-03-07,1208.4,UPI
11909,12865,2026-05-30,7423.91,Card
11910,12866,2026-03-27,3011.53,UPI
11911,12867,2026-07-25,3601.43,NEFT
11912,12868,2026-10-05,6774.45,Card
11913,12869,2025-11-26,7712.88,NEFT
11914,12870,2026-06-24,12666.58,NEFT
11915,12872,2026-01-05,7137.8,Cheque
11916,12873,2026-01-07,8889.46,UPI
11917,12874,2026-02-18,1972.97,Cheque
11918,12874,2026-03-06,2146.31,UPI
11919,12875,2025-12-20,18248.0,UPI
11920,12876,2026-08-28,2503.59,NEFT
11921,12877,2026-01-10,4780.18,NEFT
11922,12878,2026-02-23,8972.76,NEFT
11923,12879,2026-08-29,9976.55,UPI
11924,12880,2026-09-01,4108.85,UPI
11925,12881,2026-09-11,2274.7,Card
11926,12883,2026-02-06,4684.27,UPI
11927,12883,2025-12-24,2564.79,NEFT
11928,12884,2026-10-03,5382.32,Cheque
11929,12885,2026-07-09,1129.19,Card
11930,12886,2026-03-10,5627.22,Card
11931,12887,2026-03-26,18204.24,Cheque
11932,12888,2025-12-07,8012.43,UPI
11933,12889,2026-09-14,2688.12,Cheque
11934,12890,2026-05-23,1510.69,UPI
11935,12890,2026-05-14,45.86,Cheque
11936,12891,2026-03-27,10766.7,NEFT
11937,12892,2026-09-13,3461.23,Cheque
11938,12894,2026-05-12,14286.39,UPI
11939,12895,2026-07-31,2120.55,NEFT
11940,12896,2026-06-13,6484.8,NEFT
11941,12897,2026-08-18,6283.69,NEFT
11942,12897,2026-08-01,882.17,NEFT
11943,12898,2025-10-05,907.99,UPI
11944,12898,2025-10-23,1006.19,Card
11945,12899,2025-11-13,19582.62,UPI
11946,12900,2026-04-27,7453.28,Cheque
11947,12901,2025-12-29,3777.98,UPI
11948,12902,2026-09-20,11008.05,NEFT
11949,12903,2026-05-03,6381.85,Cheque
11950,12905,2026-07-15,2624.82,Card
11951,12906,2026-03-29,898.43,Card
11952,12907,2026-07-29,3423.01,Card
11953,12907,2026-07-13,1848.38,Card
11954,12908,2026-04-21,7779.04,UPI
11955,12909,2026-02-02,4303.56,NEFT
11956,12910,2026-01-12,1344.69,NEFT
11957,12910,2025-12-25,638.9,UPI
11958,12911,2026-05-23,3364.85,Cheque
11959,12912,2025-12-11,3722.41,Cheque
11960,12913,2026-06-20,10007.58,Card
11961,12914,2026-09-27,14466.36,UPI
11962,12915,2026-03-14,560.09,UPI
11963,12916,2025-12-23,4694.45,NEFT
11964,12917,2026-02-11,3083.77,UPI
11965,12918,2026-04-27,3491.59,Cheque
11966,12918,2026-05-18,567.23,Card
11967,12919,2026-08-09,9807.05,UPI
11968,12920,2026-02-28,3352.92,NEFT
11969,12921,2026-07-02,4029.56,Card
11970,12921,2026-07-07,4615.42,Card
11971,12922,2026-08-01,24594.69,Cheque
11972,12923,2026-02-26,3487.72,UPI
11973,12925,2026-02-23,4128.43,NEFT
11974,12926,2026-08-13,33751.7,UPI
11975,12927,2026-04-21,1638.3,UPI
11976,12928,2026-03-14,7325.93,NEFT
11977,12928,2026-03-22,8880.57,Card
11978,12929,2025-11-28,4858.42,Cheque
11979,12930,2025-10-30,5729.64,Card
11980,12931,2025-11-07,9699.7,Cheque
11981,12933,2026-08-21,10973.19,UPI
11982,12934,2026-07-17,4006.8,UPI
11983,12936,2026-03-13,11277.32,NEFT
11984,12937,2026-09-06,8147.35,NEFT
11985,12939,2026-02-15,9337.09,Cheque
11986,12939,2026-03-13,3237.05,Cheque
11987,12940,2026-02-02,2274.9,UPI
11988,12941,2026-01-12,7012.87,Cheque
11989,12942,2026-06-22,1290.82,UPI
11990,12943,2026-03-01,3662.02,UPI
11991,12944,2025-09-23,2548.91,NEFT
11992,12945,2026-01-22,1825.81,Card
11993,12946,2026-05-17,5099.02,Card
11994,12948,2026-02-04,7477.41,UPI
11995,12949,2026-07-29,5006.73,Card
11996,12950,2026-04-18,7057.76,Cheque
11997,12951,2026-04-05,2035.92,Card
11998,12952,2026-05-27,2472.5,UPI
11999,12954,2026-03-27,2480.73,UPI
12000,12955,2026-07-05,5022.23,Cheque
12001,12956,2025-12-20,2972.58,NEFT
12002,12957,2026-04-18,4404.45,Cheque
12003,12958,2026-02-13,950.31,Cheque
12004,12958,2026-01-28,370.02,Card
12005,12959,2026-04-20,1270.89,NEFT
12006,12960,2026-06-29,2817.4,Card
12007,12962,2026-01-31,612.59,NEFT
12008,12963,2026-01-14,7355.85,UPI
12009,12964,2026-01-09,7055.3,Cheque
12010,12964,2026-01-29,3820.09,UPI
12011,12965,2025-10-25,10070.34,UPI
12012,12966,2026-07-22,4454.65,Cheque
12013,12967,2026-06-05,4382.74,Card
12014,12969,2025-12-18,1475.24,UPI
12015,12969,2025-12-21,1486.38,Card
12016,12971,2026-06-02,12928.28,Cheque
12017,12972,2025-11-16,3237.95,Card
12018,12972,2025-12-04,1819.77,NEFT
12019,12973,2025-12-14,4522.54,UPI
12020,12973,2025-12-17,292.52,Cheque
12021,12974,2025-10-01,3880.97,NEFT
12022,12975,2026-04-20,8039.35,NEFT
12023,12976,2026-07-25,4549.33,Cheque
12024,12977,2026-01-09,3380.19,NEFT
12025,12978,2026-04-08,3822.61,UPI
12026,12979,2025-09-26,5266.47,Card
12027,12980,2025-11-25,953.24,Cheque
12028,12981,2025-12-25,15499.69,Cheque
12029,12982,2025-11-14,2204.25,Cheque
12030,12982,2025-11-27,872.17,Cheque
12031,12983,2025-10-13,2646.66,Cheque
12032,12984,2026-06-23,3695.44,UPI
12033,12985,2025-11-10,10347.71,Card
12034,12986,2026-09-12,4033.49,UPI
12035,12987,2025-09-30,12689.88,Cheque
12036,12988,2026-01-20,3840.88,UPI
12037,12989,2026-04-27,1604.44,UPI
12038,12990,2026-09-04,2563.75,Cheque
12039,12991,2025-11-20,2654.26,NEFT
12040,12991,2025-12-24,233.71,Cheque
12041,12992,2025-10-22,8400.6,Cheque
12042,12993,2026-04-19,3465.29,UPI
12043,12994,2026-07-11,1944.53,Cheque
12044,12995,2026-06-02,1570.48,Card
12045,12997,2026-08-24,41776.73,NEFT
12046,12998,2026-05-13,1339.32,Card
12047,12999,2026-09-03,5486.87,UPI
12048,500008,2025-10-16,2458.32,Card
12049,500017,2026-02-15,4880.31,NEFT
12050,500044,2026-04-30,2865.83,Card
12051,500035,2026-07-15,2265.29,Card
12052,500041,2025-09-16,2548.63,NEFT
12053,500031,2026-05-21,1842.97,UPI
12054,500003,2026-07-02,4895.33,NEFT
12055,500029,2026-03-08,1099.55,NEFT
12056,500010,2026-03-25,3628.26,NEFT
12057,500041,2026-08-09,2531.62,NEFT
12058,500018,2026-03-22,1186.52,Cheque
12059,500017,2025-10-11,3144.95,Card
12060,500044,2025-09-04,3176.33,Cheque
12061,500004,2026-06-20,1308.88,Cheque
12062,500042,2026-06-26,2574.39,UPI
12063,500037,2025-10-08,4543.9,Cheque
12064,500018,2026-01-02,1013.36,Card
12065,500019,2026-08-09,4889.88,Cheque
12066,500001,2025-09-24,537.01,NEFT
12067,500018,2026-08-08,3302.67,Card
12068,500036,2025-12-11,3027.1,NEFT
12069,500042,2025-10-19,551.32,Cheque
12070,500010,2025-12-05,3291.66,UPI
12071,500012,2026-08-28,4085.63,Cheque
12072,500019,2026-08-25,763.06,Card
12073,500041,2026-02-23,2757.89,Cheque
12074,500041,2025-12-12,3785.35,Cheque
12075,500001,2025-12-09,4068.53,NEFT
12076,500049,2026-02-22,4202.61,UPI
12077,500008,2025-09-21,867.11,UPI
12078,500044,2026-03-27,3485.78,NEFT
12079,500006,2025-12-31,3742.9,Cheque
12080,500003,2026-01-15,1736.39,Card
12081,500047,2026-08-11,4888.38,Card
12082,500001,2026-08-02,3732.42,UPI
12083,500022,2026-07-27,4626.81,UPI
12084,500000,2025-12-04,3623.32,UPI
12085,500048,2026-07-26,1085.31,NEFT
12086,500004,2026-06-11,1666.0,NEFT
12087,500031,2026-08-31,2404.87,Cheque
12088,500018,2026-07-31,2429.0,NEFT
12089,500030,2026-05-19,3405.23,Cheque
12090,500003,2026-04-18,3106.53,Cheque
12091,500006,2025-10-08,885.97,Cheque
12092,500031,2026-06-11,4282.48,Card
12093,500032,2026-02-08,4340.08,NEFT
12094,500005,2026-07-01,4330.53,Cheque
12095,500033,2026-03-11,1489.36,Cheque
12096,500014,2026-08-17,1935.01,UPI
12097,500027,2026-05-21,3811.57,Cheque
12098,500015,2025-11-30,2325.0,Card
12099,500020,2026-01-14,2513.58,NEFT
12100,500021,2026-05-22,3185.81,Cheque
12101,500032,2026-05-17,649.43,Cheque
12102,500034,2025-09-04,637.92,NEFT
12103,500024,2026-01-26,770.05,Cheque
12104,500039,2026-01-10,1502.49,UPI
12105,500025,2025-09-21,4916.3,Cheque
12106,500018,2026-08-08,941.91,NEFT
12107,500019,2025-10-21,4477.73,NEFT
12108,500029,2025-11-22,1039.74,Cheque
12109,500041,2026-05-31,3815.61,Card
12110,500046,2025-10-02,3364.86,Card
12111,500035,2025-09-29,3776.39,NEFT
12112,500019,2026-08-17,889.99,Card
12113,500040,2026-08-07,3883.2,Card
12114,500044,2026-02-25,1970.29,Card
12115,500021,2026-03-21,1633.16,UPI
12116,500036,2026-02-16,3310.51,Card
12117,500026,2026-06-20,953.2,UPI
12118,500031,2026-06-29,1585.88,UPI
12119,500045,2025-09-10,2987.54,Card
12120,500021,2026-04-16,4008.71,NEFT
12121,500007,2026-01-29,4410.1,Cheque
12122,500011,2025-09-04,2419.08,Card
12123,500024,2026-03-05,4892.1,Card
12124,500017,2026-03-03,3981.47,NEFT
12125,500000,2026-01-05,2311.15,UPI
12126,500031,2026-07-02,2261.75,Card
12127,500045,2026-06-09,2479.21,NEFT
12128,500001,2025-12-17,3862.38,UPI
12129,500035,2026-06-26,1939.12,NEFT
12130,500045,2025-10-16,960.12,Card
12131,500021,2026-01-15,3032.76,Cheque
12132,500015,2025-11-24,3275.86,Cheque
12133,500047,2026-01-11,4731.48,Card
12134,500027,2026-01-26,1105.7,Cheque
12135,500047,2026-02-16,2900.38,Card
12136,500035,2026-07-16,1473.45,Cheque
12137,500015,2026-04-05,3903.1,UPI
12138,500034,2026-07-07,2092.17,UPI
12139,500032,2025-10-14,3370.76,UPI
12140,500024,2026-05-11,1275.82,NEFT
12141,500038,2026-07-30,3114.93,NEFT
12142,500011,2026-07-21,568.71,Cheque
12143,500015,2026-02-01,4283.36,Card
12144,500035,2026-03-25,3156.89,Card
12145,500032,2026-07-07,1492.29,UPI
12146,500047,2025-11-19,2005.49,Card
12147,500040,2026-06-17,1174.89,Cheque
12148,500035,2025-09-05,3528.55,Cheque
12149,500035,2026-08-17,2186.03,NEFT
12150,500048,2025-12-24,4794.45,UPI
12151,500027,2025-12-15,4526.11,UPI
12152,500033,2026-08-03,4163.67,Card
12153,500015,2026-04-05,1692.06,Card
12154,500028,2025-09-28,1811.37,Cheque
12155,500028,2026-01-23,2339.84,Card
12156,500023,2026-06-05,4632.26,NEFT
12157,500022,2026-08-06,2631.56,Card
12158,500016,2025-10-16,931.13,NEFT
12159,500003,2026-02-21,1549.94,NEFT
12160,500022,2025-10-28,714.24,NEFT
12161,500021,2026-06-22,758.71,UPI
12162,500037,2026-01-20,4652.98,NEFT
12163,500026,2026-06-15,3276.44,NEFT
12164,500029,2026-05-02,955.9,Cheque
12165,500021,2026-01-01,3126.62,Card
12166,500005,2026-03-28,4871.11,Cheque
12167,500026,2026-05-09,568.35,Card
12168,500021,2026-06-29,3852.7,Cheque
12169,500012,2025-12-13,1293.62,Cheque
12170,500023,2026-01-08,2196.93,Card
12171,500049,2025-11-02,1013.43,Card
12172,500032,2025-12-14,529.06,NEFT
12173,500029,2025-10-15,951.94,Cheque
12174,500021,2026-01-09,3077.52,UPI
12175,500006,2026-08-22,4554.92,NEFT
12176,500008,2025-08-10,596.92,NEFT
12177,500031,2026-07-23,782.82,NEFT
12178,500034,2026-06-04,1232.97,Card
12179,500016,2026-07-22,4878.88,Cheque
12180,500021,2026-03-22,1266.0,UPI
12181,500025,2026-06-09,2612.46,Card
12182,500031,2026-06-28,688.38,NEFT
12183,500028,2026-08-23,4328.07,UPI
12184,500036,2026-04-28,4763.94,UPI
12185,500035,2025-09-15,3903.02,UPI
12186,500045,2025-12-13,3034.71,Cheque
12187,500041,2026-08-08,1619.88,UPI
12188,500009,2026-07-21,1304.98,UPI
12189,500022,2025-10-15,2820.21,Cheque
12190,500004,2025-12-23,1807.58,Cheque
12191,500010,2026-03-26,3517.01,NEFT
12192,500011,2026-06-17,1692.92,UPI
12193,500019,2026-01-11,1265.99,NEFT
12194,500009,2026-01-09,3116.97,NEFT
12195,500025,2025-11-22,3923.78,UPI
12196,500011,2026-07-08,831.94,Cheque
12197,500041,2025-10-31,3286.04,Card
12198,500024,2026-05-19,4169.75,Card
12199,500007,2025-12-11,528.52,NEFT
12200,500019,2026-03-30,1507.69,Cheque
12201,500009,2025-11-11,1843.6,NEFT
12202,500024,2026-08-07,563.21,UPI
12203,500047,2026-03-19,3550.94,NEFT
12204,500046,2026-07-21,2387.23,Card
12205,500029,2026-05-09,3413.2,Card
12206,500011,2026-02-11,2322.18,Card
12207,500007,2026-07-23,1282.71,Card
12208,500022,2026-05-12,2820.94,NEFT
12209,500016,2026-03-03,3754.63,NEFT
12210,500003,2025-11-22,1196.15,Card
12211,500000,2025-09-06,2091.87,Cheque
12212,500036,2026-07-08,3805.05,Card
12213,500038,2026-08-10,3453.76,Card
12214,500007,2025-10-31,4997.94,UPI
12215,500032,2026-01-11,1280.66,Cheque
12216,500036,2026-02-04,2048.38,UPI
12217,500038,2025-11-07,1391.41,Card
12218,500034,2026-03-05,1598.7,UPI
12219,500024,2025-12-19,1380.69,NEFT
12220,500028,2026-07-11,4950.93,Cheque
12221,500039,2026-02-27,3408.58,Card
12222,500027,2026-01-25,880.89,Card
12223,500034,2025-09-18,2842.54,Cheque
12224,500047,2026-06-14,872.69,UPI
12225,500002,2025-09-01,2257.38,NEFT
12226,500001,2025-09-06,3380.63,NEFT
12227,500015,2025-08-08,713.54,UPI
12228,500048,2026-05-16,708.69,NEFT
12229,500046,2025-10-28,1627.69,Cheque
12230,500045,2026-04-23,3465.82,NEFT
12231,500032,2026-06-27,4660.57,UPI
12232,500006,2026-06-27,1723.11,UPI
12233,500022,2026-06-10,4804.14,Card
12234,500030,2025-10-07,2967.4,Cheque
12235,500043,2026-08-10,2762.5,NEFT
12236,500017,2026-08-13,964.41,Card
12237,500019,2025-12-29,4799.58,Card
12238,500007,2025-12-04,4061.61,Card
12239,500029,2026-02-05,514.59,UPI
12240,500012,2025-11-27,4068.18,Cheque
12241,500037,2025-11-04,2990.03,Cheque
12242,500029,2026-08-26,948.84,UPI
12243,500019,2026-01-21,3655.7,Cheque
12244,500009,2026-06-07,3497.33,Card
12245,500044,2025-12-26,3569.02,Cheque
12246,500027,2025-09-11,4440.33,NEFT
12247,500018,2026-08-29,3920.39,UPI
12248,500001,2025-12-21,4599.43,Card
12249,500044,2025-10-20,2219.52,Card
12250,500026,2025-09-30,3029.8,UPI
12251,500044,2025-09-18,4936.11,NEFT
12252,500044,2025-10-21,3155.64,Card
12253,500012,2026-02-08,2400.8,Card
12254,500011,2026-08-28,2602.29,Cheque
12255,500031,2026-01-09,3824.31,UPI
12256,500016,2026-07-19,2143.23,UPI
12257,500039,2026-05-25,716.49,UPI
12258,500037,2026-08-07,4615.79,UPI
12259,500020,2026-06-06,2668.55,Card
12260,500032,2026-03-03,2834.49,Cheque
12261,500023,2025-11-04,2128.79,NEFT
12262,500015,2025-10-22,4640.52,NEFT
12263,500002,2026-05-21,1330.66,NEFT
12264,500022,2025-12-20,2258.25,Cheque
12265,500017,2026-08-03,2206.9,Cheque
12266,500009,2026-02-10,2763.0,Card
12267,500031,2026-07-04,4861.04,Card
12268,500043,2026-02-28,1400.97,Card
12269,500012,2026-07-29,3357.56,Card
12270,500018,2026-07-05,3010.43,UPI
12271,500031,2026-08-08,1680.65,Cheque
12272,500038,2026-03-31,2360.13,NEFT
12273,500012,2026-04-13,2400.25,NEFT
12274,500046,2026-03-18,1542.34,Cheque
12275,500008,2026-03-02,2680.19,UPI
12276,500011,2026-05-21,1335.92,NEFT
12277,500005,2026-01-29,1429.13,Cheque
12278,500019,2026-01-07,4320.56,Card
12279,500041,2026-05-06,4702.18,NEFT
12280,500019,2026-04-21,2253.39,Card
12281,500043,2026-05-26,547.02,UPI
12282,500007,2025-12-06,4506.23,NEFT
12283,500008,2026-05-09,4060.59,NEFT
12284,500003,2026-05-29,2371.9,Cheque
12285,500020,2026-06-10,3287.5,NEFT
12286,500007,2026-08-01,4613.38,NEFT
12287,500034,2026-07-02,4944.09,Cheque
12288,500020,2026-01-03,2596.88,NEFT
12289,500041,2025-10-21,2611.12,Cheque
12290,500025,2026-01-30,4420.12,UPI
12291,500049,2026-07-10,3856.09,Card
12292,500005,2026-08-30,4082.55,UPI
12293,500004,2025-10-20,3285.46,UPI
12294,500025,2026-06-16,2142.11,UPI
12295,500026,2026-03-25,1358.63,UPI
12296,500017,2025-11-14,4787.84,Cheque
12297,500036,2025-09-26,1184.3,Cheque
12298,500020,2026-04-14,2514.38,NEFT
12299,500015,2025-12-30,2650.06,NEFT
12300,500032,2025-12-10,4507.52,UPI
12301,500039,2026-06-20,3695.44,UPI
12302,500001,2026-04-21,1582.31,NEFT
12303,500027,2025-11-19,1401.92,UPI
12304,500045,2026-05-26,4762.1,Cheque
12305,500003,2025-10-17,696.3,Cheque
12306,500049,2026-06-12,4526.84,UPI
12307,500042,2026-05-20,1481.13,Cheque
12308,500019,2026-05-24,904.92,NEFT
12309,500021,2026-01-08,1777.8,Cheque
12310,500018,2025-11-21,2984.93,UPI
12311,500029,2026-07-02,4372.94,Cheque
12312,500046,2026-01-22,3544.66,UPI
12313,500034,2026-03-10,3979.17,UPI
12314,500044,2026-05-17,4612.07,Cheque
12315,500004,2025-09-08,524.74,UPI
12316,500003,2025-12-12,3429.91,Card
12317,500014,2025-10-07,2234.54,Cheque
12318,500023,2025-11-22,3258.02,Card
12319,500032,2026-05-05,737.88,NEFT
12320,500009,2026-07-19,1176.73,UPI
12321,500034,2025-10-07,3730.79,Card
12322,500036,2026-05-17,4466.56,UPI
12323,500031,2025-12-07,2739.2,UPI
12324,500015,2025-12-07,1372.19,NEFT
12325,500012,2025-12-17,3815.53,Cheque
12326,500016,2026-06-20,731.43,Cheque
12327,500004,2026-04-24,3780.29,NEFT
12328,500048,2026-01-01,4139.13,UPI
12329,500044,2026-02-08,774.42,NEFT
12330,500007,2026-04-02,2315.22,Cheque
12331,500046,2026-04-27,1050.85,UPI
12332,500025,2026-05-07,4192.22,Cheque
12333,500011,2026-06-28,4192.15,NEFT
12334,500037,2025-11-03,4650.45,Card
12335,500038,2025-10-30,1095.32,Card
12336,500024,2026-01-25,3739.66,NEFT
12337,500044,2026-06-25,4500.87,UPI
12338,500048,2026-08-23,2481.81,Card
12339,500049,2025-09-15,1977.22,Card
12340,500049,2026-07-04,3715.2,NEFT
12341,500034,2026-08-04,2329.25,NEFT
12342,500004,2026-03-27,2504.32,Card
12343,500012,2026-06-18,3749.22,Card
12344,500044,2026-07-13,2536.38,UPI
12345,500037,2025-12-12,4209.16,NEFT
12346,500029,2026-05-25,3673.09,UPI
12347,500012,2026-02-05,4760.92,NEFT
12348,500014,2025-10-16,2925.4,NEFT
12349,500018,2026-05-19,3463.01,NEFT
12350,500037,2025-11-05,766.55,NEFT
12351,500037,2026-06-28,3977.95,Cheque
12352,500041,2025-09-01,3299.55,UPI
12353,500031,2025-10-25,2663.96,NEFT
12354,500034,2025-12-22,4873.76,UPI
12355,500019,2026-02-22,2279.66,Card
12356,500019,2026-01-29,1109.35,UPI
12357,500048,2026-02-13,1756.38,Cheque
12358,500012,2026-05-30,4598.28,NEFT
12359,500025,2025-09-14,1443.36,NEFT
12360,500047,2026-05-08,4845.91,Cheque
12361,500016,2026-05-20,3557.64,NEFT
12362,500029,2026-05-18,1408.26,Cheque
12363,500003,2026-07-22,798.76,Card
12364,500007,2026-06-18,2627.28,Card
12365,500008,2026-02-01,2761.99,NEFT
12366,500021,2026-05-05,2069.7,Cheque
12367,500043,2026-03-16,703.92,Cheque
12368,500011,2026-01-31,4661.09,Card
12369,500018,2026-06-28,3193.85,UPI
12370,500032,2025-11-21,2680.01,Cheque
12371,500003,2026-08-24,2105.19,NEFT
12372,500001,2026-02-05,3545.94,NEFT
12373,500006,2025-10-30,2876.65,NEFT
12374,500002,2026-06-15,4315.27,Cheque
12375,500007,2025-12-08,3005.2,Card
12376,500008,2025-11-23,2848.22,NEFT
12377,500020,2026-06-14,1392.9,Cheque
12378,500020,2025-11-30,831.98,Cheque
12379,500031,2025-10-31,1450.06,Cheque
12380,500000,2026-01-23,1226.09,NEFT
12381,500021,2026-02-26,3757.03,Cheque
12382,500042,2026-01-21,1650.69,Card
12383,500001,2026-05-12,3541.0,NEFT
12384,500008,2026-01-18,3116.76,NEFT
12385,500038,2025-09-11,1628.43,Card
12386,500014,2026-08-28,3254.77,UPI
12387,500015,2025-11-11,3630.73,Card
12388,500043,2025-11-06,582.62,Card
12389,500009,2026-04-13,3013.12,Cheque
12390,500008,2025-12-25,3974.82,NEFT
12391,500015,2025-09-25,1012.81,NEFT
12392,500011,2026-06-21,2263.78,Cheque
12393,500041,2026-08-27,1830.42,Cheque
12394,500020,2025-12-05,3371.33,UPI
12395,500029,2026-02-24,3927.47,NEFT
12396,500044,2025-09-22,4840.4,Card
12397,500026,2026-04-23,2739.46,Card
12398,500012,2026-03-14,3732.82,UPI
12399,500027,2026-03-31,2857.23,Cheque
12400,500044,2026-01-21,2113.57,Card
12401,500022,2026-06-28,1420.33,Card
12402,500026,2026-08-31,4495.56,Card
12403,500021,2025-10-11,3129.56,Card
12404,500049,2026-07-03,3382.53,Cheque
12405,500012,2026-04-26,3276.41,NEFT
12406,500040,2026-03-13,1567.57,UPI
12407,500030,2026-01-04,1953.1,UPI
12408,500023,2025-12-06,4301.46,UPI
